type	rows	K	main	mtp	n	variant	is_route	us	GBps	eff	graph_exact	note
IQ1_M	17408	5120	1	0	1	stock_mmvq	0	86.14	226	0.561	1	
IQ1_M	17408	5120	1	0	1	lcpp_mmvq	1	81.87	238	0.590	1	
IQ1_M	17408	5120	1	0	2	stock_mmvq	0	166.81	117	0.289	1	
IQ1_M	17408	5120	1	0	2	lcpp_mmvq	1	97.25	200	0.497	1	
IQ1_M	17408	5120	1	0	4	stock_mmvq	0	335.72	58	0.144	1	
IQ1_M	17408	5120	1	0	4	lcpp_mmvq	1	135.53	144	0.356	1	
IQ1_M	17408	5120	1	0	6	stock_mmvq	0	504.01	39	0.096	1	
IQ1_M	17408	5120	1	0	6	lcpp_mmvq	1	175.51	111	0.275	1	
IQ1_M	17408	5120	1	0	8	stock_mmvq	0	665.99	29	0.073	1	
IQ1_M	17408	5120	1	0	8	lcpp_mmvq	1	200.81	97	0.240	1	
IQ1_M	17408	5120	1	0	12	stock_mmvq	0	1009.92	19	0.048	1	
IQ1_M	17408	5120	1	0	12	lcpp_mmvq_chunked8	1	344.08	57	0.140	1	
IQ1_M	17408	5120	1	0	16	stock_mmvq	0	1353.63	14	0.036	1	
IQ1_M	17408	5120	1	0	16	stock_dq	0	966.12	20	0.050	1	
IQ1_M	17408	5120	1	0	16	lcpp_mmvq_chunked8	1	420.96	46	0.115	1	
IQ1_M	17408	5120	1	0	24	stock_dq	0	961.61	20	0.050	1	
IQ1_M	17408	5120	1	0	24	lcpp_mmvq_chunked8	1	622.66	31	0.078	1	
IQ1_M	17408	5120	1	0	32	stock_dq	0	1003.32	19	0.048	1	
IQ1_M	17408	5120	1	0	32	lcpp_mmvq_chunked8	1	819.63	24	0.059	1	
IQ1_M	17408	5120	1	0	48	stock_dq	1	1004.31	19	0.048	1	
IQ1_M	17408	5120	1	0	64	stock_dq	1	1004.62	19	0.048	1	
IQ1_M	17408	5120	1	0	128	stock_dq	1	1063.08	18	0.045	1	
IQ2_S	1024	5120	1	0	1	stock_mmvq	0	11.11	151	0.374	1	
IQ2_S	1024	5120	1	0	1	lcpp_mmvq	1	10.06	167	0.413	1	
IQ2_S	1024	5120	1	0	1	lcpp_mmq	0	18.23	92	0.228	1	
IQ2_S	1024	5120	1	0	1	own_vec	0	11.26	149	0.369	1	
IQ2_S	1024	5120	1	0	1	mma_k	0	16.56	101	0.251	1	
IQ2_S	1024	5120	1	0	2	stock_mmvq	0	15.62	108	0.266	1	
IQ2_S	1024	5120	1	0	2	lcpp_mmvq	1	10.98	153	0.379	1	
IQ2_S	1024	5120	1	0	2	lcpp_mmq	0	18.25	92	0.228	1	
IQ2_S	1024	5120	1	0	2	own_vec	0	16.08	104	0.259	1	
IQ2_S	1024	5120	1	0	2	mma_k	0	16.74	100	0.248	1	
IQ2_S	1024	5120	1	0	4	stock_mmvq	0	25.98	65	0.160	1	
IQ2_S	1024	5120	1	0	4	lcpp_mmvq	1	13.11	128	0.317	1	
IQ2_S	1024	5120	1	0	4	lcpp_mmq	0	18.33	92	0.227	1	
IQ2_S	1024	5120	1	0	4	own_vec	0	13.16	128	0.316	1	
IQ2_S	1024	5120	1	0	4	mma_k	0	16.56	101	0.251	1	
IQ2_S	1024	5120	1	0	6	stock_mmvq	0	36.40	46	0.114	1	
IQ2_S	1024	5120	1	0	6	lcpp_mmvq	1	16.15	104	0.257	1	
IQ2_S	1024	5120	1	0	6	lcpp_mmq	0	18.41	91	0.226	1	
IQ2_S	1024	5120	1	0	6	own_vec	0	17.89	94	0.232	1	
IQ2_S	1024	5120	1	0	6	mma_k	0	18.07	93	0.230	1	
IQ2_S	1024	5120	1	0	8	stock_mmvq	0	46.85	36	0.089	1	
IQ2_S	1024	5120	1	0	8	lcpp_mmvq	0	17.97	93	0.231	1	
IQ2_S	1024	5120	1	0	8	lcpp_mmq	1	18.41	91	0.226	1	
IQ2_S	1024	5120	1	0	8	own_vec	0	17.92	94	0.232	1	
IQ2_S	1024	5120	1	0	8	mma_k	0	18.15	93	0.229	1	
IQ2_S	1024	5120	1	0	12	stock_mmvq	0	67.71	25	0.061	1	
IQ2_S	1024	5120	1	0	12	lcpp_mmq	1	20.17	83	0.206	1	
IQ2_S	1024	5120	1	0	12	mma_k	0	19.79	85	0.210	1	
IQ2_S	1024	5120	1	0	16	stock_mmvq	0	88.70	19	0.047	1	
IQ2_S	1024	5120	1	0	16	stock_dq	0	67.74	25	0.061	1	
IQ2_S	1024	5120	1	0	16	lcpp_mmq	1	20.35	83	0.204	1	
IQ2_S	1024	5120	1	0	16	mma_k	0	21.09	80	0.197	1	
IQ2_S	1024	5120	1	0	24	stock_dq	0	69.86	24	0.060	1	
IQ2_S	1024	5120	1	0	24	lcpp_mmq	1	22.55	74	0.184	1	
IQ2_S	1024	5120	1	0	24	mma_k	0	26.44	64	0.157	1	
IQ2_S	1024	5120	1	0	32	stock_dq	0	70.14	24	0.059	1	
IQ2_S	1024	5120	1	0	32	lcpp_mmq	1	24.70	68	0.168	1	
IQ2_S	1024	5120	1	0	32	mma_k	0	29.39	57	0.142	1	
IQ2_S	1024	5120	1	0	48	stock_dq	0	68.86	24	0.060	1	
IQ2_S	1024	5120	1	0	48	lcpp_mmq	1	27.96	60	0.149	1	
IQ2_S	1024	5120	1	0	48	mma_k	0	39.65	42	0.105	1	
IQ2_S	1024	5120	1	0	64	stock_dq	0	69.50	24	0.060	1	
IQ2_S	1024	5120	1	0	64	lcpp_mmq	1	34.79	48	0.120	1	
IQ2_S	1024	5120	1	0	64	mma_k	0	45.77	37	0.091	1	
IQ2_S	1024	5120	1	0	128	stock_dq	0	81.61	21	0.051	1	
IQ2_S	1024	5120	1	0	128	lcpp_mmq	1	67.23	25	0.062	1	
IQ2_S	1024	5120	1	0	128	mma_k_chunked64	0	93.67	18	0.044	1	
IQ2_S	5120	17408	4	0	1	stock_mmvq	0	100.04	285	0.707	1	
IQ2_S	5120	17408	4	0	1	lcpp_mmvq	0	85.79	333	0.824	1	
IQ2_S	5120	17408	4	0	1	lcpp_mmq	0	169.62	168	0.417	1	
IQ2_S	5120	17408	4	0	1	own_vec	1	77.03	371	0.918	1	
IQ2_S	5120	17408	4	0	1	mma_k	0	126.11	226	0.561	1	
IQ2_S	5120	17408	4	0	2	stock_mmvq	0	194.50	147	0.364	1	
IQ2_S	5120	17408	4	0	2	lcpp_mmvq	0	97.59	293	0.725	1	
IQ2_S	5120	17408	4	0	2	lcpp_mmq	0	170.50	167	0.415	1	
IQ2_S	5120	17408	4	0	2	own_vec	1	81.89	349	0.863	1	
IQ2_S	5120	17408	4	0	2	mma_k	0	127.82	223	0.553	1	
IQ2_S	5120	17408	4	0	4	stock_mmvq	0	387.81	74	0.182	1	
IQ2_S	5120	17408	4	0	4	lcpp_mmvq	0	134.07	213	0.527	1	
IQ2_S	5120	17408	4	0	4	lcpp_mmq	0	167.88	170	0.421	1	
IQ2_S	5120	17408	4	0	4	own_vec	1	90.70	315	0.780	1	
IQ2_S	5120	17408	4	0	4	mma_k	0	132.66	215	0.533	1	
IQ2_S	5120	17408	4	0	6	stock_mmvq	0	589.49	48	0.120	1	
IQ2_S	5120	17408	4	0	6	lcpp_mmvq	0	173.59	164	0.407	1	
IQ2_S	5120	17408	4	0	6	lcpp_mmq	0	176.03	162	0.402	1	
IQ2_S	5120	17408	4	0	6	own_vec	1	133.43	214	0.530	1	
IQ2_S	5120	17408	4	0	6	mma_k	0	131.87	217	0.536	1	
IQ2_S	5120	17408	4	0	8	stock_mmvq	0	791.87	36	0.089	1	
IQ2_S	5120	17408	4	0	8	lcpp_mmvq	0	208.20	137	0.340	1	
IQ2_S	5120	17408	4	0	8	lcpp_mmq	0	177.43	161	0.398	1	
IQ2_S	5120	17408	4	0	8	own_vec	1	132.99	215	0.532	1	
IQ2_S	5120	17408	4	0	8	mma_k	0	129.86	220	0.544	1	
IQ2_S	5120	17408	4	0	12	stock_mmvq	0	1196.16	24	0.059	1	
IQ2_S	5120	17408	4	0	12	lcpp_mmq	0	193.46	148	0.365	1	
IQ2_S	5120	17408	4	0	12	mma_k	1	135.12	211	0.523	1	
IQ2_S	5120	17408	4	0	16	stock_mmvq	0	1605.20	18	0.044	1	
IQ2_S	5120	17408	4	0	16	stock_dq	0	1030.91	28	0.069	1	
IQ2_S	5120	17408	4	0	16	lcpp_mmq	0	186.75	153	0.379	1	
IQ2_S	5120	17408	4	0	16	mma_k	1	138.24	207	0.511	1	
IQ2_S	5120	17408	4	0	24	stock_dq	0	1005.85	28	0.070	1	
IQ2_S	5120	17408	4	0	24	lcpp_mmq	0	205.00	139	0.345	1	
IQ2_S	5120	17408	4	0	24	mma_k	1	189.26	151	0.374	1	
IQ2_S	5120	17408	4	0	32	stock_dq	0	1016.45	28	0.070	1	
IQ2_S	5120	17408	4	0	32	lcpp_mmq	0	229.44	124	0.308	1	
IQ2_S	5120	17408	4	0	32	mma_k	1	191.39	149	0.369	1	
IQ2_S	5120	17408	4	0	48	stock_dq	0	1031.40	28	0.069	1	
IQ2_S	5120	17408	4	0	48	lcpp_mmq	1	260.45	110	0.271	1	
IQ2_S	5120	17408	4	0	48	mma_k	0	306.25	93	0.231	1	
IQ2_S	5120	17408	4	0	64	stock_dq	0	1284.17	22	0.055	1	
IQ2_S	5120	17408	4	0	64	lcpp_mmq	1	312.42	91	0.226	1	
IQ2_S	5120	17408	4	0	64	mma_k	0	319.90	89	0.221	1	
IQ2_S	5120	17408	4	0	128	stock_dq	0	1360.13	21	0.052	1	
IQ2_S	5120	17408	4	0	128	lcpp_mmq	1	500.33	57	0.141	1	
IQ2_S	5120	17408	4	0	128	mma_k_chunked64	0	659.74	43	0.107	1	
IQ2_S	6144	5120	2	0	1	stock_mmvq	0	39.96	252	0.624	1	
IQ2_S	6144	5120	2	0	1	lcpp_mmvq	0	37.30	270	0.669	1	
IQ2_S	6144	5120	2	0	1	lcpp_mmq	0	64.28	157	0.388	1	
IQ2_S	6144	5120	2	0	1	own_vec	1	34.38	293	0.726	1	
IQ2_S	6144	5120	2	0	1	mma_k	0	50.74	199	0.492	1	
IQ2_S	6144	5120	2	0	2	stock_mmvq	0	72.93	138	0.342	1	
IQ2_S	6144	5120	2	0	2	lcpp_mmvq	0	42.01	240	0.594	1	
IQ2_S	6144	5120	2	0	2	lcpp_mmq	0	65.72	153	0.380	1	
IQ2_S	6144	5120	2	0	2	own_vec	1	41.11	245	0.607	1	
IQ2_S	6144	5120	2	0	2	mma_k	0	51.12	197	0.488	1	
IQ2_S	6144	5120	2	0	4	stock_mmvq	0	139.98	72	0.178	1	
IQ2_S	6144	5120	2	0	4	lcpp_mmvq	0	58.52	172	0.426	1	
IQ2_S	6144	5120	2	0	4	lcpp_mmq	0	67.00	150	0.372	1	
IQ2_S	6144	5120	2	0	4	own_vec	1	39.99	252	0.624	1	
IQ2_S	6144	5120	2	0	4	mma_k	0	51.40	196	0.485	1	
IQ2_S	6144	5120	2	0	6	stock_mmvq	0	209.46	48	0.119	1	
IQ2_S	6144	5120	2	0	6	lcpp_mmvq	0	72.22	140	0.346	1	
IQ2_S	6144	5120	2	0	6	lcpp_mmq	0	67.56	149	0.369	1	
IQ2_S	6144	5120	2	0	6	own_vec	1	52.02	194	0.480	1	
IQ2_S	6144	5120	2	0	6	mma_k	0	51.84	194	0.481	1	
IQ2_S	6144	5120	2	0	8	stock_mmvq	0	275.92	37	0.090	1	
IQ2_S	6144	5120	2	0	8	lcpp_mmvq	0	82.33	122	0.303	1	
IQ2_S	6144	5120	2	0	8	lcpp_mmq	0	65.69	153	0.380	1	
IQ2_S	6144	5120	2	0	8	own_vec	1	56.50	178	0.442	1	
IQ2_S	6144	5120	2	0	8	mma_k	0	52.35	192	0.477	1	
IQ2_S	6144	5120	2	0	12	stock_mmvq	0	419.02	24	0.060	1	
IQ2_S	6144	5120	2	0	12	lcpp_mmq	0	74.34	136	0.336	1	
IQ2_S	6144	5120	2	0	12	mma_k	1	54.48	185	0.458	1	
IQ2_S	6144	5120	2	0	16	stock_mmvq	0	556.82	18	0.045	1	
IQ2_S	6144	5120	2	0	16	stock_dq	0	393.63	26	0.063	1	
IQ2_S	6144	5120	2	0	16	lcpp_mmq	0	71.60	141	0.348	1	
IQ2_S	6144	5120	2	0	16	mma_k	1	53.91	187	0.463	1	
IQ2_S	6144	5120	2	0	24	stock_dq	0	378.98	27	0.066	1	
IQ2_S	6144	5120	2	0	24	lcpp_mmq	0	79.85	126	0.313	1	
IQ2_S	6144	5120	2	0	24	mma_k	1	69.76	144	0.358	1	
IQ2_S	6144	5120	2	0	32	stock_dq	0	438.48	23	0.057	1	
IQ2_S	6144	5120	2	0	32	lcpp_mmq	0	88.68	114	0.281	1	
IQ2_S	6144	5120	2	0	32	mma_k	1	71.78	140	0.348	1	
IQ2_S	6144	5120	2	0	48	stock_dq	0	408.63	25	0.061	1	
IQ2_S	6144	5120	2	0	48	lcpp_mmq	1	104.09	97	0.240	1	
IQ2_S	6144	5120	2	0	48	mma_k	0	116.36	87	0.214	1	
IQ2_S	6144	5120	2	0	64	stock_dq	0	410.04	25	0.061	1	
IQ2_S	6144	5120	2	0	64	lcpp_mmq	1	124.98	81	0.200	1	
IQ2_S	6144	5120	2	0	64	mma_k	0	121.88	83	0.205	1	
IQ2_S	6144	5120	2	0	128	stock_dq	0	454.86	22	0.055	1	
IQ2_S	6144	5120	2	0	128	lcpp_mmq	1	207.21	49	0.120	1	
IQ2_S	6144	5120	2	0	128	mma_k_chunked64	0	254.08	40	0.098	1	
IQ2_S	17408	5120	9	0	1	stock_mmvq	0	100.33	285	0.705	1	
IQ2_S	17408	5120	9	0	1	lcpp_mmvq	0	94.85	301	0.745	1	
IQ2_S	17408	5120	9	0	1	lcpp_mmq	0	156.21	183	0.453	1	
IQ2_S	17408	5120	9	0	1	own_vec	1	77.80	367	0.909	1	
IQ2_S	17408	5120	9	0	1	mma_k	0	128.26	223	0.551	1	
IQ2_S	17408	5120	9	0	2	stock_mmvq	0	203.21	140	0.348	1	
IQ2_S	17408	5120	9	0	2	lcpp_mmvq	0	109.36	261	0.646	1	
IQ2_S	17408	5120	9	0	2	lcpp_mmq	0	154.01	185	0.459	1	
IQ2_S	17408	5120	9	0	2	own_vec	1	91.39	312	0.774	1	
IQ2_S	17408	5120	9	0	2	mma_k	0	130.69	218	0.541	1	
IQ2_S	17408	5120	9	0	4	stock_mmvq	0	403.15	71	0.175	1	
IQ2_S	17408	5120	9	0	4	lcpp_mmvq	0	151.50	188	0.467	1	
IQ2_S	17408	5120	9	0	4	lcpp_mmq	0	156.34	183	0.452	1	
IQ2_S	17408	5120	9	0	4	own_vec	1	94.08	303	0.752	1	
IQ2_S	17408	5120	9	0	4	mma_k	0	135.68	210	0.521	1	
IQ2_S	17408	5120	9	0	6	stock_mmvq	0	605.53	47	0.117	1	
IQ2_S	17408	5120	9	0	6	lcpp_mmvq	0	185.55	154	0.381	1	
IQ2_S	17408	5120	9	0	6	lcpp_mmq	0	154.32	185	0.458	1	
IQ2_S	17408	5120	9	0	6	own_vec	1	128.00	223	0.552	1	
IQ2_S	17408	5120	9	0	6	mma_k	0	134.99	211	0.524	1	
IQ2_S	17408	5120	9	0	8	stock_mmvq	0	805.40	35	0.088	1	
IQ2_S	17408	5120	9	0	8	lcpp_mmvq	0	218.50	131	0.324	1	
IQ2_S	17408	5120	9	0	8	lcpp_mmq	0	155.11	184	0.456	1	
IQ2_S	17408	5120	9	0	8	own_vec	1	146.59	195	0.482	1	
IQ2_S	17408	5120	9	0	8	mma_k	0	140.11	204	0.505	1	
IQ2_S	17408	5120	9	0	12	stock_mmvq	0	1186.01	24	0.060	1	
IQ2_S	17408	5120	9	0	12	lcpp_mmq	0	170.24	168	0.415	1	
IQ2_S	17408	5120	9	0	12	mma_k	1	138.32	206	0.511	1	
IQ2_S	17408	5120	9	0	16	stock_mmvq	0	1634.30	17	0.043	1	
IQ2_S	17408	5120	9	0	16	stock_dq	0	1006.57	28	0.070	1	
IQ2_S	17408	5120	9	0	16	lcpp_mmq	0	161.95	176	0.437	1	
IQ2_S	17408	5120	9	0	16	mma_k	1	136.50	209	0.518	1	
IQ2_S	17408	5120	9	0	24	stock_dq	0	1004.47	28	0.070	1	
IQ2_S	17408	5120	9	0	24	lcpp_mmq	0	187.49	152	0.377	1	
IQ2_S	17408	5120	9	0	24	mma_k	1	183.83	155	0.385	1	
IQ2_S	17408	5120	9	0	32	stock_dq	0	1048.40	27	0.067	1	
IQ2_S	17408	5120	9	0	32	lcpp_mmq	0	202.85	141	0.349	1	
IQ2_S	17408	5120	9	0	32	mma_k	1	198.27	144	0.357	1	
IQ2_S	17408	5120	9	0	48	stock_dq	0	1049.52	27	0.067	1	
IQ2_S	17408	5120	9	0	48	lcpp_mmq	1	272.54	105	0.259	1	
IQ2_S	17408	5120	9	0	48	mma_k	0	308.94	92	0.229	1	
IQ2_S	17408	5120	9	0	64	stock_dq	0	1048.83	27	0.067	1	
IQ2_S	17408	5120	9	0	64	lcpp_mmq	1	330.76	86	0.214	1	
IQ2_S	17408	5120	9	0	64	mma_k	0	305.30	94	0.232	1	
IQ2_S	17408	5120	9	0	128	stock_dq	0	1113.96	26	0.063	1	
IQ2_S	17408	5120	9	0	128	lcpp_mmq	1	487.91	59	0.145	1	
IQ2_S	17408	5120	9	0	128	mma_k_chunked64	0	658.37	43	0.107	1	
IQ2_XS	5120	17408	3	0	1	stock_mmvq	0	155.83	165	0.409	1	
IQ2_XS	5120	17408	3	0	1	lcpp_mmvq	1	80.31	321	0.795	1	
IQ2_XS	5120	17408	3	0	1	lcpp_mmq	0	170.06	151	0.375	1	
IQ2_XS	5120	17408	3	0	2	stock_mmvq	0	314.16	82	0.203	1	
IQ2_XS	5120	17408	3	0	2	lcpp_mmvq	1	90.65	284	0.704	1	
IQ2_XS	5120	17408	3	0	2	lcpp_mmq	0	175.18	147	0.364	1	
IQ2_XS	5120	17408	3	0	4	stock_mmvq	0	604.58	43	0.106	1	
IQ2_XS	5120	17408	3	0	4	lcpp_mmvq	1	131.25	196	0.486	1	
IQ2_XS	5120	17408	3	0	4	lcpp_mmq	0	171.26	150	0.373	1	
IQ2_XS	5120	17408	3	0	6	stock_mmvq	0	918.57	28	0.069	1	
IQ2_XS	5120	17408	3	0	6	lcpp_mmvq	1	166.55	155	0.383	1	
IQ2_XS	5120	17408	3	0	6	lcpp_mmq	0	174.18	148	0.366	1	
IQ2_XS	5120	17408	3	0	8	stock_mmvq	0	1260.86	20	0.051	1	
IQ2_XS	5120	17408	3	0	8	lcpp_mmvq	0	198.55	130	0.321	1	
IQ2_XS	5120	17408	3	0	8	lcpp_mmq	1	177.95	145	0.359	1	
IQ2_XS	5120	17408	3	0	12	stock_mmvq	0	1893.80	14	0.034	1	
IQ2_XS	5120	17408	3	0	12	lcpp_mmq	1	201.63	128	0.316	1	
IQ2_XS	5120	17408	3	0	16	stock_mmvq	0	2558.33	10	0.025	1	
IQ2_XS	5120	17408	3	0	16	stock_dq	0	1011.53	25	0.063	1	
IQ2_XS	5120	17408	3	0	16	lcpp_mmq	1	196.45	131	0.325	1	
IQ2_XS	5120	17408	3	0	24	stock_dq	0	984.63	26	0.065	1	
IQ2_XS	5120	17408	3	0	24	lcpp_mmq	1	214.15	120	0.298	1	
IQ2_XS	5120	17408	3	0	32	stock_dq	0	993.69	26	0.064	1	
IQ2_XS	5120	17408	3	0	32	lcpp_mmq	1	241.08	107	0.265	1	
IQ2_XS	5120	17408	3	0	48	stock_dq	0	1000.83	26	0.064	1	
IQ2_XS	5120	17408	3	0	48	lcpp_mmq	1	273.64	94	0.233	1	
IQ2_XS	5120	17408	3	0	64	stock_dq	0	1264.28	20	0.050	1	
IQ2_XS	5120	17408	3	0	64	lcpp_mmq	1	313.14	82	0.204	1	
IQ2_XS	5120	17408	3	0	128	stock_dq	0	1361.10	19	0.047	1	
IQ2_XS	5120	17408	3	0	128	lcpp_mmq	1	505.95	51	0.126	1	
IQ2_XS	10240	5120	1	0	1	stock_mmvq	0	93.67	162	0.401	1	
IQ2_XS	10240	5120	1	0	1	lcpp_mmvq	1	52.62	288	0.713	1	
IQ2_XS	10240	5120	1	0	1	lcpp_mmq	0	101.27	150	0.371	1	
IQ2_XS	10240	5120	1	0	2	stock_mmvq	0	179.81	84	0.209	1	
IQ2_XS	10240	5120	1	0	2	lcpp_mmvq	1	66.28	229	0.566	1	
IQ2_XS	10240	5120	1	0	2	lcpp_mmq	0	102.17	148	0.367	1	
IQ2_XS	10240	5120	1	0	4	stock_mmvq	0	361.76	42	0.104	1	
IQ2_XS	10240	5120	1	0	4	lcpp_mmvq	1	90.27	168	0.416	1	
IQ2_XS	10240	5120	1	0	4	lcpp_mmq	0	101.30	150	0.371	1	
IQ2_XS	10240	5120	1	0	6	stock_mmvq	0	565.73	27	0.066	1	
IQ2_XS	10240	5120	1	0	6	lcpp_mmvq	1	106.75	142	0.352	1	
IQ2_XS	10240	5120	1	0	6	lcpp_mmq	0	103.48	146	0.363	1	
IQ2_XS	10240	5120	1	0	8	stock_mmvq	0	750.30	20	0.050	1	
IQ2_XS	10240	5120	1	0	8	lcpp_mmvq	0	121.24	125	0.310	1	
IQ2_XS	10240	5120	1	0	8	lcpp_mmq	1	101.83	149	0.369	1	
IQ2_XS	10240	5120	1	0	12	stock_mmvq	0	1122.18	14	0.033	1	
IQ2_XS	10240	5120	1	0	12	lcpp_mmq	1	119.86	126	0.313	1	
IQ2_XS	10240	5120	1	0	16	stock_mmvq	0	1488.83	10	0.025	1	
IQ2_XS	10240	5120	1	0	16	stock_dq	0	593.61	26	0.063	1	
IQ2_XS	10240	5120	1	0	16	lcpp_mmq	1	116.04	131	0.323	1	
IQ2_XS	10240	5120	1	0	24	stock_dq	0	594.12	26	0.063	1	
IQ2_XS	10240	5120	1	0	24	lcpp_mmq	1	127.72	119	0.294	1	
IQ2_XS	10240	5120	1	0	32	stock_dq	0	662.55	23	0.057	1	
IQ2_XS	10240	5120	1	0	32	lcpp_mmq	1	142.87	106	0.263	1	
IQ2_XS	10240	5120	1	0	48	stock_dq	0	684.62	22	0.055	1	
IQ2_XS	10240	5120	1	0	48	lcpp_mmq	1	165.12	92	0.227	1	
IQ2_XS	10240	5120	1	0	64	stock_dq	0	694.53	22	0.054	1	
IQ2_XS	10240	5120	1	0	64	lcpp_mmq	1	193.02	79	0.194	1	
IQ2_XS	10240	5120	1	0	128	stock_dq	0	692.71	22	0.054	1	
IQ2_XS	10240	5120	1	0	128	lcpp_mmq	1	330.29	46	0.114	1	
IQ2_XS	17408	5120	5	0	1	stock_mmvq	0	155.88	165	0.409	1	
IQ2_XS	17408	5120	5	0	1	lcpp_mmvq	1	89.83	287	0.710	1	
IQ2_XS	17408	5120	5	0	1	lcpp_mmq	0	149.84	172	0.426	1	
IQ2_XS	17408	5120	5	0	2	stock_mmvq	0	315.98	82	0.202	1	
IQ2_XS	17408	5120	5	0	2	lcpp_mmvq	1	107.62	239	0.593	1	
IQ2_XS	17408	5120	5	0	2	lcpp_mmq	0	147.87	174	0.432	1	
IQ2_XS	17408	5120	5	0	4	stock_mmvq	0	613.27	42	0.104	1	
IQ2_XS	17408	5120	5	0	4	lcpp_mmvq	1	145.56	177	0.438	1	
IQ2_XS	17408	5120	5	0	4	lcpp_mmq	0	148.61	173	0.429	1	
IQ2_XS	17408	5120	5	0	6	stock_mmvq	0	962.82	27	0.066	1	
IQ2_XS	17408	5120	5	0	6	lcpp_mmvq	1	180.33	143	0.354	1	
IQ2_XS	17408	5120	5	0	6	lcpp_mmq	0	145.69	177	0.438	1	
IQ2_XS	17408	5120	5	0	8	stock_mmvq	0	1287.37	20	0.050	1	
IQ2_XS	17408	5120	5	0	8	lcpp_mmvq	0	209.56	123	0.304	1	
IQ2_XS	17408	5120	5	0	8	lcpp_mmq	1	145.38	177	0.439	1	
IQ2_XS	17408	5120	5	0	12	stock_mmvq	0	1931.37	13	0.033	1	
IQ2_XS	17408	5120	5	0	12	lcpp_mmq	1	169.04	152	0.377	1	
IQ2_XS	17408	5120	5	0	16	stock_mmvq	0	2604.14	10	0.025	1	
IQ2_XS	17408	5120	5	0	16	stock_dq	0	986.57	26	0.065	1	
IQ2_XS	17408	5120	5	0	16	lcpp_mmq	1	163.05	158	0.391	1	
IQ2_XS	17408	5120	5	0	24	stock_dq	0	982.63	26	0.065	1	
IQ2_XS	17408	5120	5	0	24	lcpp_mmq	1	180.22	143	0.354	1	
IQ2_XS	17408	5120	5	0	32	stock_dq	0	1026.36	25	0.062	1	
IQ2_XS	17408	5120	5	0	32	lcpp_mmq	1	201.80	128	0.316	1	
IQ2_XS	17408	5120	5	0	48	stock_dq	0	1026.41	25	0.062	1	
IQ2_XS	17408	5120	5	0	48	lcpp_mmq	1	267.57	96	0.238	1	
IQ2_XS	17408	5120	5	0	64	stock_dq	0	1027.02	25	0.062	1	
IQ2_XS	17408	5120	5	0	64	lcpp_mmq	1	312.40	82	0.204	1	
IQ2_XS	17408	5120	5	0	128	stock_dq	0	1094.02	24	0.058	1	
IQ2_XS	17408	5120	5	0	128	lcpp_mmq	1	505.79	51	0.126	1	
IQ2_XXS	10240	5120	1	0	1	stock_mmvq	0	86.89	156	0.385	1	
IQ2_XXS	10240	5120	1	0	1	lcpp_mmvq	1	54.04	250	0.619	1	
IQ2_XXS	10240	5120	1	0	1	lcpp_mmq	0	87.78	154	0.381	1	
IQ2_XXS	10240	5120	1	0	2	stock_mmvq	0	166.85	81	0.201	1	
IQ2_XXS	10240	5120	1	0	2	lcpp_mmvq	1	60.72	223	0.551	1	
IQ2_XXS	10240	5120	1	0	2	lcpp_mmq	0	93.36	145	0.359	1	
IQ2_XXS	10240	5120	1	0	4	stock_mmvq	0	336.05	40	0.100	1	
IQ2_XXS	10240	5120	1	0	4	lcpp_mmvq	1	91.75	147	0.365	1	
IQ2_XXS	10240	5120	1	0	4	lcpp_mmq	0	89.09	152	0.376	1	
IQ2_XXS	10240	5120	1	0	6	stock_mmvq	0	496.06	27	0.067	1	
IQ2_XXS	10240	5120	1	0	6	lcpp_mmvq	1	103.65	130	0.323	1	
IQ2_XXS	10240	5120	1	0	6	lcpp_mmq	0	92.98	145	0.360	1	
IQ2_XXS	10240	5120	1	0	8	stock_mmvq	0	702.49	19	0.048	1	
IQ2_XXS	10240	5120	1	0	8	lcpp_mmvq	0	119.60	113	0.280	1	
IQ2_XXS	10240	5120	1	0	8	lcpp_mmq	1	90.75	149	0.369	1	
IQ2_XXS	10240	5120	1	0	12	stock_mmvq	0	1029.44	13	0.033	1	
IQ2_XXS	10240	5120	1	0	12	lcpp_mmq	1	102.17	132	0.328	1	
IQ2_XXS	10240	5120	1	0	16	stock_mmvq	0	1408.28	10	0.024	1	
IQ2_XXS	10240	5120	1	0	16	stock_dq	0	585.68	23	0.057	1	
IQ2_XXS	10240	5120	1	0	16	lcpp_mmq	1	98.18	138	0.341	1	
IQ2_XXS	10240	5120	1	0	24	stock_dq	0	586.24	23	0.057	1	
IQ2_XXS	10240	5120	1	0	24	lcpp_mmq	1	109.85	123	0.305	1	
IQ2_XXS	10240	5120	1	0	32	stock_dq	0	651.98	21	0.051	1	
IQ2_XXS	10240	5120	1	0	32	lcpp_mmq	1	120.91	112	0.277	1	
IQ2_XXS	10240	5120	1	0	48	stock_dq	0	675.20	20	0.050	1	
IQ2_XXS	10240	5120	1	0	48	lcpp_mmq	1	136.50	99	0.245	1	
IQ2_XXS	10240	5120	1	0	64	stock_dq	0	686.98	20	0.049	1	
IQ2_XXS	10240	5120	1	0	64	lcpp_mmq	1	156.93	86	0.213	1	
IQ2_XXS	10240	5120	1	0	128	stock_dq	0	683.16	20	0.049	1	
IQ2_XXS	10240	5120	1	0	128	lcpp_mmq	1	250.37	54	0.134	1	
IQ2_XXS	12288	5120	1	0	1	stock_mmvq	0	102.30	159	0.393	1	
IQ2_XXS	12288	5120	1	0	1	lcpp_mmvq	1	61.20	265	0.656	1	
IQ2_XXS	12288	5120	1	0	1	lcpp_mmq	0	105.91	153	0.379	1	
IQ2_XXS	12288	5120	1	0	2	stock_mmvq	0	203.26	80	0.198	1	
IQ2_XXS	12288	5120	1	0	2	lcpp_mmvq	1	69.22	234	0.580	1	
IQ2_XXS	12288	5120	1	0	2	lcpp_mmq	0	106.14	153	0.378	1	
IQ2_XXS	12288	5120	1	0	4	stock_mmvq	0	404.18	40	0.099	1	
IQ2_XXS	12288	5120	1	0	4	lcpp_mmvq	1	104.88	155	0.383	1	
IQ2_XXS	12288	5120	1	0	4	lcpp_mmq	0	106.32	153	0.378	1	
IQ2_XXS	12288	5120	1	0	6	stock_mmvq	0	604.95	27	0.066	1	
IQ2_XXS	12288	5120	1	0	6	lcpp_mmvq	1	121.63	133	0.330	1	
IQ2_XXS	12288	5120	1	0	6	lcpp_mmq	0	106.01	153	0.379	1	
IQ2_XXS	12288	5120	1	0	8	stock_mmvq	0	845.44	19	0.048	1	
IQ2_XXS	12288	5120	1	0	8	lcpp_mmvq	0	144.13	113	0.279	1	
IQ2_XXS	12288	5120	1	0	8	lcpp_mmq	1	107.67	151	0.373	1	
IQ2_XXS	12288	5120	1	0	12	stock_mmvq	0	1271.65	13	0.032	1	
IQ2_XXS	12288	5120	1	0	12	lcpp_mmq	1	120.27	135	0.334	1	
IQ2_XXS	12288	5120	1	0	16	stock_mmvq	0	1693.88	10	0.024	1	
IQ2_XXS	12288	5120	1	0	16	stock_dq	0	721.67	22	0.056	1	
IQ2_XXS	12288	5120	1	0	16	lcpp_mmq	1	115.71	140	0.347	1	
IQ2_XXS	12288	5120	1	0	24	stock_dq	0	769.59	21	0.052	1	
IQ2_XXS	12288	5120	1	0	24	lcpp_mmq	1	129.23	126	0.311	1	
IQ2_XXS	12288	5120	1	0	32	stock_dq	0	718.44	23	0.056	1	
IQ2_XXS	12288	5120	1	0	32	lcpp_mmq	1	142.39	114	0.282	1	
IQ2_XXS	12288	5120	1	0	48	stock_dq	0	870.58	19	0.046	1	
IQ2_XXS	12288	5120	1	0	48	lcpp_mmq	1	159.49	102	0.252	1	
IQ2_XXS	12288	5120	1	0	64	stock_dq	0	893.85	18	0.045	1	
IQ2_XXS	12288	5120	1	0	64	lcpp_mmq	1	184.58	88	0.218	1	
IQ2_XXS	12288	5120	1	0	128	stock_dq	0	917.96	18	0.044	1	
IQ2_XXS	12288	5120	1	0	128	lcpp_mmq	1	294.84	55	0.136	1	
IQ2_XXS	17408	5120	3	0	1	stock_mmvq	0	142.41	161	0.400	1	
IQ2_XXS	17408	5120	3	0	1	lcpp_mmvq	1	88.70	259	0.642	1	
IQ2_XXS	17408	5120	3	0	1	lcpp_mmq	0	130.84	176	0.435	1	
IQ2_XXS	17408	5120	3	0	2	stock_mmvq	0	294.66	78	0.193	1	
IQ2_XXS	17408	5120	3	0	2	lcpp_mmvq	1	95.62	240	0.595	1	
IQ2_XXS	17408	5120	3	0	2	lcpp_mmq	0	130.84	176	0.435	1	
IQ2_XXS	17408	5120	3	0	4	stock_mmvq	0	561.67	41	0.101	1	
IQ2_XXS	17408	5120	3	0	4	lcpp_mmvq	1	142.75	161	0.399	1	
IQ2_XXS	17408	5120	3	0	4	lcpp_mmq	0	126.67	181	0.449	1	
IQ2_XXS	17408	5120	3	0	6	stock_mmvq	0	874.82	26	0.065	1	
IQ2_XXS	17408	5120	3	0	6	lcpp_mmvq	1	164.84	139	0.345	1	
IQ2_XXS	17408	5120	3	0	6	lcpp_mmq	0	132.92	173	0.428	1	
IQ2_XXS	17408	5120	3	0	8	stock_mmvq	0	1158.22	20	0.049	1	
IQ2_XXS	17408	5120	3	0	8	lcpp_mmvq	0	194.87	118	0.292	1	
IQ2_XXS	17408	5120	3	0	8	lcpp_mmq	1	130.10	177	0.437	1	
IQ2_XXS	17408	5120	3	0	12	stock_mmvq	0	1768.11	13	0.032	1	
IQ2_XXS	17408	5120	3	0	12	lcpp_mmq	1	144.49	159	0.394	1	
IQ2_XXS	17408	5120	3	0	16	stock_mmvq	0	2423.42	9	0.023	1	
IQ2_XXS	17408	5120	3	0	16	stock_dq	0	973.62	24	0.058	1	
IQ2_XXS	17408	5120	3	0	16	lcpp_mmq	1	140.85	163	0.404	1	
IQ2_XXS	17408	5120	3	0	24	stock_dq	0	969.96	24	0.059	1	
IQ2_XXS	17408	5120	3	0	24	lcpp_mmq	1	157.18	146	0.362	1	
IQ2_XXS	17408	5120	3	0	32	stock_dq	0	1014.48	23	0.056	1	
IQ2_XXS	17408	5120	3	0	32	lcpp_mmq	1	173.31	133	0.328	1	
IQ2_XXS	17408	5120	3	0	48	stock_dq	0	1016.42	23	0.056	1	
IQ2_XXS	17408	5120	3	0	48	lcpp_mmq	1	225.15	102	0.253	1	
IQ2_XXS	17408	5120	3	0	64	stock_dq	0	1016.32	23	0.056	1	
IQ2_XXS	17408	5120	3	0	64	lcpp_mmq	1	255.82	90	0.222	1	
IQ2_XXS	17408	5120	3	0	128	stock_dq	0	1080.98	21	0.053	1	
IQ2_XXS	17408	5120	3	0	128	lcpp_mmq	1	408.18	56	0.139	1	
IQ3_S	1024	5120	7	0	1	stock_mmvq	0	11.98	188	0.466	1	
IQ3_S	1024	5120	7	0	1	lcpp_mmvq	0	10.88	207	0.513	1	
IQ3_S	1024	5120	7	0	1	lcpp_mmq	0	19.28	117	0.289	1	
IQ3_S	1024	5120	7	0	1	iq3_vec	0	14.08	160	0.396	1	
IQ3_S	1024	5120	7	0	1	iq3_vec_mma	0	13.54	166	0.412	1	
IQ3_S	1024	5120	7	0	1	iq3_vec_mma_packed	1	11.24	200	0.496	1	
IQ3_S	1024	5120	7	0	1	iq3_tiled_packed	0	16.84	134	0.331	1	
IQ3_S	1024	5120	7	0	2	stock_mmvq	0	16.38	138	0.341	1	
IQ3_S	1024	5120	7	0	2	lcpp_mmvq	0	12.44	181	0.448	1	
IQ3_S	1024	5120	7	0	2	lcpp_mmq	0	19.28	117	0.289	1	
IQ3_S	1024	5120	7	0	2	iq3_vec	0	14.08	160	0.396	1	
IQ3_S	1024	5120	7	0	2	iq3_vec_mma	0	13.47	167	0.414	1	
IQ3_S	1024	5120	7	0	2	iq3_vec_mma_packed	1	11.24	200	0.496	1	
IQ3_S	1024	5120	7	0	2	iq3_tiled_packed	0	17.51	129	0.319	1	
IQ3_S	1024	5120	7	0	4	stock_mmvq	0	27.55	82	0.203	1	
IQ3_S	1024	5120	7	0	4	lcpp_mmvq	0	14.03	161	0.398	1	
IQ3_S	1024	5120	7	0	4	lcpp_mmq	0	19.30	117	0.289	1	
IQ3_S	1024	5120	7	0	4	iq3_vec	0	15.26	148	0.366	1	
IQ3_S	1024	5120	7	0	4	iq3_vec_mma	0	13.72	164	0.407	1	
IQ3_S	1024	5120	7	0	4	iq3_vec_mma_packed	1	11.39	198	0.490	1	
IQ3_S	1024	5120	7	0	4	iq3_tiled_packed	0	18.84	120	0.296	1	
IQ3_S	1024	5120	7	0	6	stock_mmvq	0	38.81	58	0.144	1	
IQ3_S	1024	5120	7	0	6	lcpp_mmvq	0	16.36	138	0.341	1	
IQ3_S	1024	5120	7	0	6	lcpp_mmq	0	19.43	116	0.287	1	
IQ3_S	1024	5120	7	0	6	iq3_vec	0	18.71	120	0.298	1	
IQ3_S	1024	5120	7	0	6	iq3_vec_mma	0	14.05	160	0.397	1	
IQ3_S	1024	5120	7	0	6	iq3_vec_mma_packed	1	11.60	194	0.481	1	
IQ3_S	1024	5120	7	0	6	iq3_tiled_packed	0	20.12	112	0.277	1	
IQ3_S	1024	5120	7	0	8	stock_mmvq	0	50.15	45	0.111	1	
IQ3_S	1024	5120	7	0	8	lcpp_mmvq	0	18.87	119	0.296	1	
IQ3_S	1024	5120	7	0	8	lcpp_mmq	0	19.53	115	0.286	1	
IQ3_S	1024	5120	7	0	8	iq3_vec	0	17.92	126	0.311	1	
IQ3_S	1024	5120	7	0	8	iq3_vec_mma	0	14.31	157	0.390	1	
IQ3_S	1024	5120	7	0	8	iq3_vec_mma_packed	1	11.88	190	0.470	1	
IQ3_S	1024	5120	7	0	8	iq3_tiled_packed	0	21.43	105	0.260	1	
IQ3_S	1024	5120	7	0	12	stock_mmvq	0	72.86	31	0.077	1	
IQ3_S	1024	5120	7	0	12	lcpp_mmq	0	20.99	107	0.266	1	
IQ3_S	1024	5120	7	0	12	iq3_vec_mma_packed	0	14.92	151	0.374	1	
IQ3_S	1024	5120	7	0	12	iq3_tiled_packed	1	23.91	94	0.233	1	
IQ3_S	1024	5120	7	0	16	stock_mmvq	0	95.51	24	0.058	1	
IQ3_S	1024	5120	7	0	16	stock_dq	0	67.51	33	0.083	1	
IQ3_S	1024	5120	7	0	16	lcpp_mmq	0	21.22	106	0.263	1	
IQ3_S	1024	5120	7	0	16	iq3_vec_mma_packed	0	15.92	141	0.350	1	
IQ3_S	1024	5120	7	0	16	iq3_tiled_packed	1	26.39	85	0.211	1	
IQ3_S	1024	5120	7	0	24	stock_dq	0	69.58	32	0.080	1	
IQ3_S	1024	5120	7	0	24	lcpp_mmq	0	22.76	99	0.245	1	
IQ3_S	1024	5120	7	0	24	iq3_vec_mma_packed	0	23.60	95	0.236	1	
IQ3_S	1024	5120	7	0	24	iq3_tiled_packed	1	28.57	79	0.195	1	
IQ3_S	1024	5120	7	0	32	stock_dq	0	70.14	32	0.080	1	
IQ3_S	1024	5120	7	0	32	lcpp_mmq	0	24.78	91	0.225	1	
IQ3_S	1024	5120	7	0	32	iq3_vec_mma_packed	0	25.88	87	0.216	1	
IQ3_S	1024	5120	7	0	32	iq3_tiled_packed	1	28.75	78	0.194	1	
IQ3_S	1024	5120	7	0	48	stock_dq	0	68.48	33	0.081	1	
IQ3_S	1024	5120	7	0	48	lcpp_mmq	0	27.75	81	0.201	1	
IQ3_S	1024	5120	7	0	48	iq3_tiled_packed	1	29.29	77	0.191	1	
IQ3_S	1024	5120	7	0	64	stock_dq	0	69.35	32	0.080	1	
IQ3_S	1024	5120	7	0	64	lcpp_mmq	0	33.36	68	0.167	1	
IQ3_S	1024	5120	7	0	64	iq3_tiled_packed	1	33.13	68	0.168	1	
IQ3_S	1024	5120	7	0	128	stock_dq	0	81.61	28	0.068	1	
IQ3_S	1024	5120	7	0	128	lcpp_mmq	0	57.04	39	0.098	1	
IQ3_S	1024	5120	7	0	128	iq3_tiled_packed	1	53.25	42	0.105	1	
IQ3_S	5120	6144	32	0	1	stock_mmvq	0	42.19	320	0.793	1	
IQ3_S	5120	6144	32	0	1	lcpp_mmvq	0	39.94	338	0.838	1	
IQ3_S	5120	6144	32	0	1	lcpp_mmq	0	71.86	188	0.466	1	
IQ3_S	5120	6144	32	0	1	iq3_vec	0	37.71	358	0.888	1	
IQ3_S	5120	6144	32	0	1	iq3_vec_mma	0	42.60	317	0.786	1	
IQ3_S	5120	6144	32	0	1	iq3_vec_mma_packed	1	39.17	345	0.855	1	
IQ3_S	5120	6144	32	0	1	iq3_tiled_packed	0	46.59	290	0.718	1	
IQ3_S	5120	6144	32	0	2	stock_mmvq	0	78.39	172	0.427	1	
IQ3_S	5120	6144	32	0	2	lcpp_mmvq	0	44.93	301	0.745	1	
IQ3_S	5120	6144	32	0	2	lcpp_mmq	0	73.40	184	0.456	1	
IQ3_S	5120	6144	32	0	2	iq3_vec	0	42.93	315	0.780	1	
IQ3_S	5120	6144	32	0	2	iq3_vec_mma	0	43.19	313	0.775	1	
IQ3_S	5120	6144	32	0	2	iq3_vec_mma_packed	1	39.48	342	0.848	1	
IQ3_S	5120	6144	32	0	2	iq3_tiled_packed	0	47.31	286	0.708	1	
IQ3_S	5120	6144	32	0	4	stock_mmvq	0	151.01	90	0.222	1	
IQ3_S	5120	6144	32	0	4	lcpp_mmvq	0	59.08	229	0.567	1	
IQ3_S	5120	6144	32	0	4	lcpp_mmq	0	75.52	179	0.443	1	
IQ3_S	5120	6144	32	0	4	iq3_vec	0	49.77	272	0.673	1	
IQ3_S	5120	6144	32	0	4	iq3_vec_mma	0	44.67	303	0.749	1	
IQ3_S	5120	6144	32	0	4	iq3_vec_mma_packed	1	39.88	339	0.839	1	
IQ3_S	5120	6144	32	0	4	iq3_tiled_packed	0	48.46	279	0.691	1	
IQ3_S	5120	6144	32	0	6	stock_mmvq	0	223.92	60	0.149	1	
IQ3_S	5120	6144	32	0	6	lcpp_mmvq	0	68.53	197	0.488	1	
IQ3_S	5120	6144	32	0	6	lcpp_mmq	0	74.78	181	0.448	1	
IQ3_S	5120	6144	32	0	6	iq3_vec	0	57.14	237	0.586	1	
IQ3_S	5120	6144	32	0	6	iq3_vec_mma	0	45.00	300	0.744	1	
IQ3_S	5120	6144	32	0	6	iq3_vec_mma_packed	1	40.24	336	0.832	1	
IQ3_S	5120	6144	32	0	6	iq3_tiled_packed	0	49.77	272	0.673	1	
IQ3_S	5120	6144	32	0	8	stock_mmvq	0	296.29	46	0.113	1	
IQ3_S	5120	6144	32	0	8	lcpp_mmvq	0	81.92	165	0.409	1	
IQ3_S	5120	6144	32	0	8	lcpp_mmq	0	75.11	180	0.446	1	
IQ3_S	5120	6144	32	0	8	iq3_vec	0	56.35	240	0.594	1	
IQ3_S	5120	6144	32	0	8	iq3_vec_mma	0	47.05	287	0.711	1	
IQ3_S	5120	6144	32	0	8	iq3_vec_mma_packed	1	41.29	327	0.811	1	
IQ3_S	5120	6144	32	0	8	iq3_tiled_packed	0	51.38	263	0.652	1	
IQ3_S	5120	6144	32	0	12	stock_mmvq	0	441.70	31	0.076	1	
IQ3_S	5120	6144	32	0	12	lcpp_mmq	0	83.43	162	0.401	1	
IQ3_S	5120	6144	32	0	12	iq3_vec_mma_packed	0	43.55	310	0.769	1	
IQ3_S	5120	6144	32	0	12	iq3_tiled_packed	1	53.45	253	0.626	1	
IQ3_S	5120	6144	32	0	16	stock_mmvq	0	614.24	22	0.054	1	
IQ3_S	5120	6144	32	0	16	stock_dq	0	367.13	37	0.091	1	
IQ3_S	5120	6144	32	0	16	lcpp_mmq	0	80.31	168	0.417	1	
IQ3_S	5120	6144	32	0	16	iq3_vec_mma_packed	0	45.41	298	0.737	1	
IQ3_S	5120	6144	32	0	16	iq3_tiled_packed	1	55.83	242	0.600	1	
IQ3_S	5120	6144	32	0	24	stock_dq	0	364.70	37	0.092	1	
IQ3_S	5120	6144	32	0	24	lcpp_mmq	0	85.94	157	0.390	1	
IQ3_S	5120	6144	32	0	24	iq3_vec_mma_packed	0	76.77	176	0.436	1	
IQ3_S	5120	6144	32	0	24	iq3_tiled_packed	1	61.70	219	0.543	1	
IQ3_S	5120	6144	32	0	32	stock_dq	0	365.54	37	0.092	1	
IQ3_S	5120	6144	32	0	32	lcpp_mmq	0	95.97	141	0.349	1	
IQ3_S	5120	6144	32	0	32	iq3_vec_mma_packed	0	83.74	161	0.400	1	
IQ3_S	5120	6144	32	0	32	iq3_tiled_packed	1	61.00	222	0.549	1	
IQ3_S	5120	6144	32	0	48	stock_dq	0	367.41	37	0.091	1	
IQ3_S	5120	6144	32	0	48	lcpp_mmq	0	102.48	132	0.327	1	
IQ3_S	5120	6144	32	0	48	iq3_tiled_packed	1	88.29	153	0.379	1	
IQ3_S	5120	6144	32	0	64	stock_dq	0	468.02	29	0.072	1	
IQ3_S	5120	6144	32	0	64	lcpp_mmq	0	112.87	120	0.297	1	
IQ3_S	5120	6144	32	0	64	iq3_tiled_packed	1	76.44	177	0.438	1	
IQ3_S	5120	6144	32	0	128	stock_dq	0	421.12	32	0.079	1	
IQ3_S	5120	6144	32	0	128	lcpp_mmq	0	171.72	79	0.195	1	
IQ3_S	5120	6144	32	0	128	iq3_tiled_packed	1	121.75	111	0.275	1	
IQ3_S	5120	17408	22	0	1	stock_mmvq	0	114.38	335	0.829	1	
IQ3_S	5120	17408	22	0	1	lcpp_mmvq	0	98.77	388	0.960	1	
IQ3_S	5120	17408	22	0	1	lcpp_mmq	0	208.15	184	0.456	1	
IQ3_S	5120	17408	22	0	1	iq3_vec	0	96.84	395	0.979	1	
IQ3_S	5120	17408	22	0	1	iq3_vec_mma	0	104.93	365	0.904	1	
IQ3_S	5120	17408	22	0	1	iq3_vec_mma_packed	1	98.46	389	0.963	1	
IQ3_S	5120	17408	22	0	1	iq3_tiled_packed	0	106.88	358	0.887	1	
IQ3_S	5120	17408	22	0	2	stock_mmvq	0	218.98	175	0.433	1	
IQ3_S	5120	17408	22	0	2	lcpp_mmvq	0	107.90	355	0.879	1	
IQ3_S	5120	17408	22	0	2	lcpp_mmq	0	206.18	186	0.460	1	
IQ3_S	5120	17408	22	0	2	iq3_vec	0	112.18	341	0.845	1	
IQ3_S	5120	17408	22	0	2	iq3_vec_mma	0	106.34	360	0.892	1	
IQ3_S	5120	17408	22	0	2	iq3_vec_mma_packed	1	99.00	387	0.958	1	
IQ3_S	5120	17408	22	0	2	iq3_tiled_packed	0	107.32	357	0.884	1	
IQ3_S	5120	17408	22	0	4	stock_mmvq	0	442.83	86	0.214	1	
IQ3_S	5120	17408	22	0	4	lcpp_mmvq	0	144.49	265	0.656	1	
IQ3_S	5120	17408	22	0	4	lcpp_mmq	0	211.35	181	0.449	1	
IQ3_S	5120	17408	22	0	4	iq3_vec	0	129.51	296	0.732	1	
IQ3_S	5120	17408	22	0	4	iq3_vec_mma	0	109.67	349	0.865	1	
IQ3_S	5120	17408	22	0	4	iq3_vec_mma_packed	1	99.92	383	0.949	1	
IQ3_S	5120	17408	22	0	4	iq3_tiled_packed	0	109.39	350	0.867	1	
IQ3_S	5120	17408	22	0	6	stock_mmvq	0	637.35	60	0.149	1	
IQ3_S	5120	17408	22	0	6	lcpp_mmvq	0	182.78	210	0.519	1	
IQ3_S	5120	17408	22	0	6	lcpp_mmq	0	213.48	179	0.444	1	
IQ3_S	5120	17408	22	0	6	iq3_vec	0	151.04	254	0.628	1	
IQ3_S	5120	17408	22	0	6	iq3_vec_mma	0	114.94	333	0.825	1	
IQ3_S	5120	17408	22	0	6	iq3_vec_mma_packed	1	101.61	377	0.933	1	
IQ3_S	5120	17408	22	0	6	iq3_tiled_packed	0	110.85	345	0.856	1	
IQ3_S	5120	17408	22	0	8	stock_mmvq	0	879.92	44	0.108	1	
IQ3_S	5120	17408	22	0	8	lcpp_mmvq	0	220.77	173	0.430	1	
IQ3_S	5120	17408	22	0	8	lcpp_mmq	0	213.89	179	0.443	1	
IQ3_S	5120	17408	22	0	8	iq3_vec	0	140.01	274	0.677	1	
IQ3_S	5120	17408	22	0	8	iq3_vec_mma	0	119.82	320	0.792	1	
IQ3_S	5120	17408	22	0	8	iq3_vec_mma_packed	1	107.24	357	0.884	1	
IQ3_S	5120	17408	22	0	8	iq3_tiled_packed	0	112.51	340	0.843	1	
IQ3_S	5120	17408	22	0	12	stock_mmvq	0	1308.51	29	0.072	1	
IQ3_S	5120	17408	22	0	12	lcpp_mmq	0	230.30	166	0.412	1	
IQ3_S	5120	17408	22	0	12	iq3_vec_mma_packed	0	110.26	347	0.860	1	
IQ3_S	5120	17408	22	0	12	iq3_tiled_packed	1	116.60	328	0.813	1	
IQ3_S	5120	17408	22	0	16	stock_mmvq	0	1767.68	22	0.054	1	
IQ3_S	5120	17408	22	0	16	stock_dq	0	1040.51	37	0.091	1	
IQ3_S	5120	17408	22	0	16	lcpp_mmq	0	230.93	166	0.411	1	
IQ3_S	5120	17408	22	0	16	iq3_vec_mma_packed	0	115.35	332	0.822	1	
IQ3_S	5120	17408	22	0	16	iq3_tiled_packed	1	120.88	317	0.785	1	
IQ3_S	5120	17408	22	0	24	stock_dq	0	1012.53	38	0.094	1	
IQ3_S	5120	17408	22	0	24	lcpp_mmq	0	235.98	162	0.402	1	
IQ3_S	5120	17408	22	0	24	iq3_vec_mma_packed	0	192.00	199	0.494	1	
IQ3_S	5120	17408	22	0	24	iq3_tiled_packed	1	130.74	293	0.725	1	
IQ3_S	5120	17408	22	0	32	stock_dq	0	1018.93	38	0.093	1	
IQ3_S	5120	17408	22	0	32	lcpp_mmq	0	276.04	139	0.344	1	
IQ3_S	5120	17408	22	0	32	iq3_vec_mma_packed	0	215.40	178	0.440	1	
IQ3_S	5120	17408	22	0	32	iq3_tiled_packed	1	138.73	276	0.684	1	
IQ3_S	5120	17408	22	0	48	stock_dq	0	1026.53	37	0.092	1	
IQ3_S	5120	17408	22	0	48	lcpp_mmq	0	270.92	141	0.350	1	
IQ3_S	5120	17408	22	0	48	iq3_tiled_packed	1	163.84	234	0.579	1	
IQ3_S	5120	17408	22	0	64	stock_dq	0	1293.56	30	0.073	1	
IQ3_S	5120	17408	22	0	64	lcpp_mmq	0	297.37	129	0.319	1	
IQ3_S	5120	17408	22	0	64	iq3_tiled_packed	1	200.81	191	0.472	1	
IQ3_S	5120	17408	22	0	128	stock_dq	0	1368.65	28	0.069	1	
IQ3_S	5120	17408	22	0	128	lcpp_mmq	0	416.23	92	0.228	1	
IQ3_S	5120	17408	22	0	128	iq3_tiled_packed	1	360.42	106	0.263	1	
IQ3_S	6144	5120	18	0	1	stock_mmvq	0	43.44	311	0.771	1	
IQ3_S	6144	5120	18	0	1	lcpp_mmvq	0	43.06	314	0.777	1	
IQ3_S	6144	5120	18	0	1	lcpp_mmq	0	76.70	176	0.436	1	
IQ3_S	6144	5120	18	0	1	iq3_vec	0	45.95	294	0.728	1	
IQ3_S	6144	5120	18	0	1	iq3_vec_mma	0	44.95	301	0.745	1	
IQ3_S	6144	5120	18	0	1	iq3_vec_mma_packed	1	40.68	332	0.823	1	
IQ3_S	6144	5120	18	0	1	iq3_tiled_packed	0	46.46	291	0.720	1	
IQ3_S	6144	5120	18	0	2	stock_mmvq	0	78.92	171	0.424	1	
IQ3_S	6144	5120	18	0	2	lcpp_mmvq	0	47.05	287	0.711	1	
IQ3_S	6144	5120	18	0	2	lcpp_mmq	0	77.36	175	0.433	1	
IQ3_S	6144	5120	18	0	2	iq3_vec	0	47.31	286	0.708	1	
IQ3_S	6144	5120	18	0	2	iq3_vec_mma	0	45.62	296	0.734	1	
IQ3_S	6144	5120	18	0	2	iq3_vec_mma_packed	1	40.96	330	0.817	1	
IQ3_S	6144	5120	18	0	2	iq3_tiled_packed	0	47.16	287	0.710	1	
IQ3_S	6144	5120	18	0	4	stock_mmvq	0	151.91	89	0.220	1	
IQ3_S	6144	5120	18	0	4	lcpp_mmvq	0	59.80	226	0.560	1	
IQ3_S	6144	5120	18	0	4	lcpp_mmq	0	77.93	173	0.430	1	
IQ3_S	6144	5120	18	0	4	iq3_vec	0	47.67	284	0.702	1	
IQ3_S	6144	5120	18	0	4	iq3_vec_mma	0	46.44	291	0.721	1	
IQ3_S	6144	5120	18	0	4	iq3_vec_mma_packed	1	41.40	327	0.809	1	
IQ3_S	6144	5120	18	0	4	iq3_tiled_packed	0	48.23	280	0.694	1	
IQ3_S	6144	5120	18	0	6	stock_mmvq	0	225.13	60	0.149	1	
IQ3_S	6144	5120	18	0	6	lcpp_mmvq	0	76.60	176	0.437	1	
IQ3_S	6144	5120	18	0	6	lcpp_mmq	0	79.46	170	0.421	1	
IQ3_S	6144	5120	18	0	6	iq3_vec	0	53.22	254	0.629	1	
IQ3_S	6144	5120	18	0	6	iq3_vec_mma	0	47.23	286	0.709	1	
IQ3_S	6144	5120	18	0	6	iq3_vec_mma_packed	1	41.86	323	0.800	1	
IQ3_S	6144	5120	18	0	6	iq3_tiled_packed	0	49.43	273	0.677	1	
IQ3_S	6144	5120	18	0	8	stock_mmvq	0	304.49	44	0.110	1	
IQ3_S	6144	5120	18	0	8	lcpp_mmvq	0	91.21	148	0.367	1	
IQ3_S	6144	5120	18	0	8	lcpp_mmq	0	78.39	172	0.427	1	
IQ3_S	6144	5120	18	0	8	iq3_vec	0	59.03	229	0.567	1	
IQ3_S	6144	5120	18	0	8	iq3_vec_mma	0	49.54	273	0.676	1	
IQ3_S	6144	5120	18	0	8	iq3_vec_mma_packed	1	42.93	315	0.780	1	
IQ3_S	6144	5120	18	0	8	iq3_tiled_packed	0	50.82	266	0.659	1	
IQ3_S	6144	5120	18	0	12	stock_mmvq	0	444.84	30	0.075	1	
IQ3_S	6144	5120	18	0	12	lcpp_mmq	0	87.68	154	0.382	1	
IQ3_S	6144	5120	18	0	12	iq3_vec_mma_packed	0	46.11	293	0.726	1	
IQ3_S	6144	5120	18	0	12	iq3_tiled_packed	1	53.12	254	0.630	1	
IQ3_S	6144	5120	18	0	16	stock_mmvq	0	602.30	22	0.056	1	
IQ3_S	6144	5120	18	0	16	stock_dq	0	393.45	34	0.085	1	
IQ3_S	6144	5120	18	0	16	lcpp_mmq	0	84.33	160	0.397	1	
IQ3_S	6144	5120	18	0	16	iq3_vec_mma_packed	0	48.33	280	0.693	1	
IQ3_S	6144	5120	18	0	16	iq3_tiled_packed	1	55.19	245	0.606	1	
IQ3_S	6144	5120	18	0	24	stock_dq	0	379.14	36	0.088	1	
IQ3_S	6144	5120	18	0	24	lcpp_mmq	0	89.55	151	0.374	1	
IQ3_S	6144	5120	18	0	24	iq3_vec_mma_packed	0	82.48	164	0.406	1	
IQ3_S	6144	5120	18	0	24	iq3_tiled_packed	1	64.90	208	0.516	1	
IQ3_S	6144	5120	18	0	32	stock_dq	0	444.11	30	0.075	1	
IQ3_S	6144	5120	18	0	32	lcpp_mmq	0	98.64	137	0.339	1	
IQ3_S	6144	5120	18	0	32	iq3_vec_mma_packed	0	90.78	149	0.369	1	
IQ3_S	6144	5120	18	0	32	iq3_tiled_packed	1	69.79	194	0.480	1	
IQ3_S	6144	5120	18	0	48	stock_dq	0	410.29	33	0.082	1	
IQ3_S	6144	5120	18	0	48	lcpp_mmq	0	102.91	131	0.325	1	
IQ3_S	6144	5120	18	0	48	iq3_tiled_packed	1	85.84	157	0.390	1	
IQ3_S	6144	5120	18	0	64	stock_dq	0	412.90	33	0.081	1	
IQ3_S	6144	5120	18	0	64	lcpp_mmq	0	114.20	118	0.293	1	
IQ3_S	6144	5120	18	0	64	iq3_tiled_packed	1	115.61	117	0.290	1	
IQ3_S	6144	5120	18	0	128	stock_dq	0	457.80	30	0.073	1	
IQ3_S	6144	5120	18	0	128	lcpp_mmq	0	174.00	78	0.192	1	
IQ3_S	6144	5120	18	0	128	iq3_tiled_packed	1	166.76	81	0.201	1	
IQ3_S	10240	5120	22	0	1	stock_mmvq	0	66.46	339	0.839	1	
IQ3_S	10240	5120	22	0	1	lcpp_mmvq	0	66.10	341	0.844	1	
IQ3_S	10240	5120	22	0	1	lcpp_mmq	0	123.26	183	0.453	1	
IQ3_S	10240	5120	22	0	1	iq3_vec	0	61.06	369	0.914	1	
IQ3_S	10240	5120	22	0	1	iq3_vec_mma	0	67.61	333	0.825	1	
IQ3_S	10240	5120	22	0	1	iq3_vec_mma_packed	1	60.83	370	0.917	1	
IQ3_S	10240	5120	22	0	1	iq3_tiled_packed	0	61.62	366	0.905	1	
IQ3_S	10240	5120	22	0	2	stock_mmvq	0	127.49	177	0.438	1	
IQ3_S	10240	5120	22	0	2	lcpp_mmvq	0	74.96	301	0.744	1	
IQ3_S	10240	5120	22	0	2	lcpp_mmq	0	124.16	181	0.449	1	
IQ3_S	10240	5120	22	0	2	iq3_vec	0	68.51	329	0.814	1	
IQ3_S	10240	5120	22	0	2	iq3_vec_mma	0	68.20	330	0.818	1	
IQ3_S	10240	5120	22	0	2	iq3_vec_mma_packed	1	61.06	369	0.914	1	
IQ3_S	10240	5120	22	0	2	iq3_tiled_packed	0	61.67	365	0.905	1	
IQ3_S	10240	5120	22	0	4	stock_mmvq	0	248.71	91	0.224	1	
IQ3_S	10240	5120	22	0	4	lcpp_mmvq	0	95.74	235	0.583	1	
IQ3_S	10240	5120	22	0	4	lcpp_mmq	0	124.31	181	0.449	1	
IQ3_S	10240	5120	22	0	4	iq3_vec	0	73.68	306	0.757	1	
IQ3_S	10240	5120	22	0	4	iq3_vec_mma	0	71.45	315	0.781	1	
IQ3_S	10240	5120	22	0	4	iq3_vec_mma_packed	1	61.90	364	0.901	1	
IQ3_S	10240	5120	22	0	4	iq3_tiled_packed	0	61.85	364	0.902	1	
IQ3_S	10240	5120	22	0	6	stock_mmvq	0	372.86	60	0.150	1	
IQ3_S	10240	5120	22	0	6	lcpp_mmvq	0	118.14	191	0.472	1	
IQ3_S	10240	5120	22	0	6	lcpp_mmq	0	123.75	182	0.451	1	
IQ3_S	10240	5120	22	0	6	iq3_vec	0	84.94	265	0.657	1	
IQ3_S	10240	5120	22	0	6	iq3_vec_mma	0	73.60	306	0.758	1	
IQ3_S	10240	5120	22	0	6	iq3_vec_mma_packed	1	62.59	360	0.891	1	
IQ3_S	10240	5120	22	0	6	iq3_tiled_packed	0	62.05	363	0.899	1	
IQ3_S	10240	5120	22	0	8	stock_mmvq	0	491.85	46	0.113	1	
IQ3_S	10240	5120	22	0	8	lcpp_mmvq	0	144.20	156	0.387	1	
IQ3_S	10240	5120	22	0	8	lcpp_mmq	0	124.77	181	0.447	1	
IQ3_S	10240	5120	22	0	8	iq3_vec	0	86.04	262	0.648	1	
IQ3_S	10240	5120	22	0	8	iq3_vec_mma	0	75.57	298	0.738	1	
IQ3_S	10240	5120	22	0	8	iq3_vec_mma_packed	1	67.10	336	0.831	1	
IQ3_S	10240	5120	22	0	8	iq3_tiled_packed	0	62.52	360	0.892	1	
IQ3_S	10240	5120	22	0	12	stock_mmvq	0	756.46	30	0.074	1	
IQ3_S	10240	5120	22	0	12	lcpp_mmq	0	133.79	168	0.417	1	
IQ3_S	10240	5120	22	0	12	iq3_vec_mma_packed	0	67.79	332	0.823	1	
IQ3_S	10240	5120	22	0	12	iq3_tiled_packed	1	63.10	357	0.884	1	
IQ3_S	10240	5120	22	0	16	stock_mmvq	0	1058.66	21	0.053	1	
IQ3_S	10240	5120	22	0	16	stock_dq	0	611.81	37	0.091	1	
IQ3_S	10240	5120	22	0	16	lcpp_mmq	0	130.51	173	0.427	1	
IQ3_S	10240	5120	22	0	16	iq3_vec_mma_packed	0	71.18	316	0.784	1	
IQ3_S	10240	5120	22	0	16	iq3_tiled_packed	1	63.82	353	0.874	1	
IQ3_S	10240	5120	22	0	24	stock_dq	0	604.80	37	0.092	1	
IQ3_S	10240	5120	22	0	24	lcpp_mmq	0	138.68	162	0.402	1	
IQ3_S	10240	5120	22	0	24	iq3_vec_mma_packed	0	123.39	183	0.452	1	
IQ3_S	10240	5120	22	0	24	iq3_tiled_packed	1	69.22	325	0.806	1	
IQ3_S	10240	5120	22	0	32	stock_dq	0	666.37	34	0.084	1	
IQ3_S	10240	5120	22	0	32	lcpp_mmq	0	156.65	144	0.356	1	
IQ3_S	10240	5120	22	0	32	iq3_vec_mma_packed	0	139.34	162	0.400	1	
IQ3_S	10240	5120	22	0	32	iq3_tiled_packed	1	73.42	307	0.760	1	
IQ3_S	10240	5120	22	0	48	stock_dq	0	693.48	32	0.080	1	
IQ3_S	10240	5120	22	0	48	lcpp_mmq	0	161.69	139	0.345	1	
IQ3_S	10240	5120	22	0	48	iq3_tiled_packed	1	87.32	258	0.639	1	
IQ3_S	10240	5120	22	0	64	stock_dq	0	702.57	32	0.079	1	
IQ3_S	10240	5120	22	0	64	lcpp_mmq	0	176.97	127	0.315	1	
IQ3_S	10240	5120	22	0	64	iq3_tiled_packed	1	101.66	222	0.549	1	
IQ3_S	10240	5120	22	0	128	stock_dq	0	707.79	32	0.079	1	
IQ3_S	10240	5120	22	0	128	lcpp_mmq	0	268.37	84	0.208	1	
IQ3_S	10240	5120	22	0	128	iq3_tiled_packed	1	195.30	115	0.286	1	
IQ3_S	12288	5120	3	0	1	stock_mmvq	0	78.49	344	0.853	1	
IQ3_S	12288	5120	3	0	1	lcpp_mmvq	0	78.74	343	0.850	1	
IQ3_S	12288	5120	3	0	1	lcpp_mmq	0	144.26	187	0.464	1	
IQ3_S	12288	5120	3	0	1	iq3_vec	0	78.36	345	0.854	1	
IQ3_S	12288	5120	3	0	1	iq3_vec_mma	0	78.08	346	0.857	1	
IQ3_S	12288	5120	3	0	1	iq3_vec_mma_packed	1	71.76	377	0.933	1	
IQ3_S	12288	5120	3	0	1	iq3_tiled_packed	0	81.79	331	0.819	1	
IQ3_S	12288	5120	3	0	2	stock_mmvq	0	151.30	179	0.443	1	
IQ3_S	12288	5120	3	0	2	lcpp_mmvq	0	89.40	302	0.749	1	
IQ3_S	12288	5120	3	0	2	lcpp_mmq	0	146.05	185	0.458	1	
IQ3_S	12288	5120	3	0	2	iq3_vec	0	81.46	332	0.822	1	
IQ3_S	12288	5120	3	0	2	iq3_vec_mma	0	80.82	334	0.828	1	
IQ3_S	12288	5120	3	0	2	iq3_vec_mma_packed	1	72.52	373	0.923	1	
IQ3_S	12288	5120	3	0	2	iq3_tiled_packed	0	82.92	326	0.807	1	
IQ3_S	12288	5120	3	0	4	stock_mmvq	0	296.98	91	0.225	1	
IQ3_S	12288	5120	3	0	4	lcpp_mmvq	0	114.25	237	0.586	1	
IQ3_S	12288	5120	3	0	4	lcpp_mmq	0	145.69	186	0.460	1	
IQ3_S	12288	5120	3	0	4	iq3_vec	0	87.37	309	0.766	1	
IQ3_S	12288	5120	3	0	4	iq3_vec_mma	0	81.25	333	0.824	1	
IQ3_S	12288	5120	3	0	4	iq3_vec_mma_packed	1	73.29	369	0.913	1	
IQ3_S	12288	5120	3	0	4	iq3_tiled_packed	0	84.81	319	0.789	1	
IQ3_S	12288	5120	3	0	6	stock_mmvq	0	467.64	58	0.143	1	
IQ3_S	12288	5120	3	0	6	lcpp_mmvq	0	142.82	189	0.469	1	
IQ3_S	12288	5120	3	0	6	lcpp_mmq	0	146.84	184	0.456	1	
IQ3_S	12288	5120	3	0	6	iq3_vec	0	103.48	261	0.647	1	
IQ3_S	12288	5120	3	0	6	iq3_vec_mma	0	86.52	312	0.774	1	
IQ3_S	12288	5120	3	0	6	iq3_vec_mma_packed	1	74.34	364	0.901	1	
IQ3_S	12288	5120	3	0	6	iq3_tiled_packed	0	86.50	313	0.774	1	
IQ3_S	12288	5120	3	0	8	stock_mmvq	0	593.64	46	0.113	1	
IQ3_S	12288	5120	3	0	8	lcpp_mmvq	0	165.84	163	0.404	1	
IQ3_S	12288	5120	3	0	8	lcpp_mmq	0	146.33	185	0.458	1	
IQ3_S	12288	5120	3	0	8	iq3_vec	0	103.91	260	0.644	1	
IQ3_S	12288	5120	3	0	8	iq3_vec_mma	0	87.94	307	0.761	1	
IQ3_S	12288	5120	3	0	8	iq3_vec_mma_packed	1	79.49	340	0.842	1	
IQ3_S	12288	5120	3	0	8	iq3_tiled_packed	0	88.35	306	0.758	1	
IQ3_S	12288	5120	3	0	12	stock_mmvq	0	952.27	28	0.070	1	
IQ3_S	12288	5120	3	0	12	lcpp_mmq	0	158.16	171	0.423	1	
IQ3_S	12288	5120	3	0	12	iq3_vec_mma_packed	0	81.51	332	0.821	1	
IQ3_S	12288	5120	3	0	12	iq3_tiled_packed	1	92.67	292	0.722	1	
IQ3_S	12288	5120	3	0	16	stock_mmvq	0	1241.48	22	0.054	1	
IQ3_S	12288	5120	3	0	16	stock_dq	0	755.46	36	0.089	1	
IQ3_S	12288	5120	3	0	16	lcpp_mmq	0	155.57	174	0.430	1	
IQ3_S	12288	5120	3	0	16	iq3_vec_mma_packed	0	86.91	311	0.770	1	
IQ3_S	12288	5120	3	0	16	iq3_tiled_packed	1	95.36	283	0.702	1	
IQ3_S	12288	5120	3	0	24	stock_dq	0	797.98	34	0.084	1	
IQ3_S	12288	5120	3	0	24	lcpp_mmq	0	165.38	163	0.405	1	
IQ3_S	12288	5120	3	0	24	iq3_vec_mma_packed	0	153.24	176	0.437	1	
IQ3_S	12288	5120	3	0	24	iq3_tiled_packed	1	107.49	251	0.623	1	
IQ3_S	12288	5120	3	0	32	stock_dq	0	746.83	36	0.090	1	
IQ3_S	12288	5120	3	0	32	lcpp_mmq	0	185.27	146	0.361	1	
IQ3_S	12288	5120	3	0	32	iq3_vec_mma_packed	0	172.21	157	0.389	1	
IQ3_S	12288	5120	3	0	32	iq3_tiled_packed	1	113.43	238	0.590	1	
IQ3_S	12288	5120	3	0	48	stock_dq	0	907.26	30	0.074	1	
IQ3_S	12288	5120	3	0	48	lcpp_mmq	0	188.49	143	0.355	1	
IQ3_S	12288	5120	3	0	48	iq3_tiled_packed	1	138.42	195	0.484	1	
IQ3_S	12288	5120	3	0	64	stock_dq	0	908.19	30	0.074	1	
IQ3_S	12288	5120	3	0	64	lcpp_mmq	0	207.54	130	0.323	1	
IQ3_S	12288	5120	3	0	64	iq3_tiled_packed	1	166.40	162	0.402	1	
IQ3_S	12288	5120	3	0	128	stock_dq	0	953.70	28	0.070	1	
IQ3_S	12288	5120	3	0	128	lcpp_mmq	0	330.85	82	0.202	1	
IQ3_S	12288	5120	3	0	128	iq3_tiled_packed	1	252.62	107	0.265	1	
IQ3_S	17408	5120	40	0	1	stock_mmvq	0	109.13	351	0.869	1	
IQ3_S	17408	5120	40	0	1	lcpp_mmvq	0	108.08	354	0.878	1	
IQ3_S	17408	5120	40	0	1	lcpp_mmq	0	188.08	204	0.504	1	
IQ3_S	17408	5120	40	0	1	iq3_vec	0	99.28	386	0.955	1	
IQ3_S	17408	5120	40	0	1	iq3_vec_mma	0	112.18	341	0.845	1	
IQ3_S	17408	5120	40	0	1	iq3_vec_mma_packed	1	98.97	387	0.958	1	
IQ3_S	17408	5120	40	0	1	iq3_tiled_packed	0	106.19	361	0.893	1	
IQ3_S	17408	5120	40	0	2	stock_mmvq	0	212.56	180	0.446	1	
IQ3_S	17408	5120	40	0	2	lcpp_mmvq	0	125.18	306	0.758	1	
IQ3_S	17408	5120	40	0	2	lcpp_mmq	0	186.85	205	0.508	1	
IQ3_S	17408	5120	40	0	2	iq3_vec	0	110.13	348	0.861	1	
IQ3_S	17408	5120	40	0	2	iq3_vec_mma	0	112.92	339	0.840	1	
IQ3_S	17408	5120	40	0	2	iq3_vec_mma_packed	1	99.28	386	0.955	1	
IQ3_S	17408	5120	40	0	2	iq3_tiled_packed	0	106.62	359	0.890	1	
IQ3_S	17408	5120	40	0	4	stock_mmvq	0	421.44	91	0.225	1	
IQ3_S	17408	5120	40	0	4	lcpp_mmvq	0	159.67	240	0.594	1	
IQ3_S	17408	5120	40	0	4	lcpp_mmq	0	189.08	203	0.502	1	
IQ3_S	17408	5120	40	0	4	iq3_vec	0	115.20	332	0.823	1	
IQ3_S	17408	5120	40	0	4	iq3_vec_mma	0	119.07	322	0.797	1	
IQ3_S	17408	5120	40	0	4	iq3_vec_mma_packed	1	100.76	380	0.941	1	
IQ3_S	17408	5120	40	0	4	iq3_tiled_packed	0	108.47	353	0.874	1	
IQ3_S	17408	5120	40	0	6	stock_mmvq	0	629.75	61	0.151	1	
IQ3_S	17408	5120	40	0	6	lcpp_mmvq	0	193.87	198	0.489	1	
IQ3_S	17408	5120	40	0	6	lcpp_mmq	0	188.01	204	0.504	1	
IQ3_S	17408	5120	40	0	6	iq3_vec	0	135.79	282	0.698	1	
IQ3_S	17408	5120	40	0	6	iq3_vec_mma	0	124.19	308	0.764	1	
IQ3_S	17408	5120	40	0	6	iq3_vec_mma_packed	1	102.45	374	0.926	1	
IQ3_S	17408	5120	40	0	6	iq3_tiled_packed	0	109.85	349	0.863	1	
IQ3_S	17408	5120	40	0	8	stock_mmvq	0	895.34	43	0.106	1	
IQ3_S	17408	5120	40	0	8	lcpp_mmvq	0	243.89	157	0.389	1	
IQ3_S	17408	5120	40	0	8	lcpp_mmq	0	186.52	205	0.508	1	
IQ3_S	17408	5120	40	0	8	iq3_vec	0	145.82	263	0.650	1	
IQ3_S	17408	5120	40	0	8	iq3_vec_mma	0	132.45	289	0.716	1	
IQ3_S	17408	5120	40	0	8	iq3_vec_mma_packed	1	112.74	340	0.841	1	
IQ3_S	17408	5120	40	0	8	iq3_tiled_packed	0	111.03	345	0.854	1	
IQ3_S	17408	5120	40	0	12	stock_mmvq	0	1319.85	29	0.072	1	
IQ3_S	17408	5120	40	0	12	lcpp_mmq	0	187.55	204	0.506	1	
IQ3_S	17408	5120	40	0	12	iq3_vec_mma_packed	0	114.82	334	0.826	1	
IQ3_S	17408	5120	40	0	12	iq3_tiled_packed	1	114.89	333	0.826	1	
IQ3_S	17408	5120	40	0	16	stock_mmvq	0	1797.48	21	0.053	1	
IQ3_S	17408	5120	40	0	16	stock_dq	0	1013.07	38	0.094	1	
IQ3_S	17408	5120	40	0	16	lcpp_mmq	0	187.75	204	0.505	1	
IQ3_S	17408	5120	40	0	16	iq3_vec_mma_packed	0	123.24	311	0.770	1	
IQ3_S	17408	5120	40	0	16	iq3_tiled_packed	1	116.68	328	0.813	1	
IQ3_S	17408	5120	40	0	24	stock_dq	0	1008.90	38	0.094	1	
IQ3_S	17408	5120	40	0	24	lcpp_mmq	0	202.65	189	0.468	1	
IQ3_S	17408	5120	40	0	24	iq3_vec_mma_packed	0	214.02	179	0.443	1	
IQ3_S	17408	5120	40	0	24	iq3_tiled_packed	1	128.15	299	0.740	1	
IQ3_S	17408	5120	40	0	32	stock_dq	0	1060.93	36	0.089	1	
IQ3_S	17408	5120	40	0	32	lcpp_mmq	0	223.51	171	0.424	1	
IQ3_S	17408	5120	40	0	32	iq3_vec_mma_packed	0	237.93	161	0.399	1	
IQ3_S	17408	5120	40	0	32	iq3_tiled_packed	1	134.35	285	0.706	1	
IQ3_S	17408	5120	40	0	48	stock_dq	0	1057.79	36	0.090	1	
IQ3_S	17408	5120	40	0	48	lcpp_mmq	0	259.74	147	0.365	1	
IQ3_S	17408	5120	40	0	48	iq3_tiled_packed	1	162.51	236	0.584	1	
IQ3_S	17408	5120	40	0	64	stock_dq	0	1056.72	36	0.090	1	
IQ3_S	17408	5120	40	0	64	lcpp_mmq	0	275.76	139	0.344	1	
IQ3_S	17408	5120	40	0	64	iq3_tiled_packed	1	206.08	186	0.460	1	
IQ3_S	17408	5120	40	0	128	stock_dq	0	1127.04	34	0.084	1	
IQ3_S	17408	5120	40	0	128	lcpp_mmq	0	413.21	93	0.230	1	
IQ3_S	17408	5120	40	0	128	iq3_tiled_packed	1	295.14	130	0.321	1	
IQ3_XXS	1024	5120	2	0	1	stock_mmvq	0	11.42	176	0.435	1	
IQ3_XXS	1024	5120	2	0	1	lcpp_mmvq	0	10.27	196	0.484	1	
IQ3_XXS	1024	5120	2	0	1	lcpp_mmq	0	18.12	111	0.274	1	
IQ3_XXS	1024	5120	2	0	1	iq3_vec	0	13.70	147	0.363	1	
IQ3_XXS	1024	5120	2	0	1	iq3_vec_mma	0	13.41	150	0.371	1	
IQ3_XXS	1024	5120	2	0	1	iq3_vec_mma_packed	1	11.21	179	0.443	1	
IQ3_XXS	1024	5120	2	0	1	iq3_tiled_packed	0	16.77	120	0.296	1	
IQ3_XXS	1024	5120	2	0	2	stock_mmvq	0	15.97	126	0.311	1	
IQ3_XXS	1024	5120	2	0	2	lcpp_mmvq	0	11.08	181	0.448	1	
IQ3_XXS	1024	5120	2	0	2	lcpp_mmq	0	17.89	112	0.278	1	
IQ3_XXS	1024	5120	2	0	2	iq3_vec	0	14.16	142	0.351	1	
IQ3_XXS	1024	5120	2	0	2	iq3_vec_mma	0	13.44	149	0.370	1	
IQ3_XXS	1024	5120	2	0	2	iq3_vec_mma_packed	1	11.16	180	0.445	1	
IQ3_XXS	1024	5120	2	0	2	iq3_tiled_packed	0	17.33	116	0.287	1	
IQ3_XXS	1024	5120	2	0	4	stock_mmvq	0	27.42	73	0.181	1	
IQ3_XXS	1024	5120	2	0	4	lcpp_mmvq	0	12.93	155	0.384	1	
IQ3_XXS	1024	5120	2	0	4	lcpp_mmq	0	17.92	112	0.277	1	
IQ3_XXS	1024	5120	2	0	4	iq3_vec	0	16.69	120	0.298	1	
IQ3_XXS	1024	5120	2	0	4	iq3_vec_mma	0	13.70	147	0.363	1	
IQ3_XXS	1024	5120	2	0	4	iq3_vec_mma_packed	1	11.32	177	0.439	1	
IQ3_XXS	1024	5120	2	0	4	iq3_tiled_packed	0	18.66	108	0.266	1	
IQ3_XXS	1024	5120	2	0	6	stock_mmvq	0	38.81	52	0.128	1	
IQ3_XXS	1024	5120	2	0	6	lcpp_mmvq	0	15.49	130	0.321	1	
IQ3_XXS	1024	5120	2	0	6	lcpp_mmq	0	18.05	111	0.275	1	
IQ3_XXS	1024	5120	2	0	6	iq3_vec	0	21.07	95	0.236	1	
IQ3_XXS	1024	5120	2	0	6	iq3_vec_mma	0	14.11	142	0.352	1	
IQ3_XXS	1024	5120	2	0	6	iq3_vec_mma_packed	1	11.62	173	0.428	1	
IQ3_XXS	1024	5120	2	0	6	iq3_tiled_packed	0	19.97	101	0.249	1	
IQ3_XXS	1024	5120	2	0	8	stock_mmvq	0	50.18	40	0.099	1	
IQ3_XXS	1024	5120	2	0	8	lcpp_mmvq	0	17.77	113	0.280	1	
IQ3_XXS	1024	5120	2	0	8	lcpp_mmq	0	18.02	111	0.276	1	
IQ3_XXS	1024	5120	2	0	8	iq3_vec	0	18.66	108	0.266	1	
IQ3_XXS	1024	5120	2	0	8	iq3_vec_mma	0	14.46	139	0.344	1	
IQ3_XXS	1024	5120	2	0	8	iq3_vec_mma_packed	1	11.96	168	0.416	1	
IQ3_XXS	1024	5120	2	0	8	iq3_tiled_packed	0	21.15	95	0.235	1	
IQ3_XXS	1024	5120	2	0	12	stock_mmvq	0	73.04	27	0.068	1	
IQ3_XXS	1024	5120	2	0	12	lcpp_mmq	0	20.40	98	0.244	1	
IQ3_XXS	1024	5120	2	0	12	iq3_vec_mma_packed	0	15.49	130	0.321	1	
IQ3_XXS	1024	5120	2	0	12	iq3_tiled_packed	1	23.76	84	0.209	1	
IQ3_XXS	1024	5120	2	0	16	stock_mmvq	0	95.95	21	0.052	1	
IQ3_XXS	1024	5120	2	0	16	stock_dq	0	67.10	30	0.074	1	
IQ3_XXS	1024	5120	2	0	16	lcpp_mmq	0	20.63	97	0.241	1	
IQ3_XXS	1024	5120	2	0	16	iq3_vec_mma_packed	0	16.49	122	0.301	1	
IQ3_XXS	1024	5120	2	0	16	iq3_tiled_packed	1	26.19	77	0.190	1	
IQ3_XXS	1024	5120	2	0	24	stock_dq	0	69.61	29	0.071	1	
IQ3_XXS	1024	5120	2	0	24	lcpp_mmq	0	21.76	92	0.228	1	
IQ3_XXS	1024	5120	2	0	24	iq3_vec_mma_packed	0	24.17	83	0.206	1	
IQ3_XXS	1024	5120	2	0	24	iq3_tiled_packed	1	28.54	70	0.174	1	
IQ3_XXS	1024	5120	2	0	32	stock_dq	0	70.14	29	0.071	1	
IQ3_XXS	1024	5120	2	0	32	lcpp_mmq	0	23.55	85	0.211	1	
IQ3_XXS	1024	5120	2	0	32	iq3_vec_mma_packed	0	26.34	76	0.189	1	
IQ3_XXS	1024	5120	2	0	32	iq3_tiled_packed	1	28.70	70	0.173	1	
IQ3_XXS	1024	5120	2	0	48	stock_dq	0	68.63	29	0.072	1	
IQ3_XXS	1024	5120	2	0	48	lcpp_mmq	0	26.42	76	0.188	1	
IQ3_XXS	1024	5120	2	0	48	iq3_tiled_packed	1	29.24	69	0.170	1	
IQ3_XXS	1024	5120	2	0	64	stock_dq	0	69.15	29	0.072	1	
IQ3_XXS	1024	5120	2	0	64	lcpp_mmq	0	31.74	63	0.157	1	
IQ3_XXS	1024	5120	2	0	64	iq3_tiled_packed	1	32.64	61	0.152	1	
IQ3_XXS	1024	5120	2	0	128	stock_dq	0	81.82	25	0.061	1	
IQ3_XXS	1024	5120	2	0	128	lcpp_mmq	0	57.04	35	0.087	1	
IQ3_XXS	1024	5120	2	0	128	iq3_tiled_packed	1	53.17	38	0.093	1	
IQ3_XXS	5120	6144	5	0	1	stock_mmvq	0	41.16	293	0.724	1	
IQ3_XXS	5120	6144	5	0	1	lcpp_mmvq	0	36.94	326	0.807	1	
IQ3_XXS	5120	6144	5	0	1	lcpp_mmq	0	64.82	186	0.460	1	
IQ3_XXS	5120	6144	5	0	1	iq3_vec	0	34.64	348	0.861	1	
IQ3_XXS	5120	6144	5	0	1	iq3_vec_mma	0	40.83	295	0.730	1	
IQ3_XXS	5120	6144	5	0	1	iq3_vec_mma_packed	1	35.92	335	0.830	1	
IQ3_XXS	5120	6144	5	0	1	iq3_tiled_packed	0	43.60	276	0.684	1	
IQ3_XXS	5120	6144	5	0	2	stock_mmvq	0	76.47	157	0.390	1	
IQ3_XXS	5120	6144	5	0	2	lcpp_mmvq	0	39.81	303	0.749	1	
IQ3_XXS	5120	6144	5	0	2	lcpp_mmq	0	66.20	182	0.450	1	
IQ3_XXS	5120	6144	5	0	2	iq3_vec	0	38.89	310	0.767	1	
IQ3_XXS	5120	6144	5	0	2	iq3_vec_mma	0	41.55	290	0.718	1	
IQ3_XXS	5120	6144	5	0	2	iq3_vec_mma_packed	1	36.17	333	0.824	1	
IQ3_XXS	5120	6144	5	0	2	iq3_tiled_packed	0	44.13	273	0.676	1	
IQ3_XXS	5120	6144	5	0	4	stock_mmvq	0	147.23	82	0.203	1	
IQ3_XXS	5120	6144	5	0	4	lcpp_mmvq	0	55.75	216	0.535	1	
IQ3_XXS	5120	6144	5	0	4	lcpp_mmq	0	67.25	179	0.443	1	
IQ3_XXS	5120	6144	5	0	4	iq3_vec	0	51.35	234	0.581	1	
IQ3_XXS	5120	6144	5	0	4	iq3_vec_mma	0	42.09	286	0.709	1	
IQ3_XXS	5120	6144	5	0	4	iq3_vec_mma_packed	1	36.53	330	0.816	1	
IQ3_XXS	5120	6144	5	0	4	iq3_tiled_packed	0	45.31	266	0.658	1	
IQ3_XXS	5120	6144	5	0	6	stock_mmvq	0	218.29	55	0.137	1	
IQ3_XXS	5120	6144	5	0	6	lcpp_mmvq	0	62.36	193	0.478	1	
IQ3_XXS	5120	6144	5	0	6	lcpp_mmq	0	65.87	183	0.453	1	
IQ3_XXS	5120	6144	5	0	6	iq3_vec	0	57.88	208	0.515	1	
IQ3_XXS	5120	6144	5	0	6	iq3_vec_mma	0	43.29	278	0.689	1	
IQ3_XXS	5120	6144	5	0	6	iq3_vec_mma_packed	1	36.99	326	0.806	1	
IQ3_XXS	5120	6144	5	0	6	iq3_tiled_packed	0	46.67	258	0.639	1	
IQ3_XXS	5120	6144	5	0	8	stock_mmvq	0	290.10	42	0.103	1	
IQ3_XXS	5120	6144	5	0	8	lcpp_mmvq	0	74.93	161	0.398	1	
IQ3_XXS	5120	6144	5	0	8	lcpp_mmq	0	68.15	177	0.438	1	
IQ3_XXS	5120	6144	5	0	8	iq3_vec	0	55.27	218	0.540	1	
IQ3_XXS	5120	6144	5	0	8	iq3_vec_mma	0	46.05	261	0.648	1	
IQ3_XXS	5120	6144	5	0	8	iq3_vec_mma_packed	1	38.58	312	0.773	1	
IQ3_XXS	5120	6144	5	0	8	iq3_tiled_packed	0	48.13	250	0.620	1	
IQ3_XXS	5120	6144	5	0	12	stock_mmvq	0	430.96	28	0.069	1	
IQ3_XXS	5120	6144	5	0	12	lcpp_mmq	0	78.08	154	0.382	1	
IQ3_XXS	5120	6144	5	0	12	iq3_vec_mma_packed	0	45.08	267	0.662	1	
IQ3_XXS	5120	6144	5	0	12	iq3_tiled_packed	1	50.33	239	0.593	1	
IQ3_XXS	5120	6144	5	0	16	stock_mmvq	0	609.48	20	0.049	1	
IQ3_XXS	5120	6144	5	0	16	stock_dq	0	363.42	33	0.082	1	
IQ3_XXS	5120	6144	5	0	16	lcpp_mmq	0	78.39	154	0.380	1	
IQ3_XXS	5120	6144	5	0	16	iq3_vec_mma_packed	0	47.56	253	0.627	1	
IQ3_XXS	5120	6144	5	0	16	iq3_tiled_packed	1	52.61	229	0.567	1	
IQ3_XXS	5120	6144	5	0	24	stock_dq	0	362.11	33	0.082	1	
IQ3_XXS	5120	6144	5	0	24	lcpp_mmq	0	81.31	148	0.367	1	
IQ3_XXS	5120	6144	5	0	24	iq3_vec_mma_packed	0	78.69	153	0.379	1	
IQ3_XXS	5120	6144	5	0	24	iq3_tiled_packed	1	61.36	196	0.486	1	
IQ3_XXS	5120	6144	5	0	32	stock_dq	0	361.83	33	0.082	1	
IQ3_XXS	5120	6144	5	0	32	lcpp_mmq	0	89.83	134	0.332	1	
IQ3_XXS	5120	6144	5	0	32	iq3_vec_mma_packed	0	85.53	141	0.349	1	
IQ3_XXS	5120	6144	5	0	32	iq3_tiled_packed	1	63.64	189	0.469	1	
IQ3_XXS	5120	6144	5	0	48	stock_dq	0	362.32	33	0.082	1	
IQ3_XXS	5120	6144	5	0	48	lcpp_mmq	0	96.41	125	0.309	1	
IQ3_XXS	5120	6144	5	0	48	iq3_tiled_packed	1	87.14	138	0.342	1	
IQ3_XXS	5120	6144	5	0	64	stock_dq	0	465.33	26	0.064	1	
IQ3_XXS	5120	6144	5	0	64	lcpp_mmq	0	108.93	111	0.274	1	
IQ3_XXS	5120	6144	5	0	64	iq3_tiled_packed	1	76.88	157	0.388	1	
IQ3_XXS	5120	6144	5	0	128	stock_dq	0	419.51	29	0.071	1	
IQ3_XXS	5120	6144	5	0	128	lcpp_mmq	0	170.16	71	0.175	1	
IQ3_XXS	5120	6144	5	0	128	iq3_tiled_packed	1	125.64	96	0.237	1	
IQ3_XXS	5120	17408	7	0	1	stock_mmvq	0	106.37	321	0.794	1	
IQ3_XXS	5120	17408	7	0	1	lcpp_mmvq	0	89.16	383	0.948	1	
IQ3_XXS	5120	17408	7	0	1	lcpp_mmq	0	177.97	192	0.475	1	
IQ3_XXS	5120	17408	7	0	1	iq3_vec	0	89.63	381	0.943	1	
IQ3_XXS	5120	17408	7	0	1	iq3_vec_mma	0	100.38	340	0.842	1	
IQ3_XXS	5120	17408	7	0	1	iq3_vec_mma_packed	1	88.93	384	0.950	1	
IQ3_XXS	5120	17408	7	0	1	iq3_tiled_packed	0	97.38	350	0.868	1	
IQ3_XXS	5120	17408	7	0	2	stock_mmvq	0	207.13	165	0.408	1	
IQ3_XXS	5120	17408	7	0	2	lcpp_mmvq	0	94.62	361	0.893	1	
IQ3_XXS	5120	17408	7	0	2	lcpp_mmq	0	183.50	186	0.460	1	
IQ3_XXS	5120	17408	7	0	2	iq3_vec	0	103.60	329	0.816	1	
IQ3_XXS	5120	17408	7	0	2	iq3_vec_mma	0	102.96	331	0.821	1	
IQ3_XXS	5120	17408	7	0	2	iq3_vec_mma_packed	1	89.52	381	0.944	1	
IQ3_XXS	5120	17408	7	0	2	iq3_tiled_packed	0	98.43	347	0.858	1	
IQ3_XXS	5120	17408	7	0	4	stock_mmvq	0	401.74	85	0.210	1	
IQ3_XXS	5120	17408	7	0	4	lcpp_mmvq	0	129.08	264	0.655	1	
IQ3_XXS	5120	17408	7	0	4	lcpp_mmq	0	179.74	190	0.470	1	
IQ3_XXS	5120	17408	7	0	4	iq3_vec	0	138.47	246	0.610	1	
IQ3_XXS	5120	17408	7	0	4	iq3_vec_mma	0	104.14	328	0.811	1	
IQ3_XXS	5120	17408	7	0	4	iq3_vec_mma_packed	1	90.80	376	0.931	1	
IQ3_XXS	5120	17408	7	0	4	iq3_tiled_packed	0	99.97	341	0.845	1	
IQ3_XXS	5120	17408	7	0	6	stock_mmvq	0	611.71	56	0.138	1	
IQ3_XXS	5120	17408	7	0	6	lcpp_mmvq	0	165.12	207	0.512	1	
IQ3_XXS	5120	17408	7	0	6	lcpp_mmq	0	187.24	182	0.451	1	
IQ3_XXS	5120	17408	7	0	6	iq3_vec	0	157.93	216	0.535	1	
IQ3_XXS	5120	17408	7	0	6	iq3_vec_mma	0	110.88	308	0.762	1	
IQ3_XXS	5120	17408	7	0	6	iq3_vec_mma_packed	1	93.24	366	0.906	1	
IQ3_XXS	5120	17408	7	0	6	iq3_tiled_packed	0	101.30	337	0.834	1	
IQ3_XXS	5120	17408	7	0	8	stock_mmvq	0	846.41	40	0.100	1	
IQ3_XXS	5120	17408	7	0	8	lcpp_mmvq	0	200.21	170	0.422	1	
IQ3_XXS	5120	17408	7	0	8	lcpp_mmq	0	186.70	183	0.453	1	
IQ3_XXS	5120	17408	7	0	8	iq3_vec	0	138.91	246	0.608	1	
IQ3_XXS	5120	17408	7	0	8	iq3_vec_mma	0	121.01	282	0.698	1	
IQ3_XXS	5120	17408	7	0	8	iq3_vec_mma_packed	1	97.95	348	0.863	1	
IQ3_XXS	5120	17408	7	0	8	iq3_tiled_packed	0	103.01	331	0.820	1	
IQ3_XXS	5120	17408	7	0	12	stock_mmvq	0	1267.46	27	0.067	1	
IQ3_XXS	5120	17408	7	0	12	lcpp_mmq	0	219.26	156	0.385	1	
IQ3_XXS	5120	17408	7	0	12	iq3_vec_mma_packed	0	111.08	307	0.761	1	
IQ3_XXS	5120	17408	7	0	12	iq3_tiled_packed	1	106.57	320	0.793	1	
IQ3_XXS	5120	17408	7	0	16	stock_mmvq	0	1708.29	20	0.049	1	
IQ3_XXS	5120	17408	7	0	16	stock_dq	0	1028.48	33	0.082	1	
IQ3_XXS	5120	17408	7	0	16	lcpp_mmq	0	218.91	156	0.386	1	
IQ3_XXS	5120	17408	7	0	16	iq3_vec_mma_packed	0	116.48	293	0.725	1	
IQ3_XXS	5120	17408	7	0	16	iq3_tiled_packed	1	110.46	309	0.765	1	
IQ3_XXS	5120	17408	7	0	24	stock_dq	0	1002.47	34	0.084	1	
IQ3_XXS	5120	17408	7	0	24	lcpp_mmq	0	221.24	154	0.382	1	
IQ3_XXS	5120	17408	7	0	24	iq3_vec_mma_packed	0	200.37	170	0.422	1	
IQ3_XXS	5120	17408	7	0	24	iq3_tiled_packed	1	124.93	273	0.676	1	
IQ3_XXS	5120	17408	7	0	32	stock_dq	0	1025.13	33	0.082	1	
IQ3_XXS	5120	17408	7	0	32	lcpp_mmq	0	249.06	137	0.339	1	
IQ3_XXS	5120	17408	7	0	32	iq3_vec_mma_packed	0	222.13	154	0.380	1	
IQ3_XXS	5120	17408	7	0	32	iq3_tiled_packed	1	132.48	258	0.638	1	
IQ3_XXS	5120	17408	7	0	48	stock_dq	0	1025.46	33	0.082	1	
IQ3_XXS	5120	17408	7	0	48	lcpp_mmq	0	245.96	139	0.344	1	
IQ3_XXS	5120	17408	7	0	48	iq3_tiled_packed	1	159.87	213	0.529	1	
IQ3_XXS	5120	17408	7	0	64	stock_dq	0	1286.78	27	0.066	1	
IQ3_XXS	5120	17408	7	0	64	lcpp_mmq	0	278.03	123	0.304	1	
IQ3_XXS	5120	17408	7	0	64	iq3_tiled_packed	1	206.16	166	0.410	1	
IQ3_XXS	5120	17408	7	0	128	stock_dq	0	1363.97	25	0.062	1	
IQ3_XXS	5120	17408	7	0	128	lcpp_mmq	0	411.74	83	0.205	1	
IQ3_XXS	5120	17408	7	0	128	iq3_tiled_packed	1	365.77	93	0.231	1	
IQ3_XXS	6144	5120	9	0	1	stock_mmvq	0	41.65	289	0.716	1	
IQ3_XXS	6144	5120	9	0	1	lcpp_mmvq	0	39.48	305	0.755	1	
IQ3_XXS	6144	5120	9	0	1	lcpp_mmq	0	66.64	181	0.448	1	
IQ3_XXS	6144	5120	9	0	1	iq3_vec	0	35.87	336	0.832	1	
IQ3_XXS	6144	5120	9	0	1	iq3_vec_mma	0	43.44	277	0.686	1	
IQ3_XXS	6144	5120	9	0	1	iq3_vec_mma_packed	1	37.38	322	0.798	1	
IQ3_XXS	6144	5120	9	0	1	iq3_tiled_packed	0	43.65	276	0.683	1	
IQ3_XXS	6144	5120	9	0	2	stock_mmvq	0	76.80	157	0.388	1	
IQ3_XXS	6144	5120	9	0	2	lcpp_mmvq	0	42.50	283	0.702	1	
IQ3_XXS	6144	5120	9	0	2	lcpp_mmq	0	67.30	179	0.443	1	
IQ3_XXS	6144	5120	9	0	2	iq3_vec	0	40.58	297	0.735	1	
IQ3_XXS	6144	5120	9	0	2	iq3_vec_mma	0	44.49	271	0.670	1	
IQ3_XXS	6144	5120	9	0	2	iq3_vec_mma_packed	1	37.63	320	0.792	1	
IQ3_XXS	6144	5120	9	0	2	iq3_tiled_packed	0	44.21	272	0.675	1	
IQ3_XXS	6144	5120	9	0	4	stock_mmvq	0	148.04	81	0.201	1	
IQ3_XXS	6144	5120	9	0	4	lcpp_mmvq	0	57.93	208	0.515	1	
IQ3_XXS	6144	5120	9	0	4	lcpp_mmq	0	69.38	174	0.430	1	
IQ3_XXS	6144	5120	9	0	4	iq3_vec	0	47.69	252	0.625	1	
IQ3_XXS	6144	5120	9	0	4	iq3_vec_mma	0	46.00	262	0.648	1	
IQ3_XXS	6144	5120	9	0	4	iq3_vec_mma_packed	1	38.20	315	0.781	1	
IQ3_XXS	6144	5120	9	0	4	iq3_tiled_packed	0	45.52	265	0.655	1	
IQ3_XXS	6144	5120	9	0	6	stock_mmvq	0	219.70	55	0.136	1	
IQ3_XXS	6144	5120	9	0	6	lcpp_mmvq	0	69.17	174	0.431	1	
IQ3_XXS	6144	5120	9	0	6	lcpp_mmq	0	69.17	174	0.431	1	
IQ3_XXS	6144	5120	9	0	6	iq3_vec	0	54.09	223	0.551	1	
IQ3_XXS	6144	5120	9	0	6	iq3_vec_mma	0	46.87	257	0.636	1	
IQ3_XXS	6144	5120	9	0	6	iq3_vec_mma_packed	1	38.91	309	0.766	1	
IQ3_XXS	6144	5120	9	0	6	iq3_tiled_packed	0	46.80	257	0.637	1	
IQ3_XXS	6144	5120	9	0	8	stock_mmvq	0	290.99	41	0.102	1	
IQ3_XXS	6144	5120	9	0	8	lcpp_mmvq	0	80.38	150	0.371	1	
IQ3_XXS	6144	5120	9	0	8	lcpp_mmq	0	69.22	174	0.431	1	
IQ3_XXS	6144	5120	9	0	8	iq3_vec	0	56.27	214	0.530	1	
IQ3_XXS	6144	5120	9	0	8	iq3_vec_mma	0	47.92	251	0.622	1	
IQ3_XXS	6144	5120	9	0	8	iq3_vec_mma_packed	1	39.91	302	0.747	1	
IQ3_XXS	6144	5120	9	0	8	iq3_tiled_packed	0	47.85	252	0.623	1	
IQ3_XXS	6144	5120	9	0	12	stock_mmvq	0	433.59	28	0.069	1	
IQ3_XXS	6144	5120	9	0	12	lcpp_mmq	0	80.26	150	0.372	1	
IQ3_XXS	6144	5120	9	0	12	iq3_vec_mma_packed	0	48.72	247	0.612	1	
IQ3_XXS	6144	5120	9	0	12	iq3_tiled_packed	1	50.51	238	0.590	1	
IQ3_XXS	6144	5120	9	0	16	stock_mmvq	0	583.70	21	0.051	1	
IQ3_XXS	6144	5120	9	0	16	stock_dq	0	391.40	31	0.076	1	
IQ3_XXS	6144	5120	9	0	16	lcpp_mmq	0	77.88	155	0.383	1	
IQ3_XXS	6144	5120	9	0	16	iq3_vec_mma_packed	0	50.97	236	0.585	1	
IQ3_XXS	6144	5120	9	0	16	iq3_tiled_packed	1	52.40	230	0.569	1	
IQ3_XXS	6144	5120	9	0	24	stock_dq	0	376.58	32	0.079	1	
IQ3_XXS	6144	5120	9	0	24	lcpp_mmq	0	81.00	149	0.368	1	
IQ3_XXS	6144	5120	9	0	24	iq3_vec_mma_packed	0	83.94	143	0.355	1	
IQ3_XXS	6144	5120	9	0	24	iq3_tiled_packed	1	62.05	194	0.481	1	
IQ3_XXS	6144	5120	9	0	32	stock_dq	0	441.42	27	0.068	1	
IQ3_XXS	6144	5120	9	0	32	lcpp_mmq	0	90.01	134	0.331	1	
IQ3_XXS	6144	5120	9	0	32	iq3_vec_mma_packed	0	92.21	131	0.323	1	
IQ3_XXS	6144	5120	9	0	32	iq3_tiled_packed	1	67.20	179	0.444	1	
IQ3_XXS	6144	5120	9	0	48	stock_dq	0	407.76	30	0.073	1	
IQ3_XXS	6144	5120	9	0	48	lcpp_mmq	0	95.95	126	0.311	1	
IQ3_XXS	6144	5120	9	0	48	iq3_tiled_packed	1	85.86	140	0.347	1	
IQ3_XXS	6144	5120	9	0	64	stock_dq	0	409.01	29	0.073	1	
IQ3_XXS	6144	5120	9	0	64	lcpp_mmq	0	109.13	110	0.273	1	
IQ3_XXS	6144	5120	9	0	64	iq3_tiled_packed	1	115.61	104	0.258	1	
IQ3_XXS	6144	5120	9	0	128	stock_dq	0	455.73	26	0.065	1	
IQ3_XXS	6144	5120	9	0	128	lcpp_mmq	0	172.06	70	0.173	1	
IQ3_XXS	6144	5120	9	0	128	iq3_tiled_packed	1	165.17	73	0.181	1	
IQ3_XXS	10240	5120	13	0	1	stock_mmvq	0	64.87	309	0.766	1	
IQ3_XXS	10240	5120	13	0	1	lcpp_mmvq	0	60.29	333	0.824	1	
IQ3_XXS	10240	5120	13	0	1	lcpp_mmq	0	104.37	192	0.476	1	
IQ3_XXS	10240	5120	13	0	1	iq3_vec	0	59.14	339	0.841	1	
IQ3_XXS	10240	5120	13	0	1	iq3_vec_mma	0	66.74	301	0.745	1	
IQ3_XXS	10240	5120	13	0	1	iq3_vec_mma_packed	1	55.45	362	0.896	1	
IQ3_XXS	10240	5120	13	0	1	iq3_tiled_packed	0	55.19	364	0.901	1	
IQ3_XXS	10240	5120	13	0	2	stock_mmvq	0	124.30	161	0.400	1	
IQ3_XXS	10240	5120	13	0	2	lcpp_mmvq	0	66.71	301	0.745	1	
IQ3_XXS	10240	5120	13	0	2	lcpp_mmq	0	107.03	188	0.464	1	
IQ3_XXS	10240	5120	13	0	2	iq3_vec	0	61.98	324	0.802	1	
IQ3_XXS	10240	5120	13	0	2	iq3_vec_mma	0	67.61	297	0.735	1	
IQ3_XXS	10240	5120	13	0	2	iq3_vec_mma_packed	1	55.63	361	0.894	1	
IQ3_XXS	10240	5120	13	0	2	iq3_tiled_packed	0	55.32	363	0.898	1	
IQ3_XXS	10240	5120	13	0	4	stock_mmvq	0	243.92	82	0.204	1	
IQ3_XXS	10240	5120	13	0	4	lcpp_mmvq	0	87.01	231	0.571	1	
IQ3_XXS	10240	5120	13	0	4	lcpp_mmq	0	107.06	187	0.464	1	
IQ3_XXS	10240	5120	13	0	4	iq3_vec	0	72.27	278	0.688	1	
IQ3_XXS	10240	5120	13	0	4	iq3_vec_mma	0	69.94	287	0.711	1	
IQ3_XXS	10240	5120	13	0	4	iq3_vec_mma_packed	1	56.40	356	0.881	1	
IQ3_XXS	10240	5120	13	0	4	iq3_tiled_packed	0	55.45	362	0.896	1	
IQ3_XXS	10240	5120	13	0	6	stock_mmvq	0	361.43	56	0.138	1	
IQ3_XXS	10240	5120	13	0	6	lcpp_mmvq	0	107.47	187	0.463	1	
IQ3_XXS	10240	5120	13	0	6	lcpp_mmq	0	106.39	189	0.467	1	
IQ3_XXS	10240	5120	13	0	6	iq3_vec	0	81.20	247	0.612	1	
IQ3_XXS	10240	5120	13	0	6	iq3_vec_mma	0	71.83	279	0.692	1	
IQ3_XXS	10240	5120	13	0	6	iq3_vec_mma_packed	1	58.96	340	0.843	1	
IQ3_XXS	10240	5120	13	0	6	iq3_tiled_packed	0	55.86	359	0.890	1	
IQ3_XXS	10240	5120	13	0	8	stock_mmvq	0	484.94	41	0.102	1	
IQ3_XXS	10240	5120	13	0	8	lcpp_mmvq	0	129.23	155	0.385	1	
IQ3_XXS	10240	5120	13	0	8	lcpp_mmq	0	108.13	186	0.460	1	
IQ3_XXS	10240	5120	13	0	8	iq3_vec	0	84.92	236	0.585	1	
IQ3_XXS	10240	5120	13	0	8	iq3_vec_mma	0	76.87	261	0.647	1	
IQ3_XXS	10240	5120	13	0	8	iq3_vec_mma_packed	1	62.82	319	0.791	1	
IQ3_XXS	10240	5120	13	0	8	iq3_tiled_packed	0	56.37	356	0.882	1	
IQ3_XXS	10240	5120	13	0	12	stock_mmvq	0	722.31	28	0.069	1	
IQ3_XXS	10240	5120	13	0	12	lcpp_mmq	0	126.21	159	0.394	1	
IQ3_XXS	10240	5120	13	0	12	iq3_vec_mma_packed	0	72.27	278	0.688	1	
IQ3_XXS	10240	5120	13	0	12	iq3_tiled_packed	1	57.04	352	0.871	1	
IQ3_XXS	10240	5120	13	0	16	stock_mmvq	0	1014.96	20	0.049	1	
IQ3_XXS	10240	5120	13	0	16	stock_dq	0	604.34	33	0.082	1	
IQ3_XXS	10240	5120	13	0	16	lcpp_mmq	0	123.21	163	0.403	1	
IQ3_XXS	10240	5120	13	0	16	iq3_vec_mma_packed	0	76.16	264	0.653	1	
IQ3_XXS	10240	5120	13	0	16	iq3_tiled_packed	1	58.11	345	0.855	1	
IQ3_XXS	10240	5120	13	0	24	stock_dq	0	599.88	33	0.083	1	
IQ3_XXS	10240	5120	13	0	24	lcpp_mmq	0	124.62	161	0.399	1	
IQ3_XXS	10240	5120	13	0	24	iq3_vec_mma_packed	0	126.72	158	0.392	1	
IQ3_XXS	10240	5120	13	0	24	iq3_tiled_packed	1	72.45	277	0.686	1	
IQ3_XXS	10240	5120	13	0	32	stock_dq	0	666.24	30	0.075	1	
IQ3_XXS	10240	5120	13	0	32	lcpp_mmq	0	141.24	142	0.352	1	
IQ3_XXS	10240	5120	13	0	32	iq3_vec_mma_packed	0	144.08	139	0.345	1	
IQ3_XXS	10240	5120	13	0	32	iq3_tiled_packed	1	72.63	276	0.684	1	
IQ3_XXS	10240	5120	13	0	48	stock_dq	0	684.88	29	0.073	1	
IQ3_XXS	10240	5120	13	0	48	lcpp_mmq	0	150.53	133	0.330	1	
IQ3_XXS	10240	5120	13	0	48	iq3_tiled_packed	1	86.17	233	0.577	1	
IQ3_XXS	10240	5120	13	0	64	stock_dq	0	697.11	29	0.071	1	
IQ3_XXS	10240	5120	13	0	64	lcpp_mmq	0	169.29	119	0.294	1	
IQ3_XXS	10240	5120	13	0	64	iq3_tiled_packed	1	110.26	182	0.451	1	
IQ3_XXS	10240	5120	13	0	128	stock_dq	0	705.59	28	0.070	1	
IQ3_XXS	10240	5120	13	0	128	lcpp_mmq	0	262.76	76	0.189	1	
IQ3_XXS	10240	5120	13	0	128	iq3_tiled_packed	1	205.36	98	0.242	1	
IQ3_XXS	12288	5120	3	0	1	stock_mmvq	0	77.03	313	0.774	1	
IQ3_XXS	12288	5120	3	0	1	lcpp_mmvq	0	71.18	338	0.838	1	
IQ3_XXS	12288	5120	3	0	1	lcpp_mmq	0	125.86	191	0.474	1	
IQ3_XXS	12288	5120	3	0	1	iq3_vec	0	67.79	355	0.880	1	
IQ3_XXS	12288	5120	3	0	1	iq3_vec_mma	0	77.88	309	0.766	1	
IQ3_XXS	12288	5120	3	0	1	iq3_vec_mma_packed	1	65.43	368	0.912	1	
IQ3_XXS	12288	5120	3	0	1	iq3_tiled_packed	0	75.47	319	0.790	1	
IQ3_XXS	12288	5120	3	0	2	stock_mmvq	0	147.81	163	0.404	1	
IQ3_XXS	12288	5120	3	0	2	lcpp_mmvq	0	78.57	307	0.759	1	
IQ3_XXS	12288	5120	3	0	2	lcpp_mmq	0	125.47	192	0.475	1	
IQ3_XXS	12288	5120	3	0	2	iq3_vec	0	71.78	336	0.831	1	
IQ3_XXS	12288	5120	3	0	2	iq3_vec_mma	0	79.59	303	0.749	1	
IQ3_XXS	12288	5120	3	0	2	iq3_vec_mma_packed	1	65.92	365	0.905	1	
IQ3_XXS	12288	5120	3	0	2	iq3_tiled_packed	0	76.34	315	0.781	1	
IQ3_XXS	12288	5120	3	0	4	stock_mmvq	0	290.18	83	0.206	1	
IQ3_XXS	12288	5120	3	0	4	lcpp_mmvq	0	104.24	231	0.572	1	
IQ3_XXS	12288	5120	3	0	4	lcpp_mmq	0	127.95	188	0.466	1	
IQ3_XXS	12288	5120	3	0	4	iq3_vec	0	81.82	294	0.729	1	
IQ3_XXS	12288	5120	3	0	4	iq3_vec_mma	0	84.22	286	0.708	1	
IQ3_XXS	12288	5120	3	0	4	iq3_vec_mma_packed	1	66.76	361	0.893	1	
IQ3_XXS	12288	5120	3	0	4	iq3_tiled_packed	0	78.41	307	0.761	1	
IQ3_XXS	12288	5120	3	0	6	stock_mmvq	0	449.15	54	0.133	1	
IQ3_XXS	12288	5120	3	0	6	lcpp_mmvq	0	123.14	196	0.484	1	
IQ3_XXS	12288	5120	3	0	6	lcpp_mmq	0	127.51	189	0.468	1	
IQ3_XXS	12288	5120	3	0	6	iq3_vec	0	94.41	255	0.632	1	
IQ3_XXS	12288	5120	3	0	6	iq3_vec_mma	0	87.17	276	0.684	1	
IQ3_XXS	12288	5120	3	0	6	iq3_vec_mma_packed	1	69.45	347	0.859	1	
IQ3_XXS	12288	5120	3	0	6	iq3_tiled_packed	0	79.90	301	0.747	1	
IQ3_XXS	12288	5120	3	0	8	stock_mmvq	0	604.47	40	0.099	1	
IQ3_XXS	12288	5120	3	0	8	lcpp_mmvq	0	153.37	157	0.389	1	
IQ3_XXS	12288	5120	3	0	8	lcpp_mmq	0	129.56	186	0.460	1	
IQ3_XXS	12288	5120	3	0	8	iq3_vec	0	100.89	239	0.591	1	
IQ3_XXS	12288	5120	3	0	8	iq3_vec_mma	0	87.53	275	0.681	1	
IQ3_XXS	12288	5120	3	0	8	iq3_vec_mma_packed	1	73.75	327	0.809	1	
IQ3_XXS	12288	5120	3	0	8	iq3_tiled_packed	0	82.28	293	0.725	1	
IQ3_XXS	12288	5120	3	0	12	stock_mmvq	0	906.00	27	0.066	1	
IQ3_XXS	12288	5120	3	0	12	lcpp_mmq	0	147.28	164	0.405	1	
IQ3_XXS	12288	5120	3	0	12	iq3_vec_mma_packed	0	85.86	281	0.695	1	
IQ3_XXS	12288	5120	3	0	12	iq3_tiled_packed	1	85.35	282	0.699	1	
IQ3_XXS	12288	5120	3	0	16	stock_mmvq	0	1217.20	20	0.049	1	
IQ3_XXS	12288	5120	3	0	16	stock_dq	0	740.53	33	0.081	1	
IQ3_XXS	12288	5120	3	0	16	lcpp_mmq	0	144.64	167	0.412	1	
IQ3_XXS	12288	5120	3	0	16	iq3_vec_mma_packed	0	90.51	266	0.659	1	
IQ3_XXS	12288	5120	3	0	16	iq3_tiled_packed	1	90.06	267	0.662	1	
IQ3_XXS	12288	5120	3	0	24	stock_dq	0	792.27	30	0.075	1	
IQ3_XXS	12288	5120	3	0	24	lcpp_mmq	0	147.69	163	0.404	1	
IQ3_XXS	12288	5120	3	0	24	iq3_vec_mma_packed	0	156.54	154	0.381	1	
IQ3_XXS	12288	5120	3	0	24	iq3_tiled_packed	1	104.42	231	0.571	1	
IQ3_XXS	12288	5120	3	0	32	stock_dq	0	739.25	33	0.081	1	
IQ3_XXS	12288	5120	3	0	32	lcpp_mmq	0	166.72	144	0.358	1	
IQ3_XXS	12288	5120	3	0	32	iq3_vec_mma_packed	0	172.08	140	0.347	1	
IQ3_XXS	12288	5120	3	0	32	iq3_tiled_packed	1	111.39	216	0.535	1	
IQ3_XXS	12288	5120	3	0	48	stock_dq	0	869.07	28	0.069	1	
IQ3_XXS	12288	5120	3	0	48	lcpp_mmq	0	175.62	137	0.340	1	
IQ3_XXS	12288	5120	3	0	48	iq3_tiled_packed	1	137.40	175	0.434	1	
IQ3_XXS	12288	5120	3	0	64	stock_dq	0	908.26	27	0.066	1	
IQ3_XXS	12288	5120	3	0	64	lcpp_mmq	0	198.35	121	0.301	1	
IQ3_XXS	12288	5120	3	0	64	iq3_tiled_packed	1	169.55	142	0.352	1	
IQ3_XXS	12288	5120	3	0	128	stock_dq	0	943.97	26	0.063	1	
IQ3_XXS	12288	5120	3	0	128	lcpp_mmq	0	310.68	78	0.192	1	
IQ3_XXS	12288	5120	3	0	128	iq3_tiled_packed	1	263.76	91	0.226	1	
IQ3_XXS	17408	5120	39	0	1	stock_mmvq	0	106.21	321	0.796	1	
IQ3_XXS	17408	5120	39	0	1	lcpp_mmvq	0	97.15	351	0.870	1	
IQ3_XXS	17408	5120	39	0	1	lcpp_mmq	0	145.31	235	0.582	1	
IQ3_XXS	17408	5120	39	0	1	iq3_vec	0	95.21	358	0.888	1	
IQ3_XXS	17408	5120	39	0	1	iq3_vec_mma	0	112.59	303	0.750	1	
IQ3_XXS	17408	5120	39	0	1	iq3_vec_mma_packed	1	89.29	382	0.946	1	
IQ3_XXS	17408	5120	39	0	1	iq3_tiled_packed	0	96.31	354	0.877	1	
IQ3_XXS	17408	5120	39	0	2	stock_mmvq	0	209.43	163	0.403	1	
IQ3_XXS	17408	5120	39	0	2	lcpp_mmvq	0	111.05	307	0.761	1	
IQ3_XXS	17408	5120	39	0	2	lcpp_mmq	0	150.07	227	0.563	1	
IQ3_XXS	17408	5120	39	0	2	iq3_vec	0	99.46	343	0.850	1	
IQ3_XXS	17408	5120	39	0	2	iq3_vec_mma	0	115.30	296	0.733	1	
IQ3_XXS	17408	5120	39	0	2	iq3_vec_mma_packed	1	90.14	379	0.937	1	
IQ3_XXS	17408	5120	39	0	2	iq3_tiled_packed	0	97.36	350	0.868	1	
IQ3_XXS	17408	5120	39	0	4	stock_mmvq	0	410.90	83	0.206	1	
IQ3_XXS	17408	5120	39	0	4	lcpp_mmvq	0	145.15	235	0.582	1	
IQ3_XXS	17408	5120	39	0	4	lcpp_mmq	0	150.86	226	0.560	1	
IQ3_XXS	17408	5120	39	0	4	iq3_vec	0	113.87	300	0.742	1	
IQ3_XXS	17408	5120	39	0	4	iq3_vec_mma	0	116.45	293	0.726	1	
IQ3_XXS	17408	5120	39	0	4	iq3_vec_mma_packed	1	91.60	372	0.922	1	
IQ3_XXS	17408	5120	39	0	4	iq3_tiled_packed	0	98.74	346	0.856	1	
IQ3_XXS	17408	5120	39	0	6	stock_mmvq	0	621.61	55	0.136	1	
IQ3_XXS	17408	5120	39	0	6	lcpp_mmvq	0	178.51	191	0.473	1	
IQ3_XXS	17408	5120	39	0	6	lcpp_mmq	0	151.63	225	0.557	1	
IQ3_XXS	17408	5120	39	0	6	iq3_vec	0	132.35	258	0.638	1	
IQ3_XXS	17408	5120	39	0	6	iq3_vec_mma	0	124.22	275	0.680	1	
IQ3_XXS	17408	5120	39	0	6	iq3_vec_mma_packed	1	95.67	357	0.883	1	
IQ3_XXS	17408	5120	39	0	6	iq3_tiled_packed	0	99.84	342	0.846	1	
IQ3_XXS	17408	5120	39	0	8	stock_mmvq	0	869.66	39	0.097	1	
IQ3_XXS	17408	5120	39	0	8	lcpp_mmvq	0	214.27	159	0.394	1	
IQ3_XXS	17408	5120	39	0	8	lcpp_mmq	0	152.81	223	0.553	1	
IQ3_XXS	17408	5120	39	0	8	iq3_vec	0	141.64	241	0.597	1	
IQ3_XXS	17408	5120	39	0	8	iq3_vec_mma	0	129.82	263	0.651	1	
IQ3_XXS	17408	5120	39	0	8	iq3_vec_mma_packed	1	101.66	336	0.831	1	
IQ3_XXS	17408	5120	39	0	8	iq3_tiled_packed	0	101.81	335	0.830	1	
IQ3_XXS	17408	5120	39	0	12	stock_mmvq	0	1248.54	27	0.068	1	
IQ3_XXS	17408	5120	39	0	12	lcpp_mmq	0	174.67	195	0.484	1	
IQ3_XXS	17408	5120	39	0	12	iq3_vec_mma_packed	0	119.58	285	0.707	1	
IQ3_XXS	17408	5120	39	0	12	iq3_tiled_packed	1	105.65	323	0.800	1	
IQ3_XXS	17408	5120	39	0	16	stock_mmvq	0	1698.20	20	0.050	1	
IQ3_XXS	17408	5120	39	0	16	stock_dq	0	1003.03	34	0.084	1	
IQ3_XXS	17408	5120	39	0	16	lcpp_mmq	0	171.19	199	0.494	1	
IQ3_XXS	17408	5120	39	0	16	iq3_vec_mma_packed	0	129.92	263	0.650	1	
IQ3_XXS	17408	5120	39	0	16	iq3_tiled_packed	1	110.68	308	0.763	1	
IQ3_XXS	17408	5120	39	0	24	stock_dq	0	997.81	34	0.085	1	
IQ3_XXS	17408	5120	39	0	24	lcpp_mmq	0	177.36	192	0.476	1	
IQ3_XXS	17408	5120	39	0	24	iq3_vec_mma_packed	0	225.79	151	0.374	1	
IQ3_XXS	17408	5120	39	0	24	iq3_tiled_packed	1	121.27	281	0.697	1	
IQ3_XXS	17408	5120	39	0	32	stock_dq	0	1045.40	33	0.081	1	
IQ3_XXS	17408	5120	39	0	32	lcpp_mmq	0	201.17	170	0.420	1	
IQ3_XXS	17408	5120	39	0	32	iq3_vec_mma_packed	0	244.25	140	0.346	1	
IQ3_XXS	17408	5120	39	0	32	iq3_tiled_packed	1	130.02	262	0.650	1	
IQ3_XXS	17408	5120	39	0	48	stock_dq	0	1046.14	33	0.081	1	
IQ3_XXS	17408	5120	39	0	48	lcpp_mmq	0	242.61	141	0.348	1	
IQ3_XXS	17408	5120	39	0	48	iq3_tiled_packed	1	163.69	208	0.516	1	
IQ3_XXS	17408	5120	39	0	64	stock_dq	0	1048.76	33	0.081	1	
IQ3_XXS	17408	5120	39	0	64	lcpp_mmq	0	262.58	130	0.322	1	
IQ3_XXS	17408	5120	39	0	64	iq3_tiled_packed	1	210.97	162	0.401	1	
IQ3_XXS	17408	5120	39	0	128	stock_dq	0	1114.37	31	0.076	1	
IQ3_XXS	17408	5120	39	0	128	lcpp_mmq	0	405.04	84	0.209	1	
IQ3_XXS	17408	5120	39	0	128	iq3_tiled_packed	1	312.50	109	0.270	1	
IQ4_XS	1024	5120	9	0	1	stock_mmvq	0	12.88	216	0.536	1	
IQ4_XS	1024	5120	9	0	1	lcpp_mmvq	1	10.65	262	0.648	1	
IQ4_XS	1024	5120	9	0	1	lcpp_mmq	0	17.13	163	0.403	1	
IQ4_XS	1024	5120	9	0	1	mma_k	0	16.61	168	0.415	1	
IQ4_XS	1024	5120	9	0	2	stock_mmvq	0	17.28	161	0.399	1	
IQ4_XS	1024	5120	9	0	2	lcpp_mmvq	1	11.11	251	0.621	1	
IQ4_XS	1024	5120	9	0	2	lcpp_mmq	0	16.95	164	0.407	1	
IQ4_XS	1024	5120	9	0	2	mma_k	0	16.08	173	0.429	1	
IQ4_XS	1024	5120	9	0	4	stock_mmvq	0	28.88	96	0.239	1	
IQ4_XS	1024	5120	9	0	4	lcpp_mmvq	1	11.85	235	0.582	1	
IQ4_XS	1024	5120	9	0	4	lcpp_mmq	0	17.00	164	0.406	1	
IQ4_XS	1024	5120	9	0	4	mma_k	0	16.20	172	0.426	1	
IQ4_XS	1024	5120	9	0	6	stock_mmvq	0	40.83	68	0.169	1	
IQ4_XS	1024	5120	9	0	6	lcpp_mmvq	1	13.44	207	0.513	1	
IQ4_XS	1024	5120	9	0	6	lcpp_mmq	0	17.15	162	0.402	1	
IQ4_XS	1024	5120	9	0	6	mma_k	0	17.69	157	0.390	1	
IQ4_XS	1024	5120	9	0	8	stock_mmvq	0	52.94	53	0.130	1	
IQ4_XS	1024	5120	9	0	8	lcpp_mmvq	0	16.08	173	0.429	1	
IQ4_XS	1024	5120	9	0	8	lcpp_mmq	1	17.20	162	0.401	1	
IQ4_XS	1024	5120	9	0	8	mma_k	0	17.72	157	0.389	1	
IQ4_XS	1024	5120	9	0	12	stock_mmvq	0	76.67	36	0.090	1	
IQ4_XS	1024	5120	9	0	12	lcpp_mmq	1	18.69	149	0.369	1	
IQ4_XS	1024	5120	9	0	12	mma_k	0	19.35	144	0.356	1	
IQ4_XS	1024	5120	9	0	16	stock_mmvq	0	100.58	28	0.069	1	
IQ4_XS	1024	5120	9	0	16	stock_dq	0	67.15	41	0.103	1	
IQ4_XS	1024	5120	9	0	16	lcpp_mmq	1	18.94	147	0.364	1	
IQ4_XS	1024	5120	9	0	16	mma_k	0	20.74	134	0.333	1	
IQ4_XS	1024	5120	9	0	24	stock_dq	0	69.84	40	0.099	1	
IQ4_XS	1024	5120	9	0	24	lcpp_mmq	1	20.86	133	0.331	1	
IQ4_XS	1024	5120	9	0	24	mma_k	0	25.78	108	0.268	1	
IQ4_XS	1024	5120	9	0	32	stock_dq	0	70.04	40	0.098	1	
IQ4_XS	1024	5120	9	0	32	lcpp_mmq	1	22.84	122	0.302	1	
IQ4_XS	1024	5120	9	0	32	mma_k	0	28.90	96	0.239	1	
IQ4_XS	1024	5120	9	0	48	stock_dq	0	68.76	41	0.100	1	
IQ4_XS	1024	5120	9	0	48	lcpp_mmq	1	25.96	107	0.266	1	
IQ4_XS	1024	5120	9	0	48	mma_k	0	35.97	77	0.192	1	
IQ4_XS	1024	5120	9	0	64	stock_dq	0	69.45	40	0.099	1	
IQ4_XS	1024	5120	9	0	64	lcpp_mmq	1	30.75	91	0.224	1	
IQ4_XS	1024	5120	9	0	64	mma_k	0	42.52	66	0.162	1	
IQ4_XS	1024	5120	9	0	128	stock_dq	0	81.59	34	0.085	1	
IQ4_XS	1024	5120	9	0	128	lcpp_mmq	1	54.73	51	0.126	1	
IQ4_XS	1024	5120	9	0	128	mma_k_chunked64	0	86.43	32	0.080	1	
IQ4_XS	5120	6144	18	0	1	stock_mmvq	0	47.77	350	0.866	1	
IQ4_XS	5120	6144	18	0	1	lcpp_mmvq	1	44.03	380	0.940	1	
IQ4_XS	5120	6144	18	0	1	lcpp_mmq	0	52.79	317	0.784	1	
IQ4_XS	5120	6144	18	0	1	mma_k	0	50.43	331	0.821	1	
IQ4_XS	5120	6144	18	0	2	stock_mmvq	0	90.44	185	0.458	1	
IQ4_XS	5120	6144	18	0	2	lcpp_mmvq	1	44.62	375	0.928	1	
IQ4_XS	5120	6144	18	0	2	lcpp_mmq	0	53.27	314	0.777	1	
IQ4_XS	5120	6144	18	0	2	mma_k	0	50.87	329	0.814	1	
IQ4_XS	5120	6144	18	0	4	stock_mmvq	0	176.08	95	0.235	1	
IQ4_XS	5120	6144	18	0	4	lcpp_mmvq	1	46.95	356	0.881	1	
IQ4_XS	5120	6144	18	0	4	lcpp_mmq	0	54.43	307	0.760	1	
IQ4_XS	5120	6144	18	0	4	mma_k	0	51.58	324	0.802	1	
IQ4_XS	5120	6144	18	0	6	stock_mmvq	0	261.64	64	0.158	1	
IQ4_XS	5120	6144	18	0	6	lcpp_mmvq	1	51.12	327	0.810	1	
IQ4_XS	5120	6144	18	0	6	lcpp_mmq	0	54.84	305	0.755	1	
IQ4_XS	5120	6144	18	0	6	mma_k	0	52.97	316	0.781	1	
IQ4_XS	5120	6144	18	0	8	stock_mmvq	0	346.34	48	0.119	1	
IQ4_XS	5120	6144	18	0	8	lcpp_mmvq	0	63.90	262	0.648	1	
IQ4_XS	5120	6144	18	0	8	lcpp_mmq	1	54.96	304	0.753	1	
IQ4_XS	5120	6144	18	0	8	mma_k	0	53.25	314	0.777	1	
IQ4_XS	5120	6144	18	0	12	stock_mmvq	0	535.24	31	0.077	1	
IQ4_XS	5120	6144	18	0	12	lcpp_mmq	0	61.08	274	0.678	1	
IQ4_XS	5120	6144	18	0	12	mma_k	1	55.60	301	0.744	1	
IQ4_XS	5120	6144	18	0	16	stock_mmvq	0	698.76	24	0.059	1	
IQ4_XS	5120	6144	18	0	16	stock_dq	0	368.74	45	0.112	1	
IQ4_XS	5120	6144	18	0	16	lcpp_mmq	0	60.24	277	0.687	1	
IQ4_XS	5120	6144	18	0	16	mma_k	1	56.60	295	0.731	1	
IQ4_XS	5120	6144	18	0	24	stock_dq	0	366.77	46	0.113	1	
IQ4_XS	5120	6144	18	0	24	lcpp_mmq	1	66.84	250	0.619	1	
IQ4_XS	5120	6144	18	0	24	mma_k	0	64.38	260	0.643	1	
IQ4_XS	5120	6144	18	0	32	stock_dq	0	364.85	46	0.113	1	
IQ4_XS	5120	6144	18	0	32	lcpp_mmq	1	73.01	229	0.567	1	
IQ4_XS	5120	6144	18	0	32	mma_k	0	68.51	244	0.604	1	
IQ4_XS	5120	6144	18	0	48	stock_dq	0	368.67	45	0.112	1	
IQ4_XS	5120	6144	18	0	48	lcpp_mmq	1	79.59	210	0.520	1	
IQ4_XS	5120	6144	18	0	48	mma_k	0	89.16	187	0.464	1	
IQ4_XS	5120	6144	18	0	64	stock_dq	0	469.79	36	0.088	1	
IQ4_XS	5120	6144	18	0	64	lcpp_mmq	1	93.21	179	0.444	1	
IQ4_XS	5120	6144	18	0	64	mma_k	0	95.93	174	0.431	1	
IQ4_XS	5120	6144	18	0	128	stock_dq	0	426.96	39	0.097	1	
IQ4_XS	5120	6144	18	0	128	lcpp_mmq	1	155.70	107	0.266	1	
IQ4_XS	5120	6144	18	0	128	mma_k_chunked64	0	203.84	82	0.203	1	
IQ4_XS	5120	17408	21	0	1	stock_mmvq	0	135.73	349	0.864	1	
IQ4_XS	5120	17408	21	0	1	lcpp_mmvq	1	117.17	404	1.001	1	
IQ4_XS	5120	17408	21	0	1	lcpp_mmq	0	133.94	354	0.875	1	
IQ4_XS	5120	17408	21	0	1	mma_k	0	127.49	371	0.920	1	
IQ4_XS	5120	17408	21	0	2	stock_mmvq	0	273.23	173	0.429	1	
IQ4_XS	5120	17408	21	0	2	lcpp_mmvq	1	118.43	400	0.990	1	
IQ4_XS	5120	17408	21	0	2	lcpp_mmq	0	134.35	352	0.873	1	
IQ4_XS	5120	17408	21	0	2	mma_k	0	128.64	368	0.912	1	
IQ4_XS	5120	17408	21	0	4	stock_mmvq	0	544.67	87	0.215	1	
IQ4_XS	5120	17408	21	0	4	lcpp_mmvq	1	119.96	395	0.977	1	
IQ4_XS	5120	17408	21	0	4	lcpp_mmq	0	137.32	345	0.854	1	
IQ4_XS	5120	17408	21	0	4	mma_k	0	129.25	366	0.907	1	
IQ4_XS	5120	17408	21	0	6	stock_mmvq	0	815.54	58	0.144	1	
IQ4_XS	5120	17408	21	0	6	lcpp_mmvq	1	134.37	352	0.873	1	
IQ4_XS	5120	17408	21	0	6	lcpp_mmq	0	139.84	339	0.839	1	
IQ4_XS	5120	17408	21	0	6	mma_k	0	131.58	360	0.891	1	
IQ4_XS	5120	17408	21	0	8	stock_mmvq	0	1091.74	43	0.107	1	
IQ4_XS	5120	17408	21	0	8	lcpp_mmvq	0	179.20	264	0.654	1	
IQ4_XS	5120	17408	21	0	8	lcpp_mmq	1	139.06	341	0.843	1	
IQ4_XS	5120	17408	21	0	8	mma_k	0	132.02	359	0.888	1	
IQ4_XS	5120	17408	21	0	12	stock_mmvq	0	1657.63	29	0.071	1	
IQ4_XS	5120	17408	21	0	12	lcpp_mmq	0	150.40	315	0.780	1	
IQ4_XS	5120	17408	21	0	12	mma_k	1	134.60	352	0.871	1	
IQ4_XS	5120	17408	21	0	16	stock_mmvq	0	2197.81	22	0.053	1	
IQ4_XS	5120	17408	21	0	16	stock_dq	0	1041.08	45	0.113	1	
IQ4_XS	5120	17408	21	0	16	lcpp_mmq	0	149.17	317	0.786	1	
IQ4_XS	5120	17408	21	0	16	mma_k	1	136.93	346	0.856	1	
IQ4_XS	5120	17408	21	0	24	stock_dq	0	1015.14	47	0.116	1	
IQ4_XS	5120	17408	21	0	24	lcpp_mmq	0	163.10	290	0.719	1	
IQ4_XS	5120	17408	21	0	24	mma_k	1	152.17	311	0.771	1	
IQ4_XS	5120	17408	21	0	32	stock_dq	0	1031.91	46	0.114	1	
IQ4_XS	5120	17408	21	0	32	lcpp_mmq	0	178.25	266	0.658	1	
IQ4_XS	5120	17408	21	0	32	mma_k	1	171.09	277	0.685	1	
IQ4_XS	5120	17408	21	0	48	stock_dq	0	1043.69	45	0.112	1	
IQ4_XS	5120	17408	21	0	48	lcpp_mmq	1	196.17	241	0.598	1	
IQ4_XS	5120	17408	21	0	48	mma_k	0	233.75	203	0.502	1	
IQ4_XS	5120	17408	21	0	64	stock_dq	0	1302.02	36	0.090	1	
IQ4_XS	5120	17408	21	0	64	lcpp_mmq	1	225.48	210	0.520	1	
IQ4_XS	5120	17408	21	0	64	mma_k	0	240.08	197	0.488	1	
IQ4_XS	5120	17408	21	0	128	stock_dq	0	1381.79	34	0.085	1	
IQ4_XS	5120	17408	21	0	128	lcpp_mmq	1	373.81	127	0.314	1	
IQ4_XS	5120	17408	21	0	128	mma_k_chunked64	0	476.39	99	0.246	1	
IQ4_XS	6144	5120	12	0	1	stock_mmvq	0	48.13	347	0.860	1	
IQ4_XS	6144	5120	12	0	1	lcpp_mmvq	1	44.08	379	0.939	1	
IQ4_XS	6144	5120	12	0	1	lcpp_mmq	0	52.61	318	0.787	1	
IQ4_XS	6144	5120	12	0	1	mma_k	0	50.51	331	0.819	1	
IQ4_XS	6144	5120	12	0	2	stock_mmvq	0	87.71	191	0.472	1	
IQ4_XS	6144	5120	12	0	2	lcpp_mmvq	1	45.00	371	0.920	1	
IQ4_XS	6144	5120	12	0	2	lcpp_mmq	0	52.45	319	0.789	1	
IQ4_XS	6144	5120	12	0	2	mma_k	0	50.61	330	0.818	1	
IQ4_XS	6144	5120	12	0	4	stock_mmvq	0	169.68	98	0.244	1	
IQ4_XS	6144	5120	12	0	4	lcpp_mmvq	1	47.05	355	0.880	1	
IQ4_XS	6144	5120	12	0	4	lcpp_mmq	0	54.40	307	0.761	1	
IQ4_XS	6144	5120	12	0	4	mma_k	0	51.58	324	0.802	1	
IQ4_XS	6144	5120	12	0	6	stock_mmvq	0	251.44	66	0.165	1	
IQ4_XS	6144	5120	12	0	6	lcpp_mmvq	1	54.60	306	0.758	1	
IQ4_XS	6144	5120	12	0	6	lcpp_mmq	0	54.96	304	0.753	1	
IQ4_XS	6144	5120	12	0	6	mma_k	0	52.71	317	0.785	1	
IQ4_XS	6144	5120	12	0	8	stock_mmvq	0	333.63	50	0.124	1	
IQ4_XS	6144	5120	12	0	8	lcpp_mmvq	0	72.58	230	0.570	1	
IQ4_XS	6144	5120	12	0	8	lcpp_mmq	1	55.07	303	0.752	1	
IQ4_XS	6144	5120	12	0	8	mma_k	0	52.66	317	0.786	1	
IQ4_XS	6144	5120	12	0	12	stock_mmvq	0	502.39	33	0.082	1	
IQ4_XS	6144	5120	12	0	12	lcpp_mmq	0	62.00	270	0.667	1	
IQ4_XS	6144	5120	12	0	12	mma_k	1	54.50	307	0.759	1	
IQ4_XS	6144	5120	12	0	16	stock_mmvq	0	669.92	25	0.062	1	
IQ4_XS	6144	5120	12	0	16	stock_dq	0	393.75	42	0.105	1	
IQ4_XS	6144	5120	12	0	16	lcpp_mmq	0	60.01	278	0.690	1	
IQ4_XS	6144	5120	12	0	16	mma_k	1	55.17	303	0.750	1	
IQ4_XS	6144	5120	12	0	24	stock_dq	0	381.08	44	0.109	1	
IQ4_XS	6144	5120	12	0	24	lcpp_mmq	1	66.51	251	0.622	1	
IQ4_XS	6144	5120	12	0	24	mma_k	0	62.31	268	0.664	1	
IQ4_XS	6144	5120	12	0	32	stock_dq	0	446.28	37	0.093	1	
IQ4_XS	6144	5120	12	0	32	lcpp_mmq	1	72.68	230	0.569	1	
IQ4_XS	6144	5120	12	0	32	mma_k	0	65.46	255	0.632	1	
IQ4_XS	6144	5120	12	0	48	stock_dq	0	411.06	41	0.101	1	
IQ4_XS	6144	5120	12	0	48	lcpp_mmq	1	79.13	211	0.523	1	
IQ4_XS	6144	5120	12	0	48	mma_k	0	88.91	188	0.465	1	
IQ4_XS	6144	5120	12	0	64	stock_dq	0	415.54	40	0.100	1	
IQ4_XS	6144	5120	12	0	64	lcpp_mmq	1	93.85	178	0.441	1	
IQ4_XS	6144	5120	12	0	64	mma_k	0	101.73	164	0.407	1	
IQ4_XS	6144	5120	12	0	128	stock_dq	0	463.05	36	0.089	1	
IQ4_XS	6144	5120	12	0	128	lcpp_mmq	1	158.62	105	0.261	1	
IQ4_XS	6144	5120	12	0	128	mma_k_chunked64	0	203.81	82	0.203	1	
IQ4_XS	10240	5120	9	0	1	stock_mmvq	0	73.96	377	0.933	1	
IQ4_XS	10240	5120	9	0	1	lcpp_mmvq	1	70.50	395	0.978	1	
IQ4_XS	10240	5120	9	0	1	lcpp_mmq	0	80.23	347	0.860	1	
IQ4_XS	10240	5120	9	0	1	mma_k	0	78.03	357	0.884	1	
IQ4_XS	10240	5120	9	0	2	stock_mmvq	0	141.34	197	0.488	1	
IQ4_XS	10240	5120	9	0	2	lcpp_mmvq	1	71.78	388	0.961	1	
IQ4_XS	10240	5120	9	0	2	lcpp_mmq	0	81.48	342	0.847	1	
IQ4_XS	10240	5120	9	0	2	mma_k	0	78.59	354	0.878	1	
IQ4_XS	10240	5120	9	0	4	stock_mmvq	0	280.06	99	0.246	1	
IQ4_XS	10240	5120	9	0	4	lcpp_mmvq	1	74.78	372	0.922	1	
IQ4_XS	10240	5120	9	0	4	lcpp_mmq	0	82.92	336	0.832	1	
IQ4_XS	10240	5120	9	0	4	mma_k	0	79.62	350	0.866	1	
IQ4_XS	10240	5120	9	0	6	stock_mmvq	0	426.68	65	0.162	1	
IQ4_XS	10240	5120	9	0	6	lcpp_mmvq	1	86.40	322	0.798	1	
IQ4_XS	10240	5120	9	0	6	lcpp_mmq	0	83.89	332	0.822	1	
IQ4_XS	10240	5120	9	0	6	mma_k	0	80.33	347	0.859	1	
IQ4_XS	10240	5120	9	0	8	stock_mmvq	0	554.79	50	0.124	1	
IQ4_XS	10240	5120	9	0	8	lcpp_mmvq	0	113.74	245	0.606	1	
IQ4_XS	10240	5120	9	0	8	lcpp_mmq	1	84.28	330	0.818	1	
IQ4_XS	10240	5120	9	0	8	mma_k	0	80.61	346	0.856	1	
IQ4_XS	10240	5120	9	0	12	stock_mmvq	0	836.68	33	0.082	1	
IQ4_XS	10240	5120	9	0	12	lcpp_mmq	0	93.41	298	0.738	1	
IQ4_XS	10240	5120	9	0	12	mma_k	1	82.64	337	0.835	1	
IQ4_XS	10240	5120	9	0	16	stock_mmvq	0	1119.99	25	0.062	1	
IQ4_XS	10240	5120	9	0	16	stock_dq	0	614.45	45	0.112	1	
IQ4_XS	10240	5120	9	0	16	lcpp_mmq	0	91.26	305	0.756	1	
IQ4_XS	10240	5120	9	0	16	mma_k	1	83.82	332	0.823	1	
IQ4_XS	10240	5120	9	0	24	stock_dq	0	609.09	46	0.113	1	
IQ4_XS	10240	5120	9	0	24	lcpp_mmq	1	101.32	275	0.681	1	
IQ4_XS	10240	5120	9	0	24	mma_k	0	93.70	297	0.736	1	
IQ4_XS	10240	5120	9	0	32	stock_dq	0	673.74	41	0.102	1	
IQ4_XS	10240	5120	9	0	32	lcpp_mmq	1	111.23	250	0.620	1	
IQ4_XS	10240	5120	9	0	32	mma_k	0	102.91	271	0.670	1	
IQ4_XS	10240	5120	9	0	48	stock_dq	0	691.71	40	0.100	1	
IQ4_XS	10240	5120	9	0	48	lcpp_mmq	1	121.40	229	0.568	1	
IQ4_XS	10240	5120	9	0	48	mma_k	0	145.43	192	0.474	1	
IQ4_XS	10240	5120	9	0	64	stock_dq	0	704.97	40	0.098	1	
IQ4_XS	10240	5120	9	0	64	lcpp_mmq	1	144.05	193	0.479	1	
IQ4_XS	10240	5120	9	0	64	mma_k	0	154.32	180	0.447	1	
IQ4_XS	10240	5120	9	0	128	stock_dq	0	713.16	39	0.097	1	
IQ4_XS	10240	5120	9	0	128	lcpp_mmq	1	241.61	115	0.285	1	
IQ4_XS	10240	5120	9	0	128	mma_k_chunked64	0	315.80	88	0.218	1	
IQ4_XS	12288	5120	2	0	1	stock_mmvq	0	87.71	381	0.944	1	
IQ4_XS	12288	5120	2	0	1	lcpp_mmvq	1	83.81	399	0.988	1	
IQ4_XS	12288	5120	2	0	1	lcpp_mmq	0	95.05	352	0.871	1	
IQ4_XS	12288	5120	2	0	1	mma_k	0	92.44	362	0.895	1	
IQ4_XS	12288	5120	2	0	2	stock_mmvq	0	167.99	199	0.493	1	
IQ4_XS	12288	5120	2	0	2	lcpp_mmvq	1	85.30	392	0.970	1	
IQ4_XS	12288	5120	2	0	2	lcpp_mmq	0	96.31	347	0.859	1	
IQ4_XS	12288	5120	2	0	2	mma_k	0	92.80	360	0.892	1	
IQ4_XS	12288	5120	2	0	4	stock_mmvq	0	331.29	101	0.250	1	
IQ4_XS	12288	5120	2	0	4	lcpp_mmvq	1	88.78	376	0.932	1	
IQ4_XS	12288	5120	2	0	4	lcpp_mmq	0	97.84	342	0.846	1	
IQ4_XS	12288	5120	2	0	4	mma_k	0	93.85	356	0.882	1	
IQ4_XS	12288	5120	2	0	6	stock_mmvq	0	503.50	66	0.164	1	
IQ4_XS	12288	5120	2	0	6	lcpp_mmvq	1	100.48	333	0.824	1	
IQ4_XS	12288	5120	2	0	6	lcpp_mmq	0	99.48	336	0.832	1	
IQ4_XS	12288	5120	2	0	6	mma_k	0	95.33	351	0.868	1	
IQ4_XS	12288	5120	2	0	8	stock_mmvq	0	676.97	49	0.122	1	
IQ4_XS	12288	5120	2	0	8	lcpp_mmvq	0	131.00	255	0.632	1	
IQ4_XS	12288	5120	2	0	8	lcpp_mmq	1	99.33	336	0.833	1	
IQ4_XS	12288	5120	2	0	8	mma_k	0	95.59	350	0.866	1	
IQ4_XS	12288	5120	2	0	12	stock_mmvq	0	1013.98	33	0.082	1	
IQ4_XS	12288	5120	2	0	12	lcpp_mmq	0	110.82	302	0.747	1	
IQ4_XS	12288	5120	2	0	12	mma_k	1	97.74	342	0.847	1	
IQ4_XS	12288	5120	2	0	16	stock_mmvq	0	1341.09	25	0.062	1	
IQ4_XS	12288	5120	2	0	16	stock_dq	0	750.28	45	0.110	1	
IQ4_XS	12288	5120	2	0	16	lcpp_mmq	0	108.03	309	0.766	1	
IQ4_XS	12288	5120	2	0	16	mma_k	1	98.79	338	0.838	1	
IQ4_XS	12288	5120	2	0	24	stock_dq	0	805.12	42	0.103	1	
IQ4_XS	12288	5120	2	0	24	lcpp_mmq	0	119.12	281	0.695	1	
IQ4_XS	12288	5120	2	0	24	mma_k	1	109.41	305	0.757	1	
IQ4_XS	12288	5120	2	0	32	stock_dq	0	748.62	45	0.111	1	
IQ4_XS	12288	5120	2	0	32	lcpp_mmq	0	130.64	256	0.634	1	
IQ4_XS	12288	5120	2	0	32	mma_k	1	120.81	277	0.685	1	
IQ4_XS	12288	5120	2	0	48	stock_dq	0	874.75	38	0.095	1	
IQ4_XS	12288	5120	2	0	48	lcpp_mmq	1	141.18	237	0.586	1	
IQ4_XS	12288	5120	2	0	48	mma_k	0	168.24	199	0.492	1	
IQ4_XS	12288	5120	2	0	64	stock_dq	0	910.69	37	0.091	1	
IQ4_XS	12288	5120	2	0	64	lcpp_mmq	1	169.45	197	0.488	1	
IQ4_XS	12288	5120	2	0	64	mma_k	0	181.50	184	0.456	1	
IQ4_XS	12288	5120	2	0	128	stock_dq	0	954.32	35	0.087	1	
IQ4_XS	12288	5120	2	0	128	lcpp_mmq	1	291.92	114	0.284	1	
IQ4_XS	12288	5120	2	0	128	mma_k_chunked64	0	374.63	89	0.221	1	
IQ4_XS	17408	5120	25	0	1	stock_mmvq	0	120.60	393	0.972	1	
IQ4_XS	17408	5120	25	0	1	lcpp_mmvq	1	117.12	404	1.001	1	
IQ4_XS	17408	5120	25	0	1	lcpp_mmq	0	127.54	371	0.919	1	
IQ4_XS	17408	5120	25	0	1	mma_k	0	126.92	373	0.924	1	
IQ4_XS	17408	5120	25	0	2	stock_mmvq	0	235.55	201	0.498	1	
IQ4_XS	17408	5120	25	0	2	lcpp_mmvq	1	118.84	398	0.987	1	
IQ4_XS	17408	5120	25	0	2	lcpp_mmq	0	128.38	369	0.913	1	
IQ4_XS	17408	5120	25	0	2	mma_k	0	127.03	373	0.923	1	
IQ4_XS	17408	5120	25	0	4	stock_mmvq	0	476.29	99	0.246	1	
IQ4_XS	17408	5120	25	0	4	lcpp_mmvq	1	122.96	385	0.954	1	
IQ4_XS	17408	5120	25	0	4	lcpp_mmq	0	130.23	364	0.900	1	
IQ4_XS	17408	5120	25	0	4	mma_k	0	128.74	368	0.911	1	
IQ4_XS	17408	5120	25	0	6	stock_mmvq	0	708.15	67	0.166	1	
IQ4_XS	17408	5120	25	0	6	lcpp_mmvq	1	139.78	339	0.839	1	
IQ4_XS	17408	5120	25	0	6	lcpp_mmq	0	131.81	359	0.890	1	
IQ4_XS	17408	5120	25	0	6	mma_k	0	130.02	364	0.902	1	
IQ4_XS	17408	5120	25	0	8	stock_mmvq	0	962.18	49	0.122	1	
IQ4_XS	17408	5120	25	0	8	lcpp_mmvq	0	188.62	251	0.622	1	
IQ4_XS	17408	5120	25	0	8	lcpp_mmq	1	131.51	360	0.892	1	
IQ4_XS	17408	5120	25	0	8	mma_k	0	130.66	362	0.897	1	
IQ4_XS	17408	5120	25	0	12	stock_mmvq	0	1471.92	32	0.080	1	
IQ4_XS	17408	5120	25	0	12	lcpp_mmq	0	143.28	330	0.818	1	
IQ4_XS	17408	5120	25	0	12	mma_k	1	133.09	356	0.881	1	
IQ4_XS	17408	5120	25	0	16	stock_mmvq	0	1911.51	25	0.061	1	
IQ4_XS	17408	5120	25	0	16	stock_dq	0	1018.11	47	0.115	1	
IQ4_XS	17408	5120	25	0	16	lcpp_mmq	0	140.85	336	0.833	1	
IQ4_XS	17408	5120	25	0	16	mma_k	1	135.24	350	0.867	1	
IQ4_XS	17408	5120	25	0	24	stock_dq	0	1012.30	47	0.116	1	
IQ4_XS	17408	5120	25	0	24	lcpp_mmq	0	154.65	306	0.758	1	
IQ4_XS	17408	5120	25	0	24	mma_k	1	156.21	303	0.751	1	
IQ4_XS	17408	5120	25	0	32	stock_dq	0	1057.56	45	0.111	1	
IQ4_XS	17408	5120	25	0	32	lcpp_mmq	0	166.37	285	0.705	1	
IQ4_XS	17408	5120	25	0	32	mma_k	1	169.45	279	0.692	1	
IQ4_XS	17408	5120	25	0	48	stock_dq	0	1060.63	45	0.111	1	
IQ4_XS	17408	5120	25	0	48	lcpp_mmq	1	190.40	249	0.616	1	
IQ4_XS	17408	5120	25	0	48	mma_k	0	223.00	212	0.526	1	
IQ4_XS	17408	5120	25	0	64	stock_dq	0	1061.43	45	0.110	1	
IQ4_XS	17408	5120	25	0	64	lcpp_mmq	1	223.95	211	0.524	1	
IQ4_XS	17408	5120	25	0	64	mma_k	0	247.58	191	0.474	1	
IQ4_XS	17408	5120	25	0	128	stock_dq	0	1127.32	42	0.104	1	
IQ4_XS	17408	5120	25	0	128	lcpp_mmq	1	371.66	127	0.316	1	
IQ4_XS	17408	5120	25	0	128	mma_k_chunked64	0	538.73	88	0.218	1	
Q2_K	5120	17408	1	0	1	stock_mmvq	0	106.09	276	0.683	1	
Q2_K	5120	17408	1	0	1	stock_mmq	0	145.00	202	0.499	1	
Q2_K	5120	17408	1	0	1	lcpp_mmvq	1	78.34	373	0.925	1	
Q2_K	5120	17408	1	0	1	lcpp_mmq	0	131.94	222	0.549	1	
Q2_K	5120	17408	1	0	2	stock_mmvq	0	209.02	140	0.346	1	
Q2_K	5120	17408	1	0	2	stock_mmq	0	150.99	194	0.480	1	
Q2_K	5120	17408	1	0	2	lcpp_mmvq	1	88.91	329	0.815	1	
Q2_K	5120	17408	1	0	2	lcpp_mmq	0	127.45	229	0.568	1	
Q2_K	5120	17408	1	0	4	stock_mmvq	0	404.89	72	0.179	1	
Q2_K	5120	17408	1	0	4	stock_mmq	0	154.14	190	0.470	1	
Q2_K	5120	17408	1	0	4	lcpp_mmvq	1	141.41	207	0.512	1	
Q2_K	5120	17408	1	0	4	lcpp_mmq	0	141.44	207	0.512	1	
Q2_K	5120	17408	1	0	6	stock_mmvq	0	621.18	47	0.117	1	
Q2_K	5120	17408	1	0	6	stock_mmq	0	239.99	122	0.302	1	
Q2_K	5120	17408	1	0	6	lcpp_mmvq	1	208.97	140	0.347	1	
Q2_K	5120	17408	1	0	6	lcpp_mmq	0	139.11	210	0.521	1	
Q2_K	5120	17408	1	0	8	stock_mmvq	0	811.96	36	0.089	1	
Q2_K	5120	17408	1	0	8	stock_mmq	0	244.79	119	0.296	1	
Q2_K	5120	17408	1	0	8	lcpp_mmvq	0	274.15	107	0.264	1	
Q2_K	5120	17408	1	0	8	lcpp_mmq	1	137.96	212	0.525	1	
Q2_K	5120	17408	1	0	12	stock_mmvq	0	1236.94	24	0.059	1	
Q2_K	5120	17408	1	0	12	stock_mmq	0	361.60	81	0.200	1	
Q2_K	5120	17408	1	0	12	lcpp_mmq	1	162.94	179	0.444	1	
Q2_K	5120	17408	1	0	16	stock_mmvq	0	1649.51	18	0.044	1	
Q2_K	5120	17408	1	0	16	stock_mmq	0	460.75	63	0.157	1	
Q2_K	5120	17408	1	0	16	stock_dq	0	996.81	29	0.073	1	
Q2_K	5120	17408	1	0	16	lcpp_mmq	1	157.49	186	0.460	1	
Q2_K	5120	17408	1	0	24	stock_mmq	0	696.32	42	0.104	1	
Q2_K	5120	17408	1	0	24	stock_dq	0	968.65	30	0.075	1	
Q2_K	5120	17408	1	0	24	lcpp_mmq	1	189.53	154	0.382	1	
Q2_K	5120	17408	1	0	32	stock_mmq	0	896.62	33	0.081	1	
Q2_K	5120	17408	1	0	32	stock_dq	0	979.02	30	0.074	1	
Q2_K	5120	17408	1	0	32	lcpp_mmq	1	225.43	130	0.321	1	
Q2_K	5120	17408	1	0	48	stock_mmq	0	1390.90	21	0.052	1	
Q2_K	5120	17408	1	0	48	stock_dq	0	986.50	30	0.073	1	
Q2_K	5120	17408	1	0	48	lcpp_mmq	1	279.86	105	0.259	1	
Q2_K	5120	17408	1	0	64	stock_mmq	0	1826.60	16	0.040	1	
Q2_K	5120	17408	1	0	64	stock_dq	0	1255.63	23	0.058	1	
Q2_K	5120	17408	1	0	64	lcpp_mmq	1	352.74	83	0.205	1	
Q2_K	5120	17408	1	0	128	stock_mmq	0	3729.36	8	0.019	1	
Q2_K	5120	17408	1	0	128	stock_dq	0	1346.36	22	0.054	1	
Q2_K	5120	17408	1	0	128	lcpp_mmq	1	834.71	35	0.087	1	
Q2_K	6144	5120	4	0	1	stock_mmvq	0	41.37	250	0.618	1	
Q2_K	6144	5120	4	0	1	stock_mmq	0	50.71	204	0.504	1	
Q2_K	6144	5120	4	0	1	lcpp_mmvq	1	33.33	310	0.767	1	
Q2_K	6144	5120	4	0	1	lcpp_mmq	0	49.36	209	0.518	1	
Q2_K	6144	5120	4	0	2	stock_mmvq	0	77.93	132	0.328	1	
Q2_K	6144	5120	4	0	2	stock_mmq	0	51.87	199	0.493	1	
Q2_K	6144	5120	4	0	2	lcpp_mmvq	1	38.07	271	0.672	1	
Q2_K	6144	5120	4	0	2	lcpp_mmq	0	49.97	207	0.512	1	
Q2_K	6144	5120	4	0	4	stock_mmvq	0	150.48	69	0.170	1	
Q2_K	6144	5120	4	0	4	stock_mmq	0	53.17	194	0.481	1	
Q2_K	6144	5120	4	0	4	lcpp_mmvq	1	61.34	168	0.417	1	
Q2_K	6144	5120	4	0	4	lcpp_mmq	0	50.59	204	0.505	1	
Q2_K	6144	5120	4	0	6	stock_mmvq	0	224.15	46	0.114	1	
Q2_K	6144	5120	4	0	6	stock_mmq	0	87.17	118	0.293	1	
Q2_K	6144	5120	4	0	6	lcpp_mmvq	1	77.34	133	0.331	1	
Q2_K	6144	5120	4	0	6	lcpp_mmq	0	53.20	194	0.481	1	
Q2_K	6144	5120	4	0	8	stock_mmvq	0	300.08	34	0.085	1	
Q2_K	6144	5120	4	0	8	stock_mmq	0	86.55	119	0.295	1	
Q2_K	6144	5120	4	0	8	lcpp_mmvq	0	101.06	102	0.253	1	
Q2_K	6144	5120	4	0	8	lcpp_mmq	1	52.99	195	0.482	1	
Q2_K	6144	5120	4	0	12	stock_mmvq	0	447.49	23	0.057	1	
Q2_K	6144	5120	4	0	12	stock_mmq	0	125.48	82	0.204	1	
Q2_K	6144	5120	4	0	12	lcpp_mmq	1	64.97	159	0.393	1	
Q2_K	6144	5120	4	0	16	stock_mmvq	0	594.34	17	0.043	1	
Q2_K	6144	5120	4	0	16	stock_mmq	0	155.72	66	0.164	1	
Q2_K	6144	5120	4	0	16	stock_dq	0	379.98	27	0.067	1	
Q2_K	6144	5120	4	0	16	lcpp_mmq	1	62.23	166	0.411	1	
Q2_K	6144	5120	4	0	24	stock_mmq	0	226.89	45	0.113	1	
Q2_K	6144	5120	4	0	24	stock_dq	0	364.29	28	0.070	1	
Q2_K	6144	5120	4	0	24	lcpp_mmq	1	74.32	139	0.344	1	
Q2_K	6144	5120	4	0	32	stock_mmq	0	292.29	35	0.087	1	
Q2_K	6144	5120	4	0	32	stock_dq	0	427.98	24	0.060	1	
Q2_K	6144	5120	4	0	32	lcpp_mmq	1	87.53	118	0.292	1	
Q2_K	6144	5120	4	0	48	stock_mmq	0	465.42	22	0.055	1	
Q2_K	6144	5120	4	0	48	stock_dq	0	395.16	26	0.065	1	
Q2_K	6144	5120	4	0	48	lcpp_mmq	1	109.88	94	0.233	1	
Q2_K	6144	5120	4	0	64	stock_mmq	0	592.86	17	0.043	1	
Q2_K	6144	5120	4	0	64	stock_dq	0	398.16	26	0.064	1	
Q2_K	6144	5120	4	0	64	lcpp_mmq	1	144.64	71	0.177	1	
Q2_K	6144	5120	4	0	128	stock_mmq	0	1263.36	8	0.020	1	
Q2_K	6144	5120	4	0	128	stock_dq	0	444.60	23	0.057	1	
Q2_K	6144	5120	4	0	128	lcpp_mmq	1	303.41	34	0.084	1	
Q2_K	10240	5120	1	0	1	stock_mmvq	0	64.77	266	0.658	1	
Q2_K	10240	5120	1	0	1	stock_mmq	0	68.68	250	0.620	1	
Q2_K	10240	5120	1	0	1	lcpp_mmvq	1	52.51	328	0.811	1	
Q2_K	10240	5120	1	0	1	lcpp_mmq	0	76.90	224	0.554	1	
Q2_K	10240	5120	1	0	2	stock_mmvq	0	126.62	136	0.336	1	
Q2_K	10240	5120	1	0	2	stock_mmq	0	71.50	241	0.596	1	
Q2_K	10240	5120	1	0	2	lcpp_mmvq	1	60.03	287	0.710	1	
Q2_K	10240	5120	1	0	2	lcpp_mmq	0	77.77	221	0.548	1	
Q2_K	10240	5120	1	0	4	stock_mmvq	0	250.50	69	0.170	1	
Q2_K	10240	5120	1	0	4	stock_mmq	0	73.45	234	0.580	1	
Q2_K	10240	5120	1	0	4	lcpp_mmvq	1	97.77	176	0.436	1	
Q2_K	10240	5120	1	0	4	lcpp_mmq	0	80.95	213	0.526	1	
Q2_K	10240	5120	1	0	6	stock_mmvq	0	370.87	46	0.115	1	
Q2_K	10240	5120	1	0	6	stock_mmq	0	131.74	131	0.323	1	
Q2_K	10240	5120	1	0	6	lcpp_mmvq	1	133.91	128	0.318	1	
Q2_K	10240	5120	1	0	6	lcpp_mmq	0	83.48	206	0.510	1	
Q2_K	10240	5120	1	0	8	stock_mmvq	0	494.46	35	0.086	1	
Q2_K	10240	5120	1	0	8	stock_mmq	0	134.45	128	0.317	1	
Q2_K	10240	5120	1	0	8	lcpp_mmvq	0	164.66	104	0.259	1	
Q2_K	10240	5120	1	0	8	lcpp_mmq	1	83.76	205	0.509	1	
Q2_K	10240	5120	1	0	12	stock_mmvq	0	743.13	23	0.057	1	
Q2_K	10240	5120	1	0	12	stock_mmq	0	190.03	91	0.224	1	
Q2_K	10240	5120	1	0	12	lcpp_mmq	1	105.40	163	0.404	1	
Q2_K	10240	5120	1	0	16	stock_mmvq	0	996.02	17	0.043	1	
Q2_K	10240	5120	1	0	16	stock_mmq	0	258.59	67	0.165	1	
Q2_K	10240	5120	1	0	16	stock_dq	0	584.81	29	0.073	1	
Q2_K	10240	5120	1	0	16	lcpp_mmq	1	97.20	177	0.438	1	
Q2_K	10240	5120	1	0	24	stock_mmq	0	363.88	47	0.117	1	
Q2_K	10240	5120	1	0	24	stock_dq	0	591.74	29	0.072	1	
Q2_K	10240	5120	1	0	24	lcpp_mmq	1	116.68	147	0.365	1	
Q2_K	10240	5120	1	0	32	stock_mmq	0	503.26	34	0.085	1	
Q2_K	10240	5120	1	0	32	stock_dq	0	654.54	26	0.065	1	
Q2_K	10240	5120	1	0	32	lcpp_mmq	1	138.16	125	0.308	1	
Q2_K	10240	5120	1	0	48	stock_mmq	0	740.03	23	0.058	1	
Q2_K	10240	5120	1	0	48	stock_dq	0	667.39	26	0.064	1	
Q2_K	10240	5120	1	0	48	lcpp_mmq	1	174.57	99	0.244	1	
Q2_K	10240	5120	1	0	64	stock_mmq	0	1056.78	16	0.040	1	
Q2_K	10240	5120	1	0	64	stock_dq	0	683.98	25	0.062	1	
Q2_K	10240	5120	1	0	64	lcpp_mmq	1	223.31	77	0.191	1	
Q2_K	10240	5120	1	0	128	stock_mmq	0	2143.78	8	0.020	1	
Q2_K	10240	5120	1	0	128	stock_dq	0	685.85	25	0.062	1	
Q2_K	10240	5120	1	0	128	lcpp_mmq	1	434.33	40	0.098	1	
Q2_K	12288	5120	6	0	1	stock_mmvq	0	76.70	269	0.667	1	
Q2_K	12288	5120	6	0	1	stock_mmq	0	85.04	243	0.601	1	
Q2_K	12288	5120	6	0	1	lcpp_mmvq	1	64.13	322	0.797	1	
Q2_K	12288	5120	6	0	1	lcpp_mmq	0	91.98	224	0.556	1	
Q2_K	12288	5120	6	0	2	stock_mmvq	0	149.25	138	0.343	1	
Q2_K	12288	5120	6	0	2	stock_mmq	0	87.37	236	0.585	1	
Q2_K	12288	5120	6	0	2	lcpp_mmvq	1	73.42	281	0.696	1	
Q2_K	12288	5120	6	0	2	lcpp_mmq	0	95.08	217	0.538	1	
Q2_K	12288	5120	6	0	4	stock_mmvq	0	298.19	69	0.171	1	
Q2_K	12288	5120	6	0	4	stock_mmq	0	90.27	229	0.566	1	
Q2_K	12288	5120	6	0	4	lcpp_mmvq	1	119.99	172	0.426	1	
Q2_K	12288	5120	6	0	4	lcpp_mmq	0	98.66	209	0.518	1	
Q2_K	12288	5120	6	0	6	stock_mmvq	0	450.14	46	0.114	1	
Q2_K	12288	5120	6	0	6	stock_mmq	0	160.90	128	0.318	1	
Q2_K	12288	5120	6	0	6	lcpp_mmvq	1	160.31	129	0.319	1	
Q2_K	12288	5120	6	0	6	lcpp_mmq	0	100.07	206	0.511	1	
Q2_K	12288	5120	6	0	8	stock_mmvq	0	599.83	34	0.085	1	
Q2_K	12288	5120	6	0	8	stock_mmq	0	160.72	128	0.318	1	
Q2_K	12288	5120	6	0	8	lcpp_mmvq	0	202.44	102	0.253	1	
Q2_K	12288	5120	6	0	8	lcpp_mmq	1	96.82	213	0.528	1	
Q2_K	12288	5120	6	0	12	stock_mmvq	0	887.70	23	0.058	1	
Q2_K	12288	5120	6	0	12	stock_mmq	0	234.21	88	0.218	1	
Q2_K	12288	5120	6	0	12	lcpp_mmq	1	122.88	168	0.416	1	
Q2_K	12288	5120	6	0	16	stock_mmvq	0	1197.15	17	0.043	1	
Q2_K	12288	5120	6	0	16	stock_mmq	0	310.63	66	0.165	1	
Q2_K	12288	5120	6	0	16	stock_dq	0	717.26	29	0.071	1	
Q2_K	12288	5120	6	0	16	lcpp_mmq	1	115.07	179	0.444	1	
Q2_K	12288	5120	6	0	24	stock_mmq	0	444.80	46	0.115	1	
Q2_K	12288	5120	6	0	24	stock_dq	0	772.99	27	0.066	1	
Q2_K	12288	5120	6	0	24	lcpp_mmq	1	137.91	150	0.371	1	
Q2_K	12288	5120	6	0	32	stock_mmq	0	566.47	36	0.090	1	
Q2_K	12288	5120	6	0	32	stock_dq	0	717.39	29	0.071	1	
Q2_K	12288	5120	6	0	32	lcpp_mmq	1	163.81	126	0.312	1	
Q2_K	12288	5120	6	0	48	stock_mmq	0	940.57	22	0.054	1	
Q2_K	12288	5120	6	0	48	stock_dq	0	866.92	24	0.059	1	
Q2_K	12288	5120	6	0	48	lcpp_mmq	1	205.52	100	0.249	1	
Q2_K	12288	5120	6	0	64	stock_mmq	0	1252.12	16	0.041	1	
Q2_K	12288	5120	6	0	64	stock_dq	0	879.21	23	0.058	1	
Q2_K	12288	5120	6	0	64	lcpp_mmq	1	260.28	79	0.196	1	
Q2_K	12288	5120	6	0	128	stock_mmq	0	2568.66	8	0.020	1	
Q2_K	12288	5120	6	0	128	stock_dq	0	919.45	22	0.056	1	
Q2_K	12288	5120	6	0	128	lcpp_mmq	1	524.10	39	0.098	1	
Q2_K	17408	5120	1	0	1	stock_mmvq	0	106.78	274	0.678	1	
Q2_K	17408	5120	1	0	1	stock_mmq	0	111.32	263	0.651	1	
Q2_K	17408	5120	1	0	1	lcpp_mmvq	1	94.52	309	0.766	1	
Q2_K	17408	5120	1	0	1	lcpp_mmq	0	127.87	229	0.566	1	
Q2_K	17408	5120	1	0	2	stock_mmvq	0	211.56	138	0.342	1	
Q2_K	17408	5120	1	0	2	stock_mmq	0	117.04	250	0.619	1	
Q2_K	17408	5120	1	0	2	lcpp_mmvq	1	99.58	294	0.727	1	
Q2_K	17408	5120	1	0	2	lcpp_mmq	0	126.60	231	0.572	1	
Q2_K	17408	5120	1	0	4	stock_mmvq	0	422.37	69	0.171	1	
Q2_K	17408	5120	1	0	4	stock_mmq	0	118.81	246	0.610	1	
Q2_K	17408	5120	1	0	4	lcpp_mmvq	1	169.67	172	0.427	1	
Q2_K	17408	5120	1	0	4	lcpp_mmq	0	134.20	218	0.540	1	
Q2_K	17408	5120	1	0	6	stock_mmvq	0	637.39	46	0.114	1	
Q2_K	17408	5120	1	0	6	stock_mmq	0	223.03	131	0.325	1	
Q2_K	17408	5120	1	0	6	lcpp_mmvq	1	222.90	131	0.325	1	
Q2_K	17408	5120	1	0	6	lcpp_mmq	0	135.35	216	0.535	1	
Q2_K	17408	5120	1	0	8	stock_mmvq	0	839.70	35	0.086	1	
Q2_K	17408	5120	1	0	8	stock_mmq	0	216.27	135	0.335	1	
Q2_K	17408	5120	1	0	8	lcpp_mmvq	0	291.20	100	0.249	1	
Q2_K	17408	5120	1	0	8	lcpp_mmq	1	129.95	225	0.557	1	
Q2_K	17408	5120	1	0	12	stock_mmvq	0	1273.42	23	0.057	1	
Q2_K	17408	5120	1	0	12	stock_mmq	0	328.93	89	0.220	1	
Q2_K	17408	5120	1	0	12	lcpp_mmq	1	164.84	177	0.439	1	
Q2_K	17408	5120	1	0	16	stock_mmvq	0	1694.77	17	0.043	1	
Q2_K	17408	5120	1	0	16	stock_mmq	0	430.09	68	0.168	1	
Q2_K	17408	5120	1	0	16	stock_dq	0	970.52	30	0.075	1	
Q2_K	17408	5120	1	0	16	lcpp_mmq	1	157.08	186	0.461	1	
Q2_K	17408	5120	1	0	24	stock_mmq	0	659.15	44	0.110	1	
Q2_K	17408	5120	1	0	24	stock_dq	0	966.40	30	0.075	1	
Q2_K	17408	5120	1	0	24	lcpp_mmq	1	188.90	155	0.383	1	
Q2_K	17408	5120	1	0	32	stock_mmq	0	822.01	36	0.088	1	
Q2_K	17408	5120	1	0	32	stock_dq	0	1013.58	29	0.071	1	
Q2_K	17408	5120	1	0	32	lcpp_mmq	1	225.54	130	0.321	1	
Q2_K	17408	5120	1	0	48	stock_mmq	0	1335.30	22	0.054	1	
Q2_K	17408	5120	1	0	48	stock_dq	0	1014.35	29	0.071	1	
Q2_K	17408	5120	1	0	48	lcpp_mmq	1	279.42	105	0.259	1	
Q2_K	17408	5120	1	0	64	stock_mmq	0	1787.15	16	0.041	1	
Q2_K	17408	5120	1	0	64	stock_dq	0	1015.01	29	0.071	1	
Q2_K	17408	5120	1	0	64	lcpp_mmq	1	348.47	84	0.208	1	
Q2_K	17408	5120	1	0	128	stock_mmq	0	3648.33	8	0.020	1	
Q2_K	17408	5120	1	0	128	stock_dq	0	1084.11	27	0.067	1	
Q2_K	17408	5120	1	0	128	lcpp_mmq	1	610.06	48	0.119	1	
Q4_K	1024	5120	13	0	1	stock_mmvq	0	12.60	234	0.580	1	
Q4_K	1024	5120	13	0	1	stock_mmq	0	27.49	107	0.266	1	
Q4_K	1024	5120	13	0	1	lcpp_mmvq	1	10.80	273	0.676	1	
Q4_K	1024	5120	13	0	1	lcpp_mmq	0	17.43	169	0.419	1	
Q4_K	1024	5120	13	0	1	own_vec	0	14.41	205	0.507	1	
Q4_K	1024	5120	13	0	1	mma_k	0	14.90	198	0.490	1	
Q4_K	1024	5120	13	0	2	stock_mmvq	0	14.72	200	0.496	1	
Q4_K	1024	5120	13	0	2	stock_mmq	0	27.34	108	0.267	1	
Q4_K	1024	5120	13	0	2	lcpp_mmvq	1	11.21	263	0.651	1	
Q4_K	1024	5120	13	0	2	lcpp_mmq	0	17.33	170	0.421	1	
Q4_K	1024	5120	13	0	2	own_vec	0	12.54	235	0.582	1	
Q4_K	1024	5120	13	0	2	mma_k	0	14.95	197	0.489	1	
Q4_K	1024	5120	13	0	4	stock_mmvq	0	22.35	132	0.327	1	
Q4_K	1024	5120	13	0	4	stock_mmq	0	27.65	107	0.264	1	
Q4_K	1024	5120	13	0	4	lcpp_mmvq	1	12.95	228	0.564	1	
Q4_K	1024	5120	13	0	4	lcpp_mmq	0	17.36	170	0.421	1	
Q4_K	1024	5120	13	0	4	own_vec	0	14.62	202	0.500	1	
Q4_K	1024	5120	13	0	4	mma_k	0	14.87	198	0.491	1	
Q4_K	1024	5120	13	0	6	stock_mmvq	0	29.98	98	0.244	1	
Q4_K	1024	5120	13	0	6	stock_mmq	0	34.89	85	0.209	1	
Q4_K	1024	5120	13	0	6	lcpp_mmvq	1	15.16	195	0.482	1	
Q4_K	1024	5120	13	0	6	lcpp_mmq	0	17.46	169	0.418	1	
Q4_K	1024	5120	13	0	6	own_vec	0	17.20	171	0.425	1	
Q4_K	1024	5120	13	0	6	mma_k	0	16.33	181	0.447	1	
Q4_K	1024	5120	13	0	8	stock_mmvq	0	37.63	78	0.194	1	
Q4_K	1024	5120	13	0	8	stock_mmq	0	35.12	84	0.208	1	
Q4_K	1024	5120	13	0	8	lcpp_mmvq	0	18.07	163	0.404	1	
Q4_K	1024	5120	13	0	8	lcpp_mmq	1	17.43	169	0.419	1	
Q4_K	1024	5120	13	0	8	own_vec	0	17.59	168	0.415	1	
Q4_K	1024	5120	13	0	8	mma_k	0	16.44	179	0.444	1	
Q4_K	1024	5120	13	0	12	stock_mmvq	0	52.97	56	0.138	1	
Q4_K	1024	5120	13	0	12	stock_mmq	0	48.79	60	0.150	1	
Q4_K	1024	5120	13	0	12	lcpp_mmq	1	19.61	150	0.372	1	
Q4_K	1024	5120	13	0	12	mma_k	0	17.89	165	0.408	1	
Q4_K	1024	5120	13	0	16	stock_mmvq	0	68.20	43	0.107	1	
Q4_K	1024	5120	13	0	16	stock_mmq	0	49.36	60	0.148	1	
Q4_K	1024	5120	13	0	16	stock_dq	0	66.25	45	0.110	1	
Q4_K	1024	5120	13	0	16	lcpp_mmq	1	19.89	148	0.367	1	
Q4_K	1024	5120	13	0	16	mma_k	0	19.25	153	0.379	1	
Q4_K	1024	5120	13	0	24	stock_mmq	0	76.13	39	0.096	1	
Q4_K	1024	5120	13	0	24	stock_dq	0	68.94	43	0.106	1	
Q4_K	1024	5120	13	0	24	lcpp_mmq	1	20.89	141	0.350	1	
Q4_K	1024	5120	13	0	24	mma_k	0	23.37	126	0.312	1	
Q4_K	1024	5120	13	0	32	stock_mmq	0	89.98	33	0.081	1	
Q4_K	1024	5120	13	0	32	stock_dq	0	69.35	43	0.105	1	
Q4_K	1024	5120	13	0	32	lcpp_mmq	1	23.55	125	0.310	1	
Q4_K	1024	5120	13	0	32	mma_k	0	26.78	110	0.273	1	
Q4_K	1024	5120	13	0	48	stock_mmq	0	131.28	22	0.056	1	
Q4_K	1024	5120	13	0	48	stock_dq	0	67.76	44	0.108	1	
Q4_K	1024	5120	13	0	48	lcpp_mmq	1	27.62	107	0.264	1	
Q4_K	1024	5120	13	0	48	mma_k	0	36.92	80	0.198	1	
Q4_K	1024	5120	13	0	64	stock_mmq	0	172.31	17	0.042	1	
Q4_K	1024	5120	13	0	64	stock_dq	0	68.58	43	0.106	1	
Q4_K	1024	5120	13	0	64	lcpp_mmq	1	33.61	88	0.217	1	
Q4_K	1024	5120	13	0	64	mma_k	0	42.78	69	0.171	1	
Q4_K	1024	5120	13	0	128	stock_mmq	0	323.48	9	0.023	1	
Q4_K	1024	5120	13	0	128	stock_dq	0	81.18	36	0.090	1	
Q4_K	1024	5120	13	0	128	lcpp_mmq	1	61.41	48	0.119	1	
Q4_K	1024	5120	13	0	128	mma_k_chunked64	0	86.63	34	0.084	1	
Q4_K	5120	6144	9	0	1	stock_mmvq	0	47.74	371	0.918	1	
Q4_K	5120	6144	9	0	1	stock_mmq	0	78.57	225	0.558	1	
Q4_K	5120	6144	9	0	1	lcpp_mmvq	1	46.16	383	0.949	1	
Q4_K	5120	6144	9	0	1	lcpp_mmq	0	59.03	300	0.742	1	
Q4_K	5120	6144	9	0	1	own_vec	0	48.95	362	0.895	1	
Q4_K	5120	6144	9	0	1	mma_k	0	50.94	347	0.860	1	
Q4_K	5120	6144	9	0	2	stock_mmvq	0	91.16	194	0.481	1	
Q4_K	5120	6144	9	0	2	stock_mmq	0	79.10	224	0.554	1	
Q4_K	5120	6144	9	0	2	lcpp_mmvq	1	46.82	378	0.936	1	
Q4_K	5120	6144	9	0	2	lcpp_mmq	0	59.34	298	0.738	1	
Q4_K	5120	6144	9	0	2	own_vec	0	51.81	342	0.846	1	
Q4_K	5120	6144	9	0	2	mma_k	0	51.20	346	0.856	1	
Q4_K	5120	6144	9	0	4	stock_mmvq	0	177.06	100	0.247	1	
Q4_K	5120	6144	9	0	4	stock_mmq	0	81.54	217	0.537	1	
Q4_K	5120	6144	9	0	4	lcpp_mmvq	0	49.46	358	0.886	1	
Q4_K	5120	6144	9	0	4	lcpp_mmq	0	59.93	295	0.731	1	
Q4_K	5120	6144	9	0	4	own_vec	1	53.45	331	0.820	1	
Q4_K	5120	6144	9	0	4	mma_k	0	51.71	342	0.847	1	
Q4_K	5120	6144	9	0	6	stock_mmvq	0	262.63	67	0.167	1	
Q4_K	5120	6144	9	0	6	stock_mmq	0	129.33	137	0.339	1	
Q4_K	5120	6144	9	0	6	lcpp_mmvq	0	62.54	283	0.701	1	
Q4_K	5120	6144	9	0	6	lcpp_mmq	0	61.48	288	0.713	1	
Q4_K	5120	6144	9	0	6	own_vec	1	59.24	299	0.740	1	
Q4_K	5120	6144	9	0	6	mma_k	0	53.45	331	0.820	1	
Q4_K	5120	6144	9	0	8	stock_mmvq	0	349.00	51	0.126	1	
Q4_K	5120	6144	9	0	8	stock_mmq	0	131.51	135	0.333	1	
Q4_K	5120	6144	9	0	8	lcpp_mmvq	0	76.60	231	0.572	1	
Q4_K	5120	6144	9	0	8	lcpp_mmq	0	63.64	278	0.689	1	
Q4_K	5120	6144	9	0	8	own_vec	1	62.69	282	0.699	1	
Q4_K	5120	6144	9	0	8	mma_k	0	53.53	331	0.819	1	
Q4_K	5120	6144	9	0	12	stock_mmvq	0	521.01	34	0.084	1	
Q4_K	5120	6144	9	0	12	stock_mmq	0	198.66	89	0.221	1	
Q4_K	5120	6144	9	0	12	lcpp_mmq	0	67.35	263	0.651	1	
Q4_K	5120	6144	9	0	12	mma_k	1	55.09	321	0.795	1	
Q4_K	5120	6144	9	0	16	stock_mmvq	0	693.89	26	0.063	1	
Q4_K	5120	6144	9	0	16	stock_mmq	0	251.98	70	0.174	1	
Q4_K	5120	6144	9	0	16	stock_dq	0	370.84	48	0.118	1	
Q4_K	5120	6144	9	0	16	lcpp_mmq	0	67.28	263	0.651	1	
Q4_K	5120	6144	9	0	16	mma_k	1	56.65	312	0.774	1	
Q4_K	5120	6144	9	0	24	stock_mmq	0	365.58	48	0.120	1	
Q4_K	5120	6144	9	0	24	stock_dq	0	367.67	48	0.119	1	
Q4_K	5120	6144	9	0	24	lcpp_mmq	0	64.15	276	0.683	1	
Q4_K	5120	6144	9	0	24	mma_k	1	61.18	289	0.716	1	
Q4_K	5120	6144	9	0	32	stock_mmq	0	495.11	36	0.089	1	
Q4_K	5120	6144	9	0	32	stock_dq	0	368.44	48	0.119	1	
Q4_K	5120	6144	9	0	32	lcpp_mmq	0	72.40	244	0.605	1	
Q4_K	5120	6144	9	0	32	mma_k	1	64.72	273	0.677	1	
Q4_K	5120	6144	9	0	48	stock_mmq	0	741.38	24	0.059	1	
Q4_K	5120	6144	9	0	48	stock_dq	0	369.48	48	0.119	1	
Q4_K	5120	6144	9	0	48	lcpp_mmq	1	88.24	201	0.497	1	
Q4_K	5120	6144	9	0	48	mma_k	0	95.92	184	0.457	1	
Q4_K	5120	6144	9	0	64	stock_mmq	0	962.14	18	0.046	1	
Q4_K	5120	6144	9	0	64	stock_dq	0	472.65	37	0.093	1	
Q4_K	5120	6144	9	0	64	lcpp_mmq	1	105.19	168	0.417	1	
Q4_K	5120	6144	9	0	64	mma_k	0	101.09	175	0.433	1	
Q4_K	5120	6144	9	0	128	stock_mmq	0	1992.09	9	0.022	1	
Q4_K	5120	6144	9	0	128	stock_dq	0	424.04	42	0.103	1	
Q4_K	5120	6144	9	0	128	lcpp_mmq	1	174.98	101	0.250	1	
Q4_K	5120	6144	9	0	128	mma_k_chunked64	0	212.71	83	0.206	1	
Q4_K	5120	17408	6	0	1	stock_mmvq	0	130.56	384	0.951	1	
Q4_K	5120	17408	6	0	1	stock_mmq	0	209.34	239	0.593	1	
Q4_K	5120	17408	6	0	1	lcpp_mmvq	1	123.55	406	1.005	1	
Q4_K	5120	17408	6	0	1	lcpp_mmq	0	153.15	327	0.811	1	
Q4_K	5120	17408	6	0	1	own_vec	0	129.28	388	0.960	1	
Q4_K	5120	17408	6	0	1	mma_k	0	133.71	375	0.929	1	
Q4_K	5120	17408	6	0	2	stock_mmvq	0	254.62	197	0.488	1	
Q4_K	5120	17408	6	0	2	stock_mmq	0	210.23	238	0.591	1	
Q4_K	5120	17408	6	0	2	lcpp_mmvq	1	125.08	401	0.993	1	
Q4_K	5120	17408	6	0	2	lcpp_mmq	0	153.91	326	0.807	1	
Q4_K	5120	17408	6	0	2	own_vec	0	139.47	359	0.890	1	
Q4_K	5120	17408	6	0	2	mma_k	0	134.99	371	0.920	1	
Q4_K	5120	17408	6	0	4	stock_mmvq	0	502.81	100	0.247	1	
Q4_K	5120	17408	6	0	4	stock_mmq	0	211.69	237	0.587	1	
Q4_K	5120	17408	6	0	4	lcpp_mmvq	0	131.99	380	0.941	1	
Q4_K	5120	17408	6	0	4	lcpp_mmq	0	159.08	315	0.780	1	
Q4_K	5120	17408	6	0	4	own_vec	1	143.62	349	0.865	1	
Q4_K	5120	17408	6	0	4	mma_k	0	136.15	368	0.912	1	
Q4_K	5120	17408	6	0	6	stock_mmvq	0	751.67	67	0.165	1	
Q4_K	5120	17408	6	0	6	stock_mmq	0	354.80	141	0.350	1	
Q4_K	5120	17408	6	0	6	lcpp_mmvq	0	161.15	311	0.770	1	
Q4_K	5120	17408	6	0	6	lcpp_mmq	0	157.21	319	0.790	1	
Q4_K	5120	17408	6	0	6	own_vec	1	162.23	309	0.765	1	
Q4_K	5120	17408	6	0	6	mma_k	0	137.22	365	0.905	1	
Q4_K	5120	17408	6	0	8	stock_mmvq	0	999.43	50	0.124	1	
Q4_K	5120	17408	6	0	8	stock_mmq	0	357.68	140	0.347	1	
Q4_K	5120	17408	6	0	8	lcpp_mmvq	0	202.93	247	0.612	1	
Q4_K	5120	17408	6	0	8	lcpp_mmq	0	161.33	311	0.770	1	
Q4_K	5120	17408	6	0	8	own_vec	1	166.27	302	0.747	1	
Q4_K	5120	17408	6	0	8	mma_k	0	138.32	362	0.898	1	
Q4_K	5120	17408	6	0	12	stock_mmvq	0	1495.61	34	0.083	1	
Q4_K	5120	17408	6	0	12	stock_mmq	0	541.25	93	0.229	1	
Q4_K	5120	17408	6	0	12	lcpp_mmq	0	167.42	299	0.742	1	
Q4_K	5120	17408	6	0	12	mma_k	1	140.83	356	0.882	1	
Q4_K	5120	17408	6	0	16	stock_mmvq	0	2014.26	25	0.062	1	
Q4_K	5120	17408	6	0	16	stock_mmq	0	691.38	73	0.180	1	
Q4_K	5120	17408	6	0	16	stock_dq	0	1050.37	48	0.118	1	
Q4_K	5120	17408	6	0	16	lcpp_mmq	0	167.20	300	0.743	1	
Q4_K	5120	17408	6	0	16	mma_k	1	143.28	350	0.867	1	
Q4_K	5120	17408	6	0	24	stock_mmq	0	1030.63	49	0.120	1	
Q4_K	5120	17408	6	0	24	stock_dq	0	1021.70	49	0.122	1	
Q4_K	5120	17408	6	0	24	lcpp_mmq	0	159.51	314	0.778	1	
Q4_K	5120	17408	6	0	24	mma_k	1	151.55	331	0.819	1	
Q4_K	5120	17408	6	0	32	stock_mmq	0	1370.83	37	0.091	1	
Q4_K	5120	17408	6	0	32	stock_dq	0	1039.46	48	0.119	1	
Q4_K	5120	17408	6	0	32	lcpp_mmq	0	180.51	278	0.688	1	
Q4_K	5120	17408	6	0	32	mma_k	1	156.72	320	0.792	1	
Q4_K	5120	17408	6	0	48	stock_mmq	0	2050.29	24	0.061	1	
Q4_K	5120	17408	6	0	48	stock_dq	0	1052.21	48	0.118	1	
Q4_K	5120	17408	6	0	48	lcpp_mmq	1	214.53	234	0.579	1	
Q4_K	5120	17408	6	0	48	mma_k	0	243.02	206	0.511	1	
Q4_K	5120	17408	6	0	64	stock_mmq	0	2754.07	18	0.045	1	
Q4_K	5120	17408	6	0	64	stock_dq	0	1312.76	38	0.095	1	
Q4_K	5120	17408	6	0	64	lcpp_mmq	1	256.20	196	0.485	1	
Q4_K	5120	17408	6	0	64	mma_k	0	265.16	189	0.468	1	
Q4_K	5120	17408	6	0	128	stock_mmq	0	5506.27	9	0.023	1	
Q4_K	5120	17408	6	0	128	stock_dq	0	1389.16	36	0.089	1	
Q4_K	5120	17408	6	0	128	lcpp_mmq	1	442.57	113	0.281	1	
Q4_K	5120	17408	6	0	128	mma_k_chunked64	0	550.89	91	0.225	1	
Q4_K	6144	5120	3	0	1	stock_mmvq	0	49.10	360	0.892	1	
Q4_K	6144	5120	3	0	1	stock_mmq	0	79.05	224	0.554	1	
Q4_K	6144	5120	3	0	1	lcpp_mmvq	1	46.26	383	0.947	1	
Q4_K	6144	5120	3	0	1	lcpp_mmq	0	60.01	295	0.730	1	
Q4_K	6144	5120	3	0	1	own_vec	0	48.44	365	0.905	1	
Q4_K	6144	5120	3	0	1	mma_k	0	51.25	345	0.855	1	
Q4_K	6144	5120	3	0	2	stock_mmvq	0	90.98	194	0.482	1	
Q4_K	6144	5120	3	0	2	stock_mmq	0	78.46	226	0.558	1	
Q4_K	6144	5120	3	0	2	lcpp_mmvq	1	47.03	376	0.932	1	
Q4_K	6144	5120	3	0	2	lcpp_mmq	0	60.31	293	0.727	1	
Q4_K	6144	5120	3	0	2	own_vec	0	49.10	360	0.892	1	
Q4_K	6144	5120	3	0	2	mma_k	0	51.81	342	0.846	1	
Q4_K	6144	5120	3	0	4	stock_mmvq	0	177.15	100	0.247	1	
Q4_K	6144	5120	3	0	4	stock_mmq	0	80.59	220	0.544	1	
Q4_K	6144	5120	3	0	4	lcpp_mmvq	0	50.92	348	0.861	1	
Q4_K	6144	5120	3	0	4	lcpp_mmq	0	60.60	292	0.723	1	
Q4_K	6144	5120	3	0	4	own_vec	1	51.07	346	0.858	1	
Q4_K	6144	5120	3	0	4	mma_k	0	51.87	341	0.845	1	
Q4_K	6144	5120	3	0	6	stock_mmvq	0	262.59	67	0.167	1	
Q4_K	6144	5120	3	0	6	stock_mmq	0	133.07	133	0.329	1	
Q4_K	6144	5120	3	0	6	lcpp_mmvq	0	62.90	281	0.697	1	
Q4_K	6144	5120	3	0	6	lcpp_mmq	0	62.96	281	0.696	1	
Q4_K	6144	5120	3	0	6	own_vec	1	64.08	276	0.684	1	
Q4_K	6144	5120	3	0	6	mma_k	0	53.22	332	0.823	1	
Q4_K	6144	5120	3	0	8	stock_mmvq	0	348.47	51	0.126	1	
Q4_K	6144	5120	3	0	8	stock_mmq	0	134.73	131	0.325	1	
Q4_K	6144	5120	3	0	8	lcpp_mmvq	0	79.31	223	0.553	1	
Q4_K	6144	5120	3	0	8	lcpp_mmq	0	62.20	284	0.705	1	
Q4_K	6144	5120	3	0	8	own_vec	1	64.20	276	0.683	1	
Q4_K	6144	5120	3	0	8	mma_k	0	53.71	329	0.816	1	
Q4_K	6144	5120	3	0	12	stock_mmvq	0	520.22	34	0.084	1	
Q4_K	6144	5120	3	0	12	stock_mmq	0	190.54	93	0.230	1	
Q4_K	6144	5120	3	0	12	lcpp_mmq	0	68.12	260	0.643	1	
Q4_K	6144	5120	3	0	12	mma_k	1	55.07	321	0.796	1	
Q4_K	6144	5120	3	0	16	stock_mmvq	0	692.34	26	0.063	1	
Q4_K	6144	5120	3	0	16	stock_mmq	0	246.58	72	0.178	1	
Q4_K	6144	5120	3	0	16	stock_dq	0	398.03	44	0.110	1	
Q4_K	6144	5120	3	0	16	lcpp_mmq	0	67.69	261	0.647	1	
Q4_K	6144	5120	3	0	16	mma_k	1	56.22	315	0.779	1	
Q4_K	6144	5120	3	0	24	stock_mmq	0	359.97	49	0.122	1	
Q4_K	6144	5120	3	0	24	stock_dq	0	383.23	46	0.114	1	
Q4_K	6144	5120	3	0	24	lcpp_mmq	0	62.87	281	0.697	1	
Q4_K	6144	5120	3	0	24	mma_k	1	59.55	297	0.736	1	
Q4_K	6144	5120	3	0	32	stock_mmq	0	487.17	36	0.090	1	
Q4_K	6144	5120	3	0	32	stock_dq	0	446.31	40	0.098	1	
Q4_K	6144	5120	3	0	32	lcpp_mmq	0	71.09	249	0.616	1	
Q4_K	6144	5120	3	0	32	mma_k	1	62.46	283	0.702	1	
Q4_K	6144	5120	3	0	48	stock_mmq	0	724.10	24	0.061	1	
Q4_K	6144	5120	3	0	48	stock_dq	0	413.72	43	0.106	1	
Q4_K	6144	5120	3	0	48	lcpp_mmq	1	87.17	203	0.503	1	
Q4_K	6144	5120	3	0	48	mma_k	0	96.19	184	0.456	1	
Q4_K	6144	5120	3	0	64	stock_mmq	0	947.21	19	0.046	1	
Q4_K	6144	5120	3	0	64	stock_dq	0	416.84	42	0.105	1	
Q4_K	6144	5120	3	0	64	lcpp_mmq	1	105.06	168	0.417	1	
Q4_K	6144	5120	3	0	64	mma_k	0	100.86	175	0.434	1	
Q4_K	6144	5120	3	0	128	stock_mmq	0	1919.49	9	0.023	1	
Q4_K	6144	5120	3	0	128	stock_dq	0	463.72	38	0.094	1	
Q4_K	6144	5120	3	0	128	lcpp_mmq	1	179.71	98	0.244	1	
Q4_K	6144	5120	3	0	128	mma_k_chunked64	0	210.48	84	0.208	1	
Q4_K	10240	5120	1	0	1	stock_mmvq	0	76.54	385	0.954	1	
Q4_K	10240	5120	1	0	1	stock_mmq	0	105.98	278	0.689	1	
Q4_K	10240	5120	1	0	1	lcpp_mmvq	1	74.32	397	0.983	1	
Q4_K	10240	5120	1	0	1	lcpp_mmq	0	96.08	307	0.760	1	
Q4_K	10240	5120	1	0	1	own_vec	0	77.21	382	0.946	1	
Q4_K	10240	5120	1	0	1	mma_k	0	80.00	369	0.913	1	
Q4_K	10240	5120	1	0	2	stock_mmvq	0	147.71	200	0.494	1	
Q4_K	10240	5120	1	0	2	stock_mmq	0	106.52	277	0.686	1	
Q4_K	10240	5120	1	0	2	lcpp_mmvq	1	75.42	391	0.968	1	
Q4_K	10240	5120	1	0	2	lcpp_mmq	0	97.28	303	0.751	1	
Q4_K	10240	5120	1	0	2	own_vec	0	78.00	378	0.936	1	
Q4_K	10240	5120	1	0	2	mma_k	0	80.64	366	0.906	1	
Q4_K	10240	5120	1	0	4	stock_mmvq	0	290.53	102	0.251	1	
Q4_K	10240	5120	1	0	4	stock_mmq	0	106.88	276	0.683	1	
Q4_K	10240	5120	1	0	4	lcpp_mmvq	0	81.82	360	0.893	1	
Q4_K	10240	5120	1	0	4	lcpp_mmq	0	100.66	293	0.726	1	
Q4_K	10240	5120	1	0	4	own_vec	1	81.08	364	0.901	1	
Q4_K	10240	5120	1	0	4	mma_k	0	81.54	362	0.896	1	
Q4_K	10240	5120	1	0	6	stock_mmvq	0	440.23	67	0.166	1	
Q4_K	10240	5120	1	0	6	stock_mmq	0	201.73	146	0.362	1	
Q4_K	10240	5120	1	0	6	lcpp_mmvq	0	101.56	290	0.719	1	
Q4_K	10240	5120	1	0	6	lcpp_mmq	0	100.88	292	0.724	1	
Q4_K	10240	5120	1	0	6	own_vec	1	95.36	309	0.766	1	
Q4_K	10240	5120	1	0	6	mma_k	0	82.82	356	0.882	1	
Q4_K	10240	5120	1	0	8	stock_mmvq	0	577.66	51	0.126	1	
Q4_K	10240	5120	1	0	8	stock_mmq	0	205.49	144	0.355	1	
Q4_K	10240	5120	1	0	8	lcpp_mmvq	0	130.07	227	0.561	1	
Q4_K	10240	5120	1	0	8	lcpp_mmq	0	99.84	295	0.732	1	
Q4_K	10240	5120	1	0	8	own_vec	1	96.03	307	0.761	1	
Q4_K	10240	5120	1	0	8	mma_k	0	83.10	355	0.879	1	
Q4_K	10240	5120	1	0	12	stock_mmvq	0	863.80	34	0.085	1	
Q4_K	10240	5120	1	0	12	stock_mmq	0	302.52	97	0.241	1	
Q4_K	10240	5120	1	0	12	lcpp_mmq	0	105.86	279	0.690	1	
Q4_K	10240	5120	1	0	12	mma_k	1	84.89	347	0.860	1	
Q4_K	10240	5120	1	0	16	stock_mmvq	0	1151.26	26	0.063	1	
Q4_K	10240	5120	1	0	16	stock_mmq	0	400.72	74	0.182	1	
Q4_K	10240	5120	1	0	16	stock_dq	0	617.06	48	0.118	1	
Q4_K	10240	5120	1	0	16	lcpp_mmq	0	105.22	280	0.694	1	
Q4_K	10240	5120	1	0	16	mma_k	1	86.04	343	0.849	1	
Q4_K	10240	5120	1	0	24	stock_mmq	0	599.17	49	0.122	1	
Q4_K	10240	5120	1	0	24	stock_dq	0	616.55	48	0.118	1	
Q4_K	10240	5120	1	0	24	lcpp_mmq	0	97.10	304	0.752	1	
Q4_K	10240	5120	1	0	24	mma_k	1	91.78	321	0.796	1	
Q4_K	10240	5120	1	0	32	stock_mmq	0	799.55	37	0.091	1	
Q4_K	10240	5120	1	0	32	stock_dq	0	675.71	44	0.108	1	
Q4_K	10240	5120	1	0	32	lcpp_mmq	0	110.03	268	0.664	1	
Q4_K	10240	5120	1	0	32	mma_k	1	95.36	309	0.766	1	
Q4_K	10240	5120	1	0	48	stock_mmq	0	1205.04	24	0.061	1	
Q4_K	10240	5120	1	0	48	stock_dq	0	693.61	43	0.105	1	
Q4_K	10240	5120	1	0	48	lcpp_mmq	1	135.32	218	0.540	1	
Q4_K	10240	5120	1	0	48	mma_k	0	157.82	187	0.463	1	
Q4_K	10240	5120	1	0	64	stock_mmq	0	1607.60	18	0.045	1	
Q4_K	10240	5120	1	0	64	stock_dq	0	713.73	41	0.102	1	
Q4_K	10240	5120	1	0	64	lcpp_mmq	1	162.51	181	0.449	1	
Q4_K	10240	5120	1	0	64	mma_k	0	165.09	179	0.442	1	
Q4_K	10240	5120	1	0	128	stock_mmq	0	3233.61	9	0.023	1	
Q4_K	10240	5120	1	0	128	stock_dq	0	717.38	41	0.102	1	
Q4_K	10240	5120	1	0	128	lcpp_mmq	1	271.80	109	0.269	1	
Q4_K	10240	5120	1	0	128	mma_k_chunked64	0	333.77	88	0.219	1	
Q4_K	12288	5120	1	0	1	stock_mmvq	0	90.68	390	0.967	1	
Q4_K	12288	5120	1	0	1	stock_mmq	0	132.56	267	0.661	1	
Q4_K	12288	5120	1	0	1	lcpp_mmvq	1	88.55	400	0.990	1	
Q4_K	12288	5120	1	0	1	lcpp_mmq	0	112.88	314	0.776	1	
Q4_K	12288	5120	1	0	1	own_vec	0	90.93	389	0.964	1	
Q4_K	12288	5120	1	0	1	mma_k	0	94.18	376	0.931	1	
Q4_K	12288	5120	1	0	2	stock_mmvq	0	176.74	200	0.496	1	
Q4_K	12288	5120	1	0	2	stock_mmq	0	134.40	263	0.652	1	
Q4_K	12288	5120	1	0	2	lcpp_mmvq	1	89.47	396	0.980	1	
Q4_K	12288	5120	1	0	2	lcpp_mmq	0	113.13	313	0.775	1	
Q4_K	12288	5120	1	0	2	own_vec	0	90.37	392	0.970	1	
Q4_K	12288	5120	1	0	2	mma_k	0	95.13	372	0.921	1	
Q4_K	12288	5120	1	0	4	stock_mmvq	0	347.03	102	0.253	1	
Q4_K	12288	5120	1	0	4	stock_mmq	0	134.94	262	0.650	1	
Q4_K	12288	5120	1	0	4	lcpp_mmvq	0	96.71	366	0.906	1	
Q4_K	12288	5120	1	0	4	lcpp_mmq	0	116.59	304	0.752	1	
Q4_K	12288	5120	1	0	4	own_vec	1	98.23	360	0.892	1	
Q4_K	12288	5120	1	0	4	mma_k	0	95.64	370	0.916	1	
Q4_K	12288	5120	1	0	6	stock_mmvq	0	519.96	68	0.169	1	
Q4_K	12288	5120	1	0	6	stock_mmq	0	246.17	144	0.356	1	
Q4_K	12288	5120	1	0	6	lcpp_mmvq	0	122.27	289	0.717	1	
Q4_K	12288	5120	1	0	6	lcpp_mmq	0	117.03	302	0.749	1	
Q4_K	12288	5120	1	0	6	own_vec	1	114.61	309	0.765	1	
Q4_K	12288	5120	1	0	6	mma_k	0	97.02	365	0.903	1	
Q4_K	12288	5120	1	0	8	stock_mmvq	0	692.53	51	0.127	1	
Q4_K	12288	5120	1	0	8	stock_mmq	0	246.86	143	0.355	1	
Q4_K	12288	5120	1	0	8	lcpp_mmvq	0	152.36	232	0.575	1	
Q4_K	12288	5120	1	0	8	lcpp_mmq	0	121.70	291	0.720	1	
Q4_K	12288	5120	1	0	8	own_vec	1	117.17	302	0.748	1	
Q4_K	12288	5120	1	0	8	mma_k	0	97.87	362	0.896	1	
Q4_K	12288	5120	1	0	12	stock_mmvq	0	1036.88	34	0.085	1	
Q4_K	12288	5120	1	0	12	stock_mmq	0	370.07	96	0.237	1	
Q4_K	12288	5120	1	0	12	lcpp_mmq	0	124.34	285	0.705	1	
Q4_K	12288	5120	1	0	12	mma_k	1	99.20	357	0.883	1	
Q4_K	12288	5120	1	0	16	stock_mmvq	0	1400.24	25	0.063	1	
Q4_K	12288	5120	1	0	16	stock_mmq	0	482.08	73	0.182	1	
Q4_K	12288	5120	1	0	16	stock_dq	0	754.66	47	0.116	1	
Q4_K	12288	5120	1	0	16	lcpp_mmq	0	123.90	286	0.707	1	
Q4_K	12288	5120	1	0	16	mma_k	1	100.30	353	0.874	1	
Q4_K	12288	5120	1	0	24	stock_mmq	0	724.22	49	0.121	1	
Q4_K	12288	5120	1	0	24	stock_dq	0	809.73	44	0.108	1	
Q4_K	12288	5120	1	0	24	lcpp_mmq	0	114.30	310	0.767	1	
Q4_K	12288	5120	1	0	24	mma_k	1	106.93	331	0.820	1	
Q4_K	12288	5120	1	0	32	stock_mmq	0	956.42	37	0.092	1	
Q4_K	12288	5120	1	0	32	stock_dq	0	754.23	47	0.116	1	
Q4_K	12288	5120	1	0	32	lcpp_mmq	0	129.77	273	0.675	1	
Q4_K	12288	5120	1	0	32	mma_k	1	109.36	324	0.801	1	
Q4_K	12288	5120	1	0	48	stock_mmq	0	1434.11	25	0.061	1	
Q4_K	12288	5120	1	0	48	stock_dq	0	883.10	40	0.099	1	
Q4_K	12288	5120	1	0	48	lcpp_mmq	1	158.49	223	0.553	1	
Q4_K	12288	5120	1	0	48	mma_k	0	182.45	194	0.480	1	
Q4_K	12288	5120	1	0	64	stock_mmq	0	1904.69	19	0.046	1	
Q4_K	12288	5120	1	0	64	stock_dq	0	915.40	39	0.096	1	
Q4_K	12288	5120	1	0	64	lcpp_mmq	1	191.49	185	0.458	1	
Q4_K	12288	5120	1	0	64	mma_k	0	188.29	188	0.465	1	
Q4_K	12288	5120	1	0	128	stock_mmq	0	3845.71	9	0.023	1	
Q4_K	12288	5120	1	0	128	stock_dq	0	960.33	37	0.091	1	
Q4_K	12288	5120	1	0	128	lcpp_mmq	1	321.79	110	0.272	1	
Q4_K	12288	5120	1	0	128	mma_k_chunked64	0	390.78	91	0.224	1	
Q4_K	17408	5120	5	0	1	stock_mmvq	0	126.18	397	0.984	1	
Q4_K	17408	5120	5	0	1	stock_mmq	0	177.08	283	0.701	1	
Q4_K	17408	5120	5	0	1	lcpp_mmvq	1	123.55	406	1.005	1	
Q4_K	17408	5120	5	0	1	lcpp_mmq	0	141.80	354	0.876	1	
Q4_K	17408	5120	5	0	1	own_vec	0	127.28	394	0.975	1	
Q4_K	17408	5120	5	0	1	mma_k	0	130.69	384	0.950	1	
Q4_K	17408	5120	5	0	2	stock_mmvq	0	248.60	202	0.499	1	
Q4_K	17408	5120	5	0	2	stock_mmq	0	176.54	284	0.703	1	
Q4_K	17408	5120	5	0	2	lcpp_mmvq	1	125.06	401	0.993	1	
Q4_K	17408	5120	5	0	2	lcpp_mmq	0	144.38	347	0.860	1	
Q4_K	17408	5120	5	0	2	own_vec	0	125.95	398	0.986	1	
Q4_K	17408	5120	5	0	2	mma_k	0	131.56	381	0.944	1	
Q4_K	17408	5120	5	0	4	stock_mmvq	0	491.19	102	0.253	1	
Q4_K	17408	5120	5	0	4	stock_mmq	0	176.15	285	0.705	1	
Q4_K	17408	5120	5	0	4	lcpp_mmvq	0	135.60	370	0.916	1	
Q4_K	17408	5120	5	0	4	lcpp_mmq	0	147.89	339	0.840	1	
Q4_K	17408	5120	5	0	4	own_vec	1	132.02	380	0.940	1	
Q4_K	17408	5120	5	0	4	mma_k	0	132.71	378	0.936	1	
Q4_K	17408	5120	5	0	6	stock_mmvq	0	733.42	68	0.169	1	
Q4_K	17408	5120	5	0	6	stock_mmq	0	339.81	148	0.365	1	
Q4_K	17408	5120	5	0	6	lcpp_mmvq	0	167.88	299	0.740	1	
Q4_K	17408	5120	5	0	6	lcpp_mmq	0	147.76	339	0.840	1	
Q4_K	17408	5120	5	0	6	own_vec	1	150.84	332	0.823	1	
Q4_K	17408	5120	5	0	6	mma_k	0	134.40	373	0.924	1	
Q4_K	17408	5120	5	0	8	stock_mmvq	0	975.96	51	0.127	1	
Q4_K	17408	5120	5	0	8	stock_mmq	0	344.27	146	0.361	1	
Q4_K	17408	5120	5	0	8	lcpp_mmvq	0	216.32	232	0.574	1	
Q4_K	17408	5120	5	0	8	lcpp_mmq	0	148.71	337	0.835	1	
Q4_K	17408	5120	5	0	8	own_vec	1	153.93	326	0.807	1	
Q4_K	17408	5120	5	0	8	mma_k	0	135.30	371	0.918	1	
Q4_K	17408	5120	5	0	12	stock_mmvq	0	1464.91	34	0.085	1	
Q4_K	17408	5120	5	0	12	stock_mmq	0	512.04	98	0.242	1	
Q4_K	17408	5120	5	0	12	lcpp_mmq	0	155.57	322	0.798	1	
Q4_K	17408	5120	5	0	12	mma_k	1	136.17	368	0.912	1	
Q4_K	17408	5120	5	0	16	stock_mmvq	0	1956.94	26	0.063	1	
Q4_K	17408	5120	5	0	16	stock_mmq	0	665.98	75	0.186	1	
Q4_K	17408	5120	5	0	16	stock_dq	0	1023.72	49	0.121	1	
Q4_K	17408	5120	5	0	16	lcpp_mmq	0	154.68	324	0.803	1	
Q4_K	17408	5120	5	0	16	mma_k	1	138.21	363	0.898	1	
Q4_K	17408	5120	5	0	24	stock_mmq	0	1011.46	50	0.123	1	
Q4_K	17408	5120	5	0	24	stock_dq	0	1019.98	49	0.122	1	
Q4_K	17408	5120	5	0	24	lcpp_mmq	0	154.27	325	0.805	1	
Q4_K	17408	5120	5	0	24	mma_k	1	144.54	347	0.859	1	
Q4_K	17408	5120	5	0	32	stock_mmq	0	1352.01	37	0.092	1	
Q4_K	17408	5120	5	0	32	stock_dq	0	1066.78	47	0.116	1	
Q4_K	17408	5120	5	0	32	lcpp_mmq	0	191.64	262	0.648	1	
Q4_K	17408	5120	5	0	32	mma_k	1	147.64	340	0.841	1	
Q4_K	17408	5120	5	0	48	stock_mmq	0	2026.29	25	0.061	1	
Q4_K	17408	5120	5	0	48	stock_dq	0	1069.88	47	0.116	1	
Q4_K	17408	5120	5	0	48	lcpp_mmq	1	211.87	237	0.586	1	
Q4_K	17408	5120	5	0	48	mma_k	0	260.40	193	0.477	1	
Q4_K	17408	5120	5	0	64	stock_mmq	0	2736.95	18	0.045	1	
Q4_K	17408	5120	5	0	64	stock_dq	0	1068.44	47	0.116	1	
Q4_K	17408	5120	5	0	64	lcpp_mmq	1	254.23	197	0.488	1	
Q4_K	17408	5120	5	0	64	mma_k	0	265.55	189	0.468	1	
Q4_K	17408	5120	5	0	128	stock_mmq	0	5481.24	9	0.023	1	
Q4_K	17408	5120	5	0	128	stock_dq	0	1136.36	44	0.109	1	
Q4_K	17408	5120	5	0	128	lcpp_mmq	1	430.64	116	0.288	1	
Q4_K	17408	5120	5	0	128	mma_k_chunked64	0	558.59	90	0.222	1	
Q4_K	248320	5120	1	0	1	stock_mmvq	0	1748.22	409	1.013	1	
Q4_K	248320	5120	1	0	1	stock_mmq	0	2387.03	300	0.742	1	
Q4_K	248320	5120	1	0	1	lcpp_mmvq	1	1732.76	413	1.022	1	
Q4_K	248320	5120	1	0	1	lcpp_mmq	0	1858.10	385	0.953	1	
Q4_K	248320	5120	1	0	1	own_vec	0	1723.52	415	1.028	1	
Q4_K	248320	5120	1	0	1	mma_k	0	1748.86	409	1.013	1	
Q4_K	248320	5120	1	0	2	stock_mmvq	0	3522.05	203	0.503	1	
Q4_K	248320	5120	1	0	2	stock_mmq	0	2412.28	296	0.734	1	
Q4_K	248320	5120	1	0	2	lcpp_mmvq	1	1744.08	410	1.015	1	
Q4_K	248320	5120	1	0	2	lcpp_mmq	0	1873.36	382	0.945	1	
Q4_K	248320	5120	1	0	2	own_vec	0	1748.45	409	1.013	1	
Q4_K	248320	5120	1	0	2	mma_k	0	1764.17	405	1.004	1	
Q4_K	248320	5120	1	0	4	stock_mmvq	0	7015.96	102	0.252	1	
Q4_K	248320	5120	1	0	4	stock_mmq	0	2435.56	294	0.727	1	
Q4_K	248320	5120	1	0	4	lcpp_mmvq	0	2079.59	344	0.852	1	
Q4_K	248320	5120	1	0	4	lcpp_mmq	0	1905.64	375	0.929	1	
Q4_K	248320	5120	1	0	4	own_vec	1	1806.64	396	0.980	1	
Q4_K	248320	5120	1	0	4	mma_k	0	1775.16	403	0.998	1	
Q4_K	248320	5120	1	0	6	stock_mmvq	0	10564.30	68	0.168	1	
Q4_K	248320	5120	1	0	6	stock_mmq	0	4898.57	146	0.362	1	
Q4_K	248320	5120	1	0	6	lcpp_mmvq	0	2730.39	262	0.649	1	
Q4_K	248320	5120	1	0	6	lcpp_mmq	0	1912.88	374	0.926	1	
Q4_K	248320	5120	1	0	6	own_vec	1	2105.68	340	0.841	1	
Q4_K	248320	5120	1	0	6	mma_k	0	1786.70	400	0.991	1	
Q4_K	248320	5120	1	0	8	stock_mmvq	0	14196.79	50	0.125	1	
Q4_K	248320	5120	1	0	8	stock_mmq	0	4920.93	145	0.360	1	
Q4_K	248320	5120	1	0	8	lcpp_mmvq	0	3524.10	203	0.503	1	
Q4_K	248320	5120	1	0	8	lcpp_mmq	0	1916.24	373	0.924	1	
Q4_K	248320	5120	1	0	8	own_vec	1	1877.96	381	0.943	1	
Q4_K	248320	5120	1	0	8	mma_k	0	1782.76	401	0.993	1	
Q4_K	248320	5120	1	0	12	stock_mmvq	0	21173.35	34	0.084	1	
Q4_K	248320	5120	1	0	12	stock_mmq	0	7347.82	97	0.241	1	
Q4_K	248320	5120	1	0	12	lcpp_mmq	0	2085.04	343	0.849	1	
Q4_K	248320	5120	1	0	12	mma_k	1	1797.30	398	0.985	1	
Q4_K	248320	5120	1	0	16	stock_mmvq	0	28232.55	25	0.063	1	
Q4_K	248320	5120	1	0	16	stock_mmq	0	9785.08	73	0.181	1	
Q4_K	248320	5120	1	0	16	lcpp_mmq	0	2114.23	338	0.838	1	
Q4_K	248320	5120	1	0	16	mma_k	1	1799.86	397	0.984	1	
Q4_K	248320	5120	1	0	24	stock_mmq	0	14743.76	49	0.120	1	
Q4_K	248320	5120	1	0	24	lcpp_mmq	0	2239.78	319	0.791	1	
Q4_K	248320	5120	1	0	24	mma_k	1	1946.91	367	0.910	1	
Q4_K	248320	5120	1	0	32	stock_mmq	0	19770.85	36	0.090	1	
Q4_K	248320	5120	1	0	32	lcpp_mmq	0	2845.98	251	0.622	1	
Q4_K	248320	5120	1	0	32	mma_k	1	1997.00	358	0.887	1	
Q4_K	248320	5120	1	0	48	stock_mmq	0	29483.32	24	0.060	1	
Q4_K	248320	5120	1	0	48	lcpp_mmq	1	3181.29	225	0.557	1	
Q4_K	248320	5120	1	0	48	mma_k	0	3621.78	197	0.489	1	
Q4_K	248320	5120	1	0	64	stock_mmq	0	39319.53	18	0.045	1	
Q4_K	248320	5120	1	0	64	lcpp_mmq	1	3837.41	186	0.462	1	
Q4_K	248320	5120	1	0	64	mma_k	0	3778.71	189	0.469	1	
Q4_K	248320	5120	1	0	128	stock_mmq	0	78716.14	9	0.022	1	
Q4_K	248320	5120	1	0	128	lcpp_mmq	1	6250.68	114	0.283	1	
Q4_K	248320	5120	1	0	128	mma_k_chunked64	0	7784.17	92	0.228	1	
Q6_K	1024	5120	0	2	1	stock_mmvq	0	17.20	250	0.619	1	
Q6_K	1024	5120	0	2	1	stock_mmq	0	84.94	51	0.125	1	
Q6_K	1024	5120	0	2	1	lcpp_mmvq	1	14.67	293	0.726	1	
Q6_K	1024	5120	0	2	1	lcpp_mmq	0	22.94	187	0.464	1	
Q6_K	1024	5120	0	2	2	stock_mmvq	0	21.79	197	0.489	1	
Q6_K	1024	5120	0	2	2	stock_mmq	0	85.15	51	0.125	1	
Q6_K	1024	5120	0	2	2	lcpp_mmvq	1	15.08	285	0.706	1	
Q6_K	1024	5120	0	2	2	lcpp_mmq	0	22.96	187	0.464	1	
Q6_K	1024	5120	0	2	4	stock_mmvq	0	35.51	121	0.300	1	
Q6_K	1024	5120	0	2	4	stock_mmq	0	85.58	50	0.124	1	
Q6_K	1024	5120	0	2	4	lcpp_mmvq	1	16.00	269	0.666	1	
Q6_K	1024	5120	0	2	4	lcpp_mmq	0	23.04	187	0.462	1	
Q6_K	1024	5120	0	2	6	stock_mmvq	0	48.84	88	0.218	1	
Q6_K	1024	5120	0	2	6	stock_mmq	0	85.91	50	0.124	1	
Q6_K	1024	5120	0	2	6	lcpp_mmvq	1	20.38	211	0.523	1	
Q6_K	1024	5120	0	2	6	lcpp_mmq	0	23.24	185	0.458	1	
Q6_K	1024	5120	0	2	8	stock_mmvq	0	62.13	69	0.171	1	
Q6_K	1024	5120	0	2	8	stock_mmq	0	86.32	50	0.123	1	
Q6_K	1024	5120	0	2	8	lcpp_mmvq	0	22.45	192	0.474	1	
Q6_K	1024	5120	0	2	8	lcpp_mmq	1	23.32	184	0.457	1	
Q6_K	1024	5120	0	2	12	stock_mmvq	0	87.96	49	0.121	1	
Q6_K	1024	5120	0	2	12	stock_mmq	0	89.34	48	0.119	1	
Q6_K	1024	5120	0	2	12	lcpp_mmq	1	25.37	170	0.420	1	
Q6_K	1024	5120	0	2	16	stock_mmvq	0	115.51	37	0.092	1	
Q6_K	1024	5120	0	2	16	stock_mmq	0	95.28	45	0.112	1	
Q6_K	1024	5120	0	2	16	stock_dq	0	67.35	64	0.158	1	
Q6_K	1024	5120	0	2	16	lcpp_mmq	1	25.68	167	0.415	1	
Q6_K	1024	5120	0	2	24	stock_mmq	0	107.24	40	0.099	1	
Q6_K	1024	5120	0	2	24	stock_dq	0	70.22	61	0.152	1	
Q6_K	1024	5120	0	2	24	lcpp_mmq	1	27.75	155	0.384	1	
Q6_K	1024	5120	0	2	32	stock_mmq	0	128.79	33	0.083	1	
Q6_K	1024	5120	0	2	32	stock_dq	0	70.48	61	0.151	1	
Q6_K	1024	5120	0	2	32	lcpp_mmq	1	30.18	142	0.353	1	
Q6_K	1024	5120	0	2	48	stock_mmq	0	182.96	24	0.058	1	
Q6_K	1024	5120	0	2	48	stock_dq	0	69.22	62	0.154	1	
Q6_K	1024	5120	0	2	48	lcpp_mmq	1	36.02	119	0.296	1	
Q6_K	1024	5120	0	2	64	stock_mmq	0	237.88	18	0.045	1	
Q6_K	1024	5120	0	2	64	stock_dq	0	70.35	61	0.151	1	
Q6_K	1024	5120	0	2	64	lcpp_mmq	1	41.24	104	0.258	1	
Q6_K	1024	5120	0	2	128	stock_mmq	0	446.26	10	0.024	1	
Q6_K	1024	5120	0	2	128	stock_dq	0	82.69	52	0.129	1	
Q6_K	1024	5120	0	2	128	lcpp_mmq	1	67.74	63	0.157	1	
Q6_K	5120	6144	0	1	1	stock_mmvq	0	68.97	374	0.927	1	
Q6_K	5120	6144	0	1	1	stock_mmq	0	127.13	203	0.503	1	
Q6_K	5120	6144	0	1	1	lcpp_mmvq	1	66.07	391	0.967	1	
Q6_K	5120	6144	0	1	1	lcpp_mmq	0	82.71	312	0.773	1	
Q6_K	5120	6144	0	1	2	stock_mmvq	0	133.15	194	0.480	1	
Q6_K	5120	6144	0	1	2	stock_mmq	0	129.77	199	0.492	1	
Q6_K	5120	6144	0	1	2	lcpp_mmvq	1	66.38	389	0.963	1	
Q6_K	5120	6144	0	1	2	lcpp_mmq	0	82.92	311	0.771	1	
Q6_K	5120	6144	0	1	4	stock_mmvq	0	259.71	99	0.246	1	
Q6_K	5120	6144	0	1	4	stock_mmq	0	130.74	197	0.489	1	
Q6_K	5120	6144	0	1	4	lcpp_mmvq	1	68.56	376	0.932	1	
Q6_K	5120	6144	0	1	4	lcpp_mmq	0	83.86	308	0.762	1	
Q6_K	5120	6144	0	1	6	stock_mmvq	0	387.33	67	0.165	1	
Q6_K	5120	6144	0	1	6	stock_mmq	0	201.96	128	0.316	1	
Q6_K	5120	6144	0	1	6	lcpp_mmvq	1	80.87	319	0.790	1	
Q6_K	5120	6144	0	1	6	lcpp_mmq	0	84.74	305	0.754	1	
Q6_K	5120	6144	0	1	8	stock_mmvq	0	517.32	50	0.124	1	
Q6_K	5120	6144	0	1	8	stock_mmq	0	200.78	129	0.318	1	
Q6_K	5120	6144	0	1	8	lcpp_mmvq	0	101.30	255	0.631	1	
Q6_K	5120	6144	0	1	8	lcpp_mmq	1	87.60	295	0.729	1	
Q6_K	5120	6144	0	1	12	stock_mmvq	0	770.53	33	0.083	1	
Q6_K	5120	6144	0	1	12	stock_mmq	0	294.63	88	0.217	1	
Q6_K	5120	6144	0	1	12	lcpp_mmq	1	87.30	296	0.732	1	
Q6_K	5120	6144	0	1	16	stock_mmvq	0	1026.64	25	0.062	1	
Q6_K	5120	6144	0	1	16	stock_mmq	0	359.37	72	0.178	1	
Q6_K	5120	6144	0	1	16	stock_dq	0	381.95	68	0.167	1	
Q6_K	5120	6144	0	1	16	lcpp_mmq	1	87.60	295	0.729	1	
Q6_K	5120	6144	0	1	24	stock_mmq	0	524.04	49	0.122	1	
Q6_K	5120	6144	0	1	24	stock_dq	0	381.11	68	0.168	1	
Q6_K	5120	6144	0	1	24	lcpp_mmq	1	93.37	276	0.684	1	
Q6_K	5120	6144	0	1	32	stock_mmq	0	688.10	38	0.093	1	
Q6_K	5120	6144	0	1	32	stock_dq	0	380.01	68	0.168	1	
Q6_K	5120	6144	0	1	32	lcpp_mmq	1	98.64	262	0.648	1	
Q6_K	5120	6144	0	1	48	stock_mmq	0	1011.86	26	0.063	1	
Q6_K	5120	6144	0	1	48	stock_dq	0	381.03	68	0.168	1	
Q6_K	5120	6144	0	1	48	lcpp_mmq	1	109.97	235	0.581	1	
Q6_K	5120	6144	0	1	64	stock_mmq	0	1360.64	19	0.047	1	
Q6_K	5120	6144	0	1	64	stock_dq	0	494.05	52	0.129	1	
Q6_K	5120	6144	0	1	64	lcpp_mmq	1	122.83	210	0.520	1	
Q6_K	5120	6144	0	1	128	stock_mmq	0	2709.50	10	0.024	1	
Q6_K	5120	6144	0	1	128	stock_dq	0	441.42	58	0.145	1	
Q6_K	5120	6144	0	1	128	lcpp_mmq	1	201.93	128	0.316	1	
Q6_K	5120	10240	0	1	1	stock_mmvq	0	113.92	378	0.935	1	
Q6_K	5120	10240	0	1	1	stock_mmq	0	209.89	205	0.507	1	
Q6_K	5120	10240	0	1	1	lcpp_mmvq	1	107.78	399	0.988	1	
Q6_K	5120	10240	0	1	1	lcpp_mmq	0	136.35	315	0.781	1	
Q6_K	5120	10240	0	1	2	stock_mmvq	0	222.08	194	0.480	1	
Q6_K	5120	10240	0	1	2	stock_mmq	0	211.64	203	0.503	1	
Q6_K	5120	10240	0	1	2	lcpp_mmvq	1	108.06	398	0.986	1	
Q6_K	5120	10240	0	1	2	lcpp_mmq	0	136.73	315	0.779	1	
Q6_K	5120	10240	0	1	4	stock_mmvq	0	439.73	98	0.242	1	
Q6_K	5120	10240	0	1	4	stock_mmq	0	214.66	200	0.496	1	
Q6_K	5120	10240	0	1	4	lcpp_mmvq	1	111.56	385	0.955	1	
Q6_K	5120	10240	0	1	4	lcpp_mmq	0	138.18	311	0.771	1	
Q6_K	5120	10240	0	1	6	stock_mmvq	0	660.43	65	0.161	1	
Q6_K	5120	10240	0	1	6	stock_mmq	0	330.44	130	0.322	1	
Q6_K	5120	10240	0	1	6	lcpp_mmvq	1	128.00	336	0.832	1	
Q6_K	5120	10240	0	1	6	lcpp_mmq	0	140.80	305	0.756	1	
Q6_K	5120	10240	0	1	8	stock_mmvq	0	876.35	49	0.122	1	
Q6_K	5120	10240	0	1	8	stock_mmq	0	331.83	130	0.321	1	
Q6_K	5120	10240	0	1	8	lcpp_mmvq	0	168.23	256	0.633	1	
Q6_K	5120	10240	0	1	8	lcpp_mmq	1	140.98	305	0.755	1	
Q6_K	5120	10240	0	1	12	stock_mmvq	0	1316.30	33	0.081	1	
Q6_K	5120	10240	0	1	12	stock_mmq	0	489.68	88	0.218	1	
Q6_K	5120	10240	0	1	12	lcpp_mmq	1	141.03	305	0.755	1	
Q6_K	5120	10240	0	1	16	stock_mmvq	0	1753.86	25	0.061	1	
Q6_K	5120	10240	0	1	16	stock_mmq	0	594.18	72	0.179	1	
Q6_K	5120	10240	0	1	16	stock_dq	0	630.32	68	0.169	1	
Q6_K	5120	10240	0	1	16	lcpp_mmq	1	142.59	302	0.747	1	
Q6_K	5120	10240	0	1	24	stock_mmq	0	863.87	50	0.123	1	
Q6_K	5120	10240	0	1	24	stock_dq	0	627.71	69	0.170	1	
Q6_K	5120	10240	0	1	24	lcpp_mmq	1	152.65	282	0.698	1	
Q6_K	5120	10240	0	1	32	stock_mmq	0	1147.29	37	0.093	1	
Q6_K	5120	10240	0	1	32	stock_dq	0	632.22	68	0.168	1	
Q6_K	5120	10240	0	1	32	lcpp_mmq	1	156.13	275	0.682	1	
Q6_K	5120	10240	0	1	48	stock_mmq	0	1699.99	25	0.063	1	
Q6_K	5120	10240	0	1	48	stock_dq	0	640.79	67	0.166	1	
Q6_K	5120	10240	0	1	48	lcpp_mmq	1	169.11	254	0.630	1	
Q6_K	5120	10240	0	1	64	stock_mmq	0	2272.54	19	0.047	1	
Q6_K	5120	10240	0	1	64	stock_dq	0	806.63	53	0.132	1	
Q6_K	5120	10240	0	1	64	lcpp_mmq	1	188.06	229	0.566	1	
Q6_K	5120	10240	0	1	128	stock_mmq	0	4537.70	9	0.023	1	
Q6_K	5120	10240	0	1	128	stock_dq	0	730.19	59	0.146	1	
Q6_K	5120	10240	0	1	128	lcpp_mmq	1	304.13	141	0.350	1	
Q6_K	5120	17408	0	1	1	stock_mmvq	0	196.35	372	0.922	1	
Q6_K	5120	17408	0	1	1	stock_mmq	0	354.36	206	0.511	1	
Q6_K	5120	17408	0	1	1	lcpp_mmvq	1	181.15	404	1.000	1	
Q6_K	5120	17408	0	1	1	lcpp_mmq	0	222.11	329	0.815	1	
Q6_K	5120	17408	0	1	2	stock_mmvq	0	391.68	187	0.462	1	
Q6_K	5120	17408	0	1	2	stock_mmq	0	356.45	205	0.508	1	
Q6_K	5120	17408	0	1	2	lcpp_mmvq	1	182.96	400	0.990	1	
Q6_K	5120	17408	0	1	2	lcpp_mmq	0	222.67	328	0.813	1	
Q6_K	5120	17408	0	1	4	stock_mmvq	0	769.36	95	0.235	1	
Q6_K	5120	17408	0	1	4	stock_mmq	0	358.04	204	0.506	1	
Q6_K	5120	17408	0	1	4	lcpp_mmvq	1	189.47	386	0.956	1	
Q6_K	5120	17408	0	1	4	lcpp_mmq	0	226.25	323	0.800	1	
Q6_K	5120	17408	0	1	6	stock_mmvq	0	1153.82	63	0.157	1	
Q6_K	5120	17408	0	1	6	stock_mmq	0	561.82	130	0.322	1	
Q6_K	5120	17408	0	1	6	lcpp_mmvq	1	216.81	337	0.835	1	
Q6_K	5120	17408	0	1	6	lcpp_mmq	0	228.17	320	0.794	1	
Q6_K	5120	17408	0	1	8	stock_mmvq	0	1534.04	48	0.118	1	
Q6_K	5120	17408	0	1	8	stock_mmq	0	558.54	131	0.324	1	
Q6_K	5120	17408	0	1	8	lcpp_mmvq	0	267.63	273	0.677	1	
Q6_K	5120	17408	0	1	8	lcpp_mmq	1	229.76	318	0.788	1	
Q6_K	5120	17408	0	1	12	stock_mmvq	0	2344.81	31	0.077	1	
Q6_K	5120	17408	0	1	12	stock_mmq	0	836.11	87	0.217	1	
Q6_K	5120	17408	0	1	12	lcpp_mmq	1	226.61	323	0.799	1	
Q6_K	5120	17408	0	1	16	stock_mmvq	0	3070.28	24	0.059	1	
Q6_K	5120	17408	0	1	16	stock_mmq	0	989.89	74	0.183	1	
Q6_K	5120	17408	0	1	16	stock_dq	0	1086.35	67	0.167	1	
Q6_K	5120	17408	0	1	16	lcpp_mmq	1	229.81	318	0.788	1	
Q6_K	5120	17408	0	1	24	stock_mmq	0	1490.12	49	0.122	1	
Q6_K	5120	17408	0	1	24	stock_dq	0	1059.65	69	0.171	1	
Q6_K	5120	17408	0	1	24	lcpp_mmq	1	249.84	293	0.725	1	
Q6_K	5120	17408	0	1	32	stock_mmq	0	1977.57	37	0.092	1	
Q6_K	5120	17408	0	1	32	stock_dq	0	1069.29	68	0.169	1	
Q6_K	5120	17408	0	1	32	lcpp_mmq	1	257.23	284	0.704	1	
Q6_K	5120	17408	0	1	48	stock_mmq	0	2936.21	25	0.062	1	
Q6_K	5120	17408	0	1	48	stock_dq	0	1070.90	68	0.169	1	
Q6_K	5120	17408	0	1	48	lcpp_mmq	1	283.14	258	0.640	1	
Q6_K	5120	17408	0	1	64	stock_mmq	0	3912.12	19	0.046	1	
Q6_K	5120	17408	0	1	64	stock_dq	0	1352.86	54	0.134	1	
Q6_K	5120	17408	0	1	64	lcpp_mmq	1	307.25	238	0.589	1	
Q6_K	5120	17408	0	1	128	stock_mmq	0	7780.22	9	0.023	1	
Q6_K	5120	17408	0	1	128	stock_dq	0	1429.63	51	0.127	1	
Q6_K	5120	17408	0	1	128	lcpp_mmq	1	481.36	152	0.376	1	
Q6_K	12288	5120	0	1	1	stock_mmvq	0	140.85	366	0.907	1	
Q6_K	12288	5120	0	1	1	stock_mmq	0	200.58	257	0.637	1	
Q6_K	12288	5120	0	1	1	lcpp_mmvq	1	127.92	403	0.999	1	
Q6_K	12288	5120	0	1	1	lcpp_mmq	0	154.04	335	0.830	1	
Q6_K	12288	5120	0	1	2	stock_mmvq	0	279.09	185	0.458	1	
Q6_K	12288	5120	0	1	2	stock_mmq	0	203.29	254	0.629	1	
Q6_K	12288	5120	0	1	2	lcpp_mmvq	1	129.36	399	0.988	1	
Q6_K	12288	5120	0	1	2	lcpp_mmq	0	153.97	335	0.830	1	
Q6_K	12288	5120	0	1	4	stock_mmvq	0	555.75	93	0.230	1	
Q6_K	12288	5120	0	1	4	stock_mmq	0	204.24	253	0.626	1	
Q6_K	12288	5120	0	1	4	lcpp_mmvq	1	139.29	371	0.918	1	
Q6_K	12288	5120	0	1	4	lcpp_mmq	0	155.55	332	0.822	1	
Q6_K	12288	5120	0	1	6	stock_mmvq	0	831.64	62	0.154	1	
Q6_K	12288	5120	0	1	6	stock_mmq	0	363.74	142	0.351	1	
Q6_K	12288	5120	0	1	6	lcpp_mmvq	1	162.10	318	0.788	1	
Q6_K	12288	5120	0	1	6	lcpp_mmq	0	157.06	329	0.814	1	
Q6_K	12288	5120	0	1	8	stock_mmvq	0	1110.82	46	0.115	1	
Q6_K	12288	5120	0	1	8	stock_mmq	0	364.49	142	0.351	1	
Q6_K	12288	5120	0	1	8	lcpp_mmvq	0	206.87	249	0.618	1	
Q6_K	12288	5120	0	1	8	lcpp_mmq	1	157.59	327	0.811	1	
Q6_K	12288	5120	0	1	12	stock_mmvq	0	1684.89	31	0.076	1	
Q6_K	12288	5120	0	1	12	stock_mmq	0	517.00	100	0.247	1	
Q6_K	12288	5120	0	1	12	lcpp_mmq	1	158.75	325	0.805	1	
Q6_K	12288	5120	0	1	16	stock_mmvq	0	2256.34	23	0.057	1	
Q6_K	12288	5120	0	1	16	stock_mmq	0	695.19	74	0.184	1	
Q6_K	12288	5120	0	1	16	stock_dq	0	780.70	66	0.164	1	
Q6_K	12288	5120	0	1	16	lcpp_mmq	1	159.54	323	0.801	1	
Q6_K	12288	5120	0	1	24	stock_mmq	0	1027.74	50	0.124	1	
Q6_K	12288	5120	0	1	24	stock_dq	0	836.71	62	0.153	1	
Q6_K	12288	5120	0	1	24	lcpp_mmq	1	176.15	293	0.726	1	
Q6_K	12288	5120	0	1	32	stock_mmq	0	1355.08	38	0.094	1	
Q6_K	12288	5120	0	1	32	stock_dq	0	780.47	66	0.164	1	
Q6_K	12288	5120	0	1	32	lcpp_mmq	1	180.12	287	0.710	1	
Q6_K	12288	5120	0	1	48	stock_mmq	0	2026.47	25	0.063	1	
Q6_K	12288	5120	0	1	48	stock_dq	0	908.95	57	0.141	1	
Q6_K	12288	5120	0	1	48	lcpp_mmq	1	195.19	264	0.655	1	
Q6_K	12288	5120	0	1	64	stock_mmq	0	2703.40	19	0.047	1	
Q6_K	12288	5120	0	1	64	stock_dq	0	948.79	54	0.135	1	
Q6_K	12288	5120	0	1	64	lcpp_mmq	1	223.03	231	0.573	1	
Q6_K	12288	5120	0	1	128	stock_mmq	0	5401.62	10	0.024	1	
Q6_K	12288	5120	0	1	128	stock_dq	0	986.04	52	0.130	1	
Q6_K	12288	5120	0	1	128	lcpp_mmq	1	376.76	137	0.339	1	
Q6_K	17408	5120	0	2	1	stock_mmvq	0	198.20	369	0.914	1	
Q6_K	17408	5120	0	2	1	stock_mmq	0	267.16	274	0.678	1	
Q6_K	17408	5120	0	2	1	lcpp_mmvq	1	179.43	407	1.009	1	
Q6_K	17408	5120	0	2	1	lcpp_mmq	0	200.93	364	0.901	1	
Q6_K	17408	5120	0	2	2	stock_mmvq	0	396.36	184	0.457	1	
Q6_K	17408	5120	0	2	2	stock_mmq	0	270.02	271	0.671	1	
Q6_K	17408	5120	0	2	2	lcpp_mmvq	1	181.17	404	0.999	1	
Q6_K	17408	5120	0	2	2	lcpp_mmq	0	201.80	362	0.897	1	
Q6_K	17408	5120	0	2	4	stock_mmvq	0	789.09	93	0.229	1	
Q6_K	17408	5120	0	2	4	stock_mmq	0	272.20	269	0.665	1	
Q6_K	17408	5120	0	2	4	lcpp_mmvq	1	196.63	372	0.921	1	
Q6_K	17408	5120	0	2	4	lcpp_mmq	0	203.72	359	0.889	1	
Q6_K	17408	5120	0	2	6	stock_mmvq	0	1201.69	61	0.151	1	
Q6_K	17408	5120	0	2	6	stock_mmq	0	490.83	149	0.369	1	
Q6_K	17408	5120	0	2	6	lcpp_mmvq	1	226.65	323	0.799	1	
Q6_K	17408	5120	0	2	6	lcpp_mmq	0	205.62	356	0.881	1	
Q6_K	17408	5120	0	2	8	stock_mmvq	0	1579.14	46	0.115	1	
Q6_K	17408	5120	0	2	8	stock_mmq	0	504.35	145	0.359	1	
Q6_K	17408	5120	0	2	8	lcpp_mmvq	0	283.21	258	0.639	1	
Q6_K	17408	5120	0	2	8	lcpp_mmq	1	208.13	351	0.870	1	
Q6_K	17408	5120	0	2	12	stock_mmvq	0	2396.08	31	0.076	1	
Q6_K	17408	5120	0	2	12	stock_mmq	0	725.03	101	0.250	1	
Q6_K	17408	5120	0	2	12	lcpp_mmq	1	210.92	347	0.858	1	
Q6_K	17408	5120	0	2	16	stock_mmvq	0	3208.58	23	0.056	1	
Q6_K	17408	5120	0	2	16	stock_mmq	0	957.76	76	0.189	1	
Q6_K	17408	5120	0	2	16	stock_dq	0	1061.17	69	0.171	1	
Q6_K	17408	5120	0	2	16	lcpp_mmq	1	210.33	348	0.861	1	
Q6_K	17408	5120	0	2	24	stock_mmq	0	1439.63	51	0.126	1	
Q6_K	17408	5120	0	2	24	stock_dq	0	1055.64	69	0.172	1	
Q6_K	17408	5120	0	2	24	lcpp_mmq	1	222.69	328	0.813	1	
Q6_K	17408	5120	0	2	32	stock_mmq	0	1915.34	38	0.095	1	
Q6_K	17408	5120	0	2	32	stock_dq	0	1108.27	66	0.163	1	
Q6_K	17408	5120	0	2	32	lcpp_mmq	1	232.61	314	0.778	1	
Q6_K	17408	5120	0	2	48	stock_mmq	0	2853.70	26	0.063	1	
Q6_K	17408	5120	0	2	48	stock_dq	0	1117.80	65	0.162	1	
Q6_K	17408	5120	0	2	48	lcpp_mmq	1	257.64	284	0.703	1	
Q6_K	17408	5120	0	2	64	stock_mmq	0	3807.93	19	0.048	1	
Q6_K	17408	5120	0	2	64	stock_dq	0	1108.79	66	0.163	1	
Q6_K	17408	5120	0	2	64	lcpp_mmq	1	296.58	247	0.611	1	
Q6_K	17408	5120	0	2	128	stock_mmq	0	7637.73	10	0.024	1	
Q6_K	17408	5120	0	2	128	stock_dq	0	1178.32	62	0.154	1	
Q6_K	17408	5120	0	2	128	lcpp_mmq	1	476.13	154	0.380	1	
