Running 1111 items in this shard
ssssssssssssssss........................................................ [  6%]
........................................................................ [ 12%]
........................................................................ [ 19%]
........................................................................ [ 25%]
..............................................FFssssssssssssssssssssssss [ 32%]
ssssssssssssssssssssssssssssssssssssssssssssssssssssssssssssssssssssssss [ 38%]
ssssssssssssssssssssssssssssssssssssssssssssssssssssssssssssssssssssssss [ 45%]
ssssssssssssssssssssssssssssssssssssssssssssssssssssssssssssssssssssssss [ 51%]
ssssssssssssssssssssssssssssssssssssssssssssssssssssssssssssssssssssssss [ 58%]
ssssssss............FF.................................................. [ 64%]
.................FFFFFFFFFFFFFFFFFFFssssssFFFFFFFFFFFFFFFFFFssssssFFFFFF [ 71%]
FFFFFFFFFFFFFFFFFFFFFFFFFFFFFFFFFFFFFFFFFFFFFFFFFFFFFFFFFFFFFFFFFFFFFFFF [ 77%]
FFFFFFFFFFFFssssssFFFFFFFFFFFFFFFFFFFFFFFFssFFFssFFFFFFFFFFFFFFFFFFssFFF [ 84%]
FFFFFFFFFFFFFFFFFFFFFFFFFFFFFFFFFFFFFFFFFFFFFFFFFFFFFFFFFFFFFFFFFFFFFFFF [ 90%]
FssFFFFFFFFssFFFFFFFFFFFFFFFFFFFFFFFsssssssssFFFFFFFFFFFFFFFFFFFFFFFFFFF [ 97%]
FFFFFFFFFFFFFFFFFFFFFFFFFFFFFF.                                          [100%]
=================================== FAILURES ===================================
____________________ test_gemm_vs_fp64[K4-lmhead-1024-fp32] ____________________

ops = <module 'vllm_exl3_plugin.ops' from '/workspace/kit/plugin-exl3/vllm_exl3_plugin/ops.py'>
tid = 'K4-lmhead', m = 1024, out_fp32 = True

    @pytest.mark.parametrize("out_fp32", [True, False], ids=["fp32", "fp16"])
    @pytest.mark.parametrize("m", C.ROWS)
    @pytest.mark.parametrize("tid", list(C.TENSORS))
    def test_gemm_vs_fp64(ops, tid, m, out_fp32):
        import torch
    
        w = weights(tid)
        n = C.TENSORS[tid][3]
        x = C.make_x(torch, tid, m)
        y = ops.exl3_linear(x, w["trellis"], w["suh"], w["svh"], w["mcg"], w["mul1"], out_fp32)
        assert y.shape == (m, n) and y.dtype == (torch.float if out_fp32 else torch.half)
>       s = C.err_stats(torch, y, C.fp64_ref(torch, x, dequant_fn(w, True), n))
            ^^^^^^^^^^^^^^^^^^^^^^^^^^^^^^^^^^^^^^^^^^^^^^^^^^^^^^^^^^^^^^^^^^^

tests/gpu/test_exl3_kernels.py:113: 
_ _ _ _ _ _ _ _ _ _ _ _ _ _ _ _ _ _ _ _ _ _ _ _ _ _ _ _ _ _ _ _ _ _ _ _ _ _ _ _ 

torch = <module 'torch' from '/workspace/kit-work/venv-cu13/lib/python3.12/site-packages/torch/__init__.py'>
y = tensor([[ 2.1387, -2.7734,  2.0801,  ..., -3.3496, -0.3606,  0.5610],
        [-6.7812, -2.9141, -2.8047,  ..., -2.753...4734,  4.1758,  3.1328],
        [ 2.3379, -2.1895,  0.1517,  ...,  5.9336,  2.2734,  0.4390]],
       device='cuda:0')
ref = tensor([[ 2.1393, -2.7658,  2.0809,  ..., -3.3460, -0.3594,  0.5578],
        [-6.7701, -2.9101, -2.8085,  ..., -2.747...2],
        [ 2.3382, -2.1891,  0.1546,  ...,  5.9397,  2.2715,  0.4344]],
       device='cuda:0', dtype=torch.float64)

    def err_stats(torch, y, ref) -> dict:
>       d = y.double() - ref
            ^^^^^^^^^^^^^^^^
E       torch.OutOfMemoryError: CUDA out of memory. Tried to allocate 1.89 GiB. GPU 0 has a total capacity of 7.66 GiB of which 1.43 GiB is free. Including non-PyTorch memory, this process has 5.61 GiB memory in use. 6.22 GiB allowed; Of the allocated memory 5.35 GiB is allocated by PyTorch, and 47.14 MiB is reserved by PyTorch but unallocated. If reserved but unallocated memory is large try setting PYTORCH_CUDA_ALLOC_CONF=expandable_segments:True to avoid fragmentation.  See documentation for Memory Management  (https://docs.pytorch.org/docs/stable/notes/cuda.html#optimizing-memory-usage-with-pytorch-cuda-alloc-conf)

tests/gpu/exl3_cases.py:103: OutOfMemoryError
____________________ test_gemm_vs_fp64[K4-lmhead-1024-fp16] ____________________

ops = <module 'vllm_exl3_plugin.ops' from '/workspace/kit/plugin-exl3/vllm_exl3_plugin/ops.py'>
tid = 'K4-lmhead', m = 1024, out_fp32 = False

    @pytest.mark.parametrize("out_fp32", [True, False], ids=["fp32", "fp16"])
    @pytest.mark.parametrize("m", C.ROWS)
    @pytest.mark.parametrize("tid", list(C.TENSORS))
    def test_gemm_vs_fp64(ops, tid, m, out_fp32):
        import torch
    
        w = weights(tid)
        n = C.TENSORS[tid][3]
        x = C.make_x(torch, tid, m)
        y = ops.exl3_linear(x, w["trellis"], w["suh"], w["svh"], w["mcg"], w["mul1"], out_fp32)
        assert y.shape == (m, n) and y.dtype == (torch.float if out_fp32 else torch.half)
>       s = C.err_stats(torch, y, C.fp64_ref(torch, x, dequant_fn(w, True), n))
                                  ^^^^^^^^^^^^^^^^^^^^^^^^^^^^^^^^^^^^^^^^^^^^

tests/gpu/test_exl3_kernels.py:113: 
_ _ _ _ _ _ _ _ _ _ _ _ _ _ _ _ _ _ _ _ _ _ _ _ _ _ _ _ _ _ _ _ _ _ _ _ _ _ _ _ 

torch = <module 'torch' from '/workspace/kit-work/venv-cu13/lib/python3.12/site-packages/torch/__init__.py'>
x = tensor([[-0.9951,  0.2280,  0.9429,  ...,  1.2168, -0.1499,  1.2178],
        [ 1.7510,  0.2253, -0.4634,  ..., -1.368...4],
        [ 0.9229,  0.5093,  0.5640,  ..., -0.1403,  1.7227, -1.1846]],
       device='cuda:0', dtype=torch.float16)
dequant = <function dequant_fn.<locals>.<lambda> at 0x7fd45689ec00>, n = 248320

    def fp64_ref(torch, x, dequant, n: int):
        """x (fp16 [m, k]) @ W in fp64, W from dequant(n_start, n_count) -> fp16 [k, c] slices."""
        xd = x.double()
>       return torch.cat([xd @ dequant(s, c).double() for s, c in slices(n)], dim=1)
                               ^^^^^^^^^^^^^^^^^^^^^^
E       torch.OutOfMemoryError: CUDA out of memory. Tried to allocate 1.25 GiB. GPU 0 has a total capacity of 7.66 GiB of which 1.76 GiB is free. Including non-PyTorch memory, this process has 5.28 GiB memory in use. 6.22 GiB allowed; Of the allocated memory 5.04 GiB is allocated by PyTorch, and 24.14 MiB is reserved by PyTorch but unallocated. If reserved but unallocated memory is large try setting PYTORCH_CUDA_ALLOC_CONF=expandable_segments:True to avoid fragmentation.  See documentation for Memory Management  (https://docs.pytorch.org/docs/stable/notes/cuda.html#optimizing-memory-usage-with-pytorch-cuda-alloc-conf)

tests/gpu/exl3_cases.py:99: OutOfMemoryError
___________________ test_fp32_fp16_outputs_agree[K3-down-16] ___________________

ops = <module 'vllm_exl3_plugin.ops' from '/workspace/kit/plugin-exl3/vllm_exl3_plugin/ops.py'>
tid = 'K3-down', m = 16

    @pytest.mark.parametrize("m", [1, 8, 16, 48])
    @pytest.mark.parametrize("tid", ["K3-down", "K4-kproj", C.HEAD])
    def test_fp32_fp16_outputs_agree(ops, tid, m):
        import torch
    
        w = weights(tid)
        x = C.make_x(torch, tid, m)
        args = (w["trellis"], w["suh"], w["svh"], w["mcg"], w["mul1"])
        y32, y16 = torch.ops._C_exl3.exl3_gemm(x, *args, True), torch.ops._C_exl3.exl3_gemm(x, *args, False)
        d = C.err_stats(torch, y16, y32.double())
        # fp16 and fp32 outputs are autotuned separately (the tune key holds the output dtype), so
        # from 16 rows they can run different tile shapes: measured 1.2e-3 at 16/48 rows (box run 1)
>       assert d["rel_rms"] <= 3e-3, d
E       AssertionError: {'finite': True, 'max_rel': 0.019941873516840798, 'ref_rms': 6.573942041342564, 'rel_rms': 0.004036329551672158}
E       assert 0.004036329551672158 <= 0.003

tests/gpu/test_exl3_kernels.py:170: AssertionError
___________________ test_fp32_fp16_outputs_agree[K3-down-48] ___________________

ops = <module 'vllm_exl3_plugin.ops' from '/workspace/kit/plugin-exl3/vllm_exl3_plugin/ops.py'>
tid = 'K3-down', m = 48

    @pytest.mark.parametrize("m", [1, 8, 16, 48])
    @pytest.mark.parametrize("tid", ["K3-down", "K4-kproj", C.HEAD])
    def test_fp32_fp16_outputs_agree(ops, tid, m):
        import torch
    
        w = weights(tid)
        x = C.make_x(torch, tid, m)
        args = (w["trellis"], w["suh"], w["svh"], w["mcg"], w["mul1"])
        y32, y16 = torch.ops._C_exl3.exl3_gemm(x, *args, True), torch.ops._C_exl3.exl3_gemm(x, *args, False)
        d = C.err_stats(torch, y16, y32.double())
        # fp16 and fp32 outputs are autotuned separately (the tune key holds the output dtype), so
        # from 16 rows they can run different tile shapes: measured 1.2e-3 at 16/48 rows (box run 1)
>       assert d["rel_rms"] <= 3e-3, d
E       AssertionError: {'finite': True, 'max_rel': 0.018686850654170566, 'ref_rms': 6.607081113336081, 'rel_rms': 0.00401733257224903}
E       assert 0.00401733257224903 <= 0.003

tests/gpu/test_exl3_kernels.py:170: AssertionError
_________________________ test_decode_exact[K4-lmhead] _________________________

ops = <module 'vllm_exl3_plugin.ops' from '/workspace/kit/plugin-exl3/vllm_exl3_plugin/ops.py'>
tid = 'K4-lmhead'

    @pytest.mark.parametrize("tid", MR_TIDS)
    def test_decode_exact(ops, tid):
        import torch
        from vllm_exl3_plugin import _C_exl3_mr as M
    
        w = weights(tid)
        _, K, k, n = C.TENSORS[tid]
        b = w["b"] if K == 4 else w["b"].view(torch.int32).view(k // 16, n // 64, 4, 8 * K)
        if K == 4:
>           assert torch.equal(torch.ops._C_exl3.exl3_mr_unpack(b), w["trellis"]), "repack does not invert"
                               ^^^^^^^^^^^^^^^^^^^^^^^^^^^^^^^^^^^

tests/gpu/test_exl3_mr.py:91: 
_ _ _ _ _ _ _ _ _ _ _ _ _ _ _ _ _ _ _ _ _ _ _ _ _ _ _ _ _ _ _ _ _ _ _ _ _ _ _ _ 

self = <OpOverloadPacket(op='_C_exl3.exl3_mr_unpack')>
args = (tensor([[[[  437503691,   114740874, -1786001993,   862494423],
          [ 2121917713, -1623197598,   110108637,  -3...85437],
          [  772778771,   735121843,  1414928998,   908526089]]]],
       device='cuda:0', dtype=torch.int32),)
kwargs = {}

    def __call__(self, /, *args: _P.args, **kwargs: _P.kwargs) -> _T:
        # overloading __call__ to ensure torch.ops.foo.bar()
        # is still callable from JIT
        # We save the function ptr as the `op` attribute on
        # OpOverloadPacket to access it here.
    
        # Directly calling OverloadPacket goes into C++, which will check
        # the schema and cause an error for torchbind op when inputs consist of FakeScriptObject so we
        # intercept it here and call TorchBindOpverload instead.
        if self._has_torchbind_op_overload and _must_dispatch_in_python(args, kwargs):
            # pyrefly: ignore [bad-argument-type]
            return _call_overload_packet_from_python(self, *args, **kwargs)
>       return self._op(*args, **kwargs)
               ^^^^^^^^^^^^^^^^^^^^^^^^^
E       torch.OutOfMemoryError: CUDA out of memory. Tried to allocate 608.00 MiB. GPU 0 has a total capacity of 7.66 GiB of which 997.75 MiB is free. Including non-PyTorch memory, this process has 6.06 GiB memory in use. 6.22 GiB allowed; Of the allocated memory 5.80 GiB is allocated by PyTorch, and 29.01 MiB is reserved by PyTorch but unallocated. If reserved but unallocated memory is large try setting PYTORCH_CUDA_ALLOC_CONF=expandable_segments:True to avoid fragmentation.  See documentation for Memory Management  (https://docs.pytorch.org/docs/stable/notes/cuda.html#optimizing-memory-usage-with-pytorch-cuda-alloc-conf)

../kit-work/venv-cu13/lib/python3.12/site-packages/torch/_ops.py:1279: OutOfMemoryError
___________________ test_gemm_vs_fp64[K3-down-17-bf16model] ____________________

ops = <module 'vllm_exl3_plugin.ops' from '/workspace/kit/plugin-exl3/vllm_exl3_plugin/ops.py'>
tid = 'K3-down', m = 17, out_fp32 = True

    @pytest.mark.parametrize("out_fp32", [True, False], ids=["bf16model", "fp16model"])
    @pytest.mark.parametrize("m", MR_ROWS + K4_SMALL_ROWS)
    @pytest.mark.parametrize("tid", MR_TIDS)
    def test_gemm_vs_fp64(ops, tid, m, out_fp32):
        import torch
    
        K, n = BITS[tid], C.TENSORS[tid][3]
        if m in K4_SMALL_ROWS and K != 4:
            pytest.skip("K3/K5 take exl3_gemm_mr from 17 rows only")
        w = weights(tid)
        x = C.make_x(torch, tid, m)
        args = (w["suh"], w["svh"], w["mcg"], w["mul1"], out_fp32)
        y = torch.ops._C_exl3.exl3_gemm_mr(x, w["b"], *args)
        assert y.shape == (m, n) and y.dtype == (torch.float if out_fp32 else torch.half)
>       ref = C.fp64_ref(torch, x, dequant_fn(w, True), n)
              ^^^^^^^^^^^^^^^^^^^^^^^^^^^^^^^^^^^^^^^^^^^^

tests/gpu/test_exl3_mr.py:126: 
_ _ _ _ _ _ _ _ _ _ _ _ _ _ _ _ _ _ _ _ _ _ _ _ _ _ _ _ _ _ _ _ _ _ _ _ _ _ _ _ 

torch = <module 'torch' from '/workspace/kit-work/venv-cu13/lib/python3.12/site-packages/torch/__init__.py'>
x = tensor([[-0.9341, -0.6118, -0.1744,  ...,  2.4160,  0.0562,  1.1299],
        [-1.7090,  0.0874,  0.3745,  ...,  0.898...6],
        [ 0.8105, -0.1682, -0.1760,  ...,  0.7881,  0.0873,  1.1680]],
       device='cuda:0', dtype=torch.float16)
dequant = <function dequant_fn.<locals>.<lambda> at 0x7fd456688860>, n = 5120

    def fp64_ref(torch, x, dequant, n: int):
        """x (fp16 [m, k]) @ W in fp64, W from dequant(n_start, n_count) -> fp16 [k, c] slices."""
        xd = x.double()
>       return torch.cat([xd @ dequant(s, c).double() for s, c in slices(n)], dim=1)
                               ^^^^^^^^^^^^^^^^^^^^^^
E       torch.OutOfMemoryError: CUDA out of memory. Tried to allocate 680.00 MiB. GPU 0 has a total capacity of 7.66 GiB of which 797.75 MiB is free. Including non-PyTorch memory, this process has 6.26 GiB memory in use. 6.22 GiB allowed; Of the allocated memory 6.00 GiB is allocated by PyTorch, and 23.93 MiB is reserved by PyTorch but unallocated. If reserved but unallocated memory is large try setting PYTORCH_CUDA_ALLOC_CONF=expandable_segments:True to avoid fragmentation.  See documentation for Memory Management  (https://docs.pytorch.org/docs/stable/notes/cuda.html#optimizing-memory-usage-with-pytorch-cuda-alloc-conf)

tests/gpu/exl3_cases.py:99: OutOfMemoryError
___________________ test_gemm_vs_fp64[K3-down-17-fp16model] ____________________

ops = <module 'vllm_exl3_plugin.ops' from '/workspace/kit/plugin-exl3/vllm_exl3_plugin/ops.py'>
tid = 'K3-down', m = 17, out_fp32 = False

    @pytest.mark.parametrize("out_fp32", [True, False], ids=["bf16model", "fp16model"])
    @pytest.mark.parametrize("m", MR_ROWS + K4_SMALL_ROWS)
    @pytest.mark.parametrize("tid", MR_TIDS)
    def test_gemm_vs_fp64(ops, tid, m, out_fp32):
        import torch
    
        K, n = BITS[tid], C.TENSORS[tid][3]
        if m in K4_SMALL_ROWS and K != 4:
            pytest.skip("K3/K5 take exl3_gemm_mr from 17 rows only")
        w = weights(tid)
        x = C.make_x(torch, tid, m)
        args = (w["suh"], w["svh"], w["mcg"], w["mul1"], out_fp32)
        y = torch.ops._C_exl3.exl3_gemm_mr(x, w["b"], *args)
        assert y.shape == (m, n) and y.dtype == (torch.float if out_fp32 else torch.half)
>       ref = C.fp64_ref(torch, x, dequant_fn(w, True), n)
              ^^^^^^^^^^^^^^^^^^^^^^^^^^^^^^^^^^^^^^^^^^^^

tests/gpu/test_exl3_mr.py:126: 
_ _ _ _ _ _ _ _ _ _ _ _ _ _ _ _ _ _ _ _ _ _ _ _ _ _ _ _ _ _ _ _ _ _ _ _ _ _ _ _ 

torch = <module 'torch' from '/workspace/kit-work/venv-cu13/lib/python3.12/site-packages/torch/__init__.py'>
x = tensor([[-0.9341, -0.6118, -0.1744,  ...,  2.4160,  0.0562,  1.1299],
        [-1.7090,  0.0874,  0.3745,  ...,  0.898...6],
        [ 0.8105, -0.1682, -0.1760,  ...,  0.7881,  0.0873,  1.1680]],
       device='cuda:0', dtype=torch.float16)
dequant = <function dequant_fn.<locals>.<lambda> at 0x7fd456688540>, n = 5120

    def fp64_ref(torch, x, dequant, n: int):
        """x (fp16 [m, k]) @ W in fp64, W from dequant(n_start, n_count) -> fp16 [k, c] slices."""
        xd = x.double()
>       return torch.cat([xd @ dequant(s, c).double() for s, c in slices(n)], dim=1)
                               ^^^^^^^^^^^^^^^^^^^^^^
E       torch.OutOfMemoryError: CUDA out of memory. Tried to allocate 680.00 MiB. GPU 0 has a total capacity of 7.66 GiB of which 797.75 MiB is free. Including non-PyTorch memory, this process has 6.26 GiB memory in use. 6.22 GiB allowed; Of the allocated memory 6.00 GiB is allocated by PyTorch, and 20.95 MiB is reserved by PyTorch but unallocated. If reserved but unallocated memory is large try setting PYTORCH_CUDA_ALLOC_CONF=expandable_segments:True to avoid fragmentation.  See documentation for Memory Management  (https://docs.pytorch.org/docs/stable/notes/cuda.html#optimizing-memory-usage-with-pytorch-cuda-alloc-conf)

tests/gpu/exl3_cases.py:99: OutOfMemoryError
___________________ test_gemm_vs_fp64[K3-down-24-bf16model] ____________________

ops = <module 'vllm_exl3_plugin.ops' from '/workspace/kit/plugin-exl3/vllm_exl3_plugin/ops.py'>
tid = 'K3-down', m = 24, out_fp32 = True

    @pytest.mark.parametrize("out_fp32", [True, False], ids=["bf16model", "fp16model"])
    @pytest.mark.parametrize("m", MR_ROWS + K4_SMALL_ROWS)
    @pytest.mark.parametrize("tid", MR_TIDS)
    def test_gemm_vs_fp64(ops, tid, m, out_fp32):
        import torch
    
        K, n = BITS[tid], C.TENSORS[tid][3]
        if m in K4_SMALL_ROWS and K != 4:
            pytest.skip("K3/K5 take exl3_gemm_mr from 17 rows only")
        w = weights(tid)
        x = C.make_x(torch, tid, m)
        args = (w["suh"], w["svh"], w["mcg"], w["mul1"], out_fp32)
        y = torch.ops._C_exl3.exl3_gemm_mr(x, w["b"], *args)
        assert y.shape == (m, n) and y.dtype == (torch.float if out_fp32 else torch.half)
>       ref = C.fp64_ref(torch, x, dequant_fn(w, True), n)
              ^^^^^^^^^^^^^^^^^^^^^^^^^^^^^^^^^^^^^^^^^^^^

tests/gpu/test_exl3_mr.py:126: 
_ _ _ _ _ _ _ _ _ _ _ _ _ _ _ _ _ _ _ _ _ _ _ _ _ _ _ _ _ _ _ _ _ _ _ _ _ _ _ _ 

torch = <module 'torch' from '/workspace/kit-work/venv-cu13/lib/python3.12/site-packages/torch/__init__.py'>
x = tensor([[ 0.4551, -0.8271, -0.6450,  ...,  0.4524, -0.0898,  0.2037],
        [ 0.7725, -3.0312,  0.2603,  ..., -0.782...2],
        [-0.6338,  0.4883, -0.8267,  ..., -0.8540, -1.7773,  0.2201]],
       device='cuda:0', dtype=torch.float16)
dequant = <function dequant_fn.<locals>.<lambda> at 0x7fd456688900>, n = 5120

    def fp64_ref(torch, x, dequant, n: int):
        """x (fp16 [m, k]) @ W in fp64, W from dequant(n_start, n_count) -> fp16 [k, c] slices."""
        xd = x.double()
>       return torch.cat([xd @ dequant(s, c).double() for s, c in slices(n)], dim=1)
                               ^^^^^^^^^^^^^^^^^^^^^^
E       torch.OutOfMemoryError: CUDA out of memory. Tried to allocate 680.00 MiB. GPU 0 has a total capacity of 7.66 GiB of which 793.75 MiB is free. Including non-PyTorch memory, this process has 6.26 GiB memory in use. 6.22 GiB allowed; Of the allocated memory 6.01 GiB is allocated by PyTorch, and 20.49 MiB is reserved by PyTorch but unallocated. If reserved but unallocated memory is large try setting PYTORCH_CUDA_ALLOC_CONF=expandable_segments:True to avoid fragmentation.  See documentation for Memory Management  (https://docs.pytorch.org/docs/stable/notes/cuda.html#optimizing-memory-usage-with-pytorch-cuda-alloc-conf)

tests/gpu/exl3_cases.py:99: OutOfMemoryError
___________________ test_gemm_vs_fp64[K3-down-24-fp16model] ____________________

ops = <module 'vllm_exl3_plugin.ops' from '/workspace/kit/plugin-exl3/vllm_exl3_plugin/ops.py'>
tid = 'K3-down', m = 24, out_fp32 = False

    @pytest.mark.parametrize("out_fp32", [True, False], ids=["bf16model", "fp16model"])
    @pytest.mark.parametrize("m", MR_ROWS + K4_SMALL_ROWS)
    @pytest.mark.parametrize("tid", MR_TIDS)
    def test_gemm_vs_fp64(ops, tid, m, out_fp32):
        import torch
    
        K, n = BITS[tid], C.TENSORS[tid][3]
        if m in K4_SMALL_ROWS and K != 4:
            pytest.skip("K3/K5 take exl3_gemm_mr from 17 rows only")
        w = weights(tid)
        x = C.make_x(torch, tid, m)
        args = (w["suh"], w["svh"], w["mcg"], w["mul1"], out_fp32)
        y = torch.ops._C_exl3.exl3_gemm_mr(x, w["b"], *args)
        assert y.shape == (m, n) and y.dtype == (torch.float if out_fp32 else torch.half)
>       ref = C.fp64_ref(torch, x, dequant_fn(w, True), n)
              ^^^^^^^^^^^^^^^^^^^^^^^^^^^^^^^^^^^^^^^^^^^^

tests/gpu/test_exl3_mr.py:126: 
_ _ _ _ _ _ _ _ _ _ _ _ _ _ _ _ _ _ _ _ _ _ _ _ _ _ _ _ _ _ _ _ _ _ _ _ _ _ _ _ 

torch = <module 'torch' from '/workspace/kit-work/venv-cu13/lib/python3.12/site-packages/torch/__init__.py'>
x = tensor([[ 0.4551, -0.8271, -0.6450,  ...,  0.4524, -0.0898,  0.2037],
        [ 0.7725, -3.0312,  0.2603,  ..., -0.782...2],
        [-0.6338,  0.4883, -0.8267,  ..., -0.8540, -1.7773,  0.2201]],
       device='cuda:0', dtype=torch.float16)
dequant = <function dequant_fn.<locals>.<lambda> at 0x7fd456688e00>, n = 5120

    def fp64_ref(torch, x, dequant, n: int):
        """x (fp16 [m, k]) @ W in fp64, W from dequant(n_start, n_count) -> fp16 [k, c] slices."""
        xd = x.double()
>       return torch.cat([xd @ dequant(s, c).double() for s, c in slices(n)], dim=1)
                               ^^^^^^^^^^^^^^^^^^^^^^
E       torch.OutOfMemoryError: CUDA out of memory. Tried to allocate 680.00 MiB. GPU 0 has a total capacity of 7.66 GiB of which 793.75 MiB is free. Including non-PyTorch memory, this process has 6.26 GiB memory in use. 6.22 GiB allowed; Of the allocated memory 6.01 GiB is allocated by PyTorch, and 16.27 MiB is reserved by PyTorch but unallocated. If reserved but unallocated memory is large try setting PYTORCH_CUDA_ALLOC_CONF=expandable_segments:True to avoid fragmentation.  See documentation for Memory Management  (https://docs.pytorch.org/docs/stable/notes/cuda.html#optimizing-memory-usage-with-pytorch-cuda-alloc-conf)

tests/gpu/exl3_cases.py:99: OutOfMemoryError
___________________ test_gemm_vs_fp64[K3-down-32-bf16model] ____________________

ops = <module 'vllm_exl3_plugin.ops' from '/workspace/kit/plugin-exl3/vllm_exl3_plugin/ops.py'>
tid = 'K3-down', m = 32, out_fp32 = True

    @pytest.mark.parametrize("out_fp32", [True, False], ids=["bf16model", "fp16model"])
    @pytest.mark.parametrize("m", MR_ROWS + K4_SMALL_ROWS)
    @pytest.mark.parametrize("tid", MR_TIDS)
    def test_gemm_vs_fp64(ops, tid, m, out_fp32):
        import torch
    
        K, n = BITS[tid], C.TENSORS[tid][3]
        if m in K4_SMALL_ROWS and K != 4:
            pytest.skip("K3/K5 take exl3_gemm_mr from 17 rows only")
        w = weights(tid)
        x = C.make_x(torch, tid, m)
        args = (w["suh"], w["svh"], w["mcg"], w["mul1"], out_fp32)
        y = torch.ops._C_exl3.exl3_gemm_mr(x, w["b"], *args)
        assert y.shape == (m, n) and y.dtype == (torch.float if out_fp32 else torch.half)
>       ref = C.fp64_ref(torch, x, dequant_fn(w, True), n)
              ^^^^^^^^^^^^^^^^^^^^^^^^^^^^^^^^^^^^^^^^^^^^

tests/gpu/test_exl3_mr.py:126: 
_ _ _ _ _ _ _ _ _ _ _ _ _ _ _ _ _ _ _ _ _ _ _ _ _ _ _ _ _ _ _ _ _ _ _ _ _ _ _ _ 

torch = <module 'torch' from '/workspace/kit-work/venv-cu13/lib/python3.12/site-packages/torch/__init__.py'>
x = tensor([[ 0.2852, -1.1094, -0.1288,  ..., -0.0629, -0.0731,  0.0966],
        [ 1.1006, -0.6421, -0.3462,  ..., -1.249...0],
        [ 0.0822,  1.0020, -2.1367,  ..., -1.1445, -0.4487, -2.0820]],
       device='cuda:0', dtype=torch.float16)
dequant = <function dequant_fn.<locals>.<lambda> at 0x7fd4566891c0>, n = 5120

    def fp64_ref(torch, x, dequant, n: int):
        """x (fp16 [m, k]) @ W in fp64, W from dequant(n_start, n_count) -> fp16 [k, c] slices."""
        xd = x.double()
>       return torch.cat([xd @ dequant(s, c).double() for s, c in slices(n)], dim=1)
                               ^^^^^^^^^^^^^^^^^^^^^^
E       torch.OutOfMemoryError: CUDA out of memory. Tried to allocate 680.00 MiB. GPU 0 has a total capacity of 7.66 GiB of which 793.75 MiB is free. Including non-PyTorch memory, this process has 6.26 GiB memory in use. 6.22 GiB allowed; Of the allocated memory 6.02 GiB is allocated by PyTorch, and 10.34 MiB is reserved by PyTorch but unallocated. If reserved but unallocated memory is large try setting PYTORCH_CUDA_ALLOC_CONF=expandable_segments:True to avoid fragmentation.  See documentation for Memory Management  (https://docs.pytorch.org/docs/stable/notes/cuda.html#optimizing-memory-usage-with-pytorch-cuda-alloc-conf)

tests/gpu/exl3_cases.py:99: OutOfMemoryError
___________________ test_gemm_vs_fp64[K3-down-32-fp16model] ____________________

ops = <module 'vllm_exl3_plugin.ops' from '/workspace/kit/plugin-exl3/vllm_exl3_plugin/ops.py'>
tid = 'K3-down', m = 32, out_fp32 = False

    @pytest.mark.parametrize("out_fp32", [True, False], ids=["bf16model", "fp16model"])
    @pytest.mark.parametrize("m", MR_ROWS + K4_SMALL_ROWS)
    @pytest.mark.parametrize("tid", MR_TIDS)
    def test_gemm_vs_fp64(ops, tid, m, out_fp32):
        import torch
    
        K, n = BITS[tid], C.TENSORS[tid][3]
        if m in K4_SMALL_ROWS and K != 4:
            pytest.skip("K3/K5 take exl3_gemm_mr from 17 rows only")
        w = weights(tid)
        x = C.make_x(torch, tid, m)
        args = (w["suh"], w["svh"], w["mcg"], w["mul1"], out_fp32)
        y = torch.ops._C_exl3.exl3_gemm_mr(x, w["b"], *args)
        assert y.shape == (m, n) and y.dtype == (torch.float if out_fp32 else torch.half)
>       ref = C.fp64_ref(torch, x, dequant_fn(w, True), n)
              ^^^^^^^^^^^^^^^^^^^^^^^^^^^^^^^^^^^^^^^^^^^^

tests/gpu/test_exl3_mr.py:126: 
_ _ _ _ _ _ _ _ _ _ _ _ _ _ _ _ _ _ _ _ _ _ _ _ _ _ _ _ _ _ _ _ _ _ _ _ _ _ _ _ 

torch = <module 'torch' from '/workspace/kit-work/venv-cu13/lib/python3.12/site-packages/torch/__init__.py'>
x = tensor([[ 0.2852, -1.1094, -0.1288,  ..., -0.0629, -0.0731,  0.0966],
        [ 1.1006, -0.6421, -0.3462,  ..., -1.249...0],
        [ 0.0822,  1.0020, -2.1367,  ..., -1.1445, -0.4487, -2.0820]],
       device='cuda:0', dtype=torch.float16)
dequant = <function dequant_fn.<locals>.<lambda> at 0x7fd456689440>, n = 5120

    def fp64_ref(torch, x, dequant, n: int):
        """x (fp16 [m, k]) @ W in fp64, W from dequant(n_start, n_count) -> fp16 [k, c] slices."""
        xd = x.double()
>       return torch.cat([xd @ dequant(s, c).double() for s, c in slices(n)], dim=1)
                               ^^^^^^^^^^^^^^^^^^^^^^
E       torch.OutOfMemoryError: CUDA out of memory. Tried to allocate 680.00 MiB. GPU 0 has a total capacity of 7.66 GiB of which 793.75 MiB is free. Including non-PyTorch memory, this process has 6.26 GiB memory in use. 6.22 GiB allowed; Of the allocated memory 6.02 GiB is allocated by PyTorch, and 4.71 MiB is reserved by PyTorch but unallocated. If reserved but unallocated memory is large try setting PYTORCH_CUDA_ALLOC_CONF=expandable_segments:True to avoid fragmentation.  See documentation for Memory Management  (https://docs.pytorch.org/docs/stable/notes/cuda.html#optimizing-memory-usage-with-pytorch-cuda-alloc-conf)

tests/gpu/exl3_cases.py:99: OutOfMemoryError
___________________ test_gemm_vs_fp64[K3-down-48-bf16model] ____________________

ops = <module 'vllm_exl3_plugin.ops' from '/workspace/kit/plugin-exl3/vllm_exl3_plugin/ops.py'>
tid = 'K3-down', m = 48, out_fp32 = True

    @pytest.mark.parametrize("out_fp32", [True, False], ids=["bf16model", "fp16model"])
    @pytest.mark.parametrize("m", MR_ROWS + K4_SMALL_ROWS)
    @pytest.mark.parametrize("tid", MR_TIDS)
    def test_gemm_vs_fp64(ops, tid, m, out_fp32):
        import torch
    
        K, n = BITS[tid], C.TENSORS[tid][3]
        if m in K4_SMALL_ROWS and K != 4:
            pytest.skip("K3/K5 take exl3_gemm_mr from 17 rows only")
        w = weights(tid)
        x = C.make_x(torch, tid, m)
        args = (w["suh"], w["svh"], w["mcg"], w["mul1"], out_fp32)
        y = torch.ops._C_exl3.exl3_gemm_mr(x, w["b"], *args)
        assert y.shape == (m, n) and y.dtype == (torch.float if out_fp32 else torch.half)
>       ref = C.fp64_ref(torch, x, dequant_fn(w, True), n)
              ^^^^^^^^^^^^^^^^^^^^^^^^^^^^^^^^^^^^^^^^^^^^

tests/gpu/test_exl3_mr.py:126: 
_ _ _ _ _ _ _ _ _ _ _ _ _ _ _ _ _ _ _ _ _ _ _ _ _ _ _ _ _ _ _ _ _ _ _ _ _ _ _ _ 

torch = <module 'torch' from '/workspace/kit-work/venv-cu13/lib/python3.12/site-packages/torch/__init__.py'>
x = tensor([[-1.5762,  1.0273, -0.0222,  ...,  0.0068,  0.4089,  0.6221],
        [-1.5059, -0.4268,  0.6841,  ...,  0.841...2],
        [ 1.5615,  0.0027, -0.9390,  ..., -0.7080,  1.3584, -0.9399]],
       device='cuda:0', dtype=torch.float16)
dequant = <function dequant_fn.<locals>.<lambda> at 0x7fd4566884a0>, n = 5120

    def fp64_ref(torch, x, dequant, n: int):
        """x (fp16 [m, k]) @ W in fp64, W from dequant(n_start, n_count) -> fp16 [k, c] slices."""
        xd = x.double()
>       return torch.cat([xd @ dequant(s, c).double() for s, c in slices(n)], dim=1)
                               ^^^^^^^^^^^^^^^^^^^^^^
E       torch.OutOfMemoryError: CUDA out of memory. Tried to allocate 680.00 MiB. GPU 0 has a total capacity of 7.66 GiB of which 771.75 MiB is free. Including non-PyTorch memory, this process has 6.29 GiB memory in use. 6.22 GiB allowed; Of the allocated memory 6.03 GiB is allocated by PyTorch, and 17.80 MiB is reserved by PyTorch but unallocated. If reserved but unallocated memory is large try setting PYTORCH_CUDA_ALLOC_CONF=expandable_segments:True to avoid fragmentation.  See documentation for Memory Management  (https://docs.pytorch.org/docs/stable/notes/cuda.html#optimizing-memory-usage-with-pytorch-cuda-alloc-conf)

tests/gpu/exl3_cases.py:99: OutOfMemoryError
___________________ test_gemm_vs_fp64[K3-down-48-fp16model] ____________________

ops = <module 'vllm_exl3_plugin.ops' from '/workspace/kit/plugin-exl3/vllm_exl3_plugin/ops.py'>
tid = 'K3-down', m = 48, out_fp32 = False

    @pytest.mark.parametrize("out_fp32", [True, False], ids=["bf16model", "fp16model"])
    @pytest.mark.parametrize("m", MR_ROWS + K4_SMALL_ROWS)
    @pytest.mark.parametrize("tid", MR_TIDS)
    def test_gemm_vs_fp64(ops, tid, m, out_fp32):
        import torch
    
        K, n = BITS[tid], C.TENSORS[tid][3]
        if m in K4_SMALL_ROWS and K != 4:
            pytest.skip("K3/K5 take exl3_gemm_mr from 17 rows only")
        w = weights(tid)
        x = C.make_x(torch, tid, m)
        args = (w["suh"], w["svh"], w["mcg"], w["mul1"], out_fp32)
        y = torch.ops._C_exl3.exl3_gemm_mr(x, w["b"], *args)
        assert y.shape == (m, n) and y.dtype == (torch.float if out_fp32 else torch.half)
>       ref = C.fp64_ref(torch, x, dequant_fn(w, True), n)
              ^^^^^^^^^^^^^^^^^^^^^^^^^^^^^^^^^^^^^^^^^^^^

tests/gpu/test_exl3_mr.py:126: 
_ _ _ _ _ _ _ _ _ _ _ _ _ _ _ _ _ _ _ _ _ _ _ _ _ _ _ _ _ _ _ _ _ _ _ _ _ _ _ _ 

torch = <module 'torch' from '/workspace/kit-work/venv-cu13/lib/python3.12/site-packages/torch/__init__.py'>
x = tensor([[-1.5762,  1.0273, -0.0222,  ...,  0.0068,  0.4089,  0.6221],
        [-1.5059, -0.4268,  0.6841,  ...,  0.841...2],
        [ 1.5615,  0.0027, -0.9390,  ..., -0.7080,  1.3584, -0.9399]],
       device='cuda:0', dtype=torch.float16)
dequant = <function dequant_fn.<locals>.<lambda> at 0x7fd4566885e0>, n = 5120

    def fp64_ref(torch, x, dequant, n: int):
        """x (fp16 [m, k]) @ W in fp64, W from dequant(n_start, n_count) -> fp16 [k, c] slices."""
        xd = x.double()
>       return torch.cat([xd @ dequant(s, c).double() for s, c in slices(n)], dim=1)
                               ^^^^^^^^^^^^^^^^^^^^^^
E       torch.OutOfMemoryError: CUDA out of memory. Tried to allocate 680.00 MiB. GPU 0 has a total capacity of 7.66 GiB of which 771.75 MiB is free. Including non-PyTorch memory, this process has 6.29 GiB memory in use. 6.22 GiB allowed; Of the allocated memory 6.04 GiB is allocated by PyTorch, and 9.37 MiB is reserved by PyTorch but unallocated. If reserved but unallocated memory is large try setting PYTORCH_CUDA_ALLOC_CONF=expandable_segments:True to avoid fragmentation.  See documentation for Memory Management  (https://docs.pytorch.org/docs/stable/notes/cuda.html#optimizing-memory-usage-with-pytorch-cuda-alloc-conf)

tests/gpu/exl3_cases.py:99: OutOfMemoryError
___________________ test_gemm_vs_fp64[K3-down-64-bf16model] ____________________

ops = <module 'vllm_exl3_plugin.ops' from '/workspace/kit/plugin-exl3/vllm_exl3_plugin/ops.py'>
tid = 'K3-down', m = 64, out_fp32 = True

    @pytest.mark.parametrize("out_fp32", [True, False], ids=["bf16model", "fp16model"])
    @pytest.mark.parametrize("m", MR_ROWS + K4_SMALL_ROWS)
    @pytest.mark.parametrize("tid", MR_TIDS)
    def test_gemm_vs_fp64(ops, tid, m, out_fp32):
        import torch
    
        K, n = BITS[tid], C.TENSORS[tid][3]
        if m in K4_SMALL_ROWS and K != 4:
            pytest.skip("K3/K5 take exl3_gemm_mr from 17 rows only")
        w = weights(tid)
        x = C.make_x(torch, tid, m)
        args = (w["suh"], w["svh"], w["mcg"], w["mul1"], out_fp32)
        y = torch.ops._C_exl3.exl3_gemm_mr(x, w["b"], *args)
        assert y.shape == (m, n) and y.dtype == (torch.float if out_fp32 else torch.half)
>       ref = C.fp64_ref(torch, x, dequant_fn(w, True), n)
              ^^^^^^^^^^^^^^^^^^^^^^^^^^^^^^^^^^^^^^^^^^^^

tests/gpu/test_exl3_mr.py:126: 
_ _ _ _ _ _ _ _ _ _ _ _ _ _ _ _ _ _ _ _ _ _ _ _ _ _ _ _ _ _ _ _ _ _ _ _ _ _ _ _ 

torch = <module 'torch' from '/workspace/kit-work/venv-cu13/lib/python3.12/site-packages/torch/__init__.py'>
x = tensor([[ 0.2720,  0.2898,  1.3477,  ...,  0.9629,  1.5000,  2.4023],
        [-0.5317, -0.3667, -0.1240,  ..., -0.092...0],
        [-0.9189, -0.0614,  0.5693,  ..., -1.9150, -0.8877, -0.4041]],
       device='cuda:0', dtype=torch.float16)
dequant = <function dequant_fn.<locals>.<lambda> at 0x7fd456689da0>, n = 5120

    def fp64_ref(torch, x, dequant, n: int):
        """x (fp16 [m, k]) @ W in fp64, W from dequant(n_start, n_count) -> fp16 [k, c] slices."""
        xd = x.double()
>       return torch.cat([xd @ dequant(s, c).double() for s, c in slices(n)], dim=1)
                               ^^^^^^^^^^^^^^^^^^^^^^
E       torch.OutOfMemoryError: CUDA out of memory. Tried to allocate 680.00 MiB. GPU 0 has a total capacity of 7.66 GiB of which 751.75 MiB is free. Including non-PyTorch memory, this process has 6.30 GiB memory in use. 6.22 GiB allowed; Of the allocated memory 6.05 GiB is allocated by PyTorch, and 17.49 MiB is reserved by PyTorch but unallocated. If reserved but unallocated memory is large try setting PYTORCH_CUDA_ALLOC_CONF=expandable_segments:True to avoid fragmentation.  See documentation for Memory Management  (https://docs.pytorch.org/docs/stable/notes/cuda.html#optimizing-memory-usage-with-pytorch-cuda-alloc-conf)

tests/gpu/exl3_cases.py:99: OutOfMemoryError
___________________ test_gemm_vs_fp64[K3-down-64-fp16model] ____________________

ops = <module 'vllm_exl3_plugin.ops' from '/workspace/kit/plugin-exl3/vllm_exl3_plugin/ops.py'>
tid = 'K3-down', m = 64, out_fp32 = False

    @pytest.mark.parametrize("out_fp32", [True, False], ids=["bf16model", "fp16model"])
    @pytest.mark.parametrize("m", MR_ROWS + K4_SMALL_ROWS)
    @pytest.mark.parametrize("tid", MR_TIDS)
    def test_gemm_vs_fp64(ops, tid, m, out_fp32):
        import torch
    
        K, n = BITS[tid], C.TENSORS[tid][3]
        if m in K4_SMALL_ROWS and K != 4:
            pytest.skip("K3/K5 take exl3_gemm_mr from 17 rows only")
        w = weights(tid)
        x = C.make_x(torch, tid, m)
        args = (w["suh"], w["svh"], w["mcg"], w["mul1"], out_fp32)
        y = torch.ops._C_exl3.exl3_gemm_mr(x, w["b"], *args)
        assert y.shape == (m, n) and y.dtype == (torch.float if out_fp32 else torch.half)
>       ref = C.fp64_ref(torch, x, dequant_fn(w, True), n)
              ^^^^^^^^^^^^^^^^^^^^^^^^^^^^^^^^^^^^^^^^^^^^

tests/gpu/test_exl3_mr.py:126: 
_ _ _ _ _ _ _ _ _ _ _ _ _ _ _ _ _ _ _ _ _ _ _ _ _ _ _ _ _ _ _ _ _ _ _ _ _ _ _ _ 

torch = <module 'torch' from '/workspace/kit-work/venv-cu13/lib/python3.12/site-packages/torch/__init__.py'>
x = tensor([[ 0.2720,  0.2898,  1.3477,  ...,  0.9629,  1.5000,  2.4023],
        [-0.5317, -0.3667, -0.1240,  ..., -0.092...0],
        [-0.9189, -0.0614,  0.5693,  ..., -1.9150, -0.8877, -0.4041]],
       device='cuda:0', dtype=torch.float16)
dequant = <function dequant_fn.<locals>.<lambda> at 0x7fd456688f40>, n = 5120

    def fp64_ref(torch, x, dequant, n: int):
        """x (fp16 [m, k]) @ W in fp64, W from dequant(n_start, n_count) -> fp16 [k, c] slices."""
        xd = x.double()
>       return torch.cat([xd @ dequant(s, c).double() for s, c in slices(n)], dim=1)
                               ^^^^^^^^^^^^^^^^^^^^^^
E       torch.OutOfMemoryError: CUDA out of memory. Tried to allocate 680.00 MiB. GPU 0 has a total capacity of 7.66 GiB of which 751.75 MiB is free. Including non-PyTorch memory, this process has 6.30 GiB memory in use. 6.22 GiB allowed; Of the allocated memory 6.06 GiB is allocated by PyTorch, and 6.24 MiB is reserved by PyTorch but unallocated. If reserved but unallocated memory is large try setting PYTORCH_CUDA_ALLOC_CONF=expandable_segments:True to avoid fragmentation.  See documentation for Memory Management  (https://docs.pytorch.org/docs/stable/notes/cuda.html#optimizing-memory-usage-with-pytorch-cuda-alloc-conf)

tests/gpu/exl3_cases.py:99: OutOfMemoryError
___________________ test_gemm_vs_fp64[K3-down-96-bf16model] ____________________

ops = <module 'vllm_exl3_plugin.ops' from '/workspace/kit/plugin-exl3/vllm_exl3_plugin/ops.py'>
tid = 'K3-down', m = 96, out_fp32 = True

    @pytest.mark.parametrize("out_fp32", [True, False], ids=["bf16model", "fp16model"])
    @pytest.mark.parametrize("m", MR_ROWS + K4_SMALL_ROWS)
    @pytest.mark.parametrize("tid", MR_TIDS)
    def test_gemm_vs_fp64(ops, tid, m, out_fp32):
        import torch
    
        K, n = BITS[tid], C.TENSORS[tid][3]
        if m in K4_SMALL_ROWS and K != 4:
            pytest.skip("K3/K5 take exl3_gemm_mr from 17 rows only")
        w = weights(tid)
        x = C.make_x(torch, tid, m)
        args = (w["suh"], w["svh"], w["mcg"], w["mul1"], out_fp32)
        y = torch.ops._C_exl3.exl3_gemm_mr(x, w["b"], *args)
        assert y.shape == (m, n) and y.dtype == (torch.float if out_fp32 else torch.half)
>       ref = C.fp64_ref(torch, x, dequant_fn(w, True), n)
              ^^^^^^^^^^^^^^^^^^^^^^^^^^^^^^^^^^^^^^^^^^^^

tests/gpu/test_exl3_mr.py:126: 
_ _ _ _ _ _ _ _ _ _ _ _ _ _ _ _ _ _ _ _ _ _ _ _ _ _ _ _ _ _ _ _ _ _ _ _ _ _ _ _ 

torch = <module 'torch' from '/workspace/kit-work/venv-cu13/lib/python3.12/site-packages/torch/__init__.py'>
x = tensor([[-0.8579, -0.9248, -1.0234,  ..., -0.7461, -0.3179,  1.5439],
        [ 0.2842,  0.0889, -0.4336,  ..., -0.300...1],
        [-1.2695,  1.7363,  0.5884,  ..., -0.9639,  0.8682,  1.2695]],
       device='cuda:0', dtype=torch.float16)
dequant = <function dequant_fn.<locals>.<lambda> at 0x7fd456689260>, n = 5120

    def fp64_ref(torch, x, dequant, n: int):
        """x (fp16 [m, k]) @ W in fp64, W from dequant(n_start, n_count) -> fp16 [k, c] slices."""
        xd = x.double()
>       return torch.cat([xd @ dequant(s, c).double() for s, c in slices(n)], dim=1)
                               ^^^^^^^^^^^^^^^^^^^^^^
E       torch.OutOfMemoryError: CUDA out of memory. Tried to allocate 680.00 MiB. GPU 0 has a total capacity of 7.66 GiB of which 731.75 MiB is free. Including non-PyTorch memory, this process has 6.32 GiB memory in use. 6.22 GiB allowed; Of the allocated memory 6.08 GiB is allocated by PyTorch, and 8.43 MiB is reserved by PyTorch but unallocated. If reserved but unallocated memory is large try setting PYTORCH_CUDA_ALLOC_CONF=expandable_segments:True to avoid fragmentation.  See documentation for Memory Management  (https://docs.pytorch.org/docs/stable/notes/cuda.html#optimizing-memory-usage-with-pytorch-cuda-alloc-conf)

tests/gpu/exl3_cases.py:99: OutOfMemoryError
___________________ test_gemm_vs_fp64[K3-down-96-fp16model] ____________________

ops = <module 'vllm_exl3_plugin.ops' from '/workspace/kit/plugin-exl3/vllm_exl3_plugin/ops.py'>
tid = 'K3-down', m = 96, out_fp32 = False

    @pytest.mark.parametrize("out_fp32", [True, False], ids=["bf16model", "fp16model"])
    @pytest.mark.parametrize("m", MR_ROWS + K4_SMALL_ROWS)
    @pytest.mark.parametrize("tid", MR_TIDS)
    def test_gemm_vs_fp64(ops, tid, m, out_fp32):
        import torch
    
        K, n = BITS[tid], C.TENSORS[tid][3]
        if m in K4_SMALL_ROWS and K != 4:
            pytest.skip("K3/K5 take exl3_gemm_mr from 17 rows only")
        w = weights(tid)
        x = C.make_x(torch, tid, m)
        args = (w["suh"], w["svh"], w["mcg"], w["mul1"], out_fp32)
        y = torch.ops._C_exl3.exl3_gemm_mr(x, w["b"], *args)
        assert y.shape == (m, n) and y.dtype == (torch.float if out_fp32 else torch.half)
>       ref = C.fp64_ref(torch, x, dequant_fn(w, True), n)
              ^^^^^^^^^^^^^^^^^^^^^^^^^^^^^^^^^^^^^^^^^^^^

tests/gpu/test_exl3_mr.py:126: 
_ _ _ _ _ _ _ _ _ _ _ _ _ _ _ _ _ _ _ _ _ _ _ _ _ _ _ _ _ _ _ _ _ _ _ _ _ _ _ _ 

torch = <module 'torch' from '/workspace/kit-work/venv-cu13/lib/python3.12/site-packages/torch/__init__.py'>
x = tensor([[-0.8579, -0.9248, -1.0234,  ..., -0.7461, -0.3179,  1.5439],
        [ 0.2842,  0.0889, -0.4336,  ..., -0.300...1],
        [-1.2695,  1.7363,  0.5884,  ..., -0.9639,  0.8682,  1.2695]],
       device='cuda:0', dtype=torch.float16)
dequant = <function dequant_fn.<locals>.<lambda> at 0x7fd456689580>, n = 5120

    def fp64_ref(torch, x, dequant, n: int):
        """x (fp16 [m, k]) @ W in fp64, W from dequant(n_start, n_count) -> fp16 [k, c] slices."""
        xd = x.double()
>       return torch.cat([xd @ dequant(s, c).double() for s, c in slices(n)], dim=1)
                               ^^^^^^^^^^^^^^^^^^^^^^
E       torch.OutOfMemoryError: CUDA out of memory. Tried to allocate 680.00 MiB. GPU 0 has a total capacity of 7.66 GiB of which 711.75 MiB is free. Including non-PyTorch memory, this process has 6.34 GiB memory in use. 6.22 GiB allowed; Of the allocated memory 6.09 GiB is allocated by PyTorch, and 11.55 MiB is reserved by PyTorch but unallocated. If reserved but unallocated memory is large try setting PYTORCH_CUDA_ALLOC_CONF=expandable_segments:True to avoid fragmentation.  See documentation for Memory Management  (https://docs.pytorch.org/docs/stable/notes/cuda.html#optimizing-memory-usage-with-pytorch-cuda-alloc-conf)

tests/gpu/exl3_cases.py:99: OutOfMemoryError
___________________ test_gemm_vs_fp64[K3-down-144-bf16model] ___________________

ops = <module 'vllm_exl3_plugin.ops' from '/workspace/kit/plugin-exl3/vllm_exl3_plugin/ops.py'>
tid = 'K3-down', m = 144, out_fp32 = True

    @pytest.mark.parametrize("out_fp32", [True, False], ids=["bf16model", "fp16model"])
    @pytest.mark.parametrize("m", MR_ROWS + K4_SMALL_ROWS)
    @pytest.mark.parametrize("tid", MR_TIDS)
    def test_gemm_vs_fp64(ops, tid, m, out_fp32):
        import torch
    
        K, n = BITS[tid], C.TENSORS[tid][3]
        if m in K4_SMALL_ROWS and K != 4:
            pytest.skip("K3/K5 take exl3_gemm_mr from 17 rows only")
        w = weights(tid)
        x = C.make_x(torch, tid, m)
        args = (w["suh"], w["svh"], w["mcg"], w["mul1"], out_fp32)
        y = torch.ops._C_exl3.exl3_gemm_mr(x, w["b"], *args)
        assert y.shape == (m, n) and y.dtype == (torch.float if out_fp32 else torch.half)
>       ref = C.fp64_ref(torch, x, dequant_fn(w, True), n)
              ^^^^^^^^^^^^^^^^^^^^^^^^^^^^^^^^^^^^^^^^^^^^

tests/gpu/test_exl3_mr.py:126: 
_ _ _ _ _ _ _ _ _ _ _ _ _ _ _ _ _ _ _ _ _ _ _ _ _ _ _ _ _ _ _ _ _ _ _ _ _ _ _ _ 

torch = <module 'torch' from '/workspace/kit-work/venv-cu13/lib/python3.12/site-packages/torch/__init__.py'>
x = tensor([[-0.8320,  0.0943,  1.2764,  ..., -0.4482,  0.5918, -0.1835],
        [ 0.0892,  1.3809, -1.0908,  ..., -0.918...3],
        [ 0.8950,  0.5210, -0.5366,  ...,  1.0146,  0.1126, -0.0139]],
       device='cuda:0', dtype=torch.float16)
dequant = <function dequant_fn.<locals>.<lambda> at 0x7fd456688720>, n = 5120

    def fp64_ref(torch, x, dequant, n: int):
        """x (fp16 [m, k]) @ W in fp64, W from dequant(n_start, n_count) -> fp16 [k, c] slices."""
        xd = x.double()
>       return torch.cat([xd @ dequant(s, c).double() for s, c in slices(n)], dim=1)
                               ^^^^^^^^^^^^^^^^^^^^^^
E       torch.OutOfMemoryError: CUDA out of memory. Tried to allocate 680.00 MiB. GPU 0 has a total capacity of 7.66 GiB of which 671.75 MiB is free. Including non-PyTorch memory, this process has 6.38 GiB memory in use. 6.22 GiB allowed; Of the allocated memory 6.12 GiB is allocated by PyTorch, and 24.84 MiB is reserved by PyTorch but unallocated. If reserved but unallocated memory is large try setting PYTORCH_CUDA_ALLOC_CONF=expandable_segments:True to avoid fragmentation.  See documentation for Memory Management  (https://docs.pytorch.org/docs/stable/notes/cuda.html#optimizing-memory-usage-with-pytorch-cuda-alloc-conf)

tests/gpu/exl3_cases.py:99: OutOfMemoryError
___________________ test_gemm_vs_fp64[K3-down-144-fp16model] ___________________

ops = <module 'vllm_exl3_plugin.ops' from '/workspace/kit/plugin-exl3/vllm_exl3_plugin/ops.py'>
tid = 'K3-down', m = 144, out_fp32 = False

    @pytest.mark.parametrize("out_fp32", [True, False], ids=["bf16model", "fp16model"])
    @pytest.mark.parametrize("m", MR_ROWS + K4_SMALL_ROWS)
    @pytest.mark.parametrize("tid", MR_TIDS)
    def test_gemm_vs_fp64(ops, tid, m, out_fp32):
        import torch
    
        K, n = BITS[tid], C.TENSORS[tid][3]
        if m in K4_SMALL_ROWS and K != 4:
            pytest.skip("K3/K5 take exl3_gemm_mr from 17 rows only")
        w = weights(tid)
        x = C.make_x(torch, tid, m)
        args = (w["suh"], w["svh"], w["mcg"], w["mul1"], out_fp32)
        y = torch.ops._C_exl3.exl3_gemm_mr(x, w["b"], *args)
        assert y.shape == (m, n) and y.dtype == (torch.float if out_fp32 else torch.half)
>       ref = C.fp64_ref(torch, x, dequant_fn(w, True), n)
              ^^^^^^^^^^^^^^^^^^^^^^^^^^^^^^^^^^^^^^^^^^^^

tests/gpu/test_exl3_mr.py:126: 
_ _ _ _ _ _ _ _ _ _ _ _ _ _ _ _ _ _ _ _ _ _ _ _ _ _ _ _ _ _ _ _ _ _ _ _ _ _ _ _ 

torch = <module 'torch' from '/workspace/kit-work/venv-cu13/lib/python3.12/site-packages/torch/__init__.py'>
x = tensor([[-0.8320,  0.0943,  1.2764,  ..., -0.4482,  0.5918, -0.1835],
        [ 0.0892,  1.3809, -1.0908,  ..., -0.918...3],
        [ 0.8950,  0.5210, -0.5366,  ...,  1.0146,  0.1126, -0.0139]],
       device='cuda:0', dtype=torch.float16)
dequant = <function dequant_fn.<locals>.<lambda> at 0x7fd45668ab60>, n = 5120

    def fp64_ref(torch, x, dequant, n: int):
        """x (fp16 [m, k]) @ W in fp64, W from dequant(n_start, n_count) -> fp16 [k, c] slices."""
        xd = x.double()
>       return torch.cat([xd @ dequant(s, c).double() for s, c in slices(n)], dim=1)
                               ^^^^^^^^^^^^^^^^^^^^^^
E       torch.OutOfMemoryError: CUDA out of memory. Tried to allocate 680.00 MiB. GPU 0 has a total capacity of 7.66 GiB of which 651.75 MiB is free. Including non-PyTorch memory, this process has 6.40 GiB memory in use. 6.22 GiB allowed; Of the allocated memory 6.14 GiB is allocated by PyTorch, and 19.52 MiB is reserved by PyTorch but unallocated. If reserved but unallocated memory is large try setting PYTORCH_CUDA_ALLOC_CONF=expandable_segments:True to avoid fragmentation.  See documentation for Memory Management  (https://docs.pytorch.org/docs/stable/notes/cuda.html#optimizing-memory-usage-with-pytorch-cuda-alloc-conf)

tests/gpu/exl3_cases.py:99: OutOfMemoryError
___________________ test_gemm_vs_fp64[K3-down-192-bf16model] ___________________

ops = <module 'vllm_exl3_plugin.ops' from '/workspace/kit/plugin-exl3/vllm_exl3_plugin/ops.py'>
tid = 'K3-down', m = 192, out_fp32 = True

    @pytest.mark.parametrize("out_fp32", [True, False], ids=["bf16model", "fp16model"])
    @pytest.mark.parametrize("m", MR_ROWS + K4_SMALL_ROWS)
    @pytest.mark.parametrize("tid", MR_TIDS)
    def test_gemm_vs_fp64(ops, tid, m, out_fp32):
        import torch
    
        K, n = BITS[tid], C.TENSORS[tid][3]
        if m in K4_SMALL_ROWS and K != 4:
            pytest.skip("K3/K5 take exl3_gemm_mr from 17 rows only")
        w = weights(tid)
        x = C.make_x(torch, tid, m)
        args = (w["suh"], w["svh"], w["mcg"], w["mul1"], out_fp32)
        y = torch.ops._C_exl3.exl3_gemm_mr(x, w["b"], *args)
        assert y.shape == (m, n) and y.dtype == (torch.float if out_fp32 else torch.half)
>       ref = C.fp64_ref(torch, x, dequant_fn(w, True), n)
              ^^^^^^^^^^^^^^^^^^^^^^^^^^^^^^^^^^^^^^^^^^^^

tests/gpu/test_exl3_mr.py:126: 
_ _ _ _ _ _ _ _ _ _ _ _ _ _ _ _ _ _ _ _ _ _ _ _ _ _ _ _ _ _ _ _ _ _ _ _ _ _ _ _ 

torch = <module 'torch' from '/workspace/kit-work/venv-cu13/lib/python3.12/site-packages/torch/__init__.py'>
x = tensor([[ 0.3472, -0.2639, -0.2766,  ...,  1.4551,  1.4141,  0.5430],
        [-0.2712, -0.5181,  0.1466,  ...,  1.907...9],
        [ 1.6299, -1.1572,  0.3530,  ...,  0.7080,  1.0098, -0.4905]],
       device='cuda:0', dtype=torch.float16)
dequant = <function dequant_fn.<locals>.<lambda> at 0x7fd45668ade0>, n = 5120

    def fp64_ref(torch, x, dequant, n: int):
        """x (fp16 [m, k]) @ W in fp64, W from dequant(n_start, n_count) -> fp16 [k, c] slices."""
        xd = x.double()
>       return torch.cat([xd @ dequant(s, c).double() for s, c in slices(n)], dim=1)
                               ^^^^^^^^^^^^^^^^^^^^^^
E       torch.OutOfMemoryError: CUDA out of memory. Tried to allocate 680.00 MiB. GPU 0 has a total capacity of 7.66 GiB of which 611.75 MiB is free. Including non-PyTorch memory, this process has 6.44 GiB memory in use. 6.22 GiB allowed; Of the allocated memory 6.18 GiB is allocated by PyTorch, and 23.90 MiB is reserved by PyTorch but unallocated. If reserved but unallocated memory is large try setting PYTORCH_CUDA_ALLOC_CONF=expandable_segments:True to avoid fragmentation.  See documentation for Memory Management  (https://docs.pytorch.org/docs/stable/notes/cuda.html#optimizing-memory-usage-with-pytorch-cuda-alloc-conf)

tests/gpu/exl3_cases.py:99: OutOfMemoryError
___________________ test_gemm_vs_fp64[K3-down-192-fp16model] ___________________

ops = <module 'vllm_exl3_plugin.ops' from '/workspace/kit/plugin-exl3/vllm_exl3_plugin/ops.py'>
tid = 'K3-down', m = 192, out_fp32 = False

    @pytest.mark.parametrize("out_fp32", [True, False], ids=["bf16model", "fp16model"])
    @pytest.mark.parametrize("m", MR_ROWS + K4_SMALL_ROWS)
    @pytest.mark.parametrize("tid", MR_TIDS)
    def test_gemm_vs_fp64(ops, tid, m, out_fp32):
        import torch
    
        K, n = BITS[tid], C.TENSORS[tid][3]
        if m in K4_SMALL_ROWS and K != 4:
            pytest.skip("K3/K5 take exl3_gemm_mr from 17 rows only")
        w = weights(tid)
        x = C.make_x(torch, tid, m)
        args = (w["suh"], w["svh"], w["mcg"], w["mul1"], out_fp32)
        y = torch.ops._C_exl3.exl3_gemm_mr(x, w["b"], *args)
        assert y.shape == (m, n) and y.dtype == (torch.float if out_fp32 else torch.half)
>       ref = C.fp64_ref(torch, x, dequant_fn(w, True), n)
              ^^^^^^^^^^^^^^^^^^^^^^^^^^^^^^^^^^^^^^^^^^^^

tests/gpu/test_exl3_mr.py:126: 
_ _ _ _ _ _ _ _ _ _ _ _ _ _ _ _ _ _ _ _ _ _ _ _ _ _ _ _ _ _ _ _ _ _ _ _ _ _ _ _ 
tests/gpu/exl3_cases.py:99: in fp64_ref
    return torch.cat([xd @ dequant(s, c).double() for s, c in slices(n)], dim=1)
                           ^^^^^^^^^^^^^
tests/gpu/test_exl3_mr.py:78: in <lambda>
    return lambda s, c: torch.ops._C_exl3.exl3_dequant(w["trellis"], w["suh"], w["svh"], w["mcg"], w["mul1"],
_ _ _ _ _ _ _ _ _ _ _ _ _ _ _ _ _ _ _ _ _ _ _ _ _ _ _ _ _ _ _ _ _ _ _ _ _ _ _ _ 

self = <OpOverloadPacket(op='_C_exl3.exl3_dequant')>
args = (tensor([[[ 12722,  -5962, -15174,  ...,   2797,   2391,  13180],
         [-14101, -17887,   9732,  ...,   3303,   26... -0.0500,  0.0500,  ...,  0.0500,  0.0500,  0.0500],
       device='cuda:0', dtype=torch.float16), False, True, 0, ...)
kwargs = {}

    def __call__(self, /, *args: _P.args, **kwargs: _P.kwargs) -> _T:
        # overloading __call__ to ensure torch.ops.foo.bar()
        # is still callable from JIT
        # We save the function ptr as the `op` attribute on
        # OpOverloadPacket to access it here.
    
        # Directly calling OverloadPacket goes into C++, which will check
        # the schema and cause an error for torchbind op when inputs consist of FakeScriptObject so we
        # intercept it here and call TorchBindOpverload instead.
        if self._has_torchbind_op_overload and _must_dispatch_in_python(args, kwargs):
            # pyrefly: ignore [bad-argument-type]
            return _call_overload_packet_from_python(self, *args, **kwargs)
>       return self._op(*args, **kwargs)
               ^^^^^^^^^^^^^^^^^^^^^^^^^
E       torch.OutOfMemoryError: CUDA out of memory. Tried to allocate 170.00 MiB. GPU 0 has a total capacity of 7.66 GiB of which 751.75 MiB is free. Including non-PyTorch memory, this process has 6.30 GiB memory in use. 6.22 GiB allowed; Of the allocated memory 6.05 GiB is allocated by PyTorch, and 20.15 MiB is reserved by PyTorch but unallocated. If reserved but unallocated memory is large try setting PYTORCH_CUDA_ALLOC_CONF=expandable_segments:True to avoid fragmentation.  See documentation for Memory Management  (https://docs.pytorch.org/docs/stable/notes/cuda.html#optimizing-memory-usage-with-pytorch-cuda-alloc-conf)

../kit-work/venv-cu13/lib/python3.12/site-packages/torch/_ops.py:1279: OutOfMemoryError
___________________ test_gemm_vs_fp64[K3-down-384-bf16model] ___________________

ops = <module 'vllm_exl3_plugin.ops' from '/workspace/kit/plugin-exl3/vllm_exl3_plugin/ops.py'>
tid = 'K3-down', m = 384, out_fp32 = True

    @pytest.mark.parametrize("out_fp32", [True, False], ids=["bf16model", "fp16model"])
    @pytest.mark.parametrize("m", MR_ROWS + K4_SMALL_ROWS)
    @pytest.mark.parametrize("tid", MR_TIDS)
    def test_gemm_vs_fp64(ops, tid, m, out_fp32):
        import torch
    
        K, n = BITS[tid], C.TENSORS[tid][3]
        if m in K4_SMALL_ROWS and K != 4:
            pytest.skip("K3/K5 take exl3_gemm_mr from 17 rows only")
        w = weights(tid)
        x = C.make_x(torch, tid, m)
        args = (w["suh"], w["svh"], w["mcg"], w["mul1"], out_fp32)
        y = torch.ops._C_exl3.exl3_gemm_mr(x, w["b"], *args)
        assert y.shape == (m, n) and y.dtype == (torch.float if out_fp32 else torch.half)
>       ref = C.fp64_ref(torch, x, dequant_fn(w, True), n)
              ^^^^^^^^^^^^^^^^^^^^^^^^^^^^^^^^^^^^^^^^^^^^

tests/gpu/test_exl3_mr.py:126: 
_ _ _ _ _ _ _ _ _ _ _ _ _ _ _ _ _ _ _ _ _ _ _ _ _ _ _ _ _ _ _ _ _ _ _ _ _ _ _ _ 
tests/gpu/exl3_cases.py:99: in fp64_ref
    return torch.cat([xd @ dequant(s, c).double() for s, c in slices(n)], dim=1)
                           ^^^^^^^^^^^^^
tests/gpu/test_exl3_mr.py:78: in <lambda>
    return lambda s, c: torch.ops._C_exl3.exl3_dequant(w["trellis"], w["suh"], w["svh"], w["mcg"], w["mul1"],
_ _ _ _ _ _ _ _ _ _ _ _ _ _ _ _ _ _ _ _ _ _ _ _ _ _ _ _ _ _ _ _ _ _ _ _ _ _ _ _ 

self = <OpOverloadPacket(op='_C_exl3.exl3_dequant')>
args = (tensor([[[ 12722,  -5962, -15174,  ...,   2797,   2391,  13180],
         [-14101, -17887,   9732,  ...,   3303,   26... -0.0500,  0.0500,  ...,  0.0500,  0.0500,  0.0500],
       device='cuda:0', dtype=torch.float16), False, True, 0, ...)
kwargs = {}

    def __call__(self, /, *args: _P.args, **kwargs: _P.kwargs) -> _T:
        # overloading __call__ to ensure torch.ops.foo.bar()
        # is still callable from JIT
        # We save the function ptr as the `op` attribute on
        # OpOverloadPacket to access it here.
    
        # Directly calling OverloadPacket goes into C++, which will check
        # the schema and cause an error for torchbind op when inputs consist of FakeScriptObject so we
        # intercept it here and call TorchBindOpverload instead.
        if self._has_torchbind_op_overload and _must_dispatch_in_python(args, kwargs):
            # pyrefly: ignore [bad-argument-type]
            return _call_overload_packet_from_python(self, *args, **kwargs)
>       return self._op(*args, **kwargs)
               ^^^^^^^^^^^^^^^^^^^^^^^^^
E       torch.OutOfMemoryError: CUDA out of memory. Tried to allocate 170.00 MiB. GPU 0 has a total capacity of 7.66 GiB of which 671.75 MiB is free. Including non-PyTorch memory, this process has 6.38 GiB memory in use. 6.22 GiB allowed; Of the allocated memory 6.12 GiB is allocated by PyTorch, and 28.90 MiB is reserved by PyTorch but unallocated. If reserved but unallocated memory is large try setting PYTORCH_CUDA_ALLOC_CONF=expandable_segments:True to avoid fragmentation.  See documentation for Memory Management  (https://docs.pytorch.org/docs/stable/notes/cuda.html#optimizing-memory-usage-with-pytorch-cuda-alloc-conf)

../kit-work/venv-cu13/lib/python3.12/site-packages/torch/_ops.py:1279: OutOfMemoryError
___________________ test_gemm_vs_fp64[K3-down-384-fp16model] ___________________

ops = <module 'vllm_exl3_plugin.ops' from '/workspace/kit/plugin-exl3/vllm_exl3_plugin/ops.py'>
tid = 'K3-down', m = 384, out_fp32 = False

    @pytest.mark.parametrize("out_fp32", [True, False], ids=["bf16model", "fp16model"])
    @pytest.mark.parametrize("m", MR_ROWS + K4_SMALL_ROWS)
    @pytest.mark.parametrize("tid", MR_TIDS)
    def test_gemm_vs_fp64(ops, tid, m, out_fp32):
        import torch
    
        K, n = BITS[tid], C.TENSORS[tid][3]
        if m in K4_SMALL_ROWS and K != 4:
            pytest.skip("K3/K5 take exl3_gemm_mr from 17 rows only")
        w = weights(tid)
        x = C.make_x(torch, tid, m)
        args = (w["suh"], w["svh"], w["mcg"], w["mul1"], out_fp32)
        y = torch.ops._C_exl3.exl3_gemm_mr(x, w["b"], *args)
        assert y.shape == (m, n) and y.dtype == (torch.float if out_fp32 else torch.half)
>       ref = C.fp64_ref(torch, x, dequant_fn(w, True), n)
              ^^^^^^^^^^^^^^^^^^^^^^^^^^^^^^^^^^^^^^^^^^^^

tests/gpu/test_exl3_mr.py:126: 
_ _ _ _ _ _ _ _ _ _ _ _ _ _ _ _ _ _ _ _ _ _ _ _ _ _ _ _ _ _ _ _ _ _ _ _ _ _ _ _ 
tests/gpu/exl3_cases.py:99: in fp64_ref
    return torch.cat([xd @ dequant(s, c).double() for s, c in slices(n)], dim=1)
                           ^^^^^^^^^^^^^
tests/gpu/test_exl3_mr.py:78: in <lambda>
    return lambda s, c: torch.ops._C_exl3.exl3_dequant(w["trellis"], w["suh"], w["svh"], w["mcg"], w["mul1"],
_ _ _ _ _ _ _ _ _ _ _ _ _ _ _ _ _ _ _ _ _ _ _ _ _ _ _ _ _ _ _ _ _ _ _ _ _ _ _ _ 

self = <OpOverloadPacket(op='_C_exl3.exl3_dequant')>
args = (tensor([[[ 12722,  -5962, -15174,  ...,   2797,   2391,  13180],
         [-14101, -17887,   9732,  ...,   3303,   26... -0.0500,  0.0500,  ...,  0.0500,  0.0500,  0.0500],
       device='cuda:0', dtype=torch.float16), False, True, 0, ...)
kwargs = {}

    def __call__(self, /, *args: _P.args, **kwargs: _P.kwargs) -> _T:
        # overloading __call__ to ensure torch.ops.foo.bar()
        # is still callable from JIT
        # We save the function ptr as the `op` attribute on
        # OpOverloadPacket to access it here.
    
        # Directly calling OverloadPacket goes into C++, which will check
        # the schema and cause an error for torchbind op when inputs consist of FakeScriptObject so we
        # intercept it here and call TorchBindOpverload instead.
        if self._has_torchbind_op_overload and _must_dispatch_in_python(args, kwargs):
            # pyrefly: ignore [bad-argument-type]
            return _call_overload_packet_from_python(self, *args, **kwargs)
>       return self._op(*args, **kwargs)
               ^^^^^^^^^^^^^^^^^^^^^^^^^
E       torch.OutOfMemoryError: CUDA out of memory. Tried to allocate 170.00 MiB. GPU 0 has a total capacity of 7.66 GiB of which 611.75 MiB is free. Including non-PyTorch memory, this process has 6.44 GiB memory in use. 6.22 GiB allowed; Of the allocated memory 6.18 GiB is allocated by PyTorch, and 21.40 MiB is reserved by PyTorch but unallocated. If reserved but unallocated memory is large try setting PYTORCH_CUDA_ALLOC_CONF=expandable_segments:True to avoid fragmentation.  See documentation for Memory Management  (https://docs.pytorch.org/docs/stable/notes/cuda.html#optimizing-memory-usage-with-pytorch-cuda-alloc-conf)

../kit-work/venv-cu13/lib/python3.12/site-packages/torch/_ops.py:1279: OutOfMemoryError
____________________ test_gemm_vs_fp64[K3-up-17-bf16model] _____________________

ops = <module 'vllm_exl3_plugin.ops' from '/workspace/kit/plugin-exl3/vllm_exl3_plugin/ops.py'>
tid = 'K3-up', m = 17, out_fp32 = True

    @pytest.mark.parametrize("out_fp32", [True, False], ids=["bf16model", "fp16model"])
    @pytest.mark.parametrize("m", MR_ROWS + K4_SMALL_ROWS)
    @pytest.mark.parametrize("tid", MR_TIDS)
    def test_gemm_vs_fp64(ops, tid, m, out_fp32):
        import torch
    
        K, n = BITS[tid], C.TENSORS[tid][3]
        if m in K4_SMALL_ROWS and K != 4:
            pytest.skip("K3/K5 take exl3_gemm_mr from 17 rows only")
>       w = weights(tid)
            ^^^^^^^^^^^^

tests/gpu/test_exl3_mr.py:121: 
_ _ _ _ _ _ _ _ _ _ _ _ _ _ _ _ _ _ _ _ _ _ _ _ _ _ _ _ _ _ _ _ _ _ _ _ _ _ _ _ 
tests/gpu/test_exl3_mr.py:69: in weights
    w = C.load(torch, tid)
        ^^^^^^^^^^^^^^^^^^
_ _ _ _ _ _ _ _ _ _ _ _ _ _ _ _ _ _ _ _ _ _ _ _ _ _ _ _ _ _ _ _ _ _ _ _ _ _ _ _ 

torch = <module 'torch' from '/workspace/kit-work/venv-cu13/lib/python3.12/site-packages/torch/__init__.py'>
tid = 'K3-up', device = 'cuda'

    def load(torch, tid: str, device="cuda") -> dict:
        """trellis/suh/svh (+ mcg/mul1 flags) of one checkpoint tensor, from the model's index."""
        import json
    
        from safetensors import safe_open
    
        prefix = TENSORS[tid][0]
        wm = json.loads((MODEL / "model.safetensors.index.json").read_text())["weight_map"]
        out = {"mcg": f"{prefix}.mcg" in wm, "mul1": f"{prefix}.mul1" in wm}
        for t in ("trellis", "suh", "svh"):
            with safe_open(str(MODEL / wm[f"{prefix}.{t}"]), framework="pt") as f:
>               out[t] = f.get_tensor(f"{prefix}.{t}").to(device).contiguous()
                         ^^^^^^^^^^^^^^^^^^^^^^^^^^^^^^^^^^^^^^^^
E               torch.OutOfMemoryError: CUDA out of memory. Tried to allocate 32.00 MiB. GPU 0 has a total capacity of 7.66 GiB of which 611.75 MiB is free. Including non-PyTorch memory, this process has 6.44 GiB memory in use. 6.22 GiB allowed; Of the allocated memory 6.18 GiB is allocated by PyTorch, and 21.40 MiB is reserved by PyTorch but unallocated. If reserved but unallocated memory is large try setting PYTORCH_CUDA_ALLOC_CONF=expandable_segments:True to avoid fragmentation.  See documentation for Memory Management  (https://docs.pytorch.org/docs/stable/notes/cuda.html#optimizing-memory-usage-with-pytorch-cuda-alloc-conf)

tests/gpu/exl3_cases.py:84: OutOfMemoryError
____________________ test_gemm_vs_fp64[K3-up-17-fp16model] _____________________

ops = <module 'vllm_exl3_plugin.ops' from '/workspace/kit/plugin-exl3/vllm_exl3_plugin/ops.py'>
tid = 'K3-up', m = 17, out_fp32 = False

    @pytest.mark.parametrize("out_fp32", [True, False], ids=["bf16model", "fp16model"])
    @pytest.mark.parametrize("m", MR_ROWS + K4_SMALL_ROWS)
    @pytest.mark.parametrize("tid", MR_TIDS)
    def test_gemm_vs_fp64(ops, tid, m, out_fp32):
        import torch
    
        K, n = BITS[tid], C.TENSORS[tid][3]
        if m in K4_SMALL_ROWS and K != 4:
            pytest.skip("K3/K5 take exl3_gemm_mr from 17 rows only")
>       w = weights(tid)
            ^^^^^^^^^^^^

tests/gpu/test_exl3_mr.py:121: 
_ _ _ _ _ _ _ _ _ _ _ _ _ _ _ _ _ _ _ _ _ _ _ _ _ _ _ _ _ _ _ _ _ _ _ _ _ _ _ _ 
tests/gpu/test_exl3_mr.py:69: in weights
    w = C.load(torch, tid)
        ^^^^^^^^^^^^^^^^^^
_ _ _ _ _ _ _ _ _ _ _ _ _ _ _ _ _ _ _ _ _ _ _ _ _ _ _ _ _ _ _ _ _ _ _ _ _ _ _ _ 

torch = <module 'torch' from '/workspace/kit-work/venv-cu13/lib/python3.12/site-packages/torch/__init__.py'>
tid = 'K3-up', device = 'cuda'

    def load(torch, tid: str, device="cuda") -> dict:
        """trellis/suh/svh (+ mcg/mul1 flags) of one checkpoint tensor, from the model's index."""
        import json
    
        from safetensors import safe_open
    
        prefix = TENSORS[tid][0]
        wm = json.loads((MODEL / "model.safetensors.index.json").read_text())["weight_map"]
        out = {"mcg": f"{prefix}.mcg" in wm, "mul1": f"{prefix}.mul1" in wm}
        for t in ("trellis", "suh", "svh"):
            with safe_open(str(MODEL / wm[f"{prefix}.{t}"]), framework="pt") as f:
>               out[t] = f.get_tensor(f"{prefix}.{t}").to(device).contiguous()
                         ^^^^^^^^^^^^^^^^^^^^^^^^^^^^^^^^^^^^^^^^
E               torch.OutOfMemoryError: CUDA out of memory. Tried to allocate 32.00 MiB. GPU 0 has a total capacity of 7.66 GiB of which 611.75 MiB is free. Including non-PyTorch memory, this process has 6.44 GiB memory in use. 6.22 GiB allowed; Of the allocated memory 6.18 GiB is allocated by PyTorch, and 21.40 MiB is reserved by PyTorch but unallocated. If reserved but unallocated memory is large try setting PYTORCH_CUDA_ALLOC_CONF=expandable_segments:True to avoid fragmentation.  See documentation for Memory Management  (https://docs.pytorch.org/docs/stable/notes/cuda.html#optimizing-memory-usage-with-pytorch-cuda-alloc-conf)

tests/gpu/exl3_cases.py:84: OutOfMemoryError
____________________ test_gemm_vs_fp64[K3-up-24-bf16model] _____________________

ops = <module 'vllm_exl3_plugin.ops' from '/workspace/kit/plugin-exl3/vllm_exl3_plugin/ops.py'>
tid = 'K3-up', m = 24, out_fp32 = True

    @pytest.mark.parametrize("out_fp32", [True, False], ids=["bf16model", "fp16model"])
    @pytest.mark.parametrize("m", MR_ROWS + K4_SMALL_ROWS)
    @pytest.mark.parametrize("tid", MR_TIDS)
    def test_gemm_vs_fp64(ops, tid, m, out_fp32):
        import torch
    
        K, n = BITS[tid], C.TENSORS[tid][3]
        if m in K4_SMALL_ROWS and K != 4:
            pytest.skip("K3/K5 take exl3_gemm_mr from 17 rows only")
>       w = weights(tid)
            ^^^^^^^^^^^^

tests/gpu/test_exl3_mr.py:121: 
_ _ _ _ _ _ _ _ _ _ _ _ _ _ _ _ _ _ _ _ _ _ _ _ _ _ _ _ _ _ _ _ _ _ _ _ _ _ _ _ 
tests/gpu/test_exl3_mr.py:69: in weights
    w = C.load(torch, tid)
        ^^^^^^^^^^^^^^^^^^
_ _ _ _ _ _ _ _ _ _ _ _ _ _ _ _ _ _ _ _ _ _ _ _ _ _ _ _ _ _ _ _ _ _ _ _ _ _ _ _ 

torch = <module 'torch' from '/workspace/kit-work/venv-cu13/lib/python3.12/site-packages/torch/__init__.py'>
tid = 'K3-up', device = 'cuda'

    def load(torch, tid: str, device="cuda") -> dict:
        """trellis/suh/svh (+ mcg/mul1 flags) of one checkpoint tensor, from the model's index."""
        import json
    
        from safetensors import safe_open
    
        prefix = TENSORS[tid][0]
        wm = json.loads((MODEL / "model.safetensors.index.json").read_text())["weight_map"]
        out = {"mcg": f"{prefix}.mcg" in wm, "mul1": f"{prefix}.mul1" in wm}
        for t in ("trellis", "suh", "svh"):
            with safe_open(str(MODEL / wm[f"{prefix}.{t}"]), framework="pt") as f:
>               out[t] = f.get_tensor(f"{prefix}.{t}").to(device).contiguous()
                         ^^^^^^^^^^^^^^^^^^^^^^^^^^^^^^^^^^^^^^^^
E               torch.OutOfMemoryError: CUDA out of memory. Tried to allocate 32.00 MiB. GPU 0 has a total capacity of 7.66 GiB of which 611.75 MiB is free. Including non-PyTorch memory, this process has 6.44 GiB memory in use. 6.22 GiB allowed; Of the allocated memory 6.18 GiB is allocated by PyTorch, and 21.40 MiB is reserved by PyTorch but unallocated. If reserved but unallocated memory is large try setting PYTORCH_CUDA_ALLOC_CONF=expandable_segments:True to avoid fragmentation.  See documentation for Memory Management  (https://docs.pytorch.org/docs/stable/notes/cuda.html#optimizing-memory-usage-with-pytorch-cuda-alloc-conf)

tests/gpu/exl3_cases.py:84: OutOfMemoryError
____________________ test_gemm_vs_fp64[K3-up-24-fp16model] _____________________

ops = <module 'vllm_exl3_plugin.ops' from '/workspace/kit/plugin-exl3/vllm_exl3_plugin/ops.py'>
tid = 'K3-up', m = 24, out_fp32 = False

    @pytest.mark.parametrize("out_fp32", [True, False], ids=["bf16model", "fp16model"])
    @pytest.mark.parametrize("m", MR_ROWS + K4_SMALL_ROWS)
    @pytest.mark.parametrize("tid", MR_TIDS)
    def test_gemm_vs_fp64(ops, tid, m, out_fp32):
        import torch
    
        K, n = BITS[tid], C.TENSORS[tid][3]
        if m in K4_SMALL_ROWS and K != 4:
            pytest.skip("K3/K5 take exl3_gemm_mr from 17 rows only")
>       w = weights(tid)
            ^^^^^^^^^^^^

tests/gpu/test_exl3_mr.py:121: 
_ _ _ _ _ _ _ _ _ _ _ _ _ _ _ _ _ _ _ _ _ _ _ _ _ _ _ _ _ _ _ _ _ _ _ _ _ _ _ _ 
tests/gpu/test_exl3_mr.py:69: in weights
    w = C.load(torch, tid)
        ^^^^^^^^^^^^^^^^^^
_ _ _ _ _ _ _ _ _ _ _ _ _ _ _ _ _ _ _ _ _ _ _ _ _ _ _ _ _ _ _ _ _ _ _ _ _ _ _ _ 

torch = <module 'torch' from '/workspace/kit-work/venv-cu13/lib/python3.12/site-packages/torch/__init__.py'>
tid = 'K3-up', device = 'cuda'

    def load(torch, tid: str, device="cuda") -> dict:
        """trellis/suh/svh (+ mcg/mul1 flags) of one checkpoint tensor, from the model's index."""
        import json
    
        from safetensors import safe_open
    
        prefix = TENSORS[tid][0]
        wm = json.loads((MODEL / "model.safetensors.index.json").read_text())["weight_map"]
        out = {"mcg": f"{prefix}.mcg" in wm, "mul1": f"{prefix}.mul1" in wm}
        for t in ("trellis", "suh", "svh"):
            with safe_open(str(MODEL / wm[f"{prefix}.{t}"]), framework="pt") as f:
>               out[t] = f.get_tensor(f"{prefix}.{t}").to(device).contiguous()
                         ^^^^^^^^^^^^^^^^^^^^^^^^^^^^^^^^^^^^^^^^
E               torch.OutOfMemoryError: CUDA out of memory. Tried to allocate 32.00 MiB. GPU 0 has a total capacity of 7.66 GiB of which 611.75 MiB is free. Including non-PyTorch memory, this process has 6.44 GiB memory in use. 6.22 GiB allowed; Of the allocated memory 6.18 GiB is allocated by PyTorch, and 21.40 MiB is reserved by PyTorch but unallocated. If reserved but unallocated memory is large try setting PYTORCH_CUDA_ALLOC_CONF=expandable_segments:True to avoid fragmentation.  See documentation for Memory Management  (https://docs.pytorch.org/docs/stable/notes/cuda.html#optimizing-memory-usage-with-pytorch-cuda-alloc-conf)

tests/gpu/exl3_cases.py:84: OutOfMemoryError
____________________ test_gemm_vs_fp64[K3-up-32-bf16model] _____________________

ops = <module 'vllm_exl3_plugin.ops' from '/workspace/kit/plugin-exl3/vllm_exl3_plugin/ops.py'>
tid = 'K3-up', m = 32, out_fp32 = True

    @pytest.mark.parametrize("out_fp32", [True, False], ids=["bf16model", "fp16model"])
    @pytest.mark.parametrize("m", MR_ROWS + K4_SMALL_ROWS)
    @pytest.mark.parametrize("tid", MR_TIDS)
    def test_gemm_vs_fp64(ops, tid, m, out_fp32):
        import torch
    
        K, n = BITS[tid], C.TENSORS[tid][3]
        if m in K4_SMALL_ROWS and K != 4:
            pytest.skip("K3/K5 take exl3_gemm_mr from 17 rows only")
>       w = weights(tid)
            ^^^^^^^^^^^^

tests/gpu/test_exl3_mr.py:121: 
_ _ _ _ _ _ _ _ _ _ _ _ _ _ _ _ _ _ _ _ _ _ _ _ _ _ _ _ _ _ _ _ _ _ _ _ _ _ _ _ 
tests/gpu/test_exl3_mr.py:69: in weights
    w = C.load(torch, tid)
        ^^^^^^^^^^^^^^^^^^
_ _ _ _ _ _ _ _ _ _ _ _ _ _ _ _ _ _ _ _ _ _ _ _ _ _ _ _ _ _ _ _ _ _ _ _ _ _ _ _ 

torch = <module 'torch' from '/workspace/kit-work/venv-cu13/lib/python3.12/site-packages/torch/__init__.py'>
tid = 'K3-up', device = 'cuda'

    def load(torch, tid: str, device="cuda") -> dict:
        """trellis/suh/svh (+ mcg/mul1 flags) of one checkpoint tensor, from the model's index."""
        import json
    
        from safetensors import safe_open
    
        prefix = TENSORS[tid][0]
        wm = json.loads((MODEL / "model.safetensors.index.json").read_text())["weight_map"]
        out = {"mcg": f"{prefix}.mcg" in wm, "mul1": f"{prefix}.mul1" in wm}
        for t in ("trellis", "suh", "svh"):
            with safe_open(str(MODEL / wm[f"{prefix}.{t}"]), framework="pt") as f:
>               out[t] = f.get_tensor(f"{prefix}.{t}").to(device).contiguous()
                         ^^^^^^^^^^^^^^^^^^^^^^^^^^^^^^^^^^^^^^^^
E               torch.OutOfMemoryError: CUDA out of memory. Tried to allocate 32.00 MiB. GPU 0 has a total capacity of 7.66 GiB of which 611.75 MiB is free. Including non-PyTorch memory, this process has 6.44 GiB memory in use. 6.22 GiB allowed; Of the allocated memory 6.18 GiB is allocated by PyTorch, and 21.40 MiB is reserved by PyTorch but unallocated. If reserved but unallocated memory is large try setting PYTORCH_CUDA_ALLOC_CONF=expandable_segments:True to avoid fragmentation.  See documentation for Memory Management  (https://docs.pytorch.org/docs/stable/notes/cuda.html#optimizing-memory-usage-with-pytorch-cuda-alloc-conf)

tests/gpu/exl3_cases.py:84: OutOfMemoryError
____________________ test_gemm_vs_fp64[K3-up-32-fp16model] _____________________

ops = <module 'vllm_exl3_plugin.ops' from '/workspace/kit/plugin-exl3/vllm_exl3_plugin/ops.py'>
tid = 'K3-up', m = 32, out_fp32 = False

    @pytest.mark.parametrize("out_fp32", [True, False], ids=["bf16model", "fp16model"])
    @pytest.mark.parametrize("m", MR_ROWS + K4_SMALL_ROWS)
    @pytest.mark.parametrize("tid", MR_TIDS)
    def test_gemm_vs_fp64(ops, tid, m, out_fp32):
        import torch
    
        K, n = BITS[tid], C.TENSORS[tid][3]
        if m in K4_SMALL_ROWS and K != 4:
            pytest.skip("K3/K5 take exl3_gemm_mr from 17 rows only")
>       w = weights(tid)
            ^^^^^^^^^^^^

tests/gpu/test_exl3_mr.py:121: 
_ _ _ _ _ _ _ _ _ _ _ _ _ _ _ _ _ _ _ _ _ _ _ _ _ _ _ _ _ _ _ _ _ _ _ _ _ _ _ _ 
tests/gpu/test_exl3_mr.py:69: in weights
    w = C.load(torch, tid)
        ^^^^^^^^^^^^^^^^^^
_ _ _ _ _ _ _ _ _ _ _ _ _ _ _ _ _ _ _ _ _ _ _ _ _ _ _ _ _ _ _ _ _ _ _ _ _ _ _ _ 

torch = <module 'torch' from '/workspace/kit-work/venv-cu13/lib/python3.12/site-packages/torch/__init__.py'>
tid = 'K3-up', device = 'cuda'

    def load(torch, tid: str, device="cuda") -> dict:
        """trellis/suh/svh (+ mcg/mul1 flags) of one checkpoint tensor, from the model's index."""
        import json
    
        from safetensors import safe_open
    
        prefix = TENSORS[tid][0]
        wm = json.loads((MODEL / "model.safetensors.index.json").read_text())["weight_map"]
        out = {"mcg": f"{prefix}.mcg" in wm, "mul1": f"{prefix}.mul1" in wm}
        for t in ("trellis", "suh", "svh"):
            with safe_open(str(MODEL / wm[f"{prefix}.{t}"]), framework="pt") as f:
>               out[t] = f.get_tensor(f"{prefix}.{t}").to(device).contiguous()
                         ^^^^^^^^^^^^^^^^^^^^^^^^^^^^^^^^^^^^^^^^
E               torch.OutOfMemoryError: CUDA out of memory. Tried to allocate 32.00 MiB. GPU 0 has a total capacity of 7.66 GiB of which 611.75 MiB is free. Including non-PyTorch memory, this process has 6.44 GiB memory in use. 6.22 GiB allowed; Of the allocated memory 6.18 GiB is allocated by PyTorch, and 21.40 MiB is reserved by PyTorch but unallocated. If reserved but unallocated memory is large try setting PYTORCH_CUDA_ALLOC_CONF=expandable_segments:True to avoid fragmentation.  See documentation for Memory Management  (https://docs.pytorch.org/docs/stable/notes/cuda.html#optimizing-memory-usage-with-pytorch-cuda-alloc-conf)

tests/gpu/exl3_cases.py:84: OutOfMemoryError
____________________ test_gemm_vs_fp64[K3-up-48-bf16model] _____________________

ops = <module 'vllm_exl3_plugin.ops' from '/workspace/kit/plugin-exl3/vllm_exl3_plugin/ops.py'>
tid = 'K3-up', m = 48, out_fp32 = True

    @pytest.mark.parametrize("out_fp32", [True, False], ids=["bf16model", "fp16model"])
    @pytest.mark.parametrize("m", MR_ROWS + K4_SMALL_ROWS)
    @pytest.mark.parametrize("tid", MR_TIDS)
    def test_gemm_vs_fp64(ops, tid, m, out_fp32):
        import torch
    
        K, n = BITS[tid], C.TENSORS[tid][3]
        if m in K4_SMALL_ROWS and K != 4:
            pytest.skip("K3/K5 take exl3_gemm_mr from 17 rows only")
>       w = weights(tid)
            ^^^^^^^^^^^^

tests/gpu/test_exl3_mr.py:121: 
_ _ _ _ _ _ _ _ _ _ _ _ _ _ _ _ _ _ _ _ _ _ _ _ _ _ _ _ _ _ _ _ _ _ _ _ _ _ _ _ 
tests/gpu/test_exl3_mr.py:69: in weights
    w = C.load(torch, tid)
        ^^^^^^^^^^^^^^^^^^
_ _ _ _ _ _ _ _ _ _ _ _ _ _ _ _ _ _ _ _ _ _ _ _ _ _ _ _ _ _ _ _ _ _ _ _ _ _ _ _ 

torch = <module 'torch' from '/workspace/kit-work/venv-cu13/lib/python3.12/site-packages/torch/__init__.py'>
tid = 'K3-up', device = 'cuda'

    def load(torch, tid: str, device="cuda") -> dict:
        """trellis/suh/svh (+ mcg/mul1 flags) of one checkpoint tensor, from the model's index."""
        import json
    
        from safetensors import safe_open
    
        prefix = TENSORS[tid][0]
        wm = json.loads((MODEL / "model.safetensors.index.json").read_text())["weight_map"]
        out = {"mcg": f"{prefix}.mcg" in wm, "mul1": f"{prefix}.mul1" in wm}
        for t in ("trellis", "suh", "svh"):
            with safe_open(str(MODEL / wm[f"{prefix}.{t}"]), framework="pt") as f:
>               out[t] = f.get_tensor(f"{prefix}.{t}").to(device).contiguous()
                         ^^^^^^^^^^^^^^^^^^^^^^^^^^^^^^^^^^^^^^^^
E               torch.OutOfMemoryError: CUDA out of memory. Tried to allocate 32.00 MiB. GPU 0 has a total capacity of 7.66 GiB of which 611.75 MiB is free. Including non-PyTorch memory, this process has 6.44 GiB memory in use. 6.22 GiB allowed; Of the allocated memory 6.18 GiB is allocated by PyTorch, and 21.40 MiB is reserved by PyTorch but unallocated. If reserved but unallocated memory is large try setting PYTORCH_CUDA_ALLOC_CONF=expandable_segments:True to avoid fragmentation.  See documentation for Memory Management  (https://docs.pytorch.org/docs/stable/notes/cuda.html#optimizing-memory-usage-with-pytorch-cuda-alloc-conf)

tests/gpu/exl3_cases.py:84: OutOfMemoryError
____________________ test_gemm_vs_fp64[K3-up-48-fp16model] _____________________

ops = <module 'vllm_exl3_plugin.ops' from '/workspace/kit/plugin-exl3/vllm_exl3_plugin/ops.py'>
tid = 'K3-up', m = 48, out_fp32 = False

    @pytest.mark.parametrize("out_fp32", [True, False], ids=["bf16model", "fp16model"])
    @pytest.mark.parametrize("m", MR_ROWS + K4_SMALL_ROWS)
    @pytest.mark.parametrize("tid", MR_TIDS)
    def test_gemm_vs_fp64(ops, tid, m, out_fp32):
        import torch
    
        K, n = BITS[tid], C.TENSORS[tid][3]
        if m in K4_SMALL_ROWS and K != 4:
            pytest.skip("K3/K5 take exl3_gemm_mr from 17 rows only")
>       w = weights(tid)
            ^^^^^^^^^^^^

tests/gpu/test_exl3_mr.py:121: 
_ _ _ _ _ _ _ _ _ _ _ _ _ _ _ _ _ _ _ _ _ _ _ _ _ _ _ _ _ _ _ _ _ _ _ _ _ _ _ _ 
tests/gpu/test_exl3_mr.py:69: in weights
    w = C.load(torch, tid)
        ^^^^^^^^^^^^^^^^^^
_ _ _ _ _ _ _ _ _ _ _ _ _ _ _ _ _ _ _ _ _ _ _ _ _ _ _ _ _ _ _ _ _ _ _ _ _ _ _ _ 

torch = <module 'torch' from '/workspace/kit-work/venv-cu13/lib/python3.12/site-packages/torch/__init__.py'>
tid = 'K3-up', device = 'cuda'

    def load(torch, tid: str, device="cuda") -> dict:
        """trellis/suh/svh (+ mcg/mul1 flags) of one checkpoint tensor, from the model's index."""
        import json
    
        from safetensors import safe_open
    
        prefix = TENSORS[tid][0]
        wm = json.loads((MODEL / "model.safetensors.index.json").read_text())["weight_map"]
        out = {"mcg": f"{prefix}.mcg" in wm, "mul1": f"{prefix}.mul1" in wm}
        for t in ("trellis", "suh", "svh"):
            with safe_open(str(MODEL / wm[f"{prefix}.{t}"]), framework="pt") as f:
>               out[t] = f.get_tensor(f"{prefix}.{t}").to(device).contiguous()
                         ^^^^^^^^^^^^^^^^^^^^^^^^^^^^^^^^^^^^^^^^
E               torch.OutOfMemoryError: CUDA out of memory. Tried to allocate 32.00 MiB. GPU 0 has a total capacity of 7.66 GiB of which 611.75 MiB is free. Including non-PyTorch memory, this process has 6.44 GiB memory in use. 6.22 GiB allowed; Of the allocated memory 6.18 GiB is allocated by PyTorch, and 21.40 MiB is reserved by PyTorch but unallocated. If reserved but unallocated memory is large try setting PYTORCH_CUDA_ALLOC_CONF=expandable_segments:True to avoid fragmentation.  See documentation for Memory Management  (https://docs.pytorch.org/docs/stable/notes/cuda.html#optimizing-memory-usage-with-pytorch-cuda-alloc-conf)

tests/gpu/exl3_cases.py:84: OutOfMemoryError
____________________ test_gemm_vs_fp64[K3-up-64-bf16model] _____________________

ops = <module 'vllm_exl3_plugin.ops' from '/workspace/kit/plugin-exl3/vllm_exl3_plugin/ops.py'>
tid = 'K3-up', m = 64, out_fp32 = True

    @pytest.mark.parametrize("out_fp32", [True, False], ids=["bf16model", "fp16model"])
    @pytest.mark.parametrize("m", MR_ROWS + K4_SMALL_ROWS)
    @pytest.mark.parametrize("tid", MR_TIDS)
    def test_gemm_vs_fp64(ops, tid, m, out_fp32):
        import torch
    
        K, n = BITS[tid], C.TENSORS[tid][3]
        if m in K4_SMALL_ROWS and K != 4:
            pytest.skip("K3/K5 take exl3_gemm_mr from 17 rows only")
>       w = weights(tid)
            ^^^^^^^^^^^^

tests/gpu/test_exl3_mr.py:121: 
_ _ _ _ _ _ _ _ _ _ _ _ _ _ _ _ _ _ _ _ _ _ _ _ _ _ _ _ _ _ _ _ _ _ _ _ _ _ _ _ 
tests/gpu/test_exl3_mr.py:69: in weights
    w = C.load(torch, tid)
        ^^^^^^^^^^^^^^^^^^
_ _ _ _ _ _ _ _ _ _ _ _ _ _ _ _ _ _ _ _ _ _ _ _ _ _ _ _ _ _ _ _ _ _ _ _ _ _ _ _ 

torch = <module 'torch' from '/workspace/kit-work/venv-cu13/lib/python3.12/site-packages/torch/__init__.py'>
tid = 'K3-up', device = 'cuda'

    def load(torch, tid: str, device="cuda") -> dict:
        """trellis/suh/svh (+ mcg/mul1 flags) of one checkpoint tensor, from the model's index."""
        import json
    
        from safetensors import safe_open
    
        prefix = TENSORS[tid][0]
        wm = json.loads((MODEL / "model.safetensors.index.json").read_text())["weight_map"]
        out = {"mcg": f"{prefix}.mcg" in wm, "mul1": f"{prefix}.mul1" in wm}
        for t in ("trellis", "suh", "svh"):
            with safe_open(str(MODEL / wm[f"{prefix}.{t}"]), framework="pt") as f:
>               out[t] = f.get_tensor(f"{prefix}.{t}").to(device).contiguous()
                         ^^^^^^^^^^^^^^^^^^^^^^^^^^^^^^^^^^^^^^^^
E               torch.OutOfMemoryError: CUDA out of memory. Tried to allocate 32.00 MiB. GPU 0 has a total capacity of 7.66 GiB of which 611.75 MiB is free. Including non-PyTorch memory, this process has 6.44 GiB memory in use. 6.22 GiB allowed; Of the allocated memory 6.18 GiB is allocated by PyTorch, and 21.40 MiB is reserved by PyTorch but unallocated. If reserved but unallocated memory is large try setting PYTORCH_CUDA_ALLOC_CONF=expandable_segments:True to avoid fragmentation.  See documentation for Memory Management  (https://docs.pytorch.org/docs/stable/notes/cuda.html#optimizing-memory-usage-with-pytorch-cuda-alloc-conf)

tests/gpu/exl3_cases.py:84: OutOfMemoryError
____________________ test_gemm_vs_fp64[K3-up-64-fp16model] _____________________

ops = <module 'vllm_exl3_plugin.ops' from '/workspace/kit/plugin-exl3/vllm_exl3_plugin/ops.py'>
tid = 'K3-up', m = 64, out_fp32 = False

    @pytest.mark.parametrize("out_fp32", [True, False], ids=["bf16model", "fp16model"])
    @pytest.mark.parametrize("m", MR_ROWS + K4_SMALL_ROWS)
    @pytest.mark.parametrize("tid", MR_TIDS)
    def test_gemm_vs_fp64(ops, tid, m, out_fp32):
        import torch
    
        K, n = BITS[tid], C.TENSORS[tid][3]
        if m in K4_SMALL_ROWS and K != 4:
            pytest.skip("K3/K5 take exl3_gemm_mr from 17 rows only")
>       w = weights(tid)
            ^^^^^^^^^^^^

tests/gpu/test_exl3_mr.py:121: 
_ _ _ _ _ _ _ _ _ _ _ _ _ _ _ _ _ _ _ _ _ _ _ _ _ _ _ _ _ _ _ _ _ _ _ _ _ _ _ _ 
tests/gpu/test_exl3_mr.py:69: in weights
    w = C.load(torch, tid)
        ^^^^^^^^^^^^^^^^^^
_ _ _ _ _ _ _ _ _ _ _ _ _ _ _ _ _ _ _ _ _ _ _ _ _ _ _ _ _ _ _ _ _ _ _ _ _ _ _ _ 

torch = <module 'torch' from '/workspace/kit-work/venv-cu13/lib/python3.12/site-packages/torch/__init__.py'>
tid = 'K3-up', device = 'cuda'

    def load(torch, tid: str, device="cuda") -> dict:
        """trellis/suh/svh (+ mcg/mul1 flags) of one checkpoint tensor, from the model's index."""
        import json
    
        from safetensors import safe_open
    
        prefix = TENSORS[tid][0]
        wm = json.loads((MODEL / "model.safetensors.index.json").read_text())["weight_map"]
        out = {"mcg": f"{prefix}.mcg" in wm, "mul1": f"{prefix}.mul1" in wm}
        for t in ("trellis", "suh", "svh"):
            with safe_open(str(MODEL / wm[f"{prefix}.{t}"]), framework="pt") as f:
>               out[t] = f.get_tensor(f"{prefix}.{t}").to(device).contiguous()
                         ^^^^^^^^^^^^^^^^^^^^^^^^^^^^^^^^^^^^^^^^
E               torch.OutOfMemoryError: CUDA out of memory. Tried to allocate 32.00 MiB. GPU 0 has a total capacity of 7.66 GiB of which 611.75 MiB is free. Including non-PyTorch memory, this process has 6.44 GiB memory in use. 6.22 GiB allowed; Of the allocated memory 6.18 GiB is allocated by PyTorch, and 21.40 MiB is reserved by PyTorch but unallocated. If reserved but unallocated memory is large try setting PYTORCH_CUDA_ALLOC_CONF=expandable_segments:True to avoid fragmentation.  See documentation for Memory Management  (https://docs.pytorch.org/docs/stable/notes/cuda.html#optimizing-memory-usage-with-pytorch-cuda-alloc-conf)

tests/gpu/exl3_cases.py:84: OutOfMemoryError
____________________ test_gemm_vs_fp64[K3-up-96-bf16model] _____________________

ops = <module 'vllm_exl3_plugin.ops' from '/workspace/kit/plugin-exl3/vllm_exl3_plugin/ops.py'>
tid = 'K3-up', m = 96, out_fp32 = True

    @pytest.mark.parametrize("out_fp32", [True, False], ids=["bf16model", "fp16model"])
    @pytest.mark.parametrize("m", MR_ROWS + K4_SMALL_ROWS)
    @pytest.mark.parametrize("tid", MR_TIDS)
    def test_gemm_vs_fp64(ops, tid, m, out_fp32):
        import torch
    
        K, n = BITS[tid], C.TENSORS[tid][3]
        if m in K4_SMALL_ROWS and K != 4:
            pytest.skip("K3/K5 take exl3_gemm_mr from 17 rows only")
>       w = weights(tid)
            ^^^^^^^^^^^^

tests/gpu/test_exl3_mr.py:121: 
_ _ _ _ _ _ _ _ _ _ _ _ _ _ _ _ _ _ _ _ _ _ _ _ _ _ _ _ _ _ _ _ _ _ _ _ _ _ _ _ 
tests/gpu/test_exl3_mr.py:69: in weights
    w = C.load(torch, tid)
        ^^^^^^^^^^^^^^^^^^
_ _ _ _ _ _ _ _ _ _ _ _ _ _ _ _ _ _ _ _ _ _ _ _ _ _ _ _ _ _ _ _ _ _ _ _ _ _ _ _ 

torch = <module 'torch' from '/workspace/kit-work/venv-cu13/lib/python3.12/site-packages/torch/__init__.py'>
tid = 'K3-up', device = 'cuda'

    def load(torch, tid: str, device="cuda") -> dict:
        """trellis/suh/svh (+ mcg/mul1 flags) of one checkpoint tensor, from the model's index."""
        import json
    
        from safetensors import safe_open
    
        prefix = TENSORS[tid][0]
        wm = json.loads((MODEL / "model.safetensors.index.json").read_text())["weight_map"]
        out = {"mcg": f"{prefix}.mcg" in wm, "mul1": f"{prefix}.mul1" in wm}
        for t in ("trellis", "suh", "svh"):
            with safe_open(str(MODEL / wm[f"{prefix}.{t}"]), framework="pt") as f:
>               out[t] = f.get_tensor(f"{prefix}.{t}").to(device).contiguous()
                         ^^^^^^^^^^^^^^^^^^^^^^^^^^^^^^^^^^^^^^^^
E               torch.OutOfMemoryError: CUDA out of memory. Tried to allocate 32.00 MiB. GPU 0 has a total capacity of 7.66 GiB of which 611.75 MiB is free. Including non-PyTorch memory, this process has 6.44 GiB memory in use. 6.22 GiB allowed; Of the allocated memory 6.18 GiB is allocated by PyTorch, and 21.40 MiB is reserved by PyTorch but unallocated. If reserved but unallocated memory is large try setting PYTORCH_CUDA_ALLOC_CONF=expandable_segments:True to avoid fragmentation.  See documentation for Memory Management  (https://docs.pytorch.org/docs/stable/notes/cuda.html#optimizing-memory-usage-with-pytorch-cuda-alloc-conf)

tests/gpu/exl3_cases.py:84: OutOfMemoryError
____________________ test_gemm_vs_fp64[K3-up-96-fp16model] _____________________

ops = <module 'vllm_exl3_plugin.ops' from '/workspace/kit/plugin-exl3/vllm_exl3_plugin/ops.py'>
tid = 'K3-up', m = 96, out_fp32 = False

    @pytest.mark.parametrize("out_fp32", [True, False], ids=["bf16model", "fp16model"])
    @pytest.mark.parametrize("m", MR_ROWS + K4_SMALL_ROWS)
    @pytest.mark.parametrize("tid", MR_TIDS)
    def test_gemm_vs_fp64(ops, tid, m, out_fp32):
        import torch
    
        K, n = BITS[tid], C.TENSORS[tid][3]
        if m in K4_SMALL_ROWS and K != 4:
            pytest.skip("K3/K5 take exl3_gemm_mr from 17 rows only")
>       w = weights(tid)
            ^^^^^^^^^^^^

tests/gpu/test_exl3_mr.py:121: 
_ _ _ _ _ _ _ _ _ _ _ _ _ _ _ _ _ _ _ _ _ _ _ _ _ _ _ _ _ _ _ _ _ _ _ _ _ _ _ _ 
tests/gpu/test_exl3_mr.py:69: in weights
    w = C.load(torch, tid)
        ^^^^^^^^^^^^^^^^^^
_ _ _ _ _ _ _ _ _ _ _ _ _ _ _ _ _ _ _ _ _ _ _ _ _ _ _ _ _ _ _ _ _ _ _ _ _ _ _ _ 

torch = <module 'torch' from '/workspace/kit-work/venv-cu13/lib/python3.12/site-packages/torch/__init__.py'>
tid = 'K3-up', device = 'cuda'

    def load(torch, tid: str, device="cuda") -> dict:
        """trellis/suh/svh (+ mcg/mul1 flags) of one checkpoint tensor, from the model's index."""
        import json
    
        from safetensors import safe_open
    
        prefix = TENSORS[tid][0]
        wm = json.loads((MODEL / "model.safetensors.index.json").read_text())["weight_map"]
        out = {"mcg": f"{prefix}.mcg" in wm, "mul1": f"{prefix}.mul1" in wm}
        for t in ("trellis", "suh", "svh"):
            with safe_open(str(MODEL / wm[f"{prefix}.{t}"]), framework="pt") as f:
>               out[t] = f.get_tensor(f"{prefix}.{t}").to(device).contiguous()
                         ^^^^^^^^^^^^^^^^^^^^^^^^^^^^^^^^^^^^^^^^
E               torch.OutOfMemoryError: CUDA out of memory. Tried to allocate 32.00 MiB. GPU 0 has a total capacity of 7.66 GiB of which 611.75 MiB is free. Including non-PyTorch memory, this process has 6.44 GiB memory in use. 6.22 GiB allowed; Of the allocated memory 6.18 GiB is allocated by PyTorch, and 21.40 MiB is reserved by PyTorch but unallocated. If reserved but unallocated memory is large try setting PYTORCH_CUDA_ALLOC_CONF=expandable_segments:True to avoid fragmentation.  See documentation for Memory Management  (https://docs.pytorch.org/docs/stable/notes/cuda.html#optimizing-memory-usage-with-pytorch-cuda-alloc-conf)

tests/gpu/exl3_cases.py:84: OutOfMemoryError
____________________ test_gemm_vs_fp64[K3-up-144-bf16model] ____________________

ops = <module 'vllm_exl3_plugin.ops' from '/workspace/kit/plugin-exl3/vllm_exl3_plugin/ops.py'>
tid = 'K3-up', m = 144, out_fp32 = True

    @pytest.mark.parametrize("out_fp32", [True, False], ids=["bf16model", "fp16model"])
    @pytest.mark.parametrize("m", MR_ROWS + K4_SMALL_ROWS)
    @pytest.mark.parametrize("tid", MR_TIDS)
    def test_gemm_vs_fp64(ops, tid, m, out_fp32):
        import torch
    
        K, n = BITS[tid], C.TENSORS[tid][3]
        if m in K4_SMALL_ROWS and K != 4:
            pytest.skip("K3/K5 take exl3_gemm_mr from 17 rows only")
>       w = weights(tid)
            ^^^^^^^^^^^^

tests/gpu/test_exl3_mr.py:121: 
_ _ _ _ _ _ _ _ _ _ _ _ _ _ _ _ _ _ _ _ _ _ _ _ _ _ _ _ _ _ _ _ _ _ _ _ _ _ _ _ 
tests/gpu/test_exl3_mr.py:69: in weights
    w = C.load(torch, tid)
        ^^^^^^^^^^^^^^^^^^
_ _ _ _ _ _ _ _ _ _ _ _ _ _ _ _ _ _ _ _ _ _ _ _ _ _ _ _ _ _ _ _ _ _ _ _ _ _ _ _ 

torch = <module 'torch' from '/workspace/kit-work/venv-cu13/lib/python3.12/site-packages/torch/__init__.py'>
tid = 'K3-up', device = 'cuda'

    def load(torch, tid: str, device="cuda") -> dict:
        """trellis/suh/svh (+ mcg/mul1 flags) of one checkpoint tensor, from the model's index."""
        import json
    
        from safetensors import safe_open
    
        prefix = TENSORS[tid][0]
        wm = json.loads((MODEL / "model.safetensors.index.json").read_text())["weight_map"]
        out = {"mcg": f"{prefix}.mcg" in wm, "mul1": f"{prefix}.mul1" in wm}
        for t in ("trellis", "suh", "svh"):
            with safe_open(str(MODEL / wm[f"{prefix}.{t}"]), framework="pt") as f:
>               out[t] = f.get_tensor(f"{prefix}.{t}").to(device).contiguous()
                         ^^^^^^^^^^^^^^^^^^^^^^^^^^^^^^^^^^^^^^^^
E               torch.OutOfMemoryError: CUDA out of memory. Tried to allocate 32.00 MiB. GPU 0 has a total capacity of 7.66 GiB of which 611.75 MiB is free. Including non-PyTorch memory, this process has 6.44 GiB memory in use. 6.22 GiB allowed; Of the allocated memory 6.18 GiB is allocated by PyTorch, and 21.40 MiB is reserved by PyTorch but unallocated. If reserved but unallocated memory is large try setting PYTORCH_CUDA_ALLOC_CONF=expandable_segments:True to avoid fragmentation.  See documentation for Memory Management  (https://docs.pytorch.org/docs/stable/notes/cuda.html#optimizing-memory-usage-with-pytorch-cuda-alloc-conf)

tests/gpu/exl3_cases.py:84: OutOfMemoryError
____________________ test_gemm_vs_fp64[K3-up-144-fp16model] ____________________

ops = <module 'vllm_exl3_plugin.ops' from '/workspace/kit/plugin-exl3/vllm_exl3_plugin/ops.py'>
tid = 'K3-up', m = 144, out_fp32 = False

    @pytest.mark.parametrize("out_fp32", [True, False], ids=["bf16model", "fp16model"])
    @pytest.mark.parametrize("m", MR_ROWS + K4_SMALL_ROWS)
    @pytest.mark.parametrize("tid", MR_TIDS)
    def test_gemm_vs_fp64(ops, tid, m, out_fp32):
        import torch
    
        K, n = BITS[tid], C.TENSORS[tid][3]
        if m in K4_SMALL_ROWS and K != 4:
            pytest.skip("K3/K5 take exl3_gemm_mr from 17 rows only")
>       w = weights(tid)
            ^^^^^^^^^^^^

tests/gpu/test_exl3_mr.py:121: 
_ _ _ _ _ _ _ _ _ _ _ _ _ _ _ _ _ _ _ _ _ _ _ _ _ _ _ _ _ _ _ _ _ _ _ _ _ _ _ _ 
tests/gpu/test_exl3_mr.py:69: in weights
    w = C.load(torch, tid)
        ^^^^^^^^^^^^^^^^^^
_ _ _ _ _ _ _ _ _ _ _ _ _ _ _ _ _ _ _ _ _ _ _ _ _ _ _ _ _ _ _ _ _ _ _ _ _ _ _ _ 

torch = <module 'torch' from '/workspace/kit-work/venv-cu13/lib/python3.12/site-packages/torch/__init__.py'>
tid = 'K3-up', device = 'cuda'

    def load(torch, tid: str, device="cuda") -> dict:
        """trellis/suh/svh (+ mcg/mul1 flags) of one checkpoint tensor, from the model's index."""
        import json
    
        from safetensors import safe_open
    
        prefix = TENSORS[tid][0]
        wm = json.loads((MODEL / "model.safetensors.index.json").read_text())["weight_map"]
        out = {"mcg": f"{prefix}.mcg" in wm, "mul1": f"{prefix}.mul1" in wm}
        for t in ("trellis", "suh", "svh"):
            with safe_open(str(MODEL / wm[f"{prefix}.{t}"]), framework="pt") as f:
>               out[t] = f.get_tensor(f"{prefix}.{t}").to(device).contiguous()
                         ^^^^^^^^^^^^^^^^^^^^^^^^^^^^^^^^^^^^^^^^
E               torch.OutOfMemoryError: CUDA out of memory. Tried to allocate 32.00 MiB. GPU 0 has a total capacity of 7.66 GiB of which 611.75 MiB is free. Including non-PyTorch memory, this process has 6.44 GiB memory in use. 6.22 GiB allowed; Of the allocated memory 6.18 GiB is allocated by PyTorch, and 21.40 MiB is reserved by PyTorch but unallocated. If reserved but unallocated memory is large try setting PYTORCH_CUDA_ALLOC_CONF=expandable_segments:True to avoid fragmentation.  See documentation for Memory Management  (https://docs.pytorch.org/docs/stable/notes/cuda.html#optimizing-memory-usage-with-pytorch-cuda-alloc-conf)

tests/gpu/exl3_cases.py:84: OutOfMemoryError
____________________ test_gemm_vs_fp64[K3-up-192-bf16model] ____________________

ops = <module 'vllm_exl3_plugin.ops' from '/workspace/kit/plugin-exl3/vllm_exl3_plugin/ops.py'>
tid = 'K3-up', m = 192, out_fp32 = True

    @pytest.mark.parametrize("out_fp32", [True, False], ids=["bf16model", "fp16model"])
    @pytest.mark.parametrize("m", MR_ROWS + K4_SMALL_ROWS)
    @pytest.mark.parametrize("tid", MR_TIDS)
    def test_gemm_vs_fp64(ops, tid, m, out_fp32):
        import torch
    
        K, n = BITS[tid], C.TENSORS[tid][3]
        if m in K4_SMALL_ROWS and K != 4:
            pytest.skip("K3/K5 take exl3_gemm_mr from 17 rows only")
>       w = weights(tid)
            ^^^^^^^^^^^^

tests/gpu/test_exl3_mr.py:121: 
_ _ _ _ _ _ _ _ _ _ _ _ _ _ _ _ _ _ _ _ _ _ _ _ _ _ _ _ _ _ _ _ _ _ _ _ _ _ _ _ 
tests/gpu/test_exl3_mr.py:69: in weights
    w = C.load(torch, tid)
        ^^^^^^^^^^^^^^^^^^
_ _ _ _ _ _ _ _ _ _ _ _ _ _ _ _ _ _ _ _ _ _ _ _ _ _ _ _ _ _ _ _ _ _ _ _ _ _ _ _ 

torch = <module 'torch' from '/workspace/kit-work/venv-cu13/lib/python3.12/site-packages/torch/__init__.py'>
tid = 'K3-up', device = 'cuda'

    def load(torch, tid: str, device="cuda") -> dict:
        """trellis/suh/svh (+ mcg/mul1 flags) of one checkpoint tensor, from the model's index."""
        import json
    
        from safetensors import safe_open
    
        prefix = TENSORS[tid][0]
        wm = json.loads((MODEL / "model.safetensors.index.json").read_text())["weight_map"]
        out = {"mcg": f"{prefix}.mcg" in wm, "mul1": f"{prefix}.mul1" in wm}
        for t in ("trellis", "suh", "svh"):
            with safe_open(str(MODEL / wm[f"{prefix}.{t}"]), framework="pt") as f:
>               out[t] = f.get_tensor(f"{prefix}.{t}").to(device).contiguous()
                         ^^^^^^^^^^^^^^^^^^^^^^^^^^^^^^^^^^^^^^^^
E               torch.OutOfMemoryError: CUDA out of memory. Tried to allocate 32.00 MiB. GPU 0 has a total capacity of 7.66 GiB of which 611.75 MiB is free. Including non-PyTorch memory, this process has 6.44 GiB memory in use. 6.22 GiB allowed; Of the allocated memory 6.18 GiB is allocated by PyTorch, and 21.40 MiB is reserved by PyTorch but unallocated. If reserved but unallocated memory is large try setting PYTORCH_CUDA_ALLOC_CONF=expandable_segments:True to avoid fragmentation.  See documentation for Memory Management  (https://docs.pytorch.org/docs/stable/notes/cuda.html#optimizing-memory-usage-with-pytorch-cuda-alloc-conf)

tests/gpu/exl3_cases.py:84: OutOfMemoryError
____________________ test_gemm_vs_fp64[K3-up-192-fp16model] ____________________

ops = <module 'vllm_exl3_plugin.ops' from '/workspace/kit/plugin-exl3/vllm_exl3_plugin/ops.py'>
tid = 'K3-up', m = 192, out_fp32 = False

    @pytest.mark.parametrize("out_fp32", [True, False], ids=["bf16model", "fp16model"])
    @pytest.mark.parametrize("m", MR_ROWS + K4_SMALL_ROWS)
    @pytest.mark.parametrize("tid", MR_TIDS)
    def test_gemm_vs_fp64(ops, tid, m, out_fp32):
        import torch
    
        K, n = BITS[tid], C.TENSORS[tid][3]
        if m in K4_SMALL_ROWS and K != 4:
            pytest.skip("K3/K5 take exl3_gemm_mr from 17 rows only")
>       w = weights(tid)
            ^^^^^^^^^^^^

tests/gpu/test_exl3_mr.py:121: 
_ _ _ _ _ _ _ _ _ _ _ _ _ _ _ _ _ _ _ _ _ _ _ _ _ _ _ _ _ _ _ _ _ _ _ _ _ _ _ _ 
tests/gpu/test_exl3_mr.py:69: in weights
    w = C.load(torch, tid)
        ^^^^^^^^^^^^^^^^^^
_ _ _ _ _ _ _ _ _ _ _ _ _ _ _ _ _ _ _ _ _ _ _ _ _ _ _ _ _ _ _ _ _ _ _ _ _ _ _ _ 

torch = <module 'torch' from '/workspace/kit-work/venv-cu13/lib/python3.12/site-packages/torch/__init__.py'>
tid = 'K3-up', device = 'cuda'

    def load(torch, tid: str, device="cuda") -> dict:
        """trellis/suh/svh (+ mcg/mul1 flags) of one checkpoint tensor, from the model's index."""
        import json
    
        from safetensors import safe_open
    
        prefix = TENSORS[tid][0]
        wm = json.loads((MODEL / "model.safetensors.index.json").read_text())["weight_map"]
        out = {"mcg": f"{prefix}.mcg" in wm, "mul1": f"{prefix}.mul1" in wm}
        for t in ("trellis", "suh", "svh"):
            with safe_open(str(MODEL / wm[f"{prefix}.{t}"]), framework="pt") as f:
>               out[t] = f.get_tensor(f"{prefix}.{t}").to(device).contiguous()
                         ^^^^^^^^^^^^^^^^^^^^^^^^^^^^^^^^^^^^^^^^
E               torch.OutOfMemoryError: CUDA out of memory. Tried to allocate 32.00 MiB. GPU 0 has a total capacity of 7.66 GiB of which 611.75 MiB is free. Including non-PyTorch memory, this process has 6.44 GiB memory in use. 6.22 GiB allowed; Of the allocated memory 6.18 GiB is allocated by PyTorch, and 21.40 MiB is reserved by PyTorch but unallocated. If reserved but unallocated memory is large try setting PYTORCH_CUDA_ALLOC_CONF=expandable_segments:True to avoid fragmentation.  See documentation for Memory Management  (https://docs.pytorch.org/docs/stable/notes/cuda.html#optimizing-memory-usage-with-pytorch-cuda-alloc-conf)

tests/gpu/exl3_cases.py:84: OutOfMemoryError
____________________ test_gemm_vs_fp64[K3-up-384-bf16model] ____________________

ops = <module 'vllm_exl3_plugin.ops' from '/workspace/kit/plugin-exl3/vllm_exl3_plugin/ops.py'>
tid = 'K3-up', m = 384, out_fp32 = True

    @pytest.mark.parametrize("out_fp32", [True, False], ids=["bf16model", "fp16model"])
    @pytest.mark.parametrize("m", MR_ROWS + K4_SMALL_ROWS)
    @pytest.mark.parametrize("tid", MR_TIDS)
    def test_gemm_vs_fp64(ops, tid, m, out_fp32):
        import torch
    
        K, n = BITS[tid], C.TENSORS[tid][3]
        if m in K4_SMALL_ROWS and K != 4:
            pytest.skip("K3/K5 take exl3_gemm_mr from 17 rows only")
>       w = weights(tid)
            ^^^^^^^^^^^^

tests/gpu/test_exl3_mr.py:121: 
_ _ _ _ _ _ _ _ _ _ _ _ _ _ _ _ _ _ _ _ _ _ _ _ _ _ _ _ _ _ _ _ _ _ _ _ _ _ _ _ 
tests/gpu/test_exl3_mr.py:69: in weights
    w = C.load(torch, tid)
        ^^^^^^^^^^^^^^^^^^
_ _ _ _ _ _ _ _ _ _ _ _ _ _ _ _ _ _ _ _ _ _ _ _ _ _ _ _ _ _ _ _ _ _ _ _ _ _ _ _ 

torch = <module 'torch' from '/workspace/kit-work/venv-cu13/lib/python3.12/site-packages/torch/__init__.py'>
tid = 'K3-up', device = 'cuda'

    def load(torch, tid: str, device="cuda") -> dict:
        """trellis/suh/svh (+ mcg/mul1 flags) of one checkpoint tensor, from the model's index."""
        import json
    
        from safetensors import safe_open
    
        prefix = TENSORS[tid][0]
        wm = json.loads((MODEL / "model.safetensors.index.json").read_text())["weight_map"]
        out = {"mcg": f"{prefix}.mcg" in wm, "mul1": f"{prefix}.mul1" in wm}
        for t in ("trellis", "suh", "svh"):
            with safe_open(str(MODEL / wm[f"{prefix}.{t}"]), framework="pt") as f:
>               out[t] = f.get_tensor(f"{prefix}.{t}").to(device).contiguous()
                         ^^^^^^^^^^^^^^^^^^^^^^^^^^^^^^^^^^^^^^^^
E               torch.OutOfMemoryError: CUDA out of memory. Tried to allocate 32.00 MiB. GPU 0 has a total capacity of 7.66 GiB of which 611.75 MiB is free. Including non-PyTorch memory, this process has 6.44 GiB memory in use. 6.22 GiB allowed; Of the allocated memory 6.18 GiB is allocated by PyTorch, and 21.40 MiB is reserved by PyTorch but unallocated. If reserved but unallocated memory is large try setting PYTORCH_CUDA_ALLOC_CONF=expandable_segments:True to avoid fragmentation.  See documentation for Memory Management  (https://docs.pytorch.org/docs/stable/notes/cuda.html#optimizing-memory-usage-with-pytorch-cuda-alloc-conf)

tests/gpu/exl3_cases.py:84: OutOfMemoryError
____________________ test_gemm_vs_fp64[K3-up-384-fp16model] ____________________

ops = <module 'vllm_exl3_plugin.ops' from '/workspace/kit/plugin-exl3/vllm_exl3_plugin/ops.py'>
tid = 'K3-up', m = 384, out_fp32 = False

    @pytest.mark.parametrize("out_fp32", [True, False], ids=["bf16model", "fp16model"])
    @pytest.mark.parametrize("m", MR_ROWS + K4_SMALL_ROWS)
    @pytest.mark.parametrize("tid", MR_TIDS)
    def test_gemm_vs_fp64(ops, tid, m, out_fp32):
        import torch
    
        K, n = BITS[tid], C.TENSORS[tid][3]
        if m in K4_SMALL_ROWS and K != 4:
            pytest.skip("K3/K5 take exl3_gemm_mr from 17 rows only")
>       w = weights(tid)
            ^^^^^^^^^^^^

tests/gpu/test_exl3_mr.py:121: 
_ _ _ _ _ _ _ _ _ _ _ _ _ _ _ _ _ _ _ _ _ _ _ _ _ _ _ _ _ _ _ _ _ _ _ _ _ _ _ _ 
tests/gpu/test_exl3_mr.py:69: in weights
    w = C.load(torch, tid)
        ^^^^^^^^^^^^^^^^^^
_ _ _ _ _ _ _ _ _ _ _ _ _ _ _ _ _ _ _ _ _ _ _ _ _ _ _ _ _ _ _ _ _ _ _ _ _ _ _ _ 

torch = <module 'torch' from '/workspace/kit-work/venv-cu13/lib/python3.12/site-packages/torch/__init__.py'>
tid = 'K3-up', device = 'cuda'

    def load(torch, tid: str, device="cuda") -> dict:
        """trellis/suh/svh (+ mcg/mul1 flags) of one checkpoint tensor, from the model's index."""
        import json
    
        from safetensors import safe_open
    
        prefix = TENSORS[tid][0]
        wm = json.loads((MODEL / "model.safetensors.index.json").read_text())["weight_map"]
        out = {"mcg": f"{prefix}.mcg" in wm, "mul1": f"{prefix}.mul1" in wm}
        for t in ("trellis", "suh", "svh"):
            with safe_open(str(MODEL / wm[f"{prefix}.{t}"]), framework="pt") as f:
>               out[t] = f.get_tensor(f"{prefix}.{t}").to(device).contiguous()
                         ^^^^^^^^^^^^^^^^^^^^^^^^^^^^^^^^^^^^^^^^
E               torch.OutOfMemoryError: CUDA out of memory. Tried to allocate 32.00 MiB. GPU 0 has a total capacity of 7.66 GiB of which 611.75 MiB is free. Including non-PyTorch memory, this process has 6.44 GiB memory in use. 6.22 GiB allowed; Of the allocated memory 6.18 GiB is allocated by PyTorch, and 21.40 MiB is reserved by PyTorch but unallocated. If reserved but unallocated memory is large try setting PYTORCH_CUDA_ALLOC_CONF=expandable_segments:True to avoid fragmentation.  See documentation for Memory Management  (https://docs.pytorch.org/docs/stable/notes/cuda.html#optimizing-memory-usage-with-pytorch-cuda-alloc-conf)

tests/gpu/exl3_cases.py:84: OutOfMemoryError
___________________ test_gemm_vs_fp64[K4-kproj-17-bf16model] ___________________

ops = <module 'vllm_exl3_plugin.ops' from '/workspace/kit/plugin-exl3/vllm_exl3_plugin/ops.py'>
tid = 'K4-kproj', m = 17, out_fp32 = True

    @pytest.mark.parametrize("out_fp32", [True, False], ids=["bf16model", "fp16model"])
    @pytest.mark.parametrize("m", MR_ROWS + K4_SMALL_ROWS)
    @pytest.mark.parametrize("tid", MR_TIDS)
    def test_gemm_vs_fp64(ops, tid, m, out_fp32):
        import torch
    
        K, n = BITS[tid], C.TENSORS[tid][3]
        if m in K4_SMALL_ROWS and K != 4:
            pytest.skip("K3/K5 take exl3_gemm_mr from 17 rows only")
        w = weights(tid)
        x = C.make_x(torch, tid, m)
        args = (w["suh"], w["svh"], w["mcg"], w["mul1"], out_fp32)
        y = torch.ops._C_exl3.exl3_gemm_mr(x, w["b"], *args)
        assert y.shape == (m, n) and y.dtype == (torch.float if out_fp32 else torch.half)
>       ref = C.fp64_ref(torch, x, dequant_fn(w, True), n)
              ^^^^^^^^^^^^^^^^^^^^^^^^^^^^^^^^^^^^^^^^^^^^

tests/gpu/test_exl3_mr.py:126: 
_ _ _ _ _ _ _ _ _ _ _ _ _ _ _ _ _ _ _ _ _ _ _ _ _ _ _ _ _ _ _ _ _ _ _ _ _ _ _ _ 

torch = <module 'torch' from '/workspace/kit-work/venv-cu13/lib/python3.12/site-packages/torch/__init__.py'>
x = tensor([[-1.5762, -0.2761, -0.6284,  ..., -1.9014, -0.1281, -1.1846],
        [ 0.4250,  0.6431, -1.0078,  ..., -0.243...3],
        [ 1.2119, -0.0493,  0.5679,  ..., -1.4072, -0.9043,  0.6851]],
       device='cuda:0', dtype=torch.float16)
dequant = <function dequant_fn.<locals>.<lambda> at 0x7fd45672ac00>, n = 1024

    def fp64_ref(torch, x, dequant, n: int):
        """x (fp16 [m, k]) @ W in fp64, W from dequant(n_start, n_count) -> fp16 [k, c] slices."""
        xd = x.double()
>       return torch.cat([xd @ dequant(s, c).double() for s, c in slices(n)], dim=1)
                               ^^^^^^^^^^^^^^^^^^^^^^
E       torch.OutOfMemoryError: CUDA out of memory. Tried to allocate 40.00 MiB. GPU 0 has a total capacity of 7.66 GiB of which 589.75 MiB is free. Including non-PyTorch memory, this process has 6.46 GiB memory in use. 6.22 GiB allowed; Of the allocated memory 6.20 GiB is allocated by PyTorch, and 27.49 MiB is reserved by PyTorch but unallocated. If reserved but unallocated memory is large try setting PYTORCH_CUDA_ALLOC_CONF=expandable_segments:True to avoid fragmentation.  See documentation for Memory Management  (https://docs.pytorch.org/docs/stable/notes/cuda.html#optimizing-memory-usage-with-pytorch-cuda-alloc-conf)

tests/gpu/exl3_cases.py:99: OutOfMemoryError
___________________ test_gemm_vs_fp64[K4-kproj-17-fp16model] ___________________

ops = <module 'vllm_exl3_plugin.ops' from '/workspace/kit/plugin-exl3/vllm_exl3_plugin/ops.py'>
tid = 'K4-kproj', m = 17, out_fp32 = False

    @pytest.mark.parametrize("out_fp32", [True, False], ids=["bf16model", "fp16model"])
    @pytest.mark.parametrize("m", MR_ROWS + K4_SMALL_ROWS)
    @pytest.mark.parametrize("tid", MR_TIDS)
    def test_gemm_vs_fp64(ops, tid, m, out_fp32):
        import torch
    
        K, n = BITS[tid], C.TENSORS[tid][3]
        if m in K4_SMALL_ROWS and K != 4:
            pytest.skip("K3/K5 take exl3_gemm_mr from 17 rows only")
        w = weights(tid)
        x = C.make_x(torch, tid, m)
        args = (w["suh"], w["svh"], w["mcg"], w["mul1"], out_fp32)
        y = torch.ops._C_exl3.exl3_gemm_mr(x, w["b"], *args)
        assert y.shape == (m, n) and y.dtype == (torch.float if out_fp32 else torch.half)
>       ref = C.fp64_ref(torch, x, dequant_fn(w, True), n)
              ^^^^^^^^^^^^^^^^^^^^^^^^^^^^^^^^^^^^^^^^^^^^

tests/gpu/test_exl3_mr.py:126: 
_ _ _ _ _ _ _ _ _ _ _ _ _ _ _ _ _ _ _ _ _ _ _ _ _ _ _ _ _ _ _ _ _ _ _ _ _ _ _ _ 

torch = <module 'torch' from '/workspace/kit-work/venv-cu13/lib/python3.12/site-packages/torch/__init__.py'>
x = tensor([[-1.5762, -0.2761, -0.6284,  ..., -1.9014, -0.1281, -1.1846],
        [ 0.4250,  0.6431, -1.0078,  ..., -0.243...3],
        [ 1.2119, -0.0493,  0.5679,  ..., -1.4072, -0.9043,  0.6851]],
       device='cuda:0', dtype=torch.float16)
dequant = <function dequant_fn.<locals>.<lambda> at 0x7fd45672a520>, n = 1024

    def fp64_ref(torch, x, dequant, n: int):
        """x (fp16 [m, k]) @ W in fp64, W from dequant(n_start, n_count) -> fp16 [k, c] slices."""
        xd = x.double()
>       return torch.cat([xd @ dequant(s, c).double() for s, c in slices(n)], dim=1)
                               ^^^^^^^^^^^^^^^^^^^^^^
E       torch.OutOfMemoryError: CUDA out of memory. Tried to allocate 40.00 MiB. GPU 0 has a total capacity of 7.66 GiB of which 589.75 MiB is free. Including non-PyTorch memory, this process has 6.46 GiB memory in use. 6.22 GiB allowed; Of the allocated memory 6.20 GiB is allocated by PyTorch, and 26.63 MiB is reserved by PyTorch but unallocated. If reserved but unallocated memory is large try setting PYTORCH_CUDA_ALLOC_CONF=expandable_segments:True to avoid fragmentation.  See documentation for Memory Management  (https://docs.pytorch.org/docs/stable/notes/cuda.html#optimizing-memory-usage-with-pytorch-cuda-alloc-conf)

tests/gpu/exl3_cases.py:99: OutOfMemoryError
___________________ test_gemm_vs_fp64[K4-kproj-24-bf16model] ___________________

ops = <module 'vllm_exl3_plugin.ops' from '/workspace/kit/plugin-exl3/vllm_exl3_plugin/ops.py'>
tid = 'K4-kproj', m = 24, out_fp32 = True

    @pytest.mark.parametrize("out_fp32", [True, False], ids=["bf16model", "fp16model"])
    @pytest.mark.parametrize("m", MR_ROWS + K4_SMALL_ROWS)
    @pytest.mark.parametrize("tid", MR_TIDS)
    def test_gemm_vs_fp64(ops, tid, m, out_fp32):
        import torch
    
        K, n = BITS[tid], C.TENSORS[tid][3]
        if m in K4_SMALL_ROWS and K != 4:
            pytest.skip("K3/K5 take exl3_gemm_mr from 17 rows only")
        w = weights(tid)
        x = C.make_x(torch, tid, m)
        args = (w["suh"], w["svh"], w["mcg"], w["mul1"], out_fp32)
        y = torch.ops._C_exl3.exl3_gemm_mr(x, w["b"], *args)
        assert y.shape == (m, n) and y.dtype == (torch.float if out_fp32 else torch.half)
>       ref = C.fp64_ref(torch, x, dequant_fn(w, True), n)
              ^^^^^^^^^^^^^^^^^^^^^^^^^^^^^^^^^^^^^^^^^^^^

tests/gpu/test_exl3_mr.py:126: 
_ _ _ _ _ _ _ _ _ _ _ _ _ _ _ _ _ _ _ _ _ _ _ _ _ _ _ _ _ _ _ _ _ _ _ _ _ _ _ _ 

torch = <module 'torch' from '/workspace/kit-work/venv-cu13/lib/python3.12/site-packages/torch/__init__.py'>
x = tensor([[-1.3711,  2.2930, -0.6553,  ...,  0.3638, -0.9946,  1.0654],
        [-1.3740, -0.5381, -2.0781,  ..., -1.798...3],
        [-0.6362, -0.7368, -0.4927,  ..., -0.0750,  1.7627, -0.9761]],
       device='cuda:0', dtype=torch.float16)
dequant = <function dequant_fn.<locals>.<lambda> at 0x7fd45672a8e0>, n = 1024

    def fp64_ref(torch, x, dequant, n: int):
        """x (fp16 [m, k]) @ W in fp64, W from dequant(n_start, n_count) -> fp16 [k, c] slices."""
        xd = x.double()
>       return torch.cat([xd @ dequant(s, c).double() for s, c in slices(n)], dim=1)
                               ^^^^^^^^^^^^^^^^^^^^^^
E       torch.OutOfMemoryError: CUDA out of memory. Tried to allocate 40.00 MiB. GPU 0 has a total capacity of 7.66 GiB of which 587.75 MiB is free. Including non-PyTorch memory, this process has 6.46 GiB memory in use. 6.22 GiB allowed; Of the allocated memory 6.20 GiB is allocated by PyTorch, and 27.36 MiB is reserved by PyTorch but unallocated. If reserved but unallocated memory is large try setting PYTORCH_CUDA_ALLOC_CONF=expandable_segments:True to avoid fragmentation.  See documentation for Memory Management  (https://docs.pytorch.org/docs/stable/notes/cuda.html#optimizing-memory-usage-with-pytorch-cuda-alloc-conf)

tests/gpu/exl3_cases.py:99: OutOfMemoryError
___________________ test_gemm_vs_fp64[K4-kproj-24-fp16model] ___________________

ops = <module 'vllm_exl3_plugin.ops' from '/workspace/kit/plugin-exl3/vllm_exl3_plugin/ops.py'>
tid = 'K4-kproj', m = 24, out_fp32 = False

    @pytest.mark.parametrize("out_fp32", [True, False], ids=["bf16model", "fp16model"])
    @pytest.mark.parametrize("m", MR_ROWS + K4_SMALL_ROWS)
    @pytest.mark.parametrize("tid", MR_TIDS)
    def test_gemm_vs_fp64(ops, tid, m, out_fp32):
        import torch
    
        K, n = BITS[tid], C.TENSORS[tid][3]
        if m in K4_SMALL_ROWS and K != 4:
            pytest.skip("K3/K5 take exl3_gemm_mr from 17 rows only")
        w = weights(tid)
        x = C.make_x(torch, tid, m)
        args = (w["suh"], w["svh"], w["mcg"], w["mul1"], out_fp32)
        y = torch.ops._C_exl3.exl3_gemm_mr(x, w["b"], *args)
        assert y.shape == (m, n) and y.dtype == (torch.float if out_fp32 else torch.half)
>       ref = C.fp64_ref(torch, x, dequant_fn(w, True), n)
              ^^^^^^^^^^^^^^^^^^^^^^^^^^^^^^^^^^^^^^^^^^^^

tests/gpu/test_exl3_mr.py:126: 
_ _ _ _ _ _ _ _ _ _ _ _ _ _ _ _ _ _ _ _ _ _ _ _ _ _ _ _ _ _ _ _ _ _ _ _ _ _ _ _ 
tests/gpu/exl3_cases.py:99: in fp64_ref
    return torch.cat([xd @ dequant(s, c).double() for s, c in slices(n)], dim=1)
                           ^^^^^^^^^^^^^
tests/gpu/test_exl3_mr.py:78: in <lambda>
    return lambda s, c: torch.ops._C_exl3.exl3_dequant(w["trellis"], w["suh"], w["svh"], w["mcg"], w["mul1"],
_ _ _ _ _ _ _ _ _ _ _ _ _ _ _ _ _ _ _ _ _ _ _ _ _ _ _ _ _ _ _ _ _ _ _ _ _ _ _ _ 

self = <OpOverloadPacket(op='_C_exl3.exl3_dequant')>
args = (tensor([[[ -7443, -17787,  22502,  ...,  32327,  -9703,  10942],
         [ 29484, -17799,  -4894,  ..., -30849,   53... -0.0500,  0.0500,  ...,  0.0500,  0.0500, -0.0500],
       device='cuda:0', dtype=torch.float16), False, True, 0, ...)
kwargs = {}

    def __call__(self, /, *args: _P.args, **kwargs: _P.kwargs) -> _T:
        # overloading __call__ to ensure torch.ops.foo.bar()
        # is still callable from JIT
        # We save the function ptr as the `op` attribute on
        # OpOverloadPacket to access it here.
    
        # Directly calling OverloadPacket goes into C++, which will check
        # the schema and cause an error for torchbind op when inputs consist of FakeScriptObject so we
        # intercept it here and call TorchBindOpverload instead.
        if self._has_torchbind_op_overload and _must_dispatch_in_python(args, kwargs):
            # pyrefly: ignore [bad-argument-type]
            return _call_overload_packet_from_python(self, *args, **kwargs)
>       return self._op(*args, **kwargs)
               ^^^^^^^^^^^^^^^^^^^^^^^^^
E       torch.OutOfMemoryError: CUDA out of memory. Tried to allocate 10.00 MiB. GPU 0 has a total capacity of 7.66 GiB of which 605.75 MiB is free. Including non-PyTorch memory, this process has 6.45 GiB memory in use. 6.22 GiB allowed; Of the allocated memory 6.19 GiB is allocated by PyTorch, and 18.14 MiB is reserved by PyTorch but unallocated. If reserved but unallocated memory is large try setting PYTORCH_CUDA_ALLOC_CONF=expandable_segments:True to avoid fragmentation.  See documentation for Memory Management  (https://docs.pytorch.org/docs/stable/notes/cuda.html#optimizing-memory-usage-with-pytorch-cuda-alloc-conf)

../kit-work/venv-cu13/lib/python3.12/site-packages/torch/_ops.py:1279: OutOfMemoryError
___________________ test_gemm_vs_fp64[K4-kproj-32-bf16model] ___________________

ops = <module 'vllm_exl3_plugin.ops' from '/workspace/kit/plugin-exl3/vllm_exl3_plugin/ops.py'>
tid = 'K4-kproj', m = 32, out_fp32 = True

    @pytest.mark.parametrize("out_fp32", [True, False], ids=["bf16model", "fp16model"])
    @pytest.mark.parametrize("m", MR_ROWS + K4_SMALL_ROWS)
    @pytest.mark.parametrize("tid", MR_TIDS)
    def test_gemm_vs_fp64(ops, tid, m, out_fp32):
        import torch
    
        K, n = BITS[tid], C.TENSORS[tid][3]
        if m in K4_SMALL_ROWS and K != 4:
            pytest.skip("K3/K5 take exl3_gemm_mr from 17 rows only")
        w = weights(tid)
        x = C.make_x(torch, tid, m)
        args = (w["suh"], w["svh"], w["mcg"], w["mul1"], out_fp32)
        y = torch.ops._C_exl3.exl3_gemm_mr(x, w["b"], *args)
        assert y.shape == (m, n) and y.dtype == (torch.float if out_fp32 else torch.half)
>       ref = C.fp64_ref(torch, x, dequant_fn(w, True), n)
              ^^^^^^^^^^^^^^^^^^^^^^^^^^^^^^^^^^^^^^^^^^^^

tests/gpu/test_exl3_mr.py:126: 
_ _ _ _ _ _ _ _ _ _ _ _ _ _ _ _ _ _ _ _ _ _ _ _ _ _ _ _ _ _ _ _ _ _ _ _ _ _ _ _ 
tests/gpu/exl3_cases.py:99: in fp64_ref
    return torch.cat([xd @ dequant(s, c).double() for s, c in slices(n)], dim=1)
                           ^^^^^^^^^^^^^
tests/gpu/test_exl3_mr.py:78: in <lambda>
    return lambda s, c: torch.ops._C_exl3.exl3_dequant(w["trellis"], w["suh"], w["svh"], w["mcg"], w["mul1"],
_ _ _ _ _ _ _ _ _ _ _ _ _ _ _ _ _ _ _ _ _ _ _ _ _ _ _ _ _ _ _ _ _ _ _ _ _ _ _ _ 

self = <OpOverloadPacket(op='_C_exl3.exl3_dequant')>
args = (tensor([[[ -7443, -17787,  22502,  ...,  32327,  -9703,  10942],
         [ 29484, -17799,  -4894,  ..., -30849,   53... -0.0500,  0.0500,  ...,  0.0500,  0.0500, -0.0500],
       device='cuda:0', dtype=torch.float16), False, True, 0, ...)
kwargs = {}

    def __call__(self, /, *args: _P.args, **kwargs: _P.kwargs) -> _T:
        # overloading __call__ to ensure torch.ops.foo.bar()
        # is still callable from JIT
        # We save the function ptr as the `op` attribute on
        # OpOverloadPacket to access it here.
    
        # Directly calling OverloadPacket goes into C++, which will check
        # the schema and cause an error for torchbind op when inputs consist of FakeScriptObject so we
        # intercept it here and call TorchBindOpverload instead.
        if self._has_torchbind_op_overload and _must_dispatch_in_python(args, kwargs):
            # pyrefly: ignore [bad-argument-type]
            return _call_overload_packet_from_python(self, *args, **kwargs)
>       return self._op(*args, **kwargs)
               ^^^^^^^^^^^^^^^^^^^^^^^^^
E       torch.OutOfMemoryError: CUDA out of memory. Tried to allocate 10.00 MiB. GPU 0 has a total capacity of 7.66 GiB of which 605.75 MiB is free. Including non-PyTorch memory, this process has 6.45 GiB memory in use. 6.22 GiB allowed; Of the allocated memory 6.19 GiB is allocated by PyTorch, and 16.46 MiB is reserved by PyTorch but unallocated. If reserved but unallocated memory is large try setting PYTORCH_CUDA_ALLOC_CONF=expandable_segments:True to avoid fragmentation.  See documentation for Memory Management  (https://docs.pytorch.org/docs/stable/notes/cuda.html#optimizing-memory-usage-with-pytorch-cuda-alloc-conf)

../kit-work/venv-cu13/lib/python3.12/site-packages/torch/_ops.py:1279: OutOfMemoryError
___________________ test_gemm_vs_fp64[K4-kproj-32-fp16model] ___________________

ops = <module 'vllm_exl3_plugin.ops' from '/workspace/kit/plugin-exl3/vllm_exl3_plugin/ops.py'>
tid = 'K4-kproj', m = 32, out_fp32 = False

    @pytest.mark.parametrize("out_fp32", [True, False], ids=["bf16model", "fp16model"])
    @pytest.mark.parametrize("m", MR_ROWS + K4_SMALL_ROWS)
    @pytest.mark.parametrize("tid", MR_TIDS)
    def test_gemm_vs_fp64(ops, tid, m, out_fp32):
        import torch
    
        K, n = BITS[tid], C.TENSORS[tid][3]
        if m in K4_SMALL_ROWS and K != 4:
            pytest.skip("K3/K5 take exl3_gemm_mr from 17 rows only")
        w = weights(tid)
        x = C.make_x(torch, tid, m)
        args = (w["suh"], w["svh"], w["mcg"], w["mul1"], out_fp32)
        y = torch.ops._C_exl3.exl3_gemm_mr(x, w["b"], *args)
        assert y.shape == (m, n) and y.dtype == (torch.float if out_fp32 else torch.half)
>       ref = C.fp64_ref(torch, x, dequant_fn(w, True), n)
              ^^^^^^^^^^^^^^^^^^^^^^^^^^^^^^^^^^^^^^^^^^^^

tests/gpu/test_exl3_mr.py:126: 
_ _ _ _ _ _ _ _ _ _ _ _ _ _ _ _ _ _ _ _ _ _ _ _ _ _ _ _ _ _ _ _ _ _ _ _ _ _ _ _ 
tests/gpu/exl3_cases.py:99: in fp64_ref
    return torch.cat([xd @ dequant(s, c).double() for s, c in slices(n)], dim=1)
                           ^^^^^^^^^^^^^
tests/gpu/test_exl3_mr.py:78: in <lambda>
    return lambda s, c: torch.ops._C_exl3.exl3_dequant(w["trellis"], w["suh"], w["svh"], w["mcg"], w["mul1"],
_ _ _ _ _ _ _ _ _ _ _ _ _ _ _ _ _ _ _ _ _ _ _ _ _ _ _ _ _ _ _ _ _ _ _ _ _ _ _ _ 

self = <OpOverloadPacket(op='_C_exl3.exl3_dequant')>
args = (tensor([[[ -7443, -17787,  22502,  ...,  32327,  -9703,  10942],
         [ 29484, -17799,  -4894,  ..., -30849,   53... -0.0500,  0.0500,  ...,  0.0500,  0.0500, -0.0500],
       device='cuda:0', dtype=torch.float16), False, True, 0, ...)
kwargs = {}

    def __call__(self, /, *args: _P.args, **kwargs: _P.kwargs) -> _T:
        # overloading __call__ to ensure torch.ops.foo.bar()
        # is still callable from JIT
        # We save the function ptr as the `op` attribute on
        # OpOverloadPacket to access it here.
    
        # Directly calling OverloadPacket goes into C++, which will check
        # the schema and cause an error for torchbind op when inputs consist of FakeScriptObject so we
        # intercept it here and call TorchBindOpverload instead.
        if self._has_torchbind_op_overload and _must_dispatch_in_python(args, kwargs):
            # pyrefly: ignore [bad-argument-type]
            return _call_overload_packet_from_python(self, *args, **kwargs)
>       return self._op(*args, **kwargs)
               ^^^^^^^^^^^^^^^^^^^^^^^^^
E       torch.OutOfMemoryError: CUDA out of memory. Tried to allocate 10.00 MiB. GPU 0 has a total capacity of 7.66 GiB of which 605.75 MiB is free. Including non-PyTorch memory, this process has 6.45 GiB memory in use. 6.22 GiB allowed; Of the allocated memory 6.19 GiB is allocated by PyTorch, and 14.83 MiB is reserved by PyTorch but unallocated. If reserved but unallocated memory is large try setting PYTORCH_CUDA_ALLOC_CONF=expandable_segments:True to avoid fragmentation.  See documentation for Memory Management  (https://docs.pytorch.org/docs/stable/notes/cuda.html#optimizing-memory-usage-with-pytorch-cuda-alloc-conf)

../kit-work/venv-cu13/lib/python3.12/site-packages/torch/_ops.py:1279: OutOfMemoryError
___________________ test_gemm_vs_fp64[K4-kproj-48-bf16model] ___________________

ops = <module 'vllm_exl3_plugin.ops' from '/workspace/kit/plugin-exl3/vllm_exl3_plugin/ops.py'>
tid = 'K4-kproj', m = 48, out_fp32 = True

    @pytest.mark.parametrize("out_fp32", [True, False], ids=["bf16model", "fp16model"])
    @pytest.mark.parametrize("m", MR_ROWS + K4_SMALL_ROWS)
    @pytest.mark.parametrize("tid", MR_TIDS)
    def test_gemm_vs_fp64(ops, tid, m, out_fp32):
        import torch
    
        K, n = BITS[tid], C.TENSORS[tid][3]
        if m in K4_SMALL_ROWS and K != 4:
            pytest.skip("K3/K5 take exl3_gemm_mr from 17 rows only")
        w = weights(tid)
        x = C.make_x(torch, tid, m)
        args = (w["suh"], w["svh"], w["mcg"], w["mul1"], out_fp32)
        y = torch.ops._C_exl3.exl3_gemm_mr(x, w["b"], *args)
        assert y.shape == (m, n) and y.dtype == (torch.float if out_fp32 else torch.half)
>       ref = C.fp64_ref(torch, x, dequant_fn(w, True), n)
              ^^^^^^^^^^^^^^^^^^^^^^^^^^^^^^^^^^^^^^^^^^^^

tests/gpu/test_exl3_mr.py:126: 
_ _ _ _ _ _ _ _ _ _ _ _ _ _ _ _ _ _ _ _ _ _ _ _ _ _ _ _ _ _ _ _ _ _ _ _ _ _ _ _ 
tests/gpu/exl3_cases.py:99: in fp64_ref
    return torch.cat([xd @ dequant(s, c).double() for s, c in slices(n)], dim=1)
                           ^^^^^^^^^^^^^
tests/gpu/test_exl3_mr.py:78: in <lambda>
    return lambda s, c: torch.ops._C_exl3.exl3_dequant(w["trellis"], w["suh"], w["svh"], w["mcg"], w["mul1"],
_ _ _ _ _ _ _ _ _ _ _ _ _ _ _ _ _ _ _ _ _ _ _ _ _ _ _ _ _ _ _ _ _ _ _ _ _ _ _ _ 

self = <OpOverloadPacket(op='_C_exl3.exl3_dequant')>
args = (tensor([[[ -7443, -17787,  22502,  ...,  32327,  -9703,  10942],
         [ 29484, -17799,  -4894,  ..., -30849,   53... -0.0500,  0.0500,  ...,  0.0500,  0.0500, -0.0500],
       device='cuda:0', dtype=torch.float16), False, True, 0, ...)
kwargs = {}

    def __call__(self, /, *args: _P.args, **kwargs: _P.kwargs) -> _T:
        # overloading __call__ to ensure torch.ops.foo.bar()
        # is still callable from JIT
        # We save the function ptr as the `op` attribute on
        # OpOverloadPacket to access it here.
    
        # Directly calling OverloadPacket goes into C++, which will check
        # the schema and cause an error for torchbind op when inputs consist of FakeScriptObject so we
        # intercept it here and call TorchBindOpverload instead.
        if self._has_torchbind_op_overload and _must_dispatch_in_python(args, kwargs):
            # pyrefly: ignore [bad-argument-type]
            return _call_overload_packet_from_python(self, *args, **kwargs)
>       return self._op(*args, **kwargs)
               ^^^^^^^^^^^^^^^^^^^^^^^^^
E       torch.OutOfMemoryError: CUDA out of memory. Tried to allocate 10.00 MiB. GPU 0 has a total capacity of 7.66 GiB of which 603.75 MiB is free. Including non-PyTorch memory, this process has 6.45 GiB memory in use. 6.22 GiB allowed; Of the allocated memory 6.20 GiB is allocated by PyTorch, and 14.30 MiB is reserved by PyTorch but unallocated. If reserved but unallocated memory is large try setting PYTORCH_CUDA_ALLOC_CONF=expandable_segments:True to avoid fragmentation.  See documentation for Memory Management  (https://docs.pytorch.org/docs/stable/notes/cuda.html#optimizing-memory-usage-with-pytorch-cuda-alloc-conf)

../kit-work/venv-cu13/lib/python3.12/site-packages/torch/_ops.py:1279: OutOfMemoryError
___________________ test_gemm_vs_fp64[K4-kproj-48-fp16model] ___________________

ops = <module 'vllm_exl3_plugin.ops' from '/workspace/kit/plugin-exl3/vllm_exl3_plugin/ops.py'>
tid = 'K4-kproj', m = 48, out_fp32 = False

    @pytest.mark.parametrize("out_fp32", [True, False], ids=["bf16model", "fp16model"])
    @pytest.mark.parametrize("m", MR_ROWS + K4_SMALL_ROWS)
    @pytest.mark.parametrize("tid", MR_TIDS)
    def test_gemm_vs_fp64(ops, tid, m, out_fp32):
        import torch
    
        K, n = BITS[tid], C.TENSORS[tid][3]
        if m in K4_SMALL_ROWS and K != 4:
            pytest.skip("K3/K5 take exl3_gemm_mr from 17 rows only")
        w = weights(tid)
        x = C.make_x(torch, tid, m)
        args = (w["suh"], w["svh"], w["mcg"], w["mul1"], out_fp32)
        y = torch.ops._C_exl3.exl3_gemm_mr(x, w["b"], *args)
        assert y.shape == (m, n) and y.dtype == (torch.float if out_fp32 else torch.half)
>       ref = C.fp64_ref(torch, x, dequant_fn(w, True), n)
              ^^^^^^^^^^^^^^^^^^^^^^^^^^^^^^^^^^^^^^^^^^^^

tests/gpu/test_exl3_mr.py:126: 
_ _ _ _ _ _ _ _ _ _ _ _ _ _ _ _ _ _ _ _ _ _ _ _ _ _ _ _ _ _ _ _ _ _ _ _ _ _ _ _ 
tests/gpu/exl3_cases.py:99: in fp64_ref
    return torch.cat([xd @ dequant(s, c).double() for s, c in slices(n)], dim=1)
                           ^^^^^^^^^^^^^
tests/gpu/test_exl3_mr.py:78: in <lambda>
    return lambda s, c: torch.ops._C_exl3.exl3_dequant(w["trellis"], w["suh"], w["svh"], w["mcg"], w["mul1"],
_ _ _ _ _ _ _ _ _ _ _ _ _ _ _ _ _ _ _ _ _ _ _ _ _ _ _ _ _ _ _ _ _ _ _ _ _ _ _ _ 

self = <OpOverloadPacket(op='_C_exl3.exl3_dequant')>
args = (tensor([[[ -7443, -17787,  22502,  ...,  32327,  -9703,  10942],
         [ 29484, -17799,  -4894,  ..., -30849,   53... -0.0500,  0.0500,  ...,  0.0500,  0.0500, -0.0500],
       device='cuda:0', dtype=torch.float16), False, True, 0, ...)
kwargs = {}

    def __call__(self, /, *args: _P.args, **kwargs: _P.kwargs) -> _T:
        # overloading __call__ to ensure torch.ops.foo.bar()
        # is still callable from JIT
        # We save the function ptr as the `op` attribute on
        # OpOverloadPacket to access it here.
    
        # Directly calling OverloadPacket goes into C++, which will check
        # the schema and cause an error for torchbind op when inputs consist of FakeScriptObject so we
        # intercept it here and call TorchBindOpverload instead.
        if self._has_torchbind_op_overload and _must_dispatch_in_python(args, kwargs):
            # pyrefly: ignore [bad-argument-type]
            return _call_overload_packet_from_python(self, *args, **kwargs)
>       return self._op(*args, **kwargs)
               ^^^^^^^^^^^^^^^^^^^^^^^^^
E       torch.OutOfMemoryError: CUDA out of memory. Tried to allocate 10.00 MiB. GPU 0 has a total capacity of 7.66 GiB of which 603.75 MiB is free. Including non-PyTorch memory, this process has 6.45 GiB memory in use. 6.22 GiB allowed; Of the allocated memory 6.20 GiB is allocated by PyTorch, and 11.86 MiB is reserved by PyTorch but unallocated. If reserved but unallocated memory is large try setting PYTORCH_CUDA_ALLOC_CONF=expandable_segments:True to avoid fragmentation.  See documentation for Memory Management  (https://docs.pytorch.org/docs/stable/notes/cuda.html#optimizing-memory-usage-with-pytorch-cuda-alloc-conf)

../kit-work/venv-cu13/lib/python3.12/site-packages/torch/_ops.py:1279: OutOfMemoryError
___________________ test_gemm_vs_fp64[K4-kproj-64-bf16model] ___________________

ops = <module 'vllm_exl3_plugin.ops' from '/workspace/kit/plugin-exl3/vllm_exl3_plugin/ops.py'>
tid = 'K4-kproj', m = 64, out_fp32 = True

    @pytest.mark.parametrize("out_fp32", [True, False], ids=["bf16model", "fp16model"])
    @pytest.mark.parametrize("m", MR_ROWS + K4_SMALL_ROWS)
    @pytest.mark.parametrize("tid", MR_TIDS)
    def test_gemm_vs_fp64(ops, tid, m, out_fp32):
        import torch
    
        K, n = BITS[tid], C.TENSORS[tid][3]
        if m in K4_SMALL_ROWS and K != 4:
            pytest.skip("K3/K5 take exl3_gemm_mr from 17 rows only")
        w = weights(tid)
        x = C.make_x(torch, tid, m)
        args = (w["suh"], w["svh"], w["mcg"], w["mul1"], out_fp32)
        y = torch.ops._C_exl3.exl3_gemm_mr(x, w["b"], *args)
        assert y.shape == (m, n) and y.dtype == (torch.float if out_fp32 else torch.half)
>       ref = C.fp64_ref(torch, x, dequant_fn(w, True), n)
              ^^^^^^^^^^^^^^^^^^^^^^^^^^^^^^^^^^^^^^^^^^^^

tests/gpu/test_exl3_mr.py:126: 
_ _ _ _ _ _ _ _ _ _ _ _ _ _ _ _ _ _ _ _ _ _ _ _ _ _ _ _ _ _ _ _ _ _ _ _ _ _ _ _ 
tests/gpu/exl3_cases.py:99: in fp64_ref
    return torch.cat([xd @ dequant(s, c).double() for s, c in slices(n)], dim=1)
                           ^^^^^^^^^^^^^
tests/gpu/test_exl3_mr.py:78: in <lambda>
    return lambda s, c: torch.ops._C_exl3.exl3_dequant(w["trellis"], w["suh"], w["svh"], w["mcg"], w["mul1"],
_ _ _ _ _ _ _ _ _ _ _ _ _ _ _ _ _ _ _ _ _ _ _ _ _ _ _ _ _ _ _ _ _ _ _ _ _ _ _ _ 

self = <OpOverloadPacket(op='_C_exl3.exl3_dequant')>
args = (tensor([[[ -7443, -17787,  22502,  ...,  32327,  -9703,  10942],
         [ 29484, -17799,  -4894,  ..., -30849,   53... -0.0500,  0.0500,  ...,  0.0500,  0.0500, -0.0500],
       device='cuda:0', dtype=torch.float16), False, True, 0, ...)
kwargs = {}

    def __call__(self, /, *args: _P.args, **kwargs: _P.kwargs) -> _T:
        # overloading __call__ to ensure torch.ops.foo.bar()
        # is still callable from JIT
        # We save the function ptr as the `op` attribute on
        # OpOverloadPacket to access it here.
    
        # Directly calling OverloadPacket goes into C++, which will check
        # the schema and cause an error for torchbind op when inputs consist of FakeScriptObject so we
        # intercept it here and call TorchBindOpverload instead.
        if self._has_torchbind_op_overload and _must_dispatch_in_python(args, kwargs):
            # pyrefly: ignore [bad-argument-type]
            return _call_overload_packet_from_python(self, *args, **kwargs)
>       return self._op(*args, **kwargs)
               ^^^^^^^^^^^^^^^^^^^^^^^^^
E       torch.OutOfMemoryError: CUDA out of memory. Tried to allocate 10.00 MiB. GPU 0 has a total capacity of 7.66 GiB of which 603.75 MiB is free. Including non-PyTorch memory, this process has 6.45 GiB memory in use. 6.22 GiB allowed; Of the allocated memory 6.20 GiB is allocated by PyTorch, and 8.49 MiB is reserved by PyTorch but unallocated. If reserved but unallocated memory is large try setting PYTORCH_CUDA_ALLOC_CONF=expandable_segments:True to avoid fragmentation.  See documentation for Memory Management  (https://docs.pytorch.org/docs/stable/notes/cuda.html#optimizing-memory-usage-with-pytorch-cuda-alloc-conf)

../kit-work/venv-cu13/lib/python3.12/site-packages/torch/_ops.py:1279: OutOfMemoryError
___________________ test_gemm_vs_fp64[K4-kproj-64-fp16model] ___________________

ops = <module 'vllm_exl3_plugin.ops' from '/workspace/kit/plugin-exl3/vllm_exl3_plugin/ops.py'>
tid = 'K4-kproj', m = 64, out_fp32 = False

    @pytest.mark.parametrize("out_fp32", [True, False], ids=["bf16model", "fp16model"])
    @pytest.mark.parametrize("m", MR_ROWS + K4_SMALL_ROWS)
    @pytest.mark.parametrize("tid", MR_TIDS)
    def test_gemm_vs_fp64(ops, tid, m, out_fp32):
        import torch
    
        K, n = BITS[tid], C.TENSORS[tid][3]
        if m in K4_SMALL_ROWS and K != 4:
            pytest.skip("K3/K5 take exl3_gemm_mr from 17 rows only")
        w = weights(tid)
        x = C.make_x(torch, tid, m)
        args = (w["suh"], w["svh"], w["mcg"], w["mul1"], out_fp32)
        y = torch.ops._C_exl3.exl3_gemm_mr(x, w["b"], *args)
        assert y.shape == (m, n) and y.dtype == (torch.float if out_fp32 else torch.half)
>       ref = C.fp64_ref(torch, x, dequant_fn(w, True), n)
              ^^^^^^^^^^^^^^^^^^^^^^^^^^^^^^^^^^^^^^^^^^^^

tests/gpu/test_exl3_mr.py:126: 
_ _ _ _ _ _ _ _ _ _ _ _ _ _ _ _ _ _ _ _ _ _ _ _ _ _ _ _ _ _ _ _ _ _ _ _ _ _ _ _ 
tests/gpu/exl3_cases.py:99: in fp64_ref
    return torch.cat([xd @ dequant(s, c).double() for s, c in slices(n)], dim=1)
                           ^^^^^^^^^^^^^
tests/gpu/test_exl3_mr.py:78: in <lambda>
    return lambda s, c: torch.ops._C_exl3.exl3_dequant(w["trellis"], w["suh"], w["svh"], w["mcg"], w["mul1"],
_ _ _ _ _ _ _ _ _ _ _ _ _ _ _ _ _ _ _ _ _ _ _ _ _ _ _ _ _ _ _ _ _ _ _ _ _ _ _ _ 

self = <OpOverloadPacket(op='_C_exl3.exl3_dequant')>
args = (tensor([[[ -7443, -17787,  22502,  ...,  32327,  -9703,  10942],
         [ 29484, -17799,  -4894,  ..., -30849,   53... -0.0500,  0.0500,  ...,  0.0500,  0.0500, -0.0500],
       device='cuda:0', dtype=torch.float16), False, True, 0, ...)
kwargs = {}

    def __call__(self, /, *args: _P.args, **kwargs: _P.kwargs) -> _T:
        # overloading __call__ to ensure torch.ops.foo.bar()
        # is still callable from JIT
        # We save the function ptr as the `op` attribute on
        # OpOverloadPacket to access it here.
    
        # Directly calling OverloadPacket goes into C++, which will check
        # the schema and cause an error for torchbind op when inputs consist of FakeScriptObject so we
        # intercept it here and call TorchBindOpverload instead.
        if self._has_torchbind_op_overload and _must_dispatch_in_python(args, kwargs):
            # pyrefly: ignore [bad-argument-type]
            return _call_overload_packet_from_python(self, *args, **kwargs)
>       return self._op(*args, **kwargs)
               ^^^^^^^^^^^^^^^^^^^^^^^^^
E       torch.OutOfMemoryError: CUDA out of memory. Tried to allocate 10.00 MiB. GPU 0 has a total capacity of 7.66 GiB of which 603.75 MiB is free. Including non-PyTorch memory, this process has 6.45 GiB memory in use. 6.22 GiB allowed; Of the allocated memory 6.21 GiB is allocated by PyTorch, and 5.24 MiB is reserved by PyTorch but unallocated. If reserved but unallocated memory is large try setting PYTORCH_CUDA_ALLOC_CONF=expandable_segments:True to avoid fragmentation.  See documentation for Memory Management  (https://docs.pytorch.org/docs/stable/notes/cuda.html#optimizing-memory-usage-with-pytorch-cuda-alloc-conf)

../kit-work/venv-cu13/lib/python3.12/site-packages/torch/_ops.py:1279: OutOfMemoryError
___________________ test_gemm_vs_fp64[K4-kproj-96-bf16model] ___________________

ops = <module 'vllm_exl3_plugin.ops' from '/workspace/kit/plugin-exl3/vllm_exl3_plugin/ops.py'>
tid = 'K4-kproj', m = 96, out_fp32 = True

    @pytest.mark.parametrize("out_fp32", [True, False], ids=["bf16model", "fp16model"])
    @pytest.mark.parametrize("m", MR_ROWS + K4_SMALL_ROWS)
    @pytest.mark.parametrize("tid", MR_TIDS)
    def test_gemm_vs_fp64(ops, tid, m, out_fp32):
        import torch
    
        K, n = BITS[tid], C.TENSORS[tid][3]
        if m in K4_SMALL_ROWS and K != 4:
            pytest.skip("K3/K5 take exl3_gemm_mr from 17 rows only")
        w = weights(tid)
        x = C.make_x(torch, tid, m)
        args = (w["suh"], w["svh"], w["mcg"], w["mul1"], out_fp32)
        y = torch.ops._C_exl3.exl3_gemm_mr(x, w["b"], *args)
        assert y.shape == (m, n) and y.dtype == (torch.float if out_fp32 else torch.half)
>       ref = C.fp64_ref(torch, x, dequant_fn(w, True), n)
              ^^^^^^^^^^^^^^^^^^^^^^^^^^^^^^^^^^^^^^^^^^^^

tests/gpu/test_exl3_mr.py:126: 
_ _ _ _ _ _ _ _ _ _ _ _ _ _ _ _ _ _ _ _ _ _ _ _ _ _ _ _ _ _ _ _ _ _ _ _ _ _ _ _ 

torch = <module 'torch' from '/workspace/kit-work/venv-cu13/lib/python3.12/site-packages/torch/__init__.py'>
x = tensor([[-2.5820,  0.8804,  0.6655,  ...,  0.2389,  1.5547, -0.2764],
        [-0.0312,  1.1318, -1.3193,  ..., -0.247...3],
        [ 0.8789,  0.8047,  0.8496,  ..., -0.9360,  0.1304,  1.1104]],
       device='cuda:0', dtype=torch.float16)
dequant = <function dequant_fn.<locals>.<lambda> at 0x7fd4565d00e0>, n = 1024

    def fp64_ref(torch, x, dequant, n: int):
        """x (fp16 [m, k]) @ W in fp64, W from dequant(n_start, n_count) -> fp16 [k, c] slices."""
>       xd = x.double()
             ^^^^^^^^^^
E       torch.OutOfMemoryError: CUDA out of memory. Tried to allocate 20.00 MiB. GPU 0 has a total capacity of 7.66 GiB of which 599.75 MiB is free. Including non-PyTorch memory, this process has 6.45 GiB memory in use. 6.22 GiB allowed; Of the allocated memory 6.21 GiB is allocated by PyTorch, and 7.92 MiB is reserved by PyTorch but unallocated. If reserved but unallocated memory is large try setting PYTORCH_CUDA_ALLOC_CONF=expandable_segments:True to avoid fragmentation.  See documentation for Memory Management  (https://docs.pytorch.org/docs/stable/notes/cuda.html#optimizing-memory-usage-with-pytorch-cuda-alloc-conf)

tests/gpu/exl3_cases.py:98: OutOfMemoryError
___________________ test_gemm_vs_fp64[K4-kproj-96-fp16model] ___________________

ops = <module 'vllm_exl3_plugin.ops' from '/workspace/kit/plugin-exl3/vllm_exl3_plugin/ops.py'>
tid = 'K4-kproj', m = 96, out_fp32 = False

    @pytest.mark.parametrize("out_fp32", [True, False], ids=["bf16model", "fp16model"])
    @pytest.mark.parametrize("m", MR_ROWS + K4_SMALL_ROWS)
    @pytest.mark.parametrize("tid", MR_TIDS)
    def test_gemm_vs_fp64(ops, tid, m, out_fp32):
        import torch
    
        K, n = BITS[tid], C.TENSORS[tid][3]
        if m in K4_SMALL_ROWS and K != 4:
            pytest.skip("K3/K5 take exl3_gemm_mr from 17 rows only")
        w = weights(tid)
        x = C.make_x(torch, tid, m)
        args = (w["suh"], w["svh"], w["mcg"], w["mul1"], out_fp32)
        y = torch.ops._C_exl3.exl3_gemm_mr(x, w["b"], *args)
        assert y.shape == (m, n) and y.dtype == (torch.float if out_fp32 else torch.half)
>       ref = C.fp64_ref(torch, x, dequant_fn(w, True), n)
              ^^^^^^^^^^^^^^^^^^^^^^^^^^^^^^^^^^^^^^^^^^^^

tests/gpu/test_exl3_mr.py:126: 
_ _ _ _ _ _ _ _ _ _ _ _ _ _ _ _ _ _ _ _ _ _ _ _ _ _ _ _ _ _ _ _ _ _ _ _ _ _ _ _ 

torch = <module 'torch' from '/workspace/kit-work/venv-cu13/lib/python3.12/site-packages/torch/__init__.py'>
x = tensor([[-2.5820,  0.8804,  0.6655,  ...,  0.2389,  1.5547, -0.2764],
        [-0.0312,  1.1318, -1.3193,  ..., -0.247...3],
        [ 0.8789,  0.8047,  0.8496,  ..., -0.9360,  0.1304,  1.1104]],
       device='cuda:0', dtype=torch.float16)
dequant = <function dequant_fn.<locals>.<lambda> at 0x7fd4565d02c0>, n = 1024

    def fp64_ref(torch, x, dequant, n: int):
        """x (fp16 [m, k]) @ W in fp64, W from dequant(n_start, n_count) -> fp16 [k, c] slices."""
>       xd = x.double()
             ^^^^^^^^^^
E       torch.OutOfMemoryError: CUDA out of memory. Tried to allocate 20.00 MiB. GPU 0 has a total capacity of 7.66 GiB of which 599.75 MiB is free. Including non-PyTorch memory, this process has 6.45 GiB memory in use. 6.22 GiB allowed; Of the allocated memory 6.21 GiB is allocated by PyTorch, and 6.80 MiB is reserved by PyTorch but unallocated. If reserved but unallocated memory is large try setting PYTORCH_CUDA_ALLOC_CONF=expandable_segments:True to avoid fragmentation.  See documentation for Memory Management  (https://docs.pytorch.org/docs/stable/notes/cuda.html#optimizing-memory-usage-with-pytorch-cuda-alloc-conf)

tests/gpu/exl3_cases.py:98: OutOfMemoryError
__________________ test_gemm_vs_fp64[K4-kproj-144-bf16model] ___________________

ops = <module 'vllm_exl3_plugin.ops' from '/workspace/kit/plugin-exl3/vllm_exl3_plugin/ops.py'>
tid = 'K4-kproj', m = 144, out_fp32 = True

    @pytest.mark.parametrize("out_fp32", [True, False], ids=["bf16model", "fp16model"])
    @pytest.mark.parametrize("m", MR_ROWS + K4_SMALL_ROWS)
    @pytest.mark.parametrize("tid", MR_TIDS)
    def test_gemm_vs_fp64(ops, tid, m, out_fp32):
        import torch
    
        K, n = BITS[tid], C.TENSORS[tid][3]
        if m in K4_SMALL_ROWS and K != 4:
            pytest.skip("K3/K5 take exl3_gemm_mr from 17 rows only")
        w = weights(tid)
        x = C.make_x(torch, tid, m)
        args = (w["suh"], w["svh"], w["mcg"], w["mul1"], out_fp32)
        y = torch.ops._C_exl3.exl3_gemm_mr(x, w["b"], *args)
        assert y.shape == (m, n) and y.dtype == (torch.float if out_fp32 else torch.half)
>       ref = C.fp64_ref(torch, x, dequant_fn(w, True), n)
              ^^^^^^^^^^^^^^^^^^^^^^^^^^^^^^^^^^^^^^^^^^^^

tests/gpu/test_exl3_mr.py:126: 
_ _ _ _ _ _ _ _ _ _ _ _ _ _ _ _ _ _ _ _ _ _ _ _ _ _ _ _ _ _ _ _ _ _ _ _ _ _ _ _ 

torch = <module 'torch' from '/workspace/kit-work/venv-cu13/lib/python3.12/site-packages/torch/__init__.py'>
x = tensor([[-1.9805,  3.0176, -0.3218,  ...,  0.4934,  0.1368, -0.1771],
        [ 0.9009, -0.9185,  1.1855,  ...,  0.197...3],
        [-0.7036,  0.0941, -0.0450,  ..., -1.6934, -0.4976, -0.1755]],
       device='cuda:0', dtype=torch.float16)
dequant = <function dequant_fn.<locals>.<lambda> at 0x7fd4565d0540>, n = 1024

    def fp64_ref(torch, x, dequant, n: int):
        """x (fp16 [m, k]) @ W in fp64, W from dequant(n_start, n_count) -> fp16 [k, c] slices."""
>       xd = x.double()
             ^^^^^^^^^^
E       torch.OutOfMemoryError: CUDA out of memory. Tried to allocate 20.00 MiB. GPU 0 has a total capacity of 7.66 GiB of which 599.75 MiB is free. Including non-PyTorch memory, this process has 6.45 GiB memory in use. 6.22 GiB allowed; Of the allocated memory 6.21 GiB is allocated by PyTorch, and 4.83 MiB is reserved by PyTorch but unallocated. If reserved but unallocated memory is large try setting PYTORCH_CUDA_ALLOC_CONF=expandable_segments:True to avoid fragmentation.  See documentation for Memory Management  (https://docs.pytorch.org/docs/stable/notes/cuda.html#optimizing-memory-usage-with-pytorch-cuda-alloc-conf)

tests/gpu/exl3_cases.py:98: OutOfMemoryError
__________________ test_gemm_vs_fp64[K4-kproj-144-fp16model] ___________________

ops = <module 'vllm_exl3_plugin.ops' from '/workspace/kit/plugin-exl3/vllm_exl3_plugin/ops.py'>
tid = 'K4-kproj', m = 144, out_fp32 = False

    @pytest.mark.parametrize("out_fp32", [True, False], ids=["bf16model", "fp16model"])
    @pytest.mark.parametrize("m", MR_ROWS + K4_SMALL_ROWS)
    @pytest.mark.parametrize("tid", MR_TIDS)
    def test_gemm_vs_fp64(ops, tid, m, out_fp32):
        import torch
    
        K, n = BITS[tid], C.TENSORS[tid][3]
        if m in K4_SMALL_ROWS and K != 4:
            pytest.skip("K3/K5 take exl3_gemm_mr from 17 rows only")
        w = weights(tid)
        x = C.make_x(torch, tid, m)
        args = (w["suh"], w["svh"], w["mcg"], w["mul1"], out_fp32)
>       y = torch.ops._C_exl3.exl3_gemm_mr(x, w["b"], *args)
            ^^^^^^^^^^^^^^^^^^^^^^^^^^^^^^^^^^^^^^^^^^^^^^^^

tests/gpu/test_exl3_mr.py:124: 
_ _ _ _ _ _ _ _ _ _ _ _ _ _ _ _ _ _ _ _ _ _ _ _ _ _ _ _ _ _ _ _ _ _ _ _ _ _ _ _ 

self = <OpOverloadPacket(op='_C_exl3.exl3_gemm_mr')>
args = (tensor([[-1.9805,  3.0176, -0.3218,  ...,  0.4934,  0.1368, -0.1771],
        [ 0.9009, -0.9185,  1.1855,  ...,  0.19...00, -0.0500,  0.0500,  ...,  0.0500,  0.0500, -0.0500],
       device='cuda:0', dtype=torch.float16), False, True, ...)
kwargs = {}

    def __call__(self, /, *args: _P.args, **kwargs: _P.kwargs) -> _T:
        # overloading __call__ to ensure torch.ops.foo.bar()
        # is still callable from JIT
        # We save the function ptr as the `op` attribute on
        # OpOverloadPacket to access it here.
    
        # Directly calling OverloadPacket goes into C++, which will check
        # the schema and cause an error for torchbind op when inputs consist of FakeScriptObject so we
        # intercept it here and call TorchBindOpverload instead.
        if self._has_torchbind_op_overload and _must_dispatch_in_python(args, kwargs):
            # pyrefly: ignore [bad-argument-type]
            return _call_overload_packet_from_python(self, *args, **kwargs)
>       return self._op(*args, **kwargs)
               ^^^^^^^^^^^^^^^^^^^^^^^^^
E       torch.OutOfMemoryError: CUDA out of memory. Tried to allocate 20.00 MiB. GPU 0 has a total capacity of 7.66 GiB of which 599.75 MiB is free. Including non-PyTorch memory, this process has 6.45 GiB memory in use. 6.22 GiB allowed; Of the allocated memory 6.21 GiB is allocated by PyTorch, and 3.42 MiB is reserved by PyTorch but unallocated. If reserved but unallocated memory is large try setting PYTORCH_CUDA_ALLOC_CONF=expandable_segments:True to avoid fragmentation.  See documentation for Memory Management  (https://docs.pytorch.org/docs/stable/notes/cuda.html#optimizing-memory-usage-with-pytorch-cuda-alloc-conf)

../kit-work/venv-cu13/lib/python3.12/site-packages/torch/_ops.py:1279: OutOfMemoryError
__________________ test_gemm_vs_fp64[K4-kproj-192-bf16model] ___________________

ops = <module 'vllm_exl3_plugin.ops' from '/workspace/kit/plugin-exl3/vllm_exl3_plugin/ops.py'>
tid = 'K4-kproj', m = 192, out_fp32 = True

    @pytest.mark.parametrize("out_fp32", [True, False], ids=["bf16model", "fp16model"])
    @pytest.mark.parametrize("m", MR_ROWS + K4_SMALL_ROWS)
    @pytest.mark.parametrize("tid", MR_TIDS)
    def test_gemm_vs_fp64(ops, tid, m, out_fp32):
        import torch
    
        K, n = BITS[tid], C.TENSORS[tid][3]
        if m in K4_SMALL_ROWS and K != 4:
            pytest.skip("K3/K5 take exl3_gemm_mr from 17 rows only")
        w = weights(tid)
>       x = C.make_x(torch, tid, m)
            ^^^^^^^^^^^^^^^^^^^^^^^

tests/gpu/test_exl3_mr.py:122: 
_ _ _ _ _ _ _ _ _ _ _ _ _ _ _ _ _ _ _ _ _ _ _ _ _ _ _ _ _ _ _ _ _ _ _ _ _ _ _ _ 

torch = <module 'torch' from '/workspace/kit-work/venv-cu13/lib/python3.12/site-packages/torch/__init__.py'>
tid = 'K4-kproj', m = 192, device = 'cuda'

    def make_x(torch, tid: str, m: int, device="cuda"):
        k = TENSORS[tid][2]
        g = torch.Generator().manual_seed(seed(tid, m))
>       return (torch.randn(m, k, generator=g) * X_SCALE).half().to(device)
               ^^^^^^^^^^^^^^^^^^^^^^^^^^^^^^^^^^^^^^^^^^^^^^^^^^^^^^^^^^^^
E       torch.OutOfMemoryError: CUDA out of memory. Tried to allocate 20.00 MiB. GPU 0 has a total capacity of 7.66 GiB of which 599.75 MiB is free. Including non-PyTorch memory, this process has 6.45 GiB memory in use. 6.22 GiB allowed; Of the allocated memory 6.21 GiB is allocated by PyTorch, and 3.42 MiB is reserved by PyTorch but unallocated. If reserved but unallocated memory is large try setting PYTORCH_CUDA_ALLOC_CONF=expandable_segments:True to avoid fragmentation.  See documentation for Memory Management  (https://docs.pytorch.org/docs/stable/notes/cuda.html#optimizing-memory-usage-with-pytorch-cuda-alloc-conf)

tests/gpu/exl3_cases.py:66: OutOfMemoryError
__________________ test_gemm_vs_fp64[K4-kproj-192-fp16model] ___________________

ops = <module 'vllm_exl3_plugin.ops' from '/workspace/kit/plugin-exl3/vllm_exl3_plugin/ops.py'>
tid = 'K4-kproj', m = 192, out_fp32 = False

    @pytest.mark.parametrize("out_fp32", [True, False], ids=["bf16model", "fp16model"])
    @pytest.mark.parametrize("m", MR_ROWS + K4_SMALL_ROWS)
    @pytest.mark.parametrize("tid", MR_TIDS)
    def test_gemm_vs_fp64(ops, tid, m, out_fp32):
        import torch
    
        K, n = BITS[tid], C.TENSORS[tid][3]
        if m in K4_SMALL_ROWS and K != 4:
            pytest.skip("K3/K5 take exl3_gemm_mr from 17 rows only")
        w = weights(tid)
>       x = C.make_x(torch, tid, m)
            ^^^^^^^^^^^^^^^^^^^^^^^

tests/gpu/test_exl3_mr.py:122: 
_ _ _ _ _ _ _ _ _ _ _ _ _ _ _ _ _ _ _ _ _ _ _ _ _ _ _ _ _ _ _ _ _ _ _ _ _ _ _ _ 

torch = <module 'torch' from '/workspace/kit-work/venv-cu13/lib/python3.12/site-packages/torch/__init__.py'>
tid = 'K4-kproj', m = 192, device = 'cuda'

    def make_x(torch, tid: str, m: int, device="cuda"):
        k = TENSORS[tid][2]
        g = torch.Generator().manual_seed(seed(tid, m))
>       return (torch.randn(m, k, generator=g) * X_SCALE).half().to(device)
               ^^^^^^^^^^^^^^^^^^^^^^^^^^^^^^^^^^^^^^^^^^^^^^^^^^^^^^^^^^^^
E       torch.OutOfMemoryError: CUDA out of memory. Tried to allocate 20.00 MiB. GPU 0 has a total capacity of 7.66 GiB of which 599.75 MiB is free. Including non-PyTorch memory, this process has 6.45 GiB memory in use. 6.22 GiB allowed; Of the allocated memory 6.21 GiB is allocated by PyTorch, and 3.42 MiB is reserved by PyTorch but unallocated. If reserved but unallocated memory is large try setting PYTORCH_CUDA_ALLOC_CONF=expandable_segments:True to avoid fragmentation.  See documentation for Memory Management  (https://docs.pytorch.org/docs/stable/notes/cuda.html#optimizing-memory-usage-with-pytorch-cuda-alloc-conf)

tests/gpu/exl3_cases.py:66: OutOfMemoryError
__________________ test_gemm_vs_fp64[K4-kproj-384-bf16model] ___________________

ops = <module 'vllm_exl3_plugin.ops' from '/workspace/kit/plugin-exl3/vllm_exl3_plugin/ops.py'>
tid = 'K4-kproj', m = 384, out_fp32 = True

    @pytest.mark.parametrize("out_fp32", [True, False], ids=["bf16model", "fp16model"])
    @pytest.mark.parametrize("m", MR_ROWS + K4_SMALL_ROWS)
    @pytest.mark.parametrize("tid", MR_TIDS)
    def test_gemm_vs_fp64(ops, tid, m, out_fp32):
        import torch
    
        K, n = BITS[tid], C.TENSORS[tid][3]
        if m in K4_SMALL_ROWS and K != 4:
            pytest.skip("K3/K5 take exl3_gemm_mr from 17 rows only")
        w = weights(tid)
>       x = C.make_x(torch, tid, m)
            ^^^^^^^^^^^^^^^^^^^^^^^

tests/gpu/test_exl3_mr.py:122: 
_ _ _ _ _ _ _ _ _ _ _ _ _ _ _ _ _ _ _ _ _ _ _ _ _ _ _ _ _ _ _ _ _ _ _ _ _ _ _ _ 

torch = <module 'torch' from '/workspace/kit-work/venv-cu13/lib/python3.12/site-packages/torch/__init__.py'>
tid = 'K4-kproj', m = 384, device = 'cuda'

    def make_x(torch, tid: str, m: int, device="cuda"):
        k = TENSORS[tid][2]
        g = torch.Generator().manual_seed(seed(tid, m))
>       return (torch.randn(m, k, generator=g) * X_SCALE).half().to(device)
               ^^^^^^^^^^^^^^^^^^^^^^^^^^^^^^^^^^^^^^^^^^^^^^^^^^^^^^^^^^^^
E       torch.OutOfMemoryError: CUDA out of memory. Tried to allocate 20.00 MiB. GPU 0 has a total capacity of 7.66 GiB of which 599.75 MiB is free. Including non-PyTorch memory, this process has 6.45 GiB memory in use. 6.22 GiB allowed; Of the allocated memory 6.21 GiB is allocated by PyTorch, and 3.42 MiB is reserved by PyTorch but unallocated. If reserved but unallocated memory is large try setting PYTORCH_CUDA_ALLOC_CONF=expandable_segments:True to avoid fragmentation.  See documentation for Memory Management  (https://docs.pytorch.org/docs/stable/notes/cuda.html#optimizing-memory-usage-with-pytorch-cuda-alloc-conf)

tests/gpu/exl3_cases.py:66: OutOfMemoryError
__________________ test_gemm_vs_fp64[K4-kproj-384-fp16model] ___________________

ops = <module 'vllm_exl3_plugin.ops' from '/workspace/kit/plugin-exl3/vllm_exl3_plugin/ops.py'>
tid = 'K4-kproj', m = 384, out_fp32 = False

    @pytest.mark.parametrize("out_fp32", [True, False], ids=["bf16model", "fp16model"])
    @pytest.mark.parametrize("m", MR_ROWS + K4_SMALL_ROWS)
    @pytest.mark.parametrize("tid", MR_TIDS)
    def test_gemm_vs_fp64(ops, tid, m, out_fp32):
        import torch
    
        K, n = BITS[tid], C.TENSORS[tid][3]
        if m in K4_SMALL_ROWS and K != 4:
            pytest.skip("K3/K5 take exl3_gemm_mr from 17 rows only")
        w = weights(tid)
>       x = C.make_x(torch, tid, m)
            ^^^^^^^^^^^^^^^^^^^^^^^

tests/gpu/test_exl3_mr.py:122: 
_ _ _ _ _ _ _ _ _ _ _ _ _ _ _ _ _ _ _ _ _ _ _ _ _ _ _ _ _ _ _ _ _ _ _ _ _ _ _ _ 

torch = <module 'torch' from '/workspace/kit-work/venv-cu13/lib/python3.12/site-packages/torch/__init__.py'>
tid = 'K4-kproj', m = 384, device = 'cuda'

    def make_x(torch, tid: str, m: int, device="cuda"):
        k = TENSORS[tid][2]
        g = torch.Generator().manual_seed(seed(tid, m))
>       return (torch.randn(m, k, generator=g) * X_SCALE).half().to(device)
               ^^^^^^^^^^^^^^^^^^^^^^^^^^^^^^^^^^^^^^^^^^^^^^^^^^^^^^^^^^^^
E       torch.OutOfMemoryError: CUDA out of memory. Tried to allocate 20.00 MiB. GPU 0 has a total capacity of 7.66 GiB of which 599.75 MiB is free. Including non-PyTorch memory, this process has 6.45 GiB memory in use. 6.22 GiB allowed; Of the allocated memory 6.21 GiB is allocated by PyTorch, and 3.42 MiB is reserved by PyTorch but unallocated. If reserved but unallocated memory is large try setting PYTORCH_CUDA_ALLOC_CONF=expandable_segments:True to avoid fragmentation.  See documentation for Memory Management  (https://docs.pytorch.org/docs/stable/notes/cuda.html#optimizing-memory-usage-with-pytorch-cuda-alloc-conf)

tests/gpu/exl3_cases.py:66: OutOfMemoryError
___________________ test_gemm_vs_fp64[K4-kproj-1-bf16model] ____________________

ops = <module 'vllm_exl3_plugin.ops' from '/workspace/kit/plugin-exl3/vllm_exl3_plugin/ops.py'>
tid = 'K4-kproj', m = 1, out_fp32 = True

    @pytest.mark.parametrize("out_fp32", [True, False], ids=["bf16model", "fp16model"])
    @pytest.mark.parametrize("m", MR_ROWS + K4_SMALL_ROWS)
    @pytest.mark.parametrize("tid", MR_TIDS)
    def test_gemm_vs_fp64(ops, tid, m, out_fp32):
        import torch
    
        K, n = BITS[tid], C.TENSORS[tid][3]
        if m in K4_SMALL_ROWS and K != 4:
            pytest.skip("K3/K5 take exl3_gemm_mr from 17 rows only")
        w = weights(tid)
        x = C.make_x(torch, tid, m)
        args = (w["suh"], w["svh"], w["mcg"], w["mul1"], out_fp32)
        y = torch.ops._C_exl3.exl3_gemm_mr(x, w["b"], *args)
        assert y.shape == (m, n) and y.dtype == (torch.float if out_fp32 else torch.half)
>       ref = C.fp64_ref(torch, x, dequant_fn(w, True), n)
              ^^^^^^^^^^^^^^^^^^^^^^^^^^^^^^^^^^^^^^^^^^^^

tests/gpu/test_exl3_mr.py:126: 
_ _ _ _ _ _ _ _ _ _ _ _ _ _ _ _ _ _ _ _ _ _ _ _ _ _ _ _ _ _ _ _ _ _ _ _ _ _ _ _ 
tests/gpu/exl3_cases.py:99: in fp64_ref
    return torch.cat([xd @ dequant(s, c).double() for s, c in slices(n)], dim=1)
                           ^^^^^^^^^^^^^
tests/gpu/test_exl3_mr.py:78: in <lambda>
    return lambda s, c: torch.ops._C_exl3.exl3_dequant(w["trellis"], w["suh"], w["svh"], w["mcg"], w["mul1"],
_ _ _ _ _ _ _ _ _ _ _ _ _ _ _ _ _ _ _ _ _ _ _ _ _ _ _ _ _ _ _ _ _ _ _ _ _ _ _ _ 

self = <OpOverloadPacket(op='_C_exl3.exl3_dequant')>
args = (tensor([[[ -7443, -17787,  22502,  ...,  32327,  -9703,  10942],
         [ 29484, -17799,  -4894,  ..., -30849,   53... -0.0500,  0.0500,  ...,  0.0500,  0.0500, -0.0500],
       device='cuda:0', dtype=torch.float16), False, True, 0, ...)
kwargs = {}

    def __call__(self, /, *args: _P.args, **kwargs: _P.kwargs) -> _T:
        # overloading __call__ to ensure torch.ops.foo.bar()
        # is still callable from JIT
        # We save the function ptr as the `op` attribute on
        # OpOverloadPacket to access it here.
    
        # Directly calling OverloadPacket goes into C++, which will check
        # the schema and cause an error for torchbind op when inputs consist of FakeScriptObject so we
        # intercept it here and call TorchBindOpverload instead.
        if self._has_torchbind_op_overload and _must_dispatch_in_python(args, kwargs):
            # pyrefly: ignore [bad-argument-type]
            return _call_overload_packet_from_python(self, *args, **kwargs)
>       return self._op(*args, **kwargs)
               ^^^^^^^^^^^^^^^^^^^^^^^^^
E       torch.OutOfMemoryError: CUDA out of memory. Tried to allocate 10.00 MiB. GPU 0 has a total capacity of 7.66 GiB of which 599.75 MiB is free. Including non-PyTorch memory, this process has 6.45 GiB memory in use. 6.22 GiB allowed; Of the allocated memory 6.21 GiB is allocated by PyTorch, and 3.37 MiB is reserved by PyTorch but unallocated. If reserved but unallocated memory is large try setting PYTORCH_CUDA_ALLOC_CONF=expandable_segments:True to avoid fragmentation.  See documentation for Memory Management  (https://docs.pytorch.org/docs/stable/notes/cuda.html#optimizing-memory-usage-with-pytorch-cuda-alloc-conf)

../kit-work/venv-cu13/lib/python3.12/site-packages/torch/_ops.py:1279: OutOfMemoryError
___________________ test_gemm_vs_fp64[K4-kproj-1-fp16model] ____________________

ops = <module 'vllm_exl3_plugin.ops' from '/workspace/kit/plugin-exl3/vllm_exl3_plugin/ops.py'>
tid = 'K4-kproj', m = 1, out_fp32 = False

    @pytest.mark.parametrize("out_fp32", [True, False], ids=["bf16model", "fp16model"])
    @pytest.mark.parametrize("m", MR_ROWS + K4_SMALL_ROWS)
    @pytest.mark.parametrize("tid", MR_TIDS)
    def test_gemm_vs_fp64(ops, tid, m, out_fp32):
        import torch
    
        K, n = BITS[tid], C.TENSORS[tid][3]
        if m in K4_SMALL_ROWS and K != 4:
            pytest.skip("K3/K5 take exl3_gemm_mr from 17 rows only")
        w = weights(tid)
        x = C.make_x(torch, tid, m)
        args = (w["suh"], w["svh"], w["mcg"], w["mul1"], out_fp32)
        y = torch.ops._C_exl3.exl3_gemm_mr(x, w["b"], *args)
        assert y.shape == (m, n) and y.dtype == (torch.float if out_fp32 else torch.half)
>       ref = C.fp64_ref(torch, x, dequant_fn(w, True), n)
              ^^^^^^^^^^^^^^^^^^^^^^^^^^^^^^^^^^^^^^^^^^^^

tests/gpu/test_exl3_mr.py:126: 
_ _ _ _ _ _ _ _ _ _ _ _ _ _ _ _ _ _ _ _ _ _ _ _ _ _ _ _ _ _ _ _ _ _ _ _ _ _ _ _ 
tests/gpu/exl3_cases.py:99: in fp64_ref
    return torch.cat([xd @ dequant(s, c).double() for s, c in slices(n)], dim=1)
                           ^^^^^^^^^^^^^
tests/gpu/test_exl3_mr.py:78: in <lambda>
    return lambda s, c: torch.ops._C_exl3.exl3_dequant(w["trellis"], w["suh"], w["svh"], w["mcg"], w["mul1"],
_ _ _ _ _ _ _ _ _ _ _ _ _ _ _ _ _ _ _ _ _ _ _ _ _ _ _ _ _ _ _ _ _ _ _ _ _ _ _ _ 

self = <OpOverloadPacket(op='_C_exl3.exl3_dequant')>
args = (tensor([[[ -7443, -17787,  22502,  ...,  32327,  -9703,  10942],
         [ 29484, -17799,  -4894,  ..., -30849,   53... -0.0500,  0.0500,  ...,  0.0500,  0.0500, -0.0500],
       device='cuda:0', dtype=torch.float16), False, True, 0, ...)
kwargs = {}

    def __call__(self, /, *args: _P.args, **kwargs: _P.kwargs) -> _T:
        # overloading __call__ to ensure torch.ops.foo.bar()
        # is still callable from JIT
        # We save the function ptr as the `op` attribute on
        # OpOverloadPacket to access it here.
    
        # Directly calling OverloadPacket goes into C++, which will check
        # the schema and cause an error for torchbind op when inputs consist of FakeScriptObject so we
        # intercept it here and call TorchBindOpverload instead.
        if self._has_torchbind_op_overload and _must_dispatch_in_python(args, kwargs):
            # pyrefly: ignore [bad-argument-type]
            return _call_overload_packet_from_python(self, *args, **kwargs)
>       return self._op(*args, **kwargs)
               ^^^^^^^^^^^^^^^^^^^^^^^^^
E       torch.OutOfMemoryError: CUDA out of memory. Tried to allocate 10.00 MiB. GPU 0 has a total capacity of 7.66 GiB of which 599.75 MiB is free. Including non-PyTorch memory, this process has 6.45 GiB memory in use. 6.22 GiB allowed; Of the allocated memory 6.21 GiB is allocated by PyTorch, and 3.32 MiB is reserved by PyTorch but unallocated. If reserved but unallocated memory is large try setting PYTORCH_CUDA_ALLOC_CONF=expandable_segments:True to avoid fragmentation.  See documentation for Memory Management  (https://docs.pytorch.org/docs/stable/notes/cuda.html#optimizing-memory-usage-with-pytorch-cuda-alloc-conf)

../kit-work/venv-cu13/lib/python3.12/site-packages/torch/_ops.py:1279: OutOfMemoryError
___________________ test_gemm_vs_fp64[K4-kproj-8-bf16model] ____________________

ops = <module 'vllm_exl3_plugin.ops' from '/workspace/kit/plugin-exl3/vllm_exl3_plugin/ops.py'>
tid = 'K4-kproj', m = 8, out_fp32 = True

    @pytest.mark.parametrize("out_fp32", [True, False], ids=["bf16model", "fp16model"])
    @pytest.mark.parametrize("m", MR_ROWS + K4_SMALL_ROWS)
    @pytest.mark.parametrize("tid", MR_TIDS)
    def test_gemm_vs_fp64(ops, tid, m, out_fp32):
        import torch
    
        K, n = BITS[tid], C.TENSORS[tid][3]
        if m in K4_SMALL_ROWS and K != 4:
            pytest.skip("K3/K5 take exl3_gemm_mr from 17 rows only")
        w = weights(tid)
        x = C.make_x(torch, tid, m)
        args = (w["suh"], w["svh"], w["mcg"], w["mul1"], out_fp32)
        y = torch.ops._C_exl3.exl3_gemm_mr(x, w["b"], *args)
        assert y.shape == (m, n) and y.dtype == (torch.float if out_fp32 else torch.half)
>       ref = C.fp64_ref(torch, x, dequant_fn(w, True), n)
              ^^^^^^^^^^^^^^^^^^^^^^^^^^^^^^^^^^^^^^^^^^^^

tests/gpu/test_exl3_mr.py:126: 
_ _ _ _ _ _ _ _ _ _ _ _ _ _ _ _ _ _ _ _ _ _ _ _ _ _ _ _ _ _ _ _ _ _ _ _ _ _ _ _ 
tests/gpu/exl3_cases.py:99: in fp64_ref
    return torch.cat([xd @ dequant(s, c).double() for s, c in slices(n)], dim=1)
                           ^^^^^^^^^^^^^
tests/gpu/test_exl3_mr.py:78: in <lambda>
    return lambda s, c: torch.ops._C_exl3.exl3_dequant(w["trellis"], w["suh"], w["svh"], w["mcg"], w["mul1"],
_ _ _ _ _ _ _ _ _ _ _ _ _ _ _ _ _ _ _ _ _ _ _ _ _ _ _ _ _ _ _ _ _ _ _ _ _ _ _ _ 

self = <OpOverloadPacket(op='_C_exl3.exl3_dequant')>
args = (tensor([[[ -7443, -17787,  22502,  ...,  32327,  -9703,  10942],
         [ 29484, -17799,  -4894,  ..., -30849,   53... -0.0500,  0.0500,  ...,  0.0500,  0.0500, -0.0500],
       device='cuda:0', dtype=torch.float16), False, True, 0, ...)
kwargs = {}

    def __call__(self, /, *args: _P.args, **kwargs: _P.kwargs) -> _T:
        # overloading __call__ to ensure torch.ops.foo.bar()
        # is still callable from JIT
        # We save the function ptr as the `op` attribute on
        # OpOverloadPacket to access it here.
    
        # Directly calling OverloadPacket goes into C++, which will check
        # the schema and cause an error for torchbind op when inputs consist of FakeScriptObject so we
        # intercept it here and call TorchBindOpverload instead.
        if self._has_torchbind_op_overload and _must_dispatch_in_python(args, kwargs):
            # pyrefly: ignore [bad-argument-type]
            return _call_overload_packet_from_python(self, *args, **kwargs)
>       return self._op(*args, **kwargs)
               ^^^^^^^^^^^^^^^^^^^^^^^^^
E       torch.OutOfMemoryError: CUDA out of memory. Tried to allocate 10.00 MiB. GPU 0 has a total capacity of 7.66 GiB of which 599.75 MiB is free. Including non-PyTorch memory, this process has 6.45 GiB memory in use. 6.22 GiB allowed; Of the allocated memory 6.21 GiB is allocated by PyTorch, and 2.90 MiB is reserved by PyTorch but unallocated. If reserved but unallocated memory is large try setting PYTORCH_CUDA_ALLOC_CONF=expandable_segments:True to avoid fragmentation.  See documentation for Memory Management  (https://docs.pytorch.org/docs/stable/notes/cuda.html#optimizing-memory-usage-with-pytorch-cuda-alloc-conf)

../kit-work/venv-cu13/lib/python3.12/site-packages/torch/_ops.py:1279: OutOfMemoryError
___________________ test_gemm_vs_fp64[K4-kproj-8-fp16model] ____________________

ops = <module 'vllm_exl3_plugin.ops' from '/workspace/kit/plugin-exl3/vllm_exl3_plugin/ops.py'>
tid = 'K4-kproj', m = 8, out_fp32 = False

    @pytest.mark.parametrize("out_fp32", [True, False], ids=["bf16model", "fp16model"])
    @pytest.mark.parametrize("m", MR_ROWS + K4_SMALL_ROWS)
    @pytest.mark.parametrize("tid", MR_TIDS)
    def test_gemm_vs_fp64(ops, tid, m, out_fp32):
        import torch
    
        K, n = BITS[tid], C.TENSORS[tid][3]
        if m in K4_SMALL_ROWS and K != 4:
            pytest.skip("K3/K5 take exl3_gemm_mr from 17 rows only")
        w = weights(tid)
        x = C.make_x(torch, tid, m)
        args = (w["suh"], w["svh"], w["mcg"], w["mul1"], out_fp32)
        y = torch.ops._C_exl3.exl3_gemm_mr(x, w["b"], *args)
        assert y.shape == (m, n) and y.dtype == (torch.float if out_fp32 else torch.half)
>       ref = C.fp64_ref(torch, x, dequant_fn(w, True), n)
              ^^^^^^^^^^^^^^^^^^^^^^^^^^^^^^^^^^^^^^^^^^^^

tests/gpu/test_exl3_mr.py:126: 
_ _ _ _ _ _ _ _ _ _ _ _ _ _ _ _ _ _ _ _ _ _ _ _ _ _ _ _ _ _ _ _ _ _ _ _ _ _ _ _ 
tests/gpu/exl3_cases.py:99: in fp64_ref
    return torch.cat([xd @ dequant(s, c).double() for s, c in slices(n)], dim=1)
                           ^^^^^^^^^^^^^
tests/gpu/test_exl3_mr.py:78: in <lambda>
    return lambda s, c: torch.ops._C_exl3.exl3_dequant(w["trellis"], w["suh"], w["svh"], w["mcg"], w["mul1"],
_ _ _ _ _ _ _ _ _ _ _ _ _ _ _ _ _ _ _ _ _ _ _ _ _ _ _ _ _ _ _ _ _ _ _ _ _ _ _ _ 

self = <OpOverloadPacket(op='_C_exl3.exl3_dequant')>
args = (tensor([[[ -7443, -17787,  22502,  ...,  32327,  -9703,  10942],
         [ 29484, -17799,  -4894,  ..., -30849,   53... -0.0500,  0.0500,  ...,  0.0500,  0.0500, -0.0500],
       device='cuda:0', dtype=torch.float16), False, True, 0, ...)
kwargs = {}

    def __call__(self, /, *args: _P.args, **kwargs: _P.kwargs) -> _T:
        # overloading __call__ to ensure torch.ops.foo.bar()
        # is still callable from JIT
        # We save the function ptr as the `op` attribute on
        # OpOverloadPacket to access it here.
    
        # Directly calling OverloadPacket goes into C++, which will check
        # the schema and cause an error for torchbind op when inputs consist of FakeScriptObject so we
        # intercept it here and call TorchBindOpverload instead.
        if self._has_torchbind_op_overload and _must_dispatch_in_python(args, kwargs):
            # pyrefly: ignore [bad-argument-type]
            return _call_overload_packet_from_python(self, *args, **kwargs)
>       return self._op(*args, **kwargs)
               ^^^^^^^^^^^^^^^^^^^^^^^^^
E       torch.OutOfMemoryError: CUDA out of memory. Tried to allocate 10.00 MiB. GPU 0 has a total capacity of 7.66 GiB of which 599.75 MiB is free. Including non-PyTorch memory, this process has 6.45 GiB memory in use. 6.22 GiB allowed; Of the allocated memory 6.21 GiB is allocated by PyTorch, and 2.49 MiB is reserved by PyTorch but unallocated. If reserved but unallocated memory is large try setting PYTORCH_CUDA_ALLOC_CONF=expandable_segments:True to avoid fragmentation.  See documentation for Memory Management  (https://docs.pytorch.org/docs/stable/notes/cuda.html#optimizing-memory-usage-with-pytorch-cuda-alloc-conf)

../kit-work/venv-cu13/lib/python3.12/site-packages/torch/_ops.py:1279: OutOfMemoryError
___________________ test_gemm_vs_fp64[K4-kproj-16-bf16model] ___________________

ops = <module 'vllm_exl3_plugin.ops' from '/workspace/kit/plugin-exl3/vllm_exl3_plugin/ops.py'>
tid = 'K4-kproj', m = 16, out_fp32 = True

    @pytest.mark.parametrize("out_fp32", [True, False], ids=["bf16model", "fp16model"])
    @pytest.mark.parametrize("m", MR_ROWS + K4_SMALL_ROWS)
    @pytest.mark.parametrize("tid", MR_TIDS)
    def test_gemm_vs_fp64(ops, tid, m, out_fp32):
        import torch
    
        K, n = BITS[tid], C.TENSORS[tid][3]
        if m in K4_SMALL_ROWS and K != 4:
            pytest.skip("K3/K5 take exl3_gemm_mr from 17 rows only")
        w = weights(tid)
        x = C.make_x(torch, tid, m)
        args = (w["suh"], w["svh"], w["mcg"], w["mul1"], out_fp32)
        y = torch.ops._C_exl3.exl3_gemm_mr(x, w["b"], *args)
        assert y.shape == (m, n) and y.dtype == (torch.float if out_fp32 else torch.half)
>       ref = C.fp64_ref(torch, x, dequant_fn(w, True), n)
              ^^^^^^^^^^^^^^^^^^^^^^^^^^^^^^^^^^^^^^^^^^^^

tests/gpu/test_exl3_mr.py:126: 
_ _ _ _ _ _ _ _ _ _ _ _ _ _ _ _ _ _ _ _ _ _ _ _ _ _ _ _ _ _ _ _ _ _ _ _ _ _ _ _ 
tests/gpu/exl3_cases.py:99: in fp64_ref
    return torch.cat([xd @ dequant(s, c).double() for s, c in slices(n)], dim=1)
                           ^^^^^^^^^^^^^
tests/gpu/test_exl3_mr.py:78: in <lambda>
    return lambda s, c: torch.ops._C_exl3.exl3_dequant(w["trellis"], w["suh"], w["svh"], w["mcg"], w["mul1"],
_ _ _ _ _ _ _ _ _ _ _ _ _ _ _ _ _ _ _ _ _ _ _ _ _ _ _ _ _ _ _ _ _ _ _ _ _ _ _ _ 

self = <OpOverloadPacket(op='_C_exl3.exl3_dequant')>
args = (tensor([[[ -7443, -17787,  22502,  ...,  32327,  -9703,  10942],
         [ 29484, -17799,  -4894,  ..., -30849,   53... -0.0500,  0.0500,  ...,  0.0500,  0.0500, -0.0500],
       device='cuda:0', dtype=torch.float16), False, True, 0, ...)
kwargs = {}

    def __call__(self, /, *args: _P.args, **kwargs: _P.kwargs) -> _T:
        # overloading __call__ to ensure torch.ops.foo.bar()
        # is still callable from JIT
        # We save the function ptr as the `op` attribute on
        # OpOverloadPacket to access it here.
    
        # Directly calling OverloadPacket goes into C++, which will check
        # the schema and cause an error for torchbind op when inputs consist of FakeScriptObject so we
        # intercept it here and call TorchBindOpverload instead.
        if self._has_torchbind_op_overload and _must_dispatch_in_python(args, kwargs):
            # pyrefly: ignore [bad-argument-type]
            return _call_overload_packet_from_python(self, *args, **kwargs)
>       return self._op(*args, **kwargs)
               ^^^^^^^^^^^^^^^^^^^^^^^^^
E       torch.OutOfMemoryError: CUDA out of memory. Tried to allocate 10.00 MiB. GPU 0 has a total capacity of 7.66 GiB of which 597.75 MiB is free. Including non-PyTorch memory, this process has 6.46 GiB memory in use. 6.22 GiB allowed; Of the allocated memory 6.21 GiB is allocated by PyTorch, and 3.65 MiB is reserved by PyTorch but unallocated. If reserved but unallocated memory is large try setting PYTORCH_CUDA_ALLOC_CONF=expandable_segments:True to avoid fragmentation.  See documentation for Memory Management  (https://docs.pytorch.org/docs/stable/notes/cuda.html#optimizing-memory-usage-with-pytorch-cuda-alloc-conf)

../kit-work/venv-cu13/lib/python3.12/site-packages/torch/_ops.py:1279: OutOfMemoryError
___________________ test_gemm_vs_fp64[K4-kproj-16-fp16model] ___________________

ops = <module 'vllm_exl3_plugin.ops' from '/workspace/kit/plugin-exl3/vllm_exl3_plugin/ops.py'>
tid = 'K4-kproj', m = 16, out_fp32 = False

    @pytest.mark.parametrize("out_fp32", [True, False], ids=["bf16model", "fp16model"])
    @pytest.mark.parametrize("m", MR_ROWS + K4_SMALL_ROWS)
    @pytest.mark.parametrize("tid", MR_TIDS)
    def test_gemm_vs_fp64(ops, tid, m, out_fp32):
        import torch
    
        K, n = BITS[tid], C.TENSORS[tid][3]
        if m in K4_SMALL_ROWS and K != 4:
            pytest.skip("K3/K5 take exl3_gemm_mr from 17 rows only")
        w = weights(tid)
        x = C.make_x(torch, tid, m)
        args = (w["suh"], w["svh"], w["mcg"], w["mul1"], out_fp32)
        y = torch.ops._C_exl3.exl3_gemm_mr(x, w["b"], *args)
        assert y.shape == (m, n) and y.dtype == (torch.float if out_fp32 else torch.half)
>       ref = C.fp64_ref(torch, x, dequant_fn(w, True), n)
              ^^^^^^^^^^^^^^^^^^^^^^^^^^^^^^^^^^^^^^^^^^^^

tests/gpu/test_exl3_mr.py:126: 
_ _ _ _ _ _ _ _ _ _ _ _ _ _ _ _ _ _ _ _ _ _ _ _ _ _ _ _ _ _ _ _ _ _ _ _ _ _ _ _ 
tests/gpu/exl3_cases.py:99: in fp64_ref
    return torch.cat([xd @ dequant(s, c).double() for s, c in slices(n)], dim=1)
                           ^^^^^^^^^^^^^
tests/gpu/test_exl3_mr.py:78: in <lambda>
    return lambda s, c: torch.ops._C_exl3.exl3_dequant(w["trellis"], w["suh"], w["svh"], w["mcg"], w["mul1"],
_ _ _ _ _ _ _ _ _ _ _ _ _ _ _ _ _ _ _ _ _ _ _ _ _ _ _ _ _ _ _ _ _ _ _ _ _ _ _ _ 

self = <OpOverloadPacket(op='_C_exl3.exl3_dequant')>
args = (tensor([[[ -7443, -17787,  22502,  ...,  32327,  -9703,  10942],
         [ 29484, -17799,  -4894,  ..., -30849,   53... -0.0500,  0.0500,  ...,  0.0500,  0.0500, -0.0500],
       device='cuda:0', dtype=torch.float16), False, True, 0, ...)
kwargs = {}

    def __call__(self, /, *args: _P.args, **kwargs: _P.kwargs) -> _T:
        # overloading __call__ to ensure torch.ops.foo.bar()
        # is still callable from JIT
        # We save the function ptr as the `op` attribute on
        # OpOverloadPacket to access it here.
    
        # Directly calling OverloadPacket goes into C++, which will check
        # the schema and cause an error for torchbind op when inputs consist of FakeScriptObject so we
        # intercept it here and call TorchBindOpverload instead.
        if self._has_torchbind_op_overload and _must_dispatch_in_python(args, kwargs):
            # pyrefly: ignore [bad-argument-type]
            return _call_overload_packet_from_python(self, *args, **kwargs)
>       return self._op(*args, **kwargs)
               ^^^^^^^^^^^^^^^^^^^^^^^^^
E       torch.OutOfMemoryError: CUDA out of memory. Tried to allocate 10.00 MiB. GPU 0 has a total capacity of 7.66 GiB of which 597.75 MiB is free. Including non-PyTorch memory, this process has 6.46 GiB memory in use. 6.22 GiB allowed; Of the allocated memory 6.21 GiB is allocated by PyTorch, and 2.84 MiB is reserved by PyTorch but unallocated. If reserved but unallocated memory is large try setting PYTORCH_CUDA_ALLOC_CONF=expandable_segments:True to avoid fragmentation.  See documentation for Memory Management  (https://docs.pytorch.org/docs/stable/notes/cuda.html#optimizing-memory-usage-with-pytorch-cuda-alloc-conf)

../kit-work/venv-cu13/lib/python3.12/site-packages/torch/_ops.py:1279: OutOfMemoryError
__________________ test_gemm_vs_fp64[K4-mtp-up-17-bf16model] ___________________

ops = <module 'vllm_exl3_plugin.ops' from '/workspace/kit/plugin-exl3/vllm_exl3_plugin/ops.py'>
tid = 'K4-mtp-up', m = 17, out_fp32 = True

    @pytest.mark.parametrize("out_fp32", [True, False], ids=["bf16model", "fp16model"])
    @pytest.mark.parametrize("m", MR_ROWS + K4_SMALL_ROWS)
    @pytest.mark.parametrize("tid", MR_TIDS)
    def test_gemm_vs_fp64(ops, tid, m, out_fp32):
        import torch
    
        K, n = BITS[tid], C.TENSORS[tid][3]
        if m in K4_SMALL_ROWS and K != 4:
            pytest.skip("K3/K5 take exl3_gemm_mr from 17 rows only")
>       w = weights(tid)
            ^^^^^^^^^^^^

tests/gpu/test_exl3_mr.py:121: 
_ _ _ _ _ _ _ _ _ _ _ _ _ _ _ _ _ _ _ _ _ _ _ _ _ _ _ _ _ _ _ _ _ _ _ _ _ _ _ _ 
tests/gpu/test_exl3_mr.py:69: in weights
    w = C.load(torch, tid)
        ^^^^^^^^^^^^^^^^^^
_ _ _ _ _ _ _ _ _ _ _ _ _ _ _ _ _ _ _ _ _ _ _ _ _ _ _ _ _ _ _ _ _ _ _ _ _ _ _ _ 

torch = <module 'torch' from '/workspace/kit-work/venv-cu13/lib/python3.12/site-packages/torch/__init__.py'>
tid = 'K4-mtp-up', device = 'cuda'

    def load(torch, tid: str, device="cuda") -> dict:
        """trellis/suh/svh (+ mcg/mul1 flags) of one checkpoint tensor, from the model's index."""
        import json
    
        from safetensors import safe_open
    
        prefix = TENSORS[tid][0]
        wm = json.loads((MODEL / "model.safetensors.index.json").read_text())["weight_map"]
        out = {"mcg": f"{prefix}.mcg" in wm, "mul1": f"{prefix}.mul1" in wm}
        for t in ("trellis", "suh", "svh"):
            with safe_open(str(MODEL / wm[f"{prefix}.{t}"]), framework="pt") as f:
>               out[t] = f.get_tensor(f"{prefix}.{t}").to(device).contiguous()
                         ^^^^^^^^^^^^^^^^^^^^^^^^^^^^^^^^^^^^^^^^
E               torch.OutOfMemoryError: CUDA out of memory. Tried to allocate 44.00 MiB. GPU 0 has a total capacity of 7.66 GiB of which 597.75 MiB is free. Including non-PyTorch memory, this process has 6.46 GiB memory in use. 6.22 GiB allowed; Of the allocated memory 6.21 GiB is allocated by PyTorch, and 2.84 MiB is reserved by PyTorch but unallocated. If reserved but unallocated memory is large try setting PYTORCH_CUDA_ALLOC_CONF=expandable_segments:True to avoid fragmentation.  See documentation for Memory Management  (https://docs.pytorch.org/docs/stable/notes/cuda.html#optimizing-memory-usage-with-pytorch-cuda-alloc-conf)

tests/gpu/exl3_cases.py:84: OutOfMemoryError
__________________ test_gemm_vs_fp64[K4-mtp-up-17-fp16model] ___________________

ops = <module 'vllm_exl3_plugin.ops' from '/workspace/kit/plugin-exl3/vllm_exl3_plugin/ops.py'>
tid = 'K4-mtp-up', m = 17, out_fp32 = False

    @pytest.mark.parametrize("out_fp32", [True, False], ids=["bf16model", "fp16model"])
    @pytest.mark.parametrize("m", MR_ROWS + K4_SMALL_ROWS)
    @pytest.mark.parametrize("tid", MR_TIDS)
    def test_gemm_vs_fp64(ops, tid, m, out_fp32):
        import torch
    
        K, n = BITS[tid], C.TENSORS[tid][3]
        if m in K4_SMALL_ROWS and K != 4:
            pytest.skip("K3/K5 take exl3_gemm_mr from 17 rows only")
>       w = weights(tid)
            ^^^^^^^^^^^^

tests/gpu/test_exl3_mr.py:121: 
_ _ _ _ _ _ _ _ _ _ _ _ _ _ _ _ _ _ _ _ _ _ _ _ _ _ _ _ _ _ _ _ _ _ _ _ _ _ _ _ 
tests/gpu/test_exl3_mr.py:69: in weights
    w = C.load(torch, tid)
        ^^^^^^^^^^^^^^^^^^
_ _ _ _ _ _ _ _ _ _ _ _ _ _ _ _ _ _ _ _ _ _ _ _ _ _ _ _ _ _ _ _ _ _ _ _ _ _ _ _ 

torch = <module 'torch' from '/workspace/kit-work/venv-cu13/lib/python3.12/site-packages/torch/__init__.py'>
tid = 'K4-mtp-up', device = 'cuda'

    def load(torch, tid: str, device="cuda") -> dict:
        """trellis/suh/svh (+ mcg/mul1 flags) of one checkpoint tensor, from the model's index."""
        import json
    
        from safetensors import safe_open
    
        prefix = TENSORS[tid][0]
        wm = json.loads((MODEL / "model.safetensors.index.json").read_text())["weight_map"]
        out = {"mcg": f"{prefix}.mcg" in wm, "mul1": f"{prefix}.mul1" in wm}
        for t in ("trellis", "suh", "svh"):
            with safe_open(str(MODEL / wm[f"{prefix}.{t}"]), framework="pt") as f:
>               out[t] = f.get_tensor(f"{prefix}.{t}").to(device).contiguous()
                         ^^^^^^^^^^^^^^^^^^^^^^^^^^^^^^^^^^^^^^^^
E               torch.OutOfMemoryError: CUDA out of memory. Tried to allocate 44.00 MiB. GPU 0 has a total capacity of 7.66 GiB of which 597.75 MiB is free. Including non-PyTorch memory, this process has 6.46 GiB memory in use. 6.22 GiB allowed; Of the allocated memory 6.21 GiB is allocated by PyTorch, and 2.84 MiB is reserved by PyTorch but unallocated. If reserved but unallocated memory is large try setting PYTORCH_CUDA_ALLOC_CONF=expandable_segments:True to avoid fragmentation.  See documentation for Memory Management  (https://docs.pytorch.org/docs/stable/notes/cuda.html#optimizing-memory-usage-with-pytorch-cuda-alloc-conf)

tests/gpu/exl3_cases.py:84: OutOfMemoryError
__________________ test_gemm_vs_fp64[K4-mtp-up-24-bf16model] ___________________

ops = <module 'vllm_exl3_plugin.ops' from '/workspace/kit/plugin-exl3/vllm_exl3_plugin/ops.py'>
tid = 'K4-mtp-up', m = 24, out_fp32 = True

    @pytest.mark.parametrize("out_fp32", [True, False], ids=["bf16model", "fp16model"])
    @pytest.mark.parametrize("m", MR_ROWS + K4_SMALL_ROWS)
    @pytest.mark.parametrize("tid", MR_TIDS)
    def test_gemm_vs_fp64(ops, tid, m, out_fp32):
        import torch
    
        K, n = BITS[tid], C.TENSORS[tid][3]
        if m in K4_SMALL_ROWS and K != 4:
            pytest.skip("K3/K5 take exl3_gemm_mr from 17 rows only")
>       w = weights(tid)
            ^^^^^^^^^^^^

tests/gpu/test_exl3_mr.py:121: 
_ _ _ _ _ _ _ _ _ _ _ _ _ _ _ _ _ _ _ _ _ _ _ _ _ _ _ _ _ _ _ _ _ _ _ _ _ _ _ _ 
tests/gpu/test_exl3_mr.py:69: in weights
    w = C.load(torch, tid)
        ^^^^^^^^^^^^^^^^^^
_ _ _ _ _ _ _ _ _ _ _ _ _ _ _ _ _ _ _ _ _ _ _ _ _ _ _ _ _ _ _ _ _ _ _ _ _ _ _ _ 

torch = <module 'torch' from '/workspace/kit-work/venv-cu13/lib/python3.12/site-packages/torch/__init__.py'>
tid = 'K4-mtp-up', device = 'cuda'

    def load(torch, tid: str, device="cuda") -> dict:
        """trellis/suh/svh (+ mcg/mul1 flags) of one checkpoint tensor, from the model's index."""
        import json
    
        from safetensors import safe_open
    
        prefix = TENSORS[tid][0]
        wm = json.loads((MODEL / "model.safetensors.index.json").read_text())["weight_map"]
        out = {"mcg": f"{prefix}.mcg" in wm, "mul1": f"{prefix}.mul1" in wm}
        for t in ("trellis", "suh", "svh"):
            with safe_open(str(MODEL / wm[f"{prefix}.{t}"]), framework="pt") as f:
>               out[t] = f.get_tensor(f"{prefix}.{t}").to(device).contiguous()
                         ^^^^^^^^^^^^^^^^^^^^^^^^^^^^^^^^^^^^^^^^
E               torch.OutOfMemoryError: CUDA out of memory. Tried to allocate 44.00 MiB. GPU 0 has a total capacity of 7.66 GiB of which 597.75 MiB is free. Including non-PyTorch memory, this process has 6.46 GiB memory in use. 6.22 GiB allowed; Of the allocated memory 6.21 GiB is allocated by PyTorch, and 2.84 MiB is reserved by PyTorch but unallocated. If reserved but unallocated memory is large try setting PYTORCH_CUDA_ALLOC_CONF=expandable_segments:True to avoid fragmentation.  See documentation for Memory Management  (https://docs.pytorch.org/docs/stable/notes/cuda.html#optimizing-memory-usage-with-pytorch-cuda-alloc-conf)

tests/gpu/exl3_cases.py:84: OutOfMemoryError
__________________ test_gemm_vs_fp64[K4-mtp-up-24-fp16model] ___________________

ops = <module 'vllm_exl3_plugin.ops' from '/workspace/kit/plugin-exl3/vllm_exl3_plugin/ops.py'>
tid = 'K4-mtp-up', m = 24, out_fp32 = False

    @pytest.mark.parametrize("out_fp32", [True, False], ids=["bf16model", "fp16model"])
    @pytest.mark.parametrize("m", MR_ROWS + K4_SMALL_ROWS)
    @pytest.mark.parametrize("tid", MR_TIDS)
    def test_gemm_vs_fp64(ops, tid, m, out_fp32):
        import torch
    
        K, n = BITS[tid], C.TENSORS[tid][3]
        if m in K4_SMALL_ROWS and K != 4:
            pytest.skip("K3/K5 take exl3_gemm_mr from 17 rows only")
>       w = weights(tid)
            ^^^^^^^^^^^^

tests/gpu/test_exl3_mr.py:121: 
_ _ _ _ _ _ _ _ _ _ _ _ _ _ _ _ _ _ _ _ _ _ _ _ _ _ _ _ _ _ _ _ _ _ _ _ _ _ _ _ 
tests/gpu/test_exl3_mr.py:69: in weights
    w = C.load(torch, tid)
        ^^^^^^^^^^^^^^^^^^
_ _ _ _ _ _ _ _ _ _ _ _ _ _ _ _ _ _ _ _ _ _ _ _ _ _ _ _ _ _ _ _ _ _ _ _ _ _ _ _ 

torch = <module 'torch' from '/workspace/kit-work/venv-cu13/lib/python3.12/site-packages/torch/__init__.py'>
tid = 'K4-mtp-up', device = 'cuda'

    def load(torch, tid: str, device="cuda") -> dict:
        """trellis/suh/svh (+ mcg/mul1 flags) of one checkpoint tensor, from the model's index."""
        import json
    
        from safetensors import safe_open
    
        prefix = TENSORS[tid][0]
        wm = json.loads((MODEL / "model.safetensors.index.json").read_text())["weight_map"]
        out = {"mcg": f"{prefix}.mcg" in wm, "mul1": f"{prefix}.mul1" in wm}
        for t in ("trellis", "suh", "svh"):
            with safe_open(str(MODEL / wm[f"{prefix}.{t}"]), framework="pt") as f:
>               out[t] = f.get_tensor(f"{prefix}.{t}").to(device).contiguous()
                         ^^^^^^^^^^^^^^^^^^^^^^^^^^^^^^^^^^^^^^^^
E               torch.OutOfMemoryError: CUDA out of memory. Tried to allocate 44.00 MiB. GPU 0 has a total capacity of 7.66 GiB of which 597.75 MiB is free. Including non-PyTorch memory, this process has 6.46 GiB memory in use. 6.22 GiB allowed; Of the allocated memory 6.21 GiB is allocated by PyTorch, and 2.84 MiB is reserved by PyTorch but unallocated. If reserved but unallocated memory is large try setting PYTORCH_CUDA_ALLOC_CONF=expandable_segments:True to avoid fragmentation.  See documentation for Memory Management  (https://docs.pytorch.org/docs/stable/notes/cuda.html#optimizing-memory-usage-with-pytorch-cuda-alloc-conf)

tests/gpu/exl3_cases.py:84: OutOfMemoryError
__________________ test_gemm_vs_fp64[K4-mtp-up-32-bf16model] ___________________

ops = <module 'vllm_exl3_plugin.ops' from '/workspace/kit/plugin-exl3/vllm_exl3_plugin/ops.py'>
tid = 'K4-mtp-up', m = 32, out_fp32 = True

    @pytest.mark.parametrize("out_fp32", [True, False], ids=["bf16model", "fp16model"])
    @pytest.mark.parametrize("m", MR_ROWS + K4_SMALL_ROWS)
    @pytest.mark.parametrize("tid", MR_TIDS)
    def test_gemm_vs_fp64(ops, tid, m, out_fp32):
        import torch
    
        K, n = BITS[tid], C.TENSORS[tid][3]
        if m in K4_SMALL_ROWS and K != 4:
            pytest.skip("K3/K5 take exl3_gemm_mr from 17 rows only")
>       w = weights(tid)
            ^^^^^^^^^^^^

tests/gpu/test_exl3_mr.py:121: 
_ _ _ _ _ _ _ _ _ _ _ _ _ _ _ _ _ _ _ _ _ _ _ _ _ _ _ _ _ _ _ _ _ _ _ _ _ _ _ _ 
tests/gpu/test_exl3_mr.py:69: in weights
    w = C.load(torch, tid)
        ^^^^^^^^^^^^^^^^^^
_ _ _ _ _ _ _ _ _ _ _ _ _ _ _ _ _ _ _ _ _ _ _ _ _ _ _ _ _ _ _ _ _ _ _ _ _ _ _ _ 

torch = <module 'torch' from '/workspace/kit-work/venv-cu13/lib/python3.12/site-packages/torch/__init__.py'>
tid = 'K4-mtp-up', device = 'cuda'

    def load(torch, tid: str, device="cuda") -> dict:
        """trellis/suh/svh (+ mcg/mul1 flags) of one checkpoint tensor, from the model's index."""
        import json
    
        from safetensors import safe_open
    
        prefix = TENSORS[tid][0]
        wm = json.loads((MODEL / "model.safetensors.index.json").read_text())["weight_map"]
        out = {"mcg": f"{prefix}.mcg" in wm, "mul1": f"{prefix}.mul1" in wm}
        for t in ("trellis", "suh", "svh"):
            with safe_open(str(MODEL / wm[f"{prefix}.{t}"]), framework="pt") as f:
>               out[t] = f.get_tensor(f"{prefix}.{t}").to(device).contiguous()
                         ^^^^^^^^^^^^^^^^^^^^^^^^^^^^^^^^^^^^^^^^
E               torch.OutOfMemoryError: CUDA out of memory. Tried to allocate 44.00 MiB. GPU 0 has a total capacity of 7.66 GiB of which 597.75 MiB is free. Including non-PyTorch memory, this process has 6.46 GiB memory in use. 6.22 GiB allowed; Of the allocated memory 6.21 GiB is allocated by PyTorch, and 2.84 MiB is reserved by PyTorch but unallocated. If reserved but unallocated memory is large try setting PYTORCH_CUDA_ALLOC_CONF=expandable_segments:True to avoid fragmentation.  See documentation for Memory Management  (https://docs.pytorch.org/docs/stable/notes/cuda.html#optimizing-memory-usage-with-pytorch-cuda-alloc-conf)

tests/gpu/exl3_cases.py:84: OutOfMemoryError
__________________ test_gemm_vs_fp64[K4-mtp-up-32-fp16model] ___________________

ops = <module 'vllm_exl3_plugin.ops' from '/workspace/kit/plugin-exl3/vllm_exl3_plugin/ops.py'>
tid = 'K4-mtp-up', m = 32, out_fp32 = False

    @pytest.mark.parametrize("out_fp32", [True, False], ids=["bf16model", "fp16model"])
    @pytest.mark.parametrize("m", MR_ROWS + K4_SMALL_ROWS)
    @pytest.mark.parametrize("tid", MR_TIDS)
    def test_gemm_vs_fp64(ops, tid, m, out_fp32):
        import torch
    
        K, n = BITS[tid], C.TENSORS[tid][3]
        if m in K4_SMALL_ROWS and K != 4:
            pytest.skip("K3/K5 take exl3_gemm_mr from 17 rows only")
>       w = weights(tid)
            ^^^^^^^^^^^^

tests/gpu/test_exl3_mr.py:121: 
_ _ _ _ _ _ _ _ _ _ _ _ _ _ _ _ _ _ _ _ _ _ _ _ _ _ _ _ _ _ _ _ _ _ _ _ _ _ _ _ 
tests/gpu/test_exl3_mr.py:69: in weights
    w = C.load(torch, tid)
        ^^^^^^^^^^^^^^^^^^
_ _ _ _ _ _ _ _ _ _ _ _ _ _ _ _ _ _ _ _ _ _ _ _ _ _ _ _ _ _ _ _ _ _ _ _ _ _ _ _ 

torch = <module 'torch' from '/workspace/kit-work/venv-cu13/lib/python3.12/site-packages/torch/__init__.py'>
tid = 'K4-mtp-up', device = 'cuda'

    def load(torch, tid: str, device="cuda") -> dict:
        """trellis/suh/svh (+ mcg/mul1 flags) of one checkpoint tensor, from the model's index."""
        import json
    
        from safetensors import safe_open
    
        prefix = TENSORS[tid][0]
        wm = json.loads((MODEL / "model.safetensors.index.json").read_text())["weight_map"]
        out = {"mcg": f"{prefix}.mcg" in wm, "mul1": f"{prefix}.mul1" in wm}
        for t in ("trellis", "suh", "svh"):
            with safe_open(str(MODEL / wm[f"{prefix}.{t}"]), framework="pt") as f:
>               out[t] = f.get_tensor(f"{prefix}.{t}").to(device).contiguous()
                         ^^^^^^^^^^^^^^^^^^^^^^^^^^^^^^^^^^^^^^^^
E               torch.OutOfMemoryError: CUDA out of memory. Tried to allocate 44.00 MiB. GPU 0 has a total capacity of 7.66 GiB of which 597.75 MiB is free. Including non-PyTorch memory, this process has 6.46 GiB memory in use. 6.22 GiB allowed; Of the allocated memory 6.21 GiB is allocated by PyTorch, and 2.84 MiB is reserved by PyTorch but unallocated. If reserved but unallocated memory is large try setting PYTORCH_CUDA_ALLOC_CONF=expandable_segments:True to avoid fragmentation.  See documentation for Memory Management  (https://docs.pytorch.org/docs/stable/notes/cuda.html#optimizing-memory-usage-with-pytorch-cuda-alloc-conf)

tests/gpu/exl3_cases.py:84: OutOfMemoryError
__________________ test_gemm_vs_fp64[K4-mtp-up-48-bf16model] ___________________

ops = <module 'vllm_exl3_plugin.ops' from '/workspace/kit/plugin-exl3/vllm_exl3_plugin/ops.py'>
tid = 'K4-mtp-up', m = 48, out_fp32 = True

    @pytest.mark.parametrize("out_fp32", [True, False], ids=["bf16model", "fp16model"])
    @pytest.mark.parametrize("m", MR_ROWS + K4_SMALL_ROWS)
    @pytest.mark.parametrize("tid", MR_TIDS)
    def test_gemm_vs_fp64(ops, tid, m, out_fp32):
        import torch
    
        K, n = BITS[tid], C.TENSORS[tid][3]
        if m in K4_SMALL_ROWS and K != 4:
            pytest.skip("K3/K5 take exl3_gemm_mr from 17 rows only")
>       w = weights(tid)
            ^^^^^^^^^^^^

tests/gpu/test_exl3_mr.py:121: 
_ _ _ _ _ _ _ _ _ _ _ _ _ _ _ _ _ _ _ _ _ _ _ _ _ _ _ _ _ _ _ _ _ _ _ _ _ _ _ _ 
tests/gpu/test_exl3_mr.py:69: in weights
    w = C.load(torch, tid)
        ^^^^^^^^^^^^^^^^^^
_ _ _ _ _ _ _ _ _ _ _ _ _ _ _ _ _ _ _ _ _ _ _ _ _ _ _ _ _ _ _ _ _ _ _ _ _ _ _ _ 

torch = <module 'torch' from '/workspace/kit-work/venv-cu13/lib/python3.12/site-packages/torch/__init__.py'>
tid = 'K4-mtp-up', device = 'cuda'

    def load(torch, tid: str, device="cuda") -> dict:
        """trellis/suh/svh (+ mcg/mul1 flags) of one checkpoint tensor, from the model's index."""
        import json
    
        from safetensors import safe_open
    
        prefix = TENSORS[tid][0]
        wm = json.loads((MODEL / "model.safetensors.index.json").read_text())["weight_map"]
        out = {"mcg": f"{prefix}.mcg" in wm, "mul1": f"{prefix}.mul1" in wm}
        for t in ("trellis", "suh", "svh"):
            with safe_open(str(MODEL / wm[f"{prefix}.{t}"]), framework="pt") as f:
>               out[t] = f.get_tensor(f"{prefix}.{t}").to(device).contiguous()
                         ^^^^^^^^^^^^^^^^^^^^^^^^^^^^^^^^^^^^^^^^
E               torch.OutOfMemoryError: CUDA out of memory. Tried to allocate 44.00 MiB. GPU 0 has a total capacity of 7.66 GiB of which 597.75 MiB is free. Including non-PyTorch memory, this process has 6.46 GiB memory in use. 6.22 GiB allowed; Of the allocated memory 6.21 GiB is allocated by PyTorch, and 2.84 MiB is reserved by PyTorch but unallocated. If reserved but unallocated memory is large try setting PYTORCH_CUDA_ALLOC_CONF=expandable_segments:True to avoid fragmentation.  See documentation for Memory Management  (https://docs.pytorch.org/docs/stable/notes/cuda.html#optimizing-memory-usage-with-pytorch-cuda-alloc-conf)

tests/gpu/exl3_cases.py:84: OutOfMemoryError
__________________ test_gemm_vs_fp64[K4-mtp-up-48-fp16model] ___________________

ops = <module 'vllm_exl3_plugin.ops' from '/workspace/kit/plugin-exl3/vllm_exl3_plugin/ops.py'>
tid = 'K4-mtp-up', m = 48, out_fp32 = False

    @pytest.mark.parametrize("out_fp32", [True, False], ids=["bf16model", "fp16model"])
    @pytest.mark.parametrize("m", MR_ROWS + K4_SMALL_ROWS)
    @pytest.mark.parametrize("tid", MR_TIDS)
    def test_gemm_vs_fp64(ops, tid, m, out_fp32):
        import torch
    
        K, n = BITS[tid], C.TENSORS[tid][3]
        if m in K4_SMALL_ROWS and K != 4:
            pytest.skip("K3/K5 take exl3_gemm_mr from 17 rows only")
>       w = weights(tid)
            ^^^^^^^^^^^^

tests/gpu/test_exl3_mr.py:121: 
_ _ _ _ _ _ _ _ _ _ _ _ _ _ _ _ _ _ _ _ _ _ _ _ _ _ _ _ _ _ _ _ _ _ _ _ _ _ _ _ 
tests/gpu/test_exl3_mr.py:69: in weights
    w = C.load(torch, tid)
        ^^^^^^^^^^^^^^^^^^
_ _ _ _ _ _ _ _ _ _ _ _ _ _ _ _ _ _ _ _ _ _ _ _ _ _ _ _ _ _ _ _ _ _ _ _ _ _ _ _ 

torch = <module 'torch' from '/workspace/kit-work/venv-cu13/lib/python3.12/site-packages/torch/__init__.py'>
tid = 'K4-mtp-up', device = 'cuda'

    def load(torch, tid: str, device="cuda") -> dict:
        """trellis/suh/svh (+ mcg/mul1 flags) of one checkpoint tensor, from the model's index."""
        import json
    
        from safetensors import safe_open
    
        prefix = TENSORS[tid][0]
        wm = json.loads((MODEL / "model.safetensors.index.json").read_text())["weight_map"]
        out = {"mcg": f"{prefix}.mcg" in wm, "mul1": f"{prefix}.mul1" in wm}
        for t in ("trellis", "suh", "svh"):
            with safe_open(str(MODEL / wm[f"{prefix}.{t}"]), framework="pt") as f:
>               out[t] = f.get_tensor(f"{prefix}.{t}").to(device).contiguous()
                         ^^^^^^^^^^^^^^^^^^^^^^^^^^^^^^^^^^^^^^^^
E               torch.OutOfMemoryError: CUDA out of memory. Tried to allocate 44.00 MiB. GPU 0 has a total capacity of 7.66 GiB of which 597.75 MiB is free. Including non-PyTorch memory, this process has 6.46 GiB memory in use. 6.22 GiB allowed; Of the allocated memory 6.21 GiB is allocated by PyTorch, and 2.84 MiB is reserved by PyTorch but unallocated. If reserved but unallocated memory is large try setting PYTORCH_CUDA_ALLOC_CONF=expandable_segments:True to avoid fragmentation.  See documentation for Memory Management  (https://docs.pytorch.org/docs/stable/notes/cuda.html#optimizing-memory-usage-with-pytorch-cuda-alloc-conf)

tests/gpu/exl3_cases.py:84: OutOfMemoryError
__________________ test_gemm_vs_fp64[K4-mtp-up-64-bf16model] ___________________

ops = <module 'vllm_exl3_plugin.ops' from '/workspace/kit/plugin-exl3/vllm_exl3_plugin/ops.py'>
tid = 'K4-mtp-up', m = 64, out_fp32 = True

    @pytest.mark.parametrize("out_fp32", [True, False], ids=["bf16model", "fp16model"])
    @pytest.mark.parametrize("m", MR_ROWS + K4_SMALL_ROWS)
    @pytest.mark.parametrize("tid", MR_TIDS)
    def test_gemm_vs_fp64(ops, tid, m, out_fp32):
        import torch
    
        K, n = BITS[tid], C.TENSORS[tid][3]
        if m in K4_SMALL_ROWS and K != 4:
            pytest.skip("K3/K5 take exl3_gemm_mr from 17 rows only")
>       w = weights(tid)
            ^^^^^^^^^^^^

tests/gpu/test_exl3_mr.py:121: 
_ _ _ _ _ _ _ _ _ _ _ _ _ _ _ _ _ _ _ _ _ _ _ _ _ _ _ _ _ _ _ _ _ _ _ _ _ _ _ _ 
tests/gpu/test_exl3_mr.py:69: in weights
    w = C.load(torch, tid)
        ^^^^^^^^^^^^^^^^^^
_ _ _ _ _ _ _ _ _ _ _ _ _ _ _ _ _ _ _ _ _ _ _ _ _ _ _ _ _ _ _ _ _ _ _ _ _ _ _ _ 

torch = <module 'torch' from '/workspace/kit-work/venv-cu13/lib/python3.12/site-packages/torch/__init__.py'>
tid = 'K4-mtp-up', device = 'cuda'

    def load(torch, tid: str, device="cuda") -> dict:
        """trellis/suh/svh (+ mcg/mul1 flags) of one checkpoint tensor, from the model's index."""
        import json
    
        from safetensors import safe_open
    
        prefix = TENSORS[tid][0]
        wm = json.loads((MODEL / "model.safetensors.index.json").read_text())["weight_map"]
        out = {"mcg": f"{prefix}.mcg" in wm, "mul1": f"{prefix}.mul1" in wm}
        for t in ("trellis", "suh", "svh"):
            with safe_open(str(MODEL / wm[f"{prefix}.{t}"]), framework="pt") as f:
>               out[t] = f.get_tensor(f"{prefix}.{t}").to(device).contiguous()
                         ^^^^^^^^^^^^^^^^^^^^^^^^^^^^^^^^^^^^^^^^
E               torch.OutOfMemoryError: CUDA out of memory. Tried to allocate 44.00 MiB. GPU 0 has a total capacity of 7.66 GiB of which 597.75 MiB is free. Including non-PyTorch memory, this process has 6.46 GiB memory in use. 6.22 GiB allowed; Of the allocated memory 6.21 GiB is allocated by PyTorch, and 2.84 MiB is reserved by PyTorch but unallocated. If reserved but unallocated memory is large try setting PYTORCH_CUDA_ALLOC_CONF=expandable_segments:True to avoid fragmentation.  See documentation for Memory Management  (https://docs.pytorch.org/docs/stable/notes/cuda.html#optimizing-memory-usage-with-pytorch-cuda-alloc-conf)

tests/gpu/exl3_cases.py:84: OutOfMemoryError
__________________ test_gemm_vs_fp64[K4-mtp-up-64-fp16model] ___________________

ops = <module 'vllm_exl3_plugin.ops' from '/workspace/kit/plugin-exl3/vllm_exl3_plugin/ops.py'>
tid = 'K4-mtp-up', m = 64, out_fp32 = False

    @pytest.mark.parametrize("out_fp32", [True, False], ids=["bf16model", "fp16model"])
    @pytest.mark.parametrize("m", MR_ROWS + K4_SMALL_ROWS)
    @pytest.mark.parametrize("tid", MR_TIDS)
    def test_gemm_vs_fp64(ops, tid, m, out_fp32):
        import torch
    
        K, n = BITS[tid], C.TENSORS[tid][3]
        if m in K4_SMALL_ROWS and K != 4:
            pytest.skip("K3/K5 take exl3_gemm_mr from 17 rows only")
>       w = weights(tid)
            ^^^^^^^^^^^^

tests/gpu/test_exl3_mr.py:121: 
_ _ _ _ _ _ _ _ _ _ _ _ _ _ _ _ _ _ _ _ _ _ _ _ _ _ _ _ _ _ _ _ _ _ _ _ _ _ _ _ 
tests/gpu/test_exl3_mr.py:69: in weights
    w = C.load(torch, tid)
        ^^^^^^^^^^^^^^^^^^
_ _ _ _ _ _ _ _ _ _ _ _ _ _ _ _ _ _ _ _ _ _ _ _ _ _ _ _ _ _ _ _ _ _ _ _ _ _ _ _ 

torch = <module 'torch' from '/workspace/kit-work/venv-cu13/lib/python3.12/site-packages/torch/__init__.py'>
tid = 'K4-mtp-up', device = 'cuda'

    def load(torch, tid: str, device="cuda") -> dict:
        """trellis/suh/svh (+ mcg/mul1 flags) of one checkpoint tensor, from the model's index."""
        import json
    
        from safetensors import safe_open
    
        prefix = TENSORS[tid][0]
        wm = json.loads((MODEL / "model.safetensors.index.json").read_text())["weight_map"]
        out = {"mcg": f"{prefix}.mcg" in wm, "mul1": f"{prefix}.mul1" in wm}
        for t in ("trellis", "suh", "svh"):
            with safe_open(str(MODEL / wm[f"{prefix}.{t}"]), framework="pt") as f:
>               out[t] = f.get_tensor(f"{prefix}.{t}").to(device).contiguous()
                         ^^^^^^^^^^^^^^^^^^^^^^^^^^^^^^^^^^^^^^^^
E               torch.OutOfMemoryError: CUDA out of memory. Tried to allocate 44.00 MiB. GPU 0 has a total capacity of 7.66 GiB of which 597.75 MiB is free. Including non-PyTorch memory, this process has 6.46 GiB memory in use. 6.22 GiB allowed; Of the allocated memory 6.21 GiB is allocated by PyTorch, and 2.84 MiB is reserved by PyTorch but unallocated. If reserved but unallocated memory is large try setting PYTORCH_CUDA_ALLOC_CONF=expandable_segments:True to avoid fragmentation.  See documentation for Memory Management  (https://docs.pytorch.org/docs/stable/notes/cuda.html#optimizing-memory-usage-with-pytorch-cuda-alloc-conf)

tests/gpu/exl3_cases.py:84: OutOfMemoryError
__________________ test_gemm_vs_fp64[K4-mtp-up-96-bf16model] ___________________

ops = <module 'vllm_exl3_plugin.ops' from '/workspace/kit/plugin-exl3/vllm_exl3_plugin/ops.py'>
tid = 'K4-mtp-up', m = 96, out_fp32 = True

    @pytest.mark.parametrize("out_fp32", [True, False], ids=["bf16model", "fp16model"])
    @pytest.mark.parametrize("m", MR_ROWS + K4_SMALL_ROWS)
    @pytest.mark.parametrize("tid", MR_TIDS)
    def test_gemm_vs_fp64(ops, tid, m, out_fp32):
        import torch
    
        K, n = BITS[tid], C.TENSORS[tid][3]
        if m in K4_SMALL_ROWS and K != 4:
            pytest.skip("K3/K5 take exl3_gemm_mr from 17 rows only")
>       w = weights(tid)
            ^^^^^^^^^^^^

tests/gpu/test_exl3_mr.py:121: 
_ _ _ _ _ _ _ _ _ _ _ _ _ _ _ _ _ _ _ _ _ _ _ _ _ _ _ _ _ _ _ _ _ _ _ _ _ _ _ _ 
tests/gpu/test_exl3_mr.py:69: in weights
    w = C.load(torch, tid)
        ^^^^^^^^^^^^^^^^^^
_ _ _ _ _ _ _ _ _ _ _ _ _ _ _ _ _ _ _ _ _ _ _ _ _ _ _ _ _ _ _ _ _ _ _ _ _ _ _ _ 

torch = <module 'torch' from '/workspace/kit-work/venv-cu13/lib/python3.12/site-packages/torch/__init__.py'>
tid = 'K4-mtp-up', device = 'cuda'

    def load(torch, tid: str, device="cuda") -> dict:
        """trellis/suh/svh (+ mcg/mul1 flags) of one checkpoint tensor, from the model's index."""
        import json
    
        from safetensors import safe_open
    
        prefix = TENSORS[tid][0]
        wm = json.loads((MODEL / "model.safetensors.index.json").read_text())["weight_map"]
        out = {"mcg": f"{prefix}.mcg" in wm, "mul1": f"{prefix}.mul1" in wm}
        for t in ("trellis", "suh", "svh"):
            with safe_open(str(MODEL / wm[f"{prefix}.{t}"]), framework="pt") as f:
>               out[t] = f.get_tensor(f"{prefix}.{t}").to(device).contiguous()
                         ^^^^^^^^^^^^^^^^^^^^^^^^^^^^^^^^^^^^^^^^
E               torch.OutOfMemoryError: CUDA out of memory. Tried to allocate 44.00 MiB. GPU 0 has a total capacity of 7.66 GiB of which 597.75 MiB is free. Including non-PyTorch memory, this process has 6.46 GiB memory in use. 6.22 GiB allowed; Of the allocated memory 6.21 GiB is allocated by PyTorch, and 2.84 MiB is reserved by PyTorch but unallocated. If reserved but unallocated memory is large try setting PYTORCH_CUDA_ALLOC_CONF=expandable_segments:True to avoid fragmentation.  See documentation for Memory Management  (https://docs.pytorch.org/docs/stable/notes/cuda.html#optimizing-memory-usage-with-pytorch-cuda-alloc-conf)

tests/gpu/exl3_cases.py:84: OutOfMemoryError
__________________ test_gemm_vs_fp64[K4-mtp-up-96-fp16model] ___________________

ops = <module 'vllm_exl3_plugin.ops' from '/workspace/kit/plugin-exl3/vllm_exl3_plugin/ops.py'>
tid = 'K4-mtp-up', m = 96, out_fp32 = False

    @pytest.mark.parametrize("out_fp32", [True, False], ids=["bf16model", "fp16model"])
    @pytest.mark.parametrize("m", MR_ROWS + K4_SMALL_ROWS)
    @pytest.mark.parametrize("tid", MR_TIDS)
    def test_gemm_vs_fp64(ops, tid, m, out_fp32):
        import torch
    
        K, n = BITS[tid], C.TENSORS[tid][3]
        if m in K4_SMALL_ROWS and K != 4:
            pytest.skip("K3/K5 take exl3_gemm_mr from 17 rows only")
>       w = weights(tid)
            ^^^^^^^^^^^^

tests/gpu/test_exl3_mr.py:121: 
_ _ _ _ _ _ _ _ _ _ _ _ _ _ _ _ _ _ _ _ _ _ _ _ _ _ _ _ _ _ _ _ _ _ _ _ _ _ _ _ 
tests/gpu/test_exl3_mr.py:69: in weights
    w = C.load(torch, tid)
        ^^^^^^^^^^^^^^^^^^
_ _ _ _ _ _ _ _ _ _ _ _ _ _ _ _ _ _ _ _ _ _ _ _ _ _ _ _ _ _ _ _ _ _ _ _ _ _ _ _ 

torch = <module 'torch' from '/workspace/kit-work/venv-cu13/lib/python3.12/site-packages/torch/__init__.py'>
tid = 'K4-mtp-up', device = 'cuda'

    def load(torch, tid: str, device="cuda") -> dict:
        """trellis/suh/svh (+ mcg/mul1 flags) of one checkpoint tensor, from the model's index."""
        import json
    
        from safetensors import safe_open
    
        prefix = TENSORS[tid][0]
        wm = json.loads((MODEL / "model.safetensors.index.json").read_text())["weight_map"]
        out = {"mcg": f"{prefix}.mcg" in wm, "mul1": f"{prefix}.mul1" in wm}
        for t in ("trellis", "suh", "svh"):
            with safe_open(str(MODEL / wm[f"{prefix}.{t}"]), framework="pt") as f:
>               out[t] = f.get_tensor(f"{prefix}.{t}").to(device).contiguous()
                         ^^^^^^^^^^^^^^^^^^^^^^^^^^^^^^^^^^^^^^^^
E               torch.OutOfMemoryError: CUDA out of memory. Tried to allocate 44.00 MiB. GPU 0 has a total capacity of 7.66 GiB of which 597.75 MiB is free. Including non-PyTorch memory, this process has 6.46 GiB memory in use. 6.22 GiB allowed; Of the allocated memory 6.21 GiB is allocated by PyTorch, and 2.84 MiB is reserved by PyTorch but unallocated. If reserved but unallocated memory is large try setting PYTORCH_CUDA_ALLOC_CONF=expandable_segments:True to avoid fragmentation.  See documentation for Memory Management  (https://docs.pytorch.org/docs/stable/notes/cuda.html#optimizing-memory-usage-with-pytorch-cuda-alloc-conf)

tests/gpu/exl3_cases.py:84: OutOfMemoryError
__________________ test_gemm_vs_fp64[K4-mtp-up-144-bf16model] __________________

ops = <module 'vllm_exl3_plugin.ops' from '/workspace/kit/plugin-exl3/vllm_exl3_plugin/ops.py'>
tid = 'K4-mtp-up', m = 144, out_fp32 = True

    @pytest.mark.parametrize("out_fp32", [True, False], ids=["bf16model", "fp16model"])
    @pytest.mark.parametrize("m", MR_ROWS + K4_SMALL_ROWS)
    @pytest.mark.parametrize("tid", MR_TIDS)
    def test_gemm_vs_fp64(ops, tid, m, out_fp32):
        import torch
    
        K, n = BITS[tid], C.TENSORS[tid][3]
        if m in K4_SMALL_ROWS and K != 4:
            pytest.skip("K3/K5 take exl3_gemm_mr from 17 rows only")
>       w = weights(tid)
            ^^^^^^^^^^^^

tests/gpu/test_exl3_mr.py:121: 
_ _ _ _ _ _ _ _ _ _ _ _ _ _ _ _ _ _ _ _ _ _ _ _ _ _ _ _ _ _ _ _ _ _ _ _ _ _ _ _ 
tests/gpu/test_exl3_mr.py:69: in weights
    w = C.load(torch, tid)
        ^^^^^^^^^^^^^^^^^^
_ _ _ _ _ _ _ _ _ _ _ _ _ _ _ _ _ _ _ _ _ _ _ _ _ _ _ _ _ _ _ _ _ _ _ _ _ _ _ _ 

torch = <module 'torch' from '/workspace/kit-work/venv-cu13/lib/python3.12/site-packages/torch/__init__.py'>
tid = 'K4-mtp-up', device = 'cuda'

    def load(torch, tid: str, device="cuda") -> dict:
        """trellis/suh/svh (+ mcg/mul1 flags) of one checkpoint tensor, from the model's index."""
        import json
    
        from safetensors import safe_open
    
        prefix = TENSORS[tid][0]
        wm = json.loads((MODEL / "model.safetensors.index.json").read_text())["weight_map"]
        out = {"mcg": f"{prefix}.mcg" in wm, "mul1": f"{prefix}.mul1" in wm}
        for t in ("trellis", "suh", "svh"):
            with safe_open(str(MODEL / wm[f"{prefix}.{t}"]), framework="pt") as f:
>               out[t] = f.get_tensor(f"{prefix}.{t}").to(device).contiguous()
                         ^^^^^^^^^^^^^^^^^^^^^^^^^^^^^^^^^^^^^^^^
E               torch.OutOfMemoryError: CUDA out of memory. Tried to allocate 44.00 MiB. GPU 0 has a total capacity of 7.66 GiB of which 597.75 MiB is free. Including non-PyTorch memory, this process has 6.46 GiB memory in use. 6.22 GiB allowed; Of the allocated memory 6.21 GiB is allocated by PyTorch, and 2.84 MiB is reserved by PyTorch but unallocated. If reserved but unallocated memory is large try setting PYTORCH_CUDA_ALLOC_CONF=expandable_segments:True to avoid fragmentation.  See documentation for Memory Management  (https://docs.pytorch.org/docs/stable/notes/cuda.html#optimizing-memory-usage-with-pytorch-cuda-alloc-conf)

tests/gpu/exl3_cases.py:84: OutOfMemoryError
__________________ test_gemm_vs_fp64[K4-mtp-up-144-fp16model] __________________

ops = <module 'vllm_exl3_plugin.ops' from '/workspace/kit/plugin-exl3/vllm_exl3_plugin/ops.py'>
tid = 'K4-mtp-up', m = 144, out_fp32 = False

    @pytest.mark.parametrize("out_fp32", [True, False], ids=["bf16model", "fp16model"])
    @pytest.mark.parametrize("m", MR_ROWS + K4_SMALL_ROWS)
    @pytest.mark.parametrize("tid", MR_TIDS)
    def test_gemm_vs_fp64(ops, tid, m, out_fp32):
        import torch
    
        K, n = BITS[tid], C.TENSORS[tid][3]
        if m in K4_SMALL_ROWS and K != 4:
            pytest.skip("K3/K5 take exl3_gemm_mr from 17 rows only")
>       w = weights(tid)
            ^^^^^^^^^^^^

tests/gpu/test_exl3_mr.py:121: 
_ _ _ _ _ _ _ _ _ _ _ _ _ _ _ _ _ _ _ _ _ _ _ _ _ _ _ _ _ _ _ _ _ _ _ _ _ _ _ _ 
tests/gpu/test_exl3_mr.py:69: in weights
    w = C.load(torch, tid)
        ^^^^^^^^^^^^^^^^^^
_ _ _ _ _ _ _ _ _ _ _ _ _ _ _ _ _ _ _ _ _ _ _ _ _ _ _ _ _ _ _ _ _ _ _ _ _ _ _ _ 

torch = <module 'torch' from '/workspace/kit-work/venv-cu13/lib/python3.12/site-packages/torch/__init__.py'>
tid = 'K4-mtp-up', device = 'cuda'

    def load(torch, tid: str, device="cuda") -> dict:
        """trellis/suh/svh (+ mcg/mul1 flags) of one checkpoint tensor, from the model's index."""
        import json
    
        from safetensors import safe_open
    
        prefix = TENSORS[tid][0]
        wm = json.loads((MODEL / "model.safetensors.index.json").read_text())["weight_map"]
        out = {"mcg": f"{prefix}.mcg" in wm, "mul1": f"{prefix}.mul1" in wm}
        for t in ("trellis", "suh", "svh"):
            with safe_open(str(MODEL / wm[f"{prefix}.{t}"]), framework="pt") as f:
>               out[t] = f.get_tensor(f"{prefix}.{t}").to(device).contiguous()
                         ^^^^^^^^^^^^^^^^^^^^^^^^^^^^^^^^^^^^^^^^
E               torch.OutOfMemoryError: CUDA out of memory. Tried to allocate 44.00 MiB. GPU 0 has a total capacity of 7.66 GiB of which 597.75 MiB is free. Including non-PyTorch memory, this process has 6.46 GiB memory in use. 6.22 GiB allowed; Of the allocated memory 6.21 GiB is allocated by PyTorch, and 2.84 MiB is reserved by PyTorch but unallocated. If reserved but unallocated memory is large try setting PYTORCH_CUDA_ALLOC_CONF=expandable_segments:True to avoid fragmentation.  See documentation for Memory Management  (https://docs.pytorch.org/docs/stable/notes/cuda.html#optimizing-memory-usage-with-pytorch-cuda-alloc-conf)

tests/gpu/exl3_cases.py:84: OutOfMemoryError
__________________ test_gemm_vs_fp64[K4-mtp-up-192-bf16model] __________________

ops = <module 'vllm_exl3_plugin.ops' from '/workspace/kit/plugin-exl3/vllm_exl3_plugin/ops.py'>
tid = 'K4-mtp-up', m = 192, out_fp32 = True

    @pytest.mark.parametrize("out_fp32", [True, False], ids=["bf16model", "fp16model"])
    @pytest.mark.parametrize("m", MR_ROWS + K4_SMALL_ROWS)
    @pytest.mark.parametrize("tid", MR_TIDS)
    def test_gemm_vs_fp64(ops, tid, m, out_fp32):
        import torch
    
        K, n = BITS[tid], C.TENSORS[tid][3]
        if m in K4_SMALL_ROWS and K != 4:
            pytest.skip("K3/K5 take exl3_gemm_mr from 17 rows only")
>       w = weights(tid)
            ^^^^^^^^^^^^

tests/gpu/test_exl3_mr.py:121: 
_ _ _ _ _ _ _ _ _ _ _ _ _ _ _ _ _ _ _ _ _ _ _ _ _ _ _ _ _ _ _ _ _ _ _ _ _ _ _ _ 
tests/gpu/test_exl3_mr.py:69: in weights
    w = C.load(torch, tid)
        ^^^^^^^^^^^^^^^^^^
_ _ _ _ _ _ _ _ _ _ _ _ _ _ _ _ _ _ _ _ _ _ _ _ _ _ _ _ _ _ _ _ _ _ _ _ _ _ _ _ 

torch = <module 'torch' from '/workspace/kit-work/venv-cu13/lib/python3.12/site-packages/torch/__init__.py'>
tid = 'K4-mtp-up', device = 'cuda'

    def load(torch, tid: str, device="cuda") -> dict:
        """trellis/suh/svh (+ mcg/mul1 flags) of one checkpoint tensor, from the model's index."""
        import json
    
        from safetensors import safe_open
    
        prefix = TENSORS[tid][0]
        wm = json.loads((MODEL / "model.safetensors.index.json").read_text())["weight_map"]
        out = {"mcg": f"{prefix}.mcg" in wm, "mul1": f"{prefix}.mul1" in wm}
        for t in ("trellis", "suh", "svh"):
            with safe_open(str(MODEL / wm[f"{prefix}.{t}"]), framework="pt") as f:
>               out[t] = f.get_tensor(f"{prefix}.{t}").to(device).contiguous()
                         ^^^^^^^^^^^^^^^^^^^^^^^^^^^^^^^^^^^^^^^^
E               torch.OutOfMemoryError: CUDA out of memory. Tried to allocate 44.00 MiB. GPU 0 has a total capacity of 7.66 GiB of which 597.75 MiB is free. Including non-PyTorch memory, this process has 6.46 GiB memory in use. 6.22 GiB allowed; Of the allocated memory 6.21 GiB is allocated by PyTorch, and 2.84 MiB is reserved by PyTorch but unallocated. If reserved but unallocated memory is large try setting PYTORCH_CUDA_ALLOC_CONF=expandable_segments:True to avoid fragmentation.  See documentation for Memory Management  (https://docs.pytorch.org/docs/stable/notes/cuda.html#optimizing-memory-usage-with-pytorch-cuda-alloc-conf)

tests/gpu/exl3_cases.py:84: OutOfMemoryError
__________________ test_gemm_vs_fp64[K4-mtp-up-192-fp16model] __________________

ops = <module 'vllm_exl3_plugin.ops' from '/workspace/kit/plugin-exl3/vllm_exl3_plugin/ops.py'>
tid = 'K4-mtp-up', m = 192, out_fp32 = False

    @pytest.mark.parametrize("out_fp32", [True, False], ids=["bf16model", "fp16model"])
    @pytest.mark.parametrize("m", MR_ROWS + K4_SMALL_ROWS)
    @pytest.mark.parametrize("tid", MR_TIDS)
    def test_gemm_vs_fp64(ops, tid, m, out_fp32):
        import torch
    
        K, n = BITS[tid], C.TENSORS[tid][3]
        if m in K4_SMALL_ROWS and K != 4:
            pytest.skip("K3/K5 take exl3_gemm_mr from 17 rows only")
>       w = weights(tid)
            ^^^^^^^^^^^^

tests/gpu/test_exl3_mr.py:121: 
_ _ _ _ _ _ _ _ _ _ _ _ _ _ _ _ _ _ _ _ _ _ _ _ _ _ _ _ _ _ _ _ _ _ _ _ _ _ _ _ 
tests/gpu/test_exl3_mr.py:69: in weights
    w = C.load(torch, tid)
        ^^^^^^^^^^^^^^^^^^
_ _ _ _ _ _ _ _ _ _ _ _ _ _ _ _ _ _ _ _ _ _ _ _ _ _ _ _ _ _ _ _ _ _ _ _ _ _ _ _ 

torch = <module 'torch' from '/workspace/kit-work/venv-cu13/lib/python3.12/site-packages/torch/__init__.py'>
tid = 'K4-mtp-up', device = 'cuda'

    def load(torch, tid: str, device="cuda") -> dict:
        """trellis/suh/svh (+ mcg/mul1 flags) of one checkpoint tensor, from the model's index."""
        import json
    
        from safetensors import safe_open
    
        prefix = TENSORS[tid][0]
        wm = json.loads((MODEL / "model.safetensors.index.json").read_text())["weight_map"]
        out = {"mcg": f"{prefix}.mcg" in wm, "mul1": f"{prefix}.mul1" in wm}
        for t in ("trellis", "suh", "svh"):
            with safe_open(str(MODEL / wm[f"{prefix}.{t}"]), framework="pt") as f:
>               out[t] = f.get_tensor(f"{prefix}.{t}").to(device).contiguous()
                         ^^^^^^^^^^^^^^^^^^^^^^^^^^^^^^^^^^^^^^^^
E               torch.OutOfMemoryError: CUDA out of memory. Tried to allocate 44.00 MiB. GPU 0 has a total capacity of 7.66 GiB of which 597.75 MiB is free. Including non-PyTorch memory, this process has 6.46 GiB memory in use. 6.22 GiB allowed; Of the allocated memory 6.21 GiB is allocated by PyTorch, and 2.84 MiB is reserved by PyTorch but unallocated. If reserved but unallocated memory is large try setting PYTORCH_CUDA_ALLOC_CONF=expandable_segments:True to avoid fragmentation.  See documentation for Memory Management  (https://docs.pytorch.org/docs/stable/notes/cuda.html#optimizing-memory-usage-with-pytorch-cuda-alloc-conf)

tests/gpu/exl3_cases.py:84: OutOfMemoryError
__________________ test_gemm_vs_fp64[K4-mtp-up-384-bf16model] __________________

ops = <module 'vllm_exl3_plugin.ops' from '/workspace/kit/plugin-exl3/vllm_exl3_plugin/ops.py'>
tid = 'K4-mtp-up', m = 384, out_fp32 = True

    @pytest.mark.parametrize("out_fp32", [True, False], ids=["bf16model", "fp16model"])
    @pytest.mark.parametrize("m", MR_ROWS + K4_SMALL_ROWS)
    @pytest.mark.parametrize("tid", MR_TIDS)
    def test_gemm_vs_fp64(ops, tid, m, out_fp32):
        import torch
    
        K, n = BITS[tid], C.TENSORS[tid][3]
        if m in K4_SMALL_ROWS and K != 4:
            pytest.skip("K3/K5 take exl3_gemm_mr from 17 rows only")
>       w = weights(tid)
            ^^^^^^^^^^^^

tests/gpu/test_exl3_mr.py:121: 
_ _ _ _ _ _ _ _ _ _ _ _ _ _ _ _ _ _ _ _ _ _ _ _ _ _ _ _ _ _ _ _ _ _ _ _ _ _ _ _ 
tests/gpu/test_exl3_mr.py:69: in weights
    w = C.load(torch, tid)
        ^^^^^^^^^^^^^^^^^^
_ _ _ _ _ _ _ _ _ _ _ _ _ _ _ _ _ _ _ _ _ _ _ _ _ _ _ _ _ _ _ _ _ _ _ _ _ _ _ _ 

torch = <module 'torch' from '/workspace/kit-work/venv-cu13/lib/python3.12/site-packages/torch/__init__.py'>
tid = 'K4-mtp-up', device = 'cuda'

    def load(torch, tid: str, device="cuda") -> dict:
        """trellis/suh/svh (+ mcg/mul1 flags) of one checkpoint tensor, from the model's index."""
        import json
    
        from safetensors import safe_open
    
        prefix = TENSORS[tid][0]
        wm = json.loads((MODEL / "model.safetensors.index.json").read_text())["weight_map"]
        out = {"mcg": f"{prefix}.mcg" in wm, "mul1": f"{prefix}.mul1" in wm}
        for t in ("trellis", "suh", "svh"):
            with safe_open(str(MODEL / wm[f"{prefix}.{t}"]), framework="pt") as f:
>               out[t] = f.get_tensor(f"{prefix}.{t}").to(device).contiguous()
                         ^^^^^^^^^^^^^^^^^^^^^^^^^^^^^^^^^^^^^^^^
E               torch.OutOfMemoryError: CUDA out of memory. Tried to allocate 44.00 MiB. GPU 0 has a total capacity of 7.66 GiB of which 597.75 MiB is free. Including non-PyTorch memory, this process has 6.46 GiB memory in use. 6.22 GiB allowed; Of the allocated memory 6.21 GiB is allocated by PyTorch, and 2.84 MiB is reserved by PyTorch but unallocated. If reserved but unallocated memory is large try setting PYTORCH_CUDA_ALLOC_CONF=expandable_segments:True to avoid fragmentation.  See documentation for Memory Management  (https://docs.pytorch.org/docs/stable/notes/cuda.html#optimizing-memory-usage-with-pytorch-cuda-alloc-conf)

tests/gpu/exl3_cases.py:84: OutOfMemoryError
__________________ test_gemm_vs_fp64[K4-mtp-up-384-fp16model] __________________

ops = <module 'vllm_exl3_plugin.ops' from '/workspace/kit/plugin-exl3/vllm_exl3_plugin/ops.py'>
tid = 'K4-mtp-up', m = 384, out_fp32 = False

    @pytest.mark.parametrize("out_fp32", [True, False], ids=["bf16model", "fp16model"])
    @pytest.mark.parametrize("m", MR_ROWS + K4_SMALL_ROWS)
    @pytest.mark.parametrize("tid", MR_TIDS)
    def test_gemm_vs_fp64(ops, tid, m, out_fp32):
        import torch
    
        K, n = BITS[tid], C.TENSORS[tid][3]
        if m in K4_SMALL_ROWS and K != 4:
            pytest.skip("K3/K5 take exl3_gemm_mr from 17 rows only")
>       w = weights(tid)
            ^^^^^^^^^^^^

tests/gpu/test_exl3_mr.py:121: 
_ _ _ _ _ _ _ _ _ _ _ _ _ _ _ _ _ _ _ _ _ _ _ _ _ _ _ _ _ _ _ _ _ _ _ _ _ _ _ _ 
tests/gpu/test_exl3_mr.py:69: in weights
    w = C.load(torch, tid)
        ^^^^^^^^^^^^^^^^^^
_ _ _ _ _ _ _ _ _ _ _ _ _ _ _ _ _ _ _ _ _ _ _ _ _ _ _ _ _ _ _ _ _ _ _ _ _ _ _ _ 

torch = <module 'torch' from '/workspace/kit-work/venv-cu13/lib/python3.12/site-packages/torch/__init__.py'>
tid = 'K4-mtp-up', device = 'cuda'

    def load(torch, tid: str, device="cuda") -> dict:
        """trellis/suh/svh (+ mcg/mul1 flags) of one checkpoint tensor, from the model's index."""
        import json
    
        from safetensors import safe_open
    
        prefix = TENSORS[tid][0]
        wm = json.loads((MODEL / "model.safetensors.index.json").read_text())["weight_map"]
        out = {"mcg": f"{prefix}.mcg" in wm, "mul1": f"{prefix}.mul1" in wm}
        for t in ("trellis", "suh", "svh"):
            with safe_open(str(MODEL / wm[f"{prefix}.{t}"]), framework="pt") as f:
>               out[t] = f.get_tensor(f"{prefix}.{t}").to(device).contiguous()
                         ^^^^^^^^^^^^^^^^^^^^^^^^^^^^^^^^^^^^^^^^
E               torch.OutOfMemoryError: CUDA out of memory. Tried to allocate 44.00 MiB. GPU 0 has a total capacity of 7.66 GiB of which 597.75 MiB is free. Including non-PyTorch memory, this process has 6.46 GiB memory in use. 6.22 GiB allowed; Of the allocated memory 6.21 GiB is allocated by PyTorch, and 2.84 MiB is reserved by PyTorch but unallocated. If reserved but unallocated memory is large try setting PYTORCH_CUDA_ALLOC_CONF=expandable_segments:True to avoid fragmentation.  See documentation for Memory Management  (https://docs.pytorch.org/docs/stable/notes/cuda.html#optimizing-memory-usage-with-pytorch-cuda-alloc-conf)

tests/gpu/exl3_cases.py:84: OutOfMemoryError
___________________ test_gemm_vs_fp64[K4-mtp-up-1-bf16model] ___________________

ops = <module 'vllm_exl3_plugin.ops' from '/workspace/kit/plugin-exl3/vllm_exl3_plugin/ops.py'>
tid = 'K4-mtp-up', m = 1, out_fp32 = True

    @pytest.mark.parametrize("out_fp32", [True, False], ids=["bf16model", "fp16model"])
    @pytest.mark.parametrize("m", MR_ROWS + K4_SMALL_ROWS)
    @pytest.mark.parametrize("tid", MR_TIDS)
    def test_gemm_vs_fp64(ops, tid, m, out_fp32):
        import torch
    
        K, n = BITS[tid], C.TENSORS[tid][3]
        if m in K4_SMALL_ROWS and K != 4:
            pytest.skip("K3/K5 take exl3_gemm_mr from 17 rows only")
>       w = weights(tid)
            ^^^^^^^^^^^^

tests/gpu/test_exl3_mr.py:121: 
_ _ _ _ _ _ _ _ _ _ _ _ _ _ _ _ _ _ _ _ _ _ _ _ _ _ _ _ _ _ _ _ _ _ _ _ _ _ _ _ 
tests/gpu/test_exl3_mr.py:69: in weights
    w = C.load(torch, tid)
        ^^^^^^^^^^^^^^^^^^
_ _ _ _ _ _ _ _ _ _ _ _ _ _ _ _ _ _ _ _ _ _ _ _ _ _ _ _ _ _ _ _ _ _ _ _ _ _ _ _ 

torch = <module 'torch' from '/workspace/kit-work/venv-cu13/lib/python3.12/site-packages/torch/__init__.py'>
tid = 'K4-mtp-up', device = 'cuda'

    def load(torch, tid: str, device="cuda") -> dict:
        """trellis/suh/svh (+ mcg/mul1 flags) of one checkpoint tensor, from the model's index."""
        import json
    
        from safetensors import safe_open
    
        prefix = TENSORS[tid][0]
        wm = json.loads((MODEL / "model.safetensors.index.json").read_text())["weight_map"]
        out = {"mcg": f"{prefix}.mcg" in wm, "mul1": f"{prefix}.mul1" in wm}
        for t in ("trellis", "suh", "svh"):
            with safe_open(str(MODEL / wm[f"{prefix}.{t}"]), framework="pt") as f:
>               out[t] = f.get_tensor(f"{prefix}.{t}").to(device).contiguous()
                         ^^^^^^^^^^^^^^^^^^^^^^^^^^^^^^^^^^^^^^^^
E               torch.OutOfMemoryError: CUDA out of memory. Tried to allocate 44.00 MiB. GPU 0 has a total capacity of 7.66 GiB of which 597.75 MiB is free. Including non-PyTorch memory, this process has 6.46 GiB memory in use. 6.22 GiB allowed; Of the allocated memory 6.21 GiB is allocated by PyTorch, and 2.84 MiB is reserved by PyTorch but unallocated. If reserved but unallocated memory is large try setting PYTORCH_CUDA_ALLOC_CONF=expandable_segments:True to avoid fragmentation.  See documentation for Memory Management  (https://docs.pytorch.org/docs/stable/notes/cuda.html#optimizing-memory-usage-with-pytorch-cuda-alloc-conf)

tests/gpu/exl3_cases.py:84: OutOfMemoryError
___________________ test_gemm_vs_fp64[K4-mtp-up-1-fp16model] ___________________

ops = <module 'vllm_exl3_plugin.ops' from '/workspace/kit/plugin-exl3/vllm_exl3_plugin/ops.py'>
tid = 'K4-mtp-up', m = 1, out_fp32 = False

    @pytest.mark.parametrize("out_fp32", [True, False], ids=["bf16model", "fp16model"])
    @pytest.mark.parametrize("m", MR_ROWS + K4_SMALL_ROWS)
    @pytest.mark.parametrize("tid", MR_TIDS)
    def test_gemm_vs_fp64(ops, tid, m, out_fp32):
        import torch
    
        K, n = BITS[tid], C.TENSORS[tid][3]
        if m in K4_SMALL_ROWS and K != 4:
            pytest.skip("K3/K5 take exl3_gemm_mr from 17 rows only")
>       w = weights(tid)
            ^^^^^^^^^^^^

tests/gpu/test_exl3_mr.py:121: 
_ _ _ _ _ _ _ _ _ _ _ _ _ _ _ _ _ _ _ _ _ _ _ _ _ _ _ _ _ _ _ _ _ _ _ _ _ _ _ _ 
tests/gpu/test_exl3_mr.py:69: in weights
    w = C.load(torch, tid)
        ^^^^^^^^^^^^^^^^^^
_ _ _ _ _ _ _ _ _ _ _ _ _ _ _ _ _ _ _ _ _ _ _ _ _ _ _ _ _ _ _ _ _ _ _ _ _ _ _ _ 

torch = <module 'torch' from '/workspace/kit-work/venv-cu13/lib/python3.12/site-packages/torch/__init__.py'>
tid = 'K4-mtp-up', device = 'cuda'

    def load(torch, tid: str, device="cuda") -> dict:
        """trellis/suh/svh (+ mcg/mul1 flags) of one checkpoint tensor, from the model's index."""
        import json
    
        from safetensors import safe_open
    
        prefix = TENSORS[tid][0]
        wm = json.loads((MODEL / "model.safetensors.index.json").read_text())["weight_map"]
        out = {"mcg": f"{prefix}.mcg" in wm, "mul1": f"{prefix}.mul1" in wm}
        for t in ("trellis", "suh", "svh"):
            with safe_open(str(MODEL / wm[f"{prefix}.{t}"]), framework="pt") as f:
>               out[t] = f.get_tensor(f"{prefix}.{t}").to(device).contiguous()
                         ^^^^^^^^^^^^^^^^^^^^^^^^^^^^^^^^^^^^^^^^
E               torch.OutOfMemoryError: CUDA out of memory. Tried to allocate 44.00 MiB. GPU 0 has a total capacity of 7.66 GiB of which 597.75 MiB is free. Including non-PyTorch memory, this process has 6.46 GiB memory in use. 6.22 GiB allowed; Of the allocated memory 6.21 GiB is allocated by PyTorch, and 2.84 MiB is reserved by PyTorch but unallocated. If reserved but unallocated memory is large try setting PYTORCH_CUDA_ALLOC_CONF=expandable_segments:True to avoid fragmentation.  See documentation for Memory Management  (https://docs.pytorch.org/docs/stable/notes/cuda.html#optimizing-memory-usage-with-pytorch-cuda-alloc-conf)

tests/gpu/exl3_cases.py:84: OutOfMemoryError
___________________ test_gemm_vs_fp64[K4-mtp-up-8-bf16model] ___________________

ops = <module 'vllm_exl3_plugin.ops' from '/workspace/kit/plugin-exl3/vllm_exl3_plugin/ops.py'>
tid = 'K4-mtp-up', m = 8, out_fp32 = True

    @pytest.mark.parametrize("out_fp32", [True, False], ids=["bf16model", "fp16model"])
    @pytest.mark.parametrize("m", MR_ROWS + K4_SMALL_ROWS)
    @pytest.mark.parametrize("tid", MR_TIDS)
    def test_gemm_vs_fp64(ops, tid, m, out_fp32):
        import torch
    
        K, n = BITS[tid], C.TENSORS[tid][3]
        if m in K4_SMALL_ROWS and K != 4:
            pytest.skip("K3/K5 take exl3_gemm_mr from 17 rows only")
>       w = weights(tid)
            ^^^^^^^^^^^^

tests/gpu/test_exl3_mr.py:121: 
_ _ _ _ _ _ _ _ _ _ _ _ _ _ _ _ _ _ _ _ _ _ _ _ _ _ _ _ _ _ _ _ _ _ _ _ _ _ _ _ 
tests/gpu/test_exl3_mr.py:69: in weights
    w = C.load(torch, tid)
        ^^^^^^^^^^^^^^^^^^
_ _ _ _ _ _ _ _ _ _ _ _ _ _ _ _ _ _ _ _ _ _ _ _ _ _ _ _ _ _ _ _ _ _ _ _ _ _ _ _ 

torch = <module 'torch' from '/workspace/kit-work/venv-cu13/lib/python3.12/site-packages/torch/__init__.py'>
tid = 'K4-mtp-up', device = 'cuda'

    def load(torch, tid: str, device="cuda") -> dict:
        """trellis/suh/svh (+ mcg/mul1 flags) of one checkpoint tensor, from the model's index."""
        import json
    
        from safetensors import safe_open
    
        prefix = TENSORS[tid][0]
        wm = json.loads((MODEL / "model.safetensors.index.json").read_text())["weight_map"]
        out = {"mcg": f"{prefix}.mcg" in wm, "mul1": f"{prefix}.mul1" in wm}
        for t in ("trellis", "suh", "svh"):
            with safe_open(str(MODEL / wm[f"{prefix}.{t}"]), framework="pt") as f:
>               out[t] = f.get_tensor(f"{prefix}.{t}").to(device).contiguous()
                         ^^^^^^^^^^^^^^^^^^^^^^^^^^^^^^^^^^^^^^^^
E               torch.OutOfMemoryError: CUDA out of memory. Tried to allocate 44.00 MiB. GPU 0 has a total capacity of 7.66 GiB of which 597.75 MiB is free. Including non-PyTorch memory, this process has 6.46 GiB memory in use. 6.22 GiB allowed; Of the allocated memory 6.21 GiB is allocated by PyTorch, and 2.84 MiB is reserved by PyTorch but unallocated. If reserved but unallocated memory is large try setting PYTORCH_CUDA_ALLOC_CONF=expandable_segments:True to avoid fragmentation.  See documentation for Memory Management  (https://docs.pytorch.org/docs/stable/notes/cuda.html#optimizing-memory-usage-with-pytorch-cuda-alloc-conf)

tests/gpu/exl3_cases.py:84: OutOfMemoryError
___________________ test_gemm_vs_fp64[K4-mtp-up-8-fp16model] ___________________

ops = <module 'vllm_exl3_plugin.ops' from '/workspace/kit/plugin-exl3/vllm_exl3_plugin/ops.py'>
tid = 'K4-mtp-up', m = 8, out_fp32 = False

    @pytest.mark.parametrize("out_fp32", [True, False], ids=["bf16model", "fp16model"])
    @pytest.mark.parametrize("m", MR_ROWS + K4_SMALL_ROWS)
    @pytest.mark.parametrize("tid", MR_TIDS)
    def test_gemm_vs_fp64(ops, tid, m, out_fp32):
        import torch
    
        K, n = BITS[tid], C.TENSORS[tid][3]
        if m in K4_SMALL_ROWS and K != 4:
            pytest.skip("K3/K5 take exl3_gemm_mr from 17 rows only")
>       w = weights(tid)
            ^^^^^^^^^^^^

tests/gpu/test_exl3_mr.py:121: 
_ _ _ _ _ _ _ _ _ _ _ _ _ _ _ _ _ _ _ _ _ _ _ _ _ _ _ _ _ _ _ _ _ _ _ _ _ _ _ _ 
tests/gpu/test_exl3_mr.py:69: in weights
    w = C.load(torch, tid)
        ^^^^^^^^^^^^^^^^^^
_ _ _ _ _ _ _ _ _ _ _ _ _ _ _ _ _ _ _ _ _ _ _ _ _ _ _ _ _ _ _ _ _ _ _ _ _ _ _ _ 

torch = <module 'torch' from '/workspace/kit-work/venv-cu13/lib/python3.12/site-packages/torch/__init__.py'>
tid = 'K4-mtp-up', device = 'cuda'

    def load(torch, tid: str, device="cuda") -> dict:
        """trellis/suh/svh (+ mcg/mul1 flags) of one checkpoint tensor, from the model's index."""
        import json
    
        from safetensors import safe_open
    
        prefix = TENSORS[tid][0]
        wm = json.loads((MODEL / "model.safetensors.index.json").read_text())["weight_map"]
        out = {"mcg": f"{prefix}.mcg" in wm, "mul1": f"{prefix}.mul1" in wm}
        for t in ("trellis", "suh", "svh"):
            with safe_open(str(MODEL / wm[f"{prefix}.{t}"]), framework="pt") as f:
>               out[t] = f.get_tensor(f"{prefix}.{t}").to(device).contiguous()
                         ^^^^^^^^^^^^^^^^^^^^^^^^^^^^^^^^^^^^^^^^
E               torch.OutOfMemoryError: CUDA out of memory. Tried to allocate 44.00 MiB. GPU 0 has a total capacity of 7.66 GiB of which 597.75 MiB is free. Including non-PyTorch memory, this process has 6.46 GiB memory in use. 6.22 GiB allowed; Of the allocated memory 6.21 GiB is allocated by PyTorch, and 2.84 MiB is reserved by PyTorch but unallocated. If reserved but unallocated memory is large try setting PYTORCH_CUDA_ALLOC_CONF=expandable_segments:True to avoid fragmentation.  See documentation for Memory Management  (https://docs.pytorch.org/docs/stable/notes/cuda.html#optimizing-memory-usage-with-pytorch-cuda-alloc-conf)

tests/gpu/exl3_cases.py:84: OutOfMemoryError
__________________ test_gemm_vs_fp64[K4-mtp-up-16-bf16model] ___________________

ops = <module 'vllm_exl3_plugin.ops' from '/workspace/kit/plugin-exl3/vllm_exl3_plugin/ops.py'>
tid = 'K4-mtp-up', m = 16, out_fp32 = True

    @pytest.mark.parametrize("out_fp32", [True, False], ids=["bf16model", "fp16model"])
    @pytest.mark.parametrize("m", MR_ROWS + K4_SMALL_ROWS)
    @pytest.mark.parametrize("tid", MR_TIDS)
    def test_gemm_vs_fp64(ops, tid, m, out_fp32):
        import torch
    
        K, n = BITS[tid], C.TENSORS[tid][3]
        if m in K4_SMALL_ROWS and K != 4:
            pytest.skip("K3/K5 take exl3_gemm_mr from 17 rows only")
>       w = weights(tid)
            ^^^^^^^^^^^^

tests/gpu/test_exl3_mr.py:121: 
_ _ _ _ _ _ _ _ _ _ _ _ _ _ _ _ _ _ _ _ _ _ _ _ _ _ _ _ _ _ _ _ _ _ _ _ _ _ _ _ 
tests/gpu/test_exl3_mr.py:69: in weights
    w = C.load(torch, tid)
        ^^^^^^^^^^^^^^^^^^
_ _ _ _ _ _ _ _ _ _ _ _ _ _ _ _ _ _ _ _ _ _ _ _ _ _ _ _ _ _ _ _ _ _ _ _ _ _ _ _ 

torch = <module 'torch' from '/workspace/kit-work/venv-cu13/lib/python3.12/site-packages/torch/__init__.py'>
tid = 'K4-mtp-up', device = 'cuda'

    def load(torch, tid: str, device="cuda") -> dict:
        """trellis/suh/svh (+ mcg/mul1 flags) of one checkpoint tensor, from the model's index."""
        import json
    
        from safetensors import safe_open
    
        prefix = TENSORS[tid][0]
        wm = json.loads((MODEL / "model.safetensors.index.json").read_text())["weight_map"]
        out = {"mcg": f"{prefix}.mcg" in wm, "mul1": f"{prefix}.mul1" in wm}
        for t in ("trellis", "suh", "svh"):
            with safe_open(str(MODEL / wm[f"{prefix}.{t}"]), framework="pt") as f:
>               out[t] = f.get_tensor(f"{prefix}.{t}").to(device).contiguous()
                         ^^^^^^^^^^^^^^^^^^^^^^^^^^^^^^^^^^^^^^^^
E               torch.OutOfMemoryError: CUDA out of memory. Tried to allocate 44.00 MiB. GPU 0 has a total capacity of 7.66 GiB of which 597.75 MiB is free. Including non-PyTorch memory, this process has 6.46 GiB memory in use. 6.22 GiB allowed; Of the allocated memory 6.21 GiB is allocated by PyTorch, and 2.84 MiB is reserved by PyTorch but unallocated. If reserved but unallocated memory is large try setting PYTORCH_CUDA_ALLOC_CONF=expandable_segments:True to avoid fragmentation.  See documentation for Memory Management  (https://docs.pytorch.org/docs/stable/notes/cuda.html#optimizing-memory-usage-with-pytorch-cuda-alloc-conf)

tests/gpu/exl3_cases.py:84: OutOfMemoryError
__________________ test_gemm_vs_fp64[K4-mtp-up-16-fp16model] ___________________

ops = <module 'vllm_exl3_plugin.ops' from '/workspace/kit/plugin-exl3/vllm_exl3_plugin/ops.py'>
tid = 'K4-mtp-up', m = 16, out_fp32 = False

    @pytest.mark.parametrize("out_fp32", [True, False], ids=["bf16model", "fp16model"])
    @pytest.mark.parametrize("m", MR_ROWS + K4_SMALL_ROWS)
    @pytest.mark.parametrize("tid", MR_TIDS)
    def test_gemm_vs_fp64(ops, tid, m, out_fp32):
        import torch
    
        K, n = BITS[tid], C.TENSORS[tid][3]
        if m in K4_SMALL_ROWS and K != 4:
            pytest.skip("K3/K5 take exl3_gemm_mr from 17 rows only")
>       w = weights(tid)
            ^^^^^^^^^^^^

tests/gpu/test_exl3_mr.py:121: 
_ _ _ _ _ _ _ _ _ _ _ _ _ _ _ _ _ _ _ _ _ _ _ _ _ _ _ _ _ _ _ _ _ _ _ _ _ _ _ _ 
tests/gpu/test_exl3_mr.py:69: in weights
    w = C.load(torch, tid)
        ^^^^^^^^^^^^^^^^^^
_ _ _ _ _ _ _ _ _ _ _ _ _ _ _ _ _ _ _ _ _ _ _ _ _ _ _ _ _ _ _ _ _ _ _ _ _ _ _ _ 

torch = <module 'torch' from '/workspace/kit-work/venv-cu13/lib/python3.12/site-packages/torch/__init__.py'>
tid = 'K4-mtp-up', device = 'cuda'

    def load(torch, tid: str, device="cuda") -> dict:
        """trellis/suh/svh (+ mcg/mul1 flags) of one checkpoint tensor, from the model's index."""
        import json
    
        from safetensors import safe_open
    
        prefix = TENSORS[tid][0]
        wm = json.loads((MODEL / "model.safetensors.index.json").read_text())["weight_map"]
        out = {"mcg": f"{prefix}.mcg" in wm, "mul1": f"{prefix}.mul1" in wm}
        for t in ("trellis", "suh", "svh"):
            with safe_open(str(MODEL / wm[f"{prefix}.{t}"]), framework="pt") as f:
>               out[t] = f.get_tensor(f"{prefix}.{t}").to(device).contiguous()
                         ^^^^^^^^^^^^^^^^^^^^^^^^^^^^^^^^^^^^^^^^
E               torch.OutOfMemoryError: CUDA out of memory. Tried to allocate 44.00 MiB. GPU 0 has a total capacity of 7.66 GiB of which 597.75 MiB is free. Including non-PyTorch memory, this process has 6.46 GiB memory in use. 6.22 GiB allowed; Of the allocated memory 6.21 GiB is allocated by PyTorch, and 2.84 MiB is reserved by PyTorch but unallocated. If reserved but unallocated memory is large try setting PYTORCH_CUDA_ALLOC_CONF=expandable_segments:True to avoid fragmentation.  See documentation for Memory Management  (https://docs.pytorch.org/docs/stable/notes/cuda.html#optimizing-memory-usage-with-pytorch-cuda-alloc-conf)

tests/gpu/exl3_cases.py:84: OutOfMemoryError
___________________ test_gemm_vs_fp64[K4-oproj-17-bf16model] ___________________

ops = <module 'vllm_exl3_plugin.ops' from '/workspace/kit/plugin-exl3/vllm_exl3_plugin/ops.py'>
tid = 'K4-oproj', m = 17, out_fp32 = True

    @pytest.mark.parametrize("out_fp32", [True, False], ids=["bf16model", "fp16model"])
    @pytest.mark.parametrize("m", MR_ROWS + K4_SMALL_ROWS)
    @pytest.mark.parametrize("tid", MR_TIDS)
    def test_gemm_vs_fp64(ops, tid, m, out_fp32):
        import torch
    
        K, n = BITS[tid], C.TENSORS[tid][3]
        if m in K4_SMALL_ROWS and K != 4:
            pytest.skip("K3/K5 take exl3_gemm_mr from 17 rows only")
>       w = weights(tid)
            ^^^^^^^^^^^^

tests/gpu/test_exl3_mr.py:121: 
_ _ _ _ _ _ _ _ _ _ _ _ _ _ _ _ _ _ _ _ _ _ _ _ _ _ _ _ _ _ _ _ _ _ _ _ _ _ _ _ 
tests/gpu/test_exl3_mr.py:69: in weights
    w = C.load(torch, tid)
        ^^^^^^^^^^^^^^^^^^
_ _ _ _ _ _ _ _ _ _ _ _ _ _ _ _ _ _ _ _ _ _ _ _ _ _ _ _ _ _ _ _ _ _ _ _ _ _ _ _ 

torch = <module 'torch' from '/workspace/kit-work/venv-cu13/lib/python3.12/site-packages/torch/__init__.py'>
tid = 'K4-oproj', device = 'cuda'

    def load(torch, tid: str, device="cuda") -> dict:
        """trellis/suh/svh (+ mcg/mul1 flags) of one checkpoint tensor, from the model's index."""
        import json
    
        from safetensors import safe_open
    
        prefix = TENSORS[tid][0]
        wm = json.loads((MODEL / "model.safetensors.index.json").read_text())["weight_map"]
        out = {"mcg": f"{prefix}.mcg" in wm, "mul1": f"{prefix}.mul1" in wm}
        for t in ("trellis", "suh", "svh"):
            with safe_open(str(MODEL / wm[f"{prefix}.{t}"]), framework="pt") as f:
>               out[t] = f.get_tensor(f"{prefix}.{t}").to(device).contiguous()
                         ^^^^^^^^^^^^^^^^^^^^^^^^^^^^^^^^^^^^^^^^
E               torch.OutOfMemoryError: CUDA out of memory. Tried to allocate 16.00 MiB. GPU 0 has a total capacity of 7.66 GiB of which 597.75 MiB is free. Including non-PyTorch memory, this process has 6.46 GiB memory in use. 6.22 GiB allowed; Of the allocated memory 6.21 GiB is allocated by PyTorch, and 2.84 MiB is reserved by PyTorch but unallocated. If reserved but unallocated memory is large try setting PYTORCH_CUDA_ALLOC_CONF=expandable_segments:True to avoid fragmentation.  See documentation for Memory Management  (https://docs.pytorch.org/docs/stable/notes/cuda.html#optimizing-memory-usage-with-pytorch-cuda-alloc-conf)

tests/gpu/exl3_cases.py:84: OutOfMemoryError
___________________ test_gemm_vs_fp64[K4-oproj-17-fp16model] ___________________

ops = <module 'vllm_exl3_plugin.ops' from '/workspace/kit/plugin-exl3/vllm_exl3_plugin/ops.py'>
tid = 'K4-oproj', m = 17, out_fp32 = False

    @pytest.mark.parametrize("out_fp32", [True, False], ids=["bf16model", "fp16model"])
    @pytest.mark.parametrize("m", MR_ROWS + K4_SMALL_ROWS)
    @pytest.mark.parametrize("tid", MR_TIDS)
    def test_gemm_vs_fp64(ops, tid, m, out_fp32):
        import torch
    
        K, n = BITS[tid], C.TENSORS[tid][3]
        if m in K4_SMALL_ROWS and K != 4:
            pytest.skip("K3/K5 take exl3_gemm_mr from 17 rows only")
>       w = weights(tid)
            ^^^^^^^^^^^^

tests/gpu/test_exl3_mr.py:121: 
_ _ _ _ _ _ _ _ _ _ _ _ _ _ _ _ _ _ _ _ _ _ _ _ _ _ _ _ _ _ _ _ _ _ _ _ _ _ _ _ 
tests/gpu/test_exl3_mr.py:69: in weights
    w = C.load(torch, tid)
        ^^^^^^^^^^^^^^^^^^
_ _ _ _ _ _ _ _ _ _ _ _ _ _ _ _ _ _ _ _ _ _ _ _ _ _ _ _ _ _ _ _ _ _ _ _ _ _ _ _ 

torch = <module 'torch' from '/workspace/kit-work/venv-cu13/lib/python3.12/site-packages/torch/__init__.py'>
tid = 'K4-oproj', device = 'cuda'

    def load(torch, tid: str, device="cuda") -> dict:
        """trellis/suh/svh (+ mcg/mul1 flags) of one checkpoint tensor, from the model's index."""
        import json
    
        from safetensors import safe_open
    
        prefix = TENSORS[tid][0]
        wm = json.loads((MODEL / "model.safetensors.index.json").read_text())["weight_map"]
        out = {"mcg": f"{prefix}.mcg" in wm, "mul1": f"{prefix}.mul1" in wm}
        for t in ("trellis", "suh", "svh"):
            with safe_open(str(MODEL / wm[f"{prefix}.{t}"]), framework="pt") as f:
>               out[t] = f.get_tensor(f"{prefix}.{t}").to(device).contiguous()
                         ^^^^^^^^^^^^^^^^^^^^^^^^^^^^^^^^^^^^^^^^
E               torch.OutOfMemoryError: CUDA out of memory. Tried to allocate 16.00 MiB. GPU 0 has a total capacity of 7.66 GiB of which 597.75 MiB is free. Including non-PyTorch memory, this process has 6.46 GiB memory in use. 6.22 GiB allowed; Of the allocated memory 6.21 GiB is allocated by PyTorch, and 2.84 MiB is reserved by PyTorch but unallocated. If reserved but unallocated memory is large try setting PYTORCH_CUDA_ALLOC_CONF=expandable_segments:True to avoid fragmentation.  See documentation for Memory Management  (https://docs.pytorch.org/docs/stable/notes/cuda.html#optimizing-memory-usage-with-pytorch-cuda-alloc-conf)

tests/gpu/exl3_cases.py:84: OutOfMemoryError
___________________ test_gemm_vs_fp64[K4-oproj-24-bf16model] ___________________

ops = <module 'vllm_exl3_plugin.ops' from '/workspace/kit/plugin-exl3/vllm_exl3_plugin/ops.py'>
tid = 'K4-oproj', m = 24, out_fp32 = True

    @pytest.mark.parametrize("out_fp32", [True, False], ids=["bf16model", "fp16model"])
    @pytest.mark.parametrize("m", MR_ROWS + K4_SMALL_ROWS)
    @pytest.mark.parametrize("tid", MR_TIDS)
    def test_gemm_vs_fp64(ops, tid, m, out_fp32):
        import torch
    
        K, n = BITS[tid], C.TENSORS[tid][3]
        if m in K4_SMALL_ROWS and K != 4:
            pytest.skip("K3/K5 take exl3_gemm_mr from 17 rows only")
>       w = weights(tid)
            ^^^^^^^^^^^^

tests/gpu/test_exl3_mr.py:121: 
_ _ _ _ _ _ _ _ _ _ _ _ _ _ _ _ _ _ _ _ _ _ _ _ _ _ _ _ _ _ _ _ _ _ _ _ _ _ _ _ 
tests/gpu/test_exl3_mr.py:69: in weights
    w = C.load(torch, tid)
        ^^^^^^^^^^^^^^^^^^
_ _ _ _ _ _ _ _ _ _ _ _ _ _ _ _ _ _ _ _ _ _ _ _ _ _ _ _ _ _ _ _ _ _ _ _ _ _ _ _ 

torch = <module 'torch' from '/workspace/kit-work/venv-cu13/lib/python3.12/site-packages/torch/__init__.py'>
tid = 'K4-oproj', device = 'cuda'

    def load(torch, tid: str, device="cuda") -> dict:
        """trellis/suh/svh (+ mcg/mul1 flags) of one checkpoint tensor, from the model's index."""
        import json
    
        from safetensors import safe_open
    
        prefix = TENSORS[tid][0]
        wm = json.loads((MODEL / "model.safetensors.index.json").read_text())["weight_map"]
        out = {"mcg": f"{prefix}.mcg" in wm, "mul1": f"{prefix}.mul1" in wm}
        for t in ("trellis", "suh", "svh"):
            with safe_open(str(MODEL / wm[f"{prefix}.{t}"]), framework="pt") as f:
>               out[t] = f.get_tensor(f"{prefix}.{t}").to(device).contiguous()
                         ^^^^^^^^^^^^^^^^^^^^^^^^^^^^^^^^^^^^^^^^
E               torch.OutOfMemoryError: CUDA out of memory. Tried to allocate 16.00 MiB. GPU 0 has a total capacity of 7.66 GiB of which 597.75 MiB is free. Including non-PyTorch memory, this process has 6.46 GiB memory in use. 6.22 GiB allowed; Of the allocated memory 6.21 GiB is allocated by PyTorch, and 2.84 MiB is reserved by PyTorch but unallocated. If reserved but unallocated memory is large try setting PYTORCH_CUDA_ALLOC_CONF=expandable_segments:True to avoid fragmentation.  See documentation for Memory Management  (https://docs.pytorch.org/docs/stable/notes/cuda.html#optimizing-memory-usage-with-pytorch-cuda-alloc-conf)

tests/gpu/exl3_cases.py:84: OutOfMemoryError
___________________ test_gemm_vs_fp64[K4-oproj-24-fp16model] ___________________

ops = <module 'vllm_exl3_plugin.ops' from '/workspace/kit/plugin-exl3/vllm_exl3_plugin/ops.py'>
tid = 'K4-oproj', m = 24, out_fp32 = False

    @pytest.mark.parametrize("out_fp32", [True, False], ids=["bf16model", "fp16model"])
    @pytest.mark.parametrize("m", MR_ROWS + K4_SMALL_ROWS)
    @pytest.mark.parametrize("tid", MR_TIDS)
    def test_gemm_vs_fp64(ops, tid, m, out_fp32):
        import torch
    
        K, n = BITS[tid], C.TENSORS[tid][3]
        if m in K4_SMALL_ROWS and K != 4:
            pytest.skip("K3/K5 take exl3_gemm_mr from 17 rows only")
>       w = weights(tid)
            ^^^^^^^^^^^^

tests/gpu/test_exl3_mr.py:121: 
_ _ _ _ _ _ _ _ _ _ _ _ _ _ _ _ _ _ _ _ _ _ _ _ _ _ _ _ _ _ _ _ _ _ _ _ _ _ _ _ 
tests/gpu/test_exl3_mr.py:69: in weights
    w = C.load(torch, tid)
        ^^^^^^^^^^^^^^^^^^
_ _ _ _ _ _ _ _ _ _ _ _ _ _ _ _ _ _ _ _ _ _ _ _ _ _ _ _ _ _ _ _ _ _ _ _ _ _ _ _ 

torch = <module 'torch' from '/workspace/kit-work/venv-cu13/lib/python3.12/site-packages/torch/__init__.py'>
tid = 'K4-oproj', device = 'cuda'

    def load(torch, tid: str, device="cuda") -> dict:
        """trellis/suh/svh (+ mcg/mul1 flags) of one checkpoint tensor, from the model's index."""
        import json
    
        from safetensors import safe_open
    
        prefix = TENSORS[tid][0]
        wm = json.loads((MODEL / "model.safetensors.index.json").read_text())["weight_map"]
        out = {"mcg": f"{prefix}.mcg" in wm, "mul1": f"{prefix}.mul1" in wm}
        for t in ("trellis", "suh", "svh"):
            with safe_open(str(MODEL / wm[f"{prefix}.{t}"]), framework="pt") as f:
>               out[t] = f.get_tensor(f"{prefix}.{t}").to(device).contiguous()
                         ^^^^^^^^^^^^^^^^^^^^^^^^^^^^^^^^^^^^^^^^
E               torch.OutOfMemoryError: CUDA out of memory. Tried to allocate 16.00 MiB. GPU 0 has a total capacity of 7.66 GiB of which 597.75 MiB is free. Including non-PyTorch memory, this process has 6.46 GiB memory in use. 6.22 GiB allowed; Of the allocated memory 6.21 GiB is allocated by PyTorch, and 2.84 MiB is reserved by PyTorch but unallocated. If reserved but unallocated memory is large try setting PYTORCH_CUDA_ALLOC_CONF=expandable_segments:True to avoid fragmentation.  See documentation for Memory Management  (https://docs.pytorch.org/docs/stable/notes/cuda.html#optimizing-memory-usage-with-pytorch-cuda-alloc-conf)

tests/gpu/exl3_cases.py:84: OutOfMemoryError
___________________ test_gemm_vs_fp64[K4-oproj-32-bf16model] ___________________

ops = <module 'vllm_exl3_plugin.ops' from '/workspace/kit/plugin-exl3/vllm_exl3_plugin/ops.py'>
tid = 'K4-oproj', m = 32, out_fp32 = True

    @pytest.mark.parametrize("out_fp32", [True, False], ids=["bf16model", "fp16model"])
    @pytest.mark.parametrize("m", MR_ROWS + K4_SMALL_ROWS)
    @pytest.mark.parametrize("tid", MR_TIDS)
    def test_gemm_vs_fp64(ops, tid, m, out_fp32):
        import torch
    
        K, n = BITS[tid], C.TENSORS[tid][3]
        if m in K4_SMALL_ROWS and K != 4:
            pytest.skip("K3/K5 take exl3_gemm_mr from 17 rows only")
>       w = weights(tid)
            ^^^^^^^^^^^^

tests/gpu/test_exl3_mr.py:121: 
_ _ _ _ _ _ _ _ _ _ _ _ _ _ _ _ _ _ _ _ _ _ _ _ _ _ _ _ _ _ _ _ _ _ _ _ _ _ _ _ 
tests/gpu/test_exl3_mr.py:69: in weights
    w = C.load(torch, tid)
        ^^^^^^^^^^^^^^^^^^
_ _ _ _ _ _ _ _ _ _ _ _ _ _ _ _ _ _ _ _ _ _ _ _ _ _ _ _ _ _ _ _ _ _ _ _ _ _ _ _ 

torch = <module 'torch' from '/workspace/kit-work/venv-cu13/lib/python3.12/site-packages/torch/__init__.py'>
tid = 'K4-oproj', device = 'cuda'

    def load(torch, tid: str, device="cuda") -> dict:
        """trellis/suh/svh (+ mcg/mul1 flags) of one checkpoint tensor, from the model's index."""
        import json
    
        from safetensors import safe_open
    
        prefix = TENSORS[tid][0]
        wm = json.loads((MODEL / "model.safetensors.index.json").read_text())["weight_map"]
        out = {"mcg": f"{prefix}.mcg" in wm, "mul1": f"{prefix}.mul1" in wm}
        for t in ("trellis", "suh", "svh"):
            with safe_open(str(MODEL / wm[f"{prefix}.{t}"]), framework="pt") as f:
>               out[t] = f.get_tensor(f"{prefix}.{t}").to(device).contiguous()
                         ^^^^^^^^^^^^^^^^^^^^^^^^^^^^^^^^^^^^^^^^
E               torch.OutOfMemoryError: CUDA out of memory. Tried to allocate 16.00 MiB. GPU 0 has a total capacity of 7.66 GiB of which 597.75 MiB is free. Including non-PyTorch memory, this process has 6.46 GiB memory in use. 6.22 GiB allowed; Of the allocated memory 6.21 GiB is allocated by PyTorch, and 2.84 MiB is reserved by PyTorch but unallocated. If reserved but unallocated memory is large try setting PYTORCH_CUDA_ALLOC_CONF=expandable_segments:True to avoid fragmentation.  See documentation for Memory Management  (https://docs.pytorch.org/docs/stable/notes/cuda.html#optimizing-memory-usage-with-pytorch-cuda-alloc-conf)

tests/gpu/exl3_cases.py:84: OutOfMemoryError
___________________ test_gemm_vs_fp64[K4-oproj-32-fp16model] ___________________

ops = <module 'vllm_exl3_plugin.ops' from '/workspace/kit/plugin-exl3/vllm_exl3_plugin/ops.py'>
tid = 'K4-oproj', m = 32, out_fp32 = False

    @pytest.mark.parametrize("out_fp32", [True, False], ids=["bf16model", "fp16model"])
    @pytest.mark.parametrize("m", MR_ROWS + K4_SMALL_ROWS)
    @pytest.mark.parametrize("tid", MR_TIDS)
    def test_gemm_vs_fp64(ops, tid, m, out_fp32):
        import torch
    
        K, n = BITS[tid], C.TENSORS[tid][3]
        if m in K4_SMALL_ROWS and K != 4:
            pytest.skip("K3/K5 take exl3_gemm_mr from 17 rows only")
>       w = weights(tid)
            ^^^^^^^^^^^^

tests/gpu/test_exl3_mr.py:121: 
_ _ _ _ _ _ _ _ _ _ _ _ _ _ _ _ _ _ _ _ _ _ _ _ _ _ _ _ _ _ _ _ _ _ _ _ _ _ _ _ 
tests/gpu/test_exl3_mr.py:69: in weights
    w = C.load(torch, tid)
        ^^^^^^^^^^^^^^^^^^
_ _ _ _ _ _ _ _ _ _ _ _ _ _ _ _ _ _ _ _ _ _ _ _ _ _ _ _ _ _ _ _ _ _ _ _ _ _ _ _ 

torch = <module 'torch' from '/workspace/kit-work/venv-cu13/lib/python3.12/site-packages/torch/__init__.py'>
tid = 'K4-oproj', device = 'cuda'

    def load(torch, tid: str, device="cuda") -> dict:
        """trellis/suh/svh (+ mcg/mul1 flags) of one checkpoint tensor, from the model's index."""
        import json
    
        from safetensors import safe_open
    
        prefix = TENSORS[tid][0]
        wm = json.loads((MODEL / "model.safetensors.index.json").read_text())["weight_map"]
        out = {"mcg": f"{prefix}.mcg" in wm, "mul1": f"{prefix}.mul1" in wm}
        for t in ("trellis", "suh", "svh"):
            with safe_open(str(MODEL / wm[f"{prefix}.{t}"]), framework="pt") as f:
>               out[t] = f.get_tensor(f"{prefix}.{t}").to(device).contiguous()
                         ^^^^^^^^^^^^^^^^^^^^^^^^^^^^^^^^^^^^^^^^
E               torch.OutOfMemoryError: CUDA out of memory. Tried to allocate 16.00 MiB. GPU 0 has a total capacity of 7.66 GiB of which 597.75 MiB is free. Including non-PyTorch memory, this process has 6.46 GiB memory in use. 6.22 GiB allowed; Of the allocated memory 6.21 GiB is allocated by PyTorch, and 2.84 MiB is reserved by PyTorch but unallocated. If reserved but unallocated memory is large try setting PYTORCH_CUDA_ALLOC_CONF=expandable_segments:True to avoid fragmentation.  See documentation for Memory Management  (https://docs.pytorch.org/docs/stable/notes/cuda.html#optimizing-memory-usage-with-pytorch-cuda-alloc-conf)

tests/gpu/exl3_cases.py:84: OutOfMemoryError
___________________ test_gemm_vs_fp64[K4-oproj-48-bf16model] ___________________

ops = <module 'vllm_exl3_plugin.ops' from '/workspace/kit/plugin-exl3/vllm_exl3_plugin/ops.py'>
tid = 'K4-oproj', m = 48, out_fp32 = True

    @pytest.mark.parametrize("out_fp32", [True, False], ids=["bf16model", "fp16model"])
    @pytest.mark.parametrize("m", MR_ROWS + K4_SMALL_ROWS)
    @pytest.mark.parametrize("tid", MR_TIDS)
    def test_gemm_vs_fp64(ops, tid, m, out_fp32):
        import torch
    
        K, n = BITS[tid], C.TENSORS[tid][3]
        if m in K4_SMALL_ROWS and K != 4:
            pytest.skip("K3/K5 take exl3_gemm_mr from 17 rows only")
>       w = weights(tid)
            ^^^^^^^^^^^^

tests/gpu/test_exl3_mr.py:121: 
_ _ _ _ _ _ _ _ _ _ _ _ _ _ _ _ _ _ _ _ _ _ _ _ _ _ _ _ _ _ _ _ _ _ _ _ _ _ _ _ 
tests/gpu/test_exl3_mr.py:69: in weights
    w = C.load(torch, tid)
        ^^^^^^^^^^^^^^^^^^
_ _ _ _ _ _ _ _ _ _ _ _ _ _ _ _ _ _ _ _ _ _ _ _ _ _ _ _ _ _ _ _ _ _ _ _ _ _ _ _ 

torch = <module 'torch' from '/workspace/kit-work/venv-cu13/lib/python3.12/site-packages/torch/__init__.py'>
tid = 'K4-oproj', device = 'cuda'

    def load(torch, tid: str, device="cuda") -> dict:
        """trellis/suh/svh (+ mcg/mul1 flags) of one checkpoint tensor, from the model's index."""
        import json
    
        from safetensors import safe_open
    
        prefix = TENSORS[tid][0]
        wm = json.loads((MODEL / "model.safetensors.index.json").read_text())["weight_map"]
        out = {"mcg": f"{prefix}.mcg" in wm, "mul1": f"{prefix}.mul1" in wm}
        for t in ("trellis", "suh", "svh"):
            with safe_open(str(MODEL / wm[f"{prefix}.{t}"]), framework="pt") as f:
>               out[t] = f.get_tensor(f"{prefix}.{t}").to(device).contiguous()
                         ^^^^^^^^^^^^^^^^^^^^^^^^^^^^^^^^^^^^^^^^
E               torch.OutOfMemoryError: CUDA out of memory. Tried to allocate 16.00 MiB. GPU 0 has a total capacity of 7.66 GiB of which 597.75 MiB is free. Including non-PyTorch memory, this process has 6.46 GiB memory in use. 6.22 GiB allowed; Of the allocated memory 6.21 GiB is allocated by PyTorch, and 2.84 MiB is reserved by PyTorch but unallocated. If reserved but unallocated memory is large try setting PYTORCH_CUDA_ALLOC_CONF=expandable_segments:True to avoid fragmentation.  See documentation for Memory Management  (https://docs.pytorch.org/docs/stable/notes/cuda.html#optimizing-memory-usage-with-pytorch-cuda-alloc-conf)

tests/gpu/exl3_cases.py:84: OutOfMemoryError
___________________ test_gemm_vs_fp64[K4-oproj-48-fp16model] ___________________

ops = <module 'vllm_exl3_plugin.ops' from '/workspace/kit/plugin-exl3/vllm_exl3_plugin/ops.py'>
tid = 'K4-oproj', m = 48, out_fp32 = False

    @pytest.mark.parametrize("out_fp32", [True, False], ids=["bf16model", "fp16model"])
    @pytest.mark.parametrize("m", MR_ROWS + K4_SMALL_ROWS)
    @pytest.mark.parametrize("tid", MR_TIDS)
    def test_gemm_vs_fp64(ops, tid, m, out_fp32):
        import torch
    
        K, n = BITS[tid], C.TENSORS[tid][3]
        if m in K4_SMALL_ROWS and K != 4:
            pytest.skip("K3/K5 take exl3_gemm_mr from 17 rows only")
>       w = weights(tid)
            ^^^^^^^^^^^^

tests/gpu/test_exl3_mr.py:121: 
_ _ _ _ _ _ _ _ _ _ _ _ _ _ _ _ _ _ _ _ _ _ _ _ _ _ _ _ _ _ _ _ _ _ _ _ _ _ _ _ 
tests/gpu/test_exl3_mr.py:69: in weights
    w = C.load(torch, tid)
        ^^^^^^^^^^^^^^^^^^
_ _ _ _ _ _ _ _ _ _ _ _ _ _ _ _ _ _ _ _ _ _ _ _ _ _ _ _ _ _ _ _ _ _ _ _ _ _ _ _ 

torch = <module 'torch' from '/workspace/kit-work/venv-cu13/lib/python3.12/site-packages/torch/__init__.py'>
tid = 'K4-oproj', device = 'cuda'

    def load(torch, tid: str, device="cuda") -> dict:
        """trellis/suh/svh (+ mcg/mul1 flags) of one checkpoint tensor, from the model's index."""
        import json
    
        from safetensors import safe_open
    
        prefix = TENSORS[tid][0]
        wm = json.loads((MODEL / "model.safetensors.index.json").read_text())["weight_map"]
        out = {"mcg": f"{prefix}.mcg" in wm, "mul1": f"{prefix}.mul1" in wm}
        for t in ("trellis", "suh", "svh"):
            with safe_open(str(MODEL / wm[f"{prefix}.{t}"]), framework="pt") as f:
>               out[t] = f.get_tensor(f"{prefix}.{t}").to(device).contiguous()
                         ^^^^^^^^^^^^^^^^^^^^^^^^^^^^^^^^^^^^^^^^
E               torch.OutOfMemoryError: CUDA out of memory. Tried to allocate 16.00 MiB. GPU 0 has a total capacity of 7.66 GiB of which 597.75 MiB is free. Including non-PyTorch memory, this process has 6.46 GiB memory in use. 6.22 GiB allowed; Of the allocated memory 6.21 GiB is allocated by PyTorch, and 2.84 MiB is reserved by PyTorch but unallocated. If reserved but unallocated memory is large try setting PYTORCH_CUDA_ALLOC_CONF=expandable_segments:True to avoid fragmentation.  See documentation for Memory Management  (https://docs.pytorch.org/docs/stable/notes/cuda.html#optimizing-memory-usage-with-pytorch-cuda-alloc-conf)

tests/gpu/exl3_cases.py:84: OutOfMemoryError
___________________ test_gemm_vs_fp64[K4-oproj-64-bf16model] ___________________

ops = <module 'vllm_exl3_plugin.ops' from '/workspace/kit/plugin-exl3/vllm_exl3_plugin/ops.py'>
tid = 'K4-oproj', m = 64, out_fp32 = True

    @pytest.mark.parametrize("out_fp32", [True, False], ids=["bf16model", "fp16model"])
    @pytest.mark.parametrize("m", MR_ROWS + K4_SMALL_ROWS)
    @pytest.mark.parametrize("tid", MR_TIDS)
    def test_gemm_vs_fp64(ops, tid, m, out_fp32):
        import torch
    
        K, n = BITS[tid], C.TENSORS[tid][3]
        if m in K4_SMALL_ROWS and K != 4:
            pytest.skip("K3/K5 take exl3_gemm_mr from 17 rows only")
>       w = weights(tid)
            ^^^^^^^^^^^^

tests/gpu/test_exl3_mr.py:121: 
_ _ _ _ _ _ _ _ _ _ _ _ _ _ _ _ _ _ _ _ _ _ _ _ _ _ _ _ _ _ _ _ _ _ _ _ _ _ _ _ 
tests/gpu/test_exl3_mr.py:69: in weights
    w = C.load(torch, tid)
        ^^^^^^^^^^^^^^^^^^
_ _ _ _ _ _ _ _ _ _ _ _ _ _ _ _ _ _ _ _ _ _ _ _ _ _ _ _ _ _ _ _ _ _ _ _ _ _ _ _ 

torch = <module 'torch' from '/workspace/kit-work/venv-cu13/lib/python3.12/site-packages/torch/__init__.py'>
tid = 'K4-oproj', device = 'cuda'

    def load(torch, tid: str, device="cuda") -> dict:
        """trellis/suh/svh (+ mcg/mul1 flags) of one checkpoint tensor, from the model's index."""
        import json
    
        from safetensors import safe_open
    
        prefix = TENSORS[tid][0]
        wm = json.loads((MODEL / "model.safetensors.index.json").read_text())["weight_map"]
        out = {"mcg": f"{prefix}.mcg" in wm, "mul1": f"{prefix}.mul1" in wm}
        for t in ("trellis", "suh", "svh"):
            with safe_open(str(MODEL / wm[f"{prefix}.{t}"]), framework="pt") as f:
>               out[t] = f.get_tensor(f"{prefix}.{t}").to(device).contiguous()
                         ^^^^^^^^^^^^^^^^^^^^^^^^^^^^^^^^^^^^^^^^
E               torch.OutOfMemoryError: CUDA out of memory. Tried to allocate 16.00 MiB. GPU 0 has a total capacity of 7.66 GiB of which 597.75 MiB is free. Including non-PyTorch memory, this process has 6.46 GiB memory in use. 6.22 GiB allowed; Of the allocated memory 6.21 GiB is allocated by PyTorch, and 2.84 MiB is reserved by PyTorch but unallocated. If reserved but unallocated memory is large try setting PYTORCH_CUDA_ALLOC_CONF=expandable_segments:True to avoid fragmentation.  See documentation for Memory Management  (https://docs.pytorch.org/docs/stable/notes/cuda.html#optimizing-memory-usage-with-pytorch-cuda-alloc-conf)

tests/gpu/exl3_cases.py:84: OutOfMemoryError
___________________ test_gemm_vs_fp64[K4-oproj-64-fp16model] ___________________

ops = <module 'vllm_exl3_plugin.ops' from '/workspace/kit/plugin-exl3/vllm_exl3_plugin/ops.py'>
tid = 'K4-oproj', m = 64, out_fp32 = False

    @pytest.mark.parametrize("out_fp32", [True, False], ids=["bf16model", "fp16model"])
    @pytest.mark.parametrize("m", MR_ROWS + K4_SMALL_ROWS)
    @pytest.mark.parametrize("tid", MR_TIDS)
    def test_gemm_vs_fp64(ops, tid, m, out_fp32):
        import torch
    
        K, n = BITS[tid], C.TENSORS[tid][3]
        if m in K4_SMALL_ROWS and K != 4:
            pytest.skip("K3/K5 take exl3_gemm_mr from 17 rows only")
>       w = weights(tid)
            ^^^^^^^^^^^^

tests/gpu/test_exl3_mr.py:121: 
_ _ _ _ _ _ _ _ _ _ _ _ _ _ _ _ _ _ _ _ _ _ _ _ _ _ _ _ _ _ _ _ _ _ _ _ _ _ _ _ 
tests/gpu/test_exl3_mr.py:69: in weights
    w = C.load(torch, tid)
        ^^^^^^^^^^^^^^^^^^
_ _ _ _ _ _ _ _ _ _ _ _ _ _ _ _ _ _ _ _ _ _ _ _ _ _ _ _ _ _ _ _ _ _ _ _ _ _ _ _ 

torch = <module 'torch' from '/workspace/kit-work/venv-cu13/lib/python3.12/site-packages/torch/__init__.py'>
tid = 'K4-oproj', device = 'cuda'

    def load(torch, tid: str, device="cuda") -> dict:
        """trellis/suh/svh (+ mcg/mul1 flags) of one checkpoint tensor, from the model's index."""
        import json
    
        from safetensors import safe_open
    
        prefix = TENSORS[tid][0]
        wm = json.loads((MODEL / "model.safetensors.index.json").read_text())["weight_map"]
        out = {"mcg": f"{prefix}.mcg" in wm, "mul1": f"{prefix}.mul1" in wm}
        for t in ("trellis", "suh", "svh"):
            with safe_open(str(MODEL / wm[f"{prefix}.{t}"]), framework="pt") as f:
>               out[t] = f.get_tensor(f"{prefix}.{t}").to(device).contiguous()
                         ^^^^^^^^^^^^^^^^^^^^^^^^^^^^^^^^^^^^^^^^
E               torch.OutOfMemoryError: CUDA out of memory. Tried to allocate 16.00 MiB. GPU 0 has a total capacity of 7.66 GiB of which 597.75 MiB is free. Including non-PyTorch memory, this process has 6.46 GiB memory in use. 6.22 GiB allowed; Of the allocated memory 6.21 GiB is allocated by PyTorch, and 2.84 MiB is reserved by PyTorch but unallocated. If reserved but unallocated memory is large try setting PYTORCH_CUDA_ALLOC_CONF=expandable_segments:True to avoid fragmentation.  See documentation for Memory Management  (https://docs.pytorch.org/docs/stable/notes/cuda.html#optimizing-memory-usage-with-pytorch-cuda-alloc-conf)

tests/gpu/exl3_cases.py:84: OutOfMemoryError
___________________ test_gemm_vs_fp64[K4-oproj-96-bf16model] ___________________

ops = <module 'vllm_exl3_plugin.ops' from '/workspace/kit/plugin-exl3/vllm_exl3_plugin/ops.py'>
tid = 'K4-oproj', m = 96, out_fp32 = True

    @pytest.mark.parametrize("out_fp32", [True, False], ids=["bf16model", "fp16model"])
    @pytest.mark.parametrize("m", MR_ROWS + K4_SMALL_ROWS)
    @pytest.mark.parametrize("tid", MR_TIDS)
    def test_gemm_vs_fp64(ops, tid, m, out_fp32):
        import torch
    
        K, n = BITS[tid], C.TENSORS[tid][3]
        if m in K4_SMALL_ROWS and K != 4:
            pytest.skip("K3/K5 take exl3_gemm_mr from 17 rows only")
>       w = weights(tid)
            ^^^^^^^^^^^^

tests/gpu/test_exl3_mr.py:121: 
_ _ _ _ _ _ _ _ _ _ _ _ _ _ _ _ _ _ _ _ _ _ _ _ _ _ _ _ _ _ _ _ _ _ _ _ _ _ _ _ 
tests/gpu/test_exl3_mr.py:69: in weights
    w = C.load(torch, tid)
        ^^^^^^^^^^^^^^^^^^
_ _ _ _ _ _ _ _ _ _ _ _ _ _ _ _ _ _ _ _ _ _ _ _ _ _ _ _ _ _ _ _ _ _ _ _ _ _ _ _ 

torch = <module 'torch' from '/workspace/kit-work/venv-cu13/lib/python3.12/site-packages/torch/__init__.py'>
tid = 'K4-oproj', device = 'cuda'

    def load(torch, tid: str, device="cuda") -> dict:
        """trellis/suh/svh (+ mcg/mul1 flags) of one checkpoint tensor, from the model's index."""
        import json
    
        from safetensors import safe_open
    
        prefix = TENSORS[tid][0]
        wm = json.loads((MODEL / "model.safetensors.index.json").read_text())["weight_map"]
        out = {"mcg": f"{prefix}.mcg" in wm, "mul1": f"{prefix}.mul1" in wm}
        for t in ("trellis", "suh", "svh"):
            with safe_open(str(MODEL / wm[f"{prefix}.{t}"]), framework="pt") as f:
>               out[t] = f.get_tensor(f"{prefix}.{t}").to(device).contiguous()
                         ^^^^^^^^^^^^^^^^^^^^^^^^^^^^^^^^^^^^^^^^
E               torch.OutOfMemoryError: CUDA out of memory. Tried to allocate 16.00 MiB. GPU 0 has a total capacity of 7.66 GiB of which 597.75 MiB is free. Including non-PyTorch memory, this process has 6.46 GiB memory in use. 6.22 GiB allowed; Of the allocated memory 6.21 GiB is allocated by PyTorch, and 2.84 MiB is reserved by PyTorch but unallocated. If reserved but unallocated memory is large try setting PYTORCH_CUDA_ALLOC_CONF=expandable_segments:True to avoid fragmentation.  See documentation for Memory Management  (https://docs.pytorch.org/docs/stable/notes/cuda.html#optimizing-memory-usage-with-pytorch-cuda-alloc-conf)

tests/gpu/exl3_cases.py:84: OutOfMemoryError
___________________ test_gemm_vs_fp64[K4-oproj-96-fp16model] ___________________

ops = <module 'vllm_exl3_plugin.ops' from '/workspace/kit/plugin-exl3/vllm_exl3_plugin/ops.py'>
tid = 'K4-oproj', m = 96, out_fp32 = False

    @pytest.mark.parametrize("out_fp32", [True, False], ids=["bf16model", "fp16model"])
    @pytest.mark.parametrize("m", MR_ROWS + K4_SMALL_ROWS)
    @pytest.mark.parametrize("tid", MR_TIDS)
    def test_gemm_vs_fp64(ops, tid, m, out_fp32):
        import torch
    
        K, n = BITS[tid], C.TENSORS[tid][3]
        if m in K4_SMALL_ROWS and K != 4:
            pytest.skip("K3/K5 take exl3_gemm_mr from 17 rows only")
>       w = weights(tid)
            ^^^^^^^^^^^^

tests/gpu/test_exl3_mr.py:121: 
_ _ _ _ _ _ _ _ _ _ _ _ _ _ _ _ _ _ _ _ _ _ _ _ _ _ _ _ _ _ _ _ _ _ _ _ _ _ _ _ 
tests/gpu/test_exl3_mr.py:69: in weights
    w = C.load(torch, tid)
        ^^^^^^^^^^^^^^^^^^
_ _ _ _ _ _ _ _ _ _ _ _ _ _ _ _ _ _ _ _ _ _ _ _ _ _ _ _ _ _ _ _ _ _ _ _ _ _ _ _ 

torch = <module 'torch' from '/workspace/kit-work/venv-cu13/lib/python3.12/site-packages/torch/__init__.py'>
tid = 'K4-oproj', device = 'cuda'

    def load(torch, tid: str, device="cuda") -> dict:
        """trellis/suh/svh (+ mcg/mul1 flags) of one checkpoint tensor, from the model's index."""
        import json
    
        from safetensors import safe_open
    
        prefix = TENSORS[tid][0]
        wm = json.loads((MODEL / "model.safetensors.index.json").read_text())["weight_map"]
        out = {"mcg": f"{prefix}.mcg" in wm, "mul1": f"{prefix}.mul1" in wm}
        for t in ("trellis", "suh", "svh"):
            with safe_open(str(MODEL / wm[f"{prefix}.{t}"]), framework="pt") as f:
>               out[t] = f.get_tensor(f"{prefix}.{t}").to(device).contiguous()
                         ^^^^^^^^^^^^^^^^^^^^^^^^^^^^^^^^^^^^^^^^
E               torch.OutOfMemoryError: CUDA out of memory. Tried to allocate 16.00 MiB. GPU 0 has a total capacity of 7.66 GiB of which 597.75 MiB is free. Including non-PyTorch memory, this process has 6.46 GiB memory in use. 6.22 GiB allowed; Of the allocated memory 6.21 GiB is allocated by PyTorch, and 2.84 MiB is reserved by PyTorch but unallocated. If reserved but unallocated memory is large try setting PYTORCH_CUDA_ALLOC_CONF=expandable_segments:True to avoid fragmentation.  See documentation for Memory Management  (https://docs.pytorch.org/docs/stable/notes/cuda.html#optimizing-memory-usage-with-pytorch-cuda-alloc-conf)

tests/gpu/exl3_cases.py:84: OutOfMemoryError
__________________ test_gemm_vs_fp64[K4-oproj-144-bf16model] ___________________

ops = <module 'vllm_exl3_plugin.ops' from '/workspace/kit/plugin-exl3/vllm_exl3_plugin/ops.py'>
tid = 'K4-oproj', m = 144, out_fp32 = True

    @pytest.mark.parametrize("out_fp32", [True, False], ids=["bf16model", "fp16model"])
    @pytest.mark.parametrize("m", MR_ROWS + K4_SMALL_ROWS)
    @pytest.mark.parametrize("tid", MR_TIDS)
    def test_gemm_vs_fp64(ops, tid, m, out_fp32):
        import torch
    
        K, n = BITS[tid], C.TENSORS[tid][3]
        if m in K4_SMALL_ROWS and K != 4:
            pytest.skip("K3/K5 take exl3_gemm_mr from 17 rows only")
>       w = weights(tid)
            ^^^^^^^^^^^^

tests/gpu/test_exl3_mr.py:121: 
_ _ _ _ _ _ _ _ _ _ _ _ _ _ _ _ _ _ _ _ _ _ _ _ _ _ _ _ _ _ _ _ _ _ _ _ _ _ _ _ 
tests/gpu/test_exl3_mr.py:69: in weights
    w = C.load(torch, tid)
        ^^^^^^^^^^^^^^^^^^
_ _ _ _ _ _ _ _ _ _ _ _ _ _ _ _ _ _ _ _ _ _ _ _ _ _ _ _ _ _ _ _ _ _ _ _ _ _ _ _ 

torch = <module 'torch' from '/workspace/kit-work/venv-cu13/lib/python3.12/site-packages/torch/__init__.py'>
tid = 'K4-oproj', device = 'cuda'

    def load(torch, tid: str, device="cuda") -> dict:
        """trellis/suh/svh (+ mcg/mul1 flags) of one checkpoint tensor, from the model's index."""
        import json
    
        from safetensors import safe_open
    
        prefix = TENSORS[tid][0]
        wm = json.loads((MODEL / "model.safetensors.index.json").read_text())["weight_map"]
        out = {"mcg": f"{prefix}.mcg" in wm, "mul1": f"{prefix}.mul1" in wm}
        for t in ("trellis", "suh", "svh"):
            with safe_open(str(MODEL / wm[f"{prefix}.{t}"]), framework="pt") as f:
>               out[t] = f.get_tensor(f"{prefix}.{t}").to(device).contiguous()
                         ^^^^^^^^^^^^^^^^^^^^^^^^^^^^^^^^^^^^^^^^
E               torch.OutOfMemoryError: CUDA out of memory. Tried to allocate 16.00 MiB. GPU 0 has a total capacity of 7.66 GiB of which 597.75 MiB is free. Including non-PyTorch memory, this process has 6.46 GiB memory in use. 6.22 GiB allowed; Of the allocated memory 6.21 GiB is allocated by PyTorch, and 2.84 MiB is reserved by PyTorch but unallocated. If reserved but unallocated memory is large try setting PYTORCH_CUDA_ALLOC_CONF=expandable_segments:True to avoid fragmentation.  See documentation for Memory Management  (https://docs.pytorch.org/docs/stable/notes/cuda.html#optimizing-memory-usage-with-pytorch-cuda-alloc-conf)

tests/gpu/exl3_cases.py:84: OutOfMemoryError
__________________ test_gemm_vs_fp64[K4-oproj-144-fp16model] ___________________

ops = <module 'vllm_exl3_plugin.ops' from '/workspace/kit/plugin-exl3/vllm_exl3_plugin/ops.py'>
tid = 'K4-oproj', m = 144, out_fp32 = False

    @pytest.mark.parametrize("out_fp32", [True, False], ids=["bf16model", "fp16model"])
    @pytest.mark.parametrize("m", MR_ROWS + K4_SMALL_ROWS)
    @pytest.mark.parametrize("tid", MR_TIDS)
    def test_gemm_vs_fp64(ops, tid, m, out_fp32):
        import torch
    
        K, n = BITS[tid], C.TENSORS[tid][3]
        if m in K4_SMALL_ROWS and K != 4:
            pytest.skip("K3/K5 take exl3_gemm_mr from 17 rows only")
>       w = weights(tid)
            ^^^^^^^^^^^^

tests/gpu/test_exl3_mr.py:121: 
_ _ _ _ _ _ _ _ _ _ _ _ _ _ _ _ _ _ _ _ _ _ _ _ _ _ _ _ _ _ _ _ _ _ _ _ _ _ _ _ 
tests/gpu/test_exl3_mr.py:69: in weights
    w = C.load(torch, tid)
        ^^^^^^^^^^^^^^^^^^
_ _ _ _ _ _ _ _ _ _ _ _ _ _ _ _ _ _ _ _ _ _ _ _ _ _ _ _ _ _ _ _ _ _ _ _ _ _ _ _ 

torch = <module 'torch' from '/workspace/kit-work/venv-cu13/lib/python3.12/site-packages/torch/__init__.py'>
tid = 'K4-oproj', device = 'cuda'

    def load(torch, tid: str, device="cuda") -> dict:
        """trellis/suh/svh (+ mcg/mul1 flags) of one checkpoint tensor, from the model's index."""
        import json
    
        from safetensors import safe_open
    
        prefix = TENSORS[tid][0]
        wm = json.loads((MODEL / "model.safetensors.index.json").read_text())["weight_map"]
        out = {"mcg": f"{prefix}.mcg" in wm, "mul1": f"{prefix}.mul1" in wm}
        for t in ("trellis", "suh", "svh"):
            with safe_open(str(MODEL / wm[f"{prefix}.{t}"]), framework="pt") as f:
>               out[t] = f.get_tensor(f"{prefix}.{t}").to(device).contiguous()
                         ^^^^^^^^^^^^^^^^^^^^^^^^^^^^^^^^^^^^^^^^
E               torch.OutOfMemoryError: CUDA out of memory. Tried to allocate 16.00 MiB. GPU 0 has a total capacity of 7.66 GiB of which 597.75 MiB is free. Including non-PyTorch memory, this process has 6.46 GiB memory in use. 6.22 GiB allowed; Of the allocated memory 6.21 GiB is allocated by PyTorch, and 2.84 MiB is reserved by PyTorch but unallocated. If reserved but unallocated memory is large try setting PYTORCH_CUDA_ALLOC_CONF=expandable_segments:True to avoid fragmentation.  See documentation for Memory Management  (https://docs.pytorch.org/docs/stable/notes/cuda.html#optimizing-memory-usage-with-pytorch-cuda-alloc-conf)

tests/gpu/exl3_cases.py:84: OutOfMemoryError
__________________ test_gemm_vs_fp64[K4-oproj-192-bf16model] ___________________

ops = <module 'vllm_exl3_plugin.ops' from '/workspace/kit/plugin-exl3/vllm_exl3_plugin/ops.py'>
tid = 'K4-oproj', m = 192, out_fp32 = True

    @pytest.mark.parametrize("out_fp32", [True, False], ids=["bf16model", "fp16model"])
    @pytest.mark.parametrize("m", MR_ROWS + K4_SMALL_ROWS)
    @pytest.mark.parametrize("tid", MR_TIDS)
    def test_gemm_vs_fp64(ops, tid, m, out_fp32):
        import torch
    
        K, n = BITS[tid], C.TENSORS[tid][3]
        if m in K4_SMALL_ROWS and K != 4:
            pytest.skip("K3/K5 take exl3_gemm_mr from 17 rows only")
>       w = weights(tid)
            ^^^^^^^^^^^^

tests/gpu/test_exl3_mr.py:121: 
_ _ _ _ _ _ _ _ _ _ _ _ _ _ _ _ _ _ _ _ _ _ _ _ _ _ _ _ _ _ _ _ _ _ _ _ _ _ _ _ 
tests/gpu/test_exl3_mr.py:69: in weights
    w = C.load(torch, tid)
        ^^^^^^^^^^^^^^^^^^
_ _ _ _ _ _ _ _ _ _ _ _ _ _ _ _ _ _ _ _ _ _ _ _ _ _ _ _ _ _ _ _ _ _ _ _ _ _ _ _ 

torch = <module 'torch' from '/workspace/kit-work/venv-cu13/lib/python3.12/site-packages/torch/__init__.py'>
tid = 'K4-oproj', device = 'cuda'

    def load(torch, tid: str, device="cuda") -> dict:
        """trellis/suh/svh (+ mcg/mul1 flags) of one checkpoint tensor, from the model's index."""
        import json
    
        from safetensors import safe_open
    
        prefix = TENSORS[tid][0]
        wm = json.loads((MODEL / "model.safetensors.index.json").read_text())["weight_map"]
        out = {"mcg": f"{prefix}.mcg" in wm, "mul1": f"{prefix}.mul1" in wm}
        for t in ("trellis", "suh", "svh"):
            with safe_open(str(MODEL / wm[f"{prefix}.{t}"]), framework="pt") as f:
>               out[t] = f.get_tensor(f"{prefix}.{t}").to(device).contiguous()
                         ^^^^^^^^^^^^^^^^^^^^^^^^^^^^^^^^^^^^^^^^
E               torch.OutOfMemoryError: CUDA out of memory. Tried to allocate 16.00 MiB. GPU 0 has a total capacity of 7.66 GiB of which 597.75 MiB is free. Including non-PyTorch memory, this process has 6.46 GiB memory in use. 6.22 GiB allowed; Of the allocated memory 6.21 GiB is allocated by PyTorch, and 2.84 MiB is reserved by PyTorch but unallocated. If reserved but unallocated memory is large try setting PYTORCH_CUDA_ALLOC_CONF=expandable_segments:True to avoid fragmentation.  See documentation for Memory Management  (https://docs.pytorch.org/docs/stable/notes/cuda.html#optimizing-memory-usage-with-pytorch-cuda-alloc-conf)

tests/gpu/exl3_cases.py:84: OutOfMemoryError
__________________ test_gemm_vs_fp64[K4-oproj-192-fp16model] ___________________

ops = <module 'vllm_exl3_plugin.ops' from '/workspace/kit/plugin-exl3/vllm_exl3_plugin/ops.py'>
tid = 'K4-oproj', m = 192, out_fp32 = False

    @pytest.mark.parametrize("out_fp32", [True, False], ids=["bf16model", "fp16model"])
    @pytest.mark.parametrize("m", MR_ROWS + K4_SMALL_ROWS)
    @pytest.mark.parametrize("tid", MR_TIDS)
    def test_gemm_vs_fp64(ops, tid, m, out_fp32):
        import torch
    
        K, n = BITS[tid], C.TENSORS[tid][3]
        if m in K4_SMALL_ROWS and K != 4:
            pytest.skip("K3/K5 take exl3_gemm_mr from 17 rows only")
>       w = weights(tid)
            ^^^^^^^^^^^^

tests/gpu/test_exl3_mr.py:121: 
_ _ _ _ _ _ _ _ _ _ _ _ _ _ _ _ _ _ _ _ _ _ _ _ _ _ _ _ _ _ _ _ _ _ _ _ _ _ _ _ 
tests/gpu/test_exl3_mr.py:69: in weights
    w = C.load(torch, tid)
        ^^^^^^^^^^^^^^^^^^
_ _ _ _ _ _ _ _ _ _ _ _ _ _ _ _ _ _ _ _ _ _ _ _ _ _ _ _ _ _ _ _ _ _ _ _ _ _ _ _ 

torch = <module 'torch' from '/workspace/kit-work/venv-cu13/lib/python3.12/site-packages/torch/__init__.py'>
tid = 'K4-oproj', device = 'cuda'

    def load(torch, tid: str, device="cuda") -> dict:
        """trellis/suh/svh (+ mcg/mul1 flags) of one checkpoint tensor, from the model's index."""
        import json
    
        from safetensors import safe_open
    
        prefix = TENSORS[tid][0]
        wm = json.loads((MODEL / "model.safetensors.index.json").read_text())["weight_map"]
        out = {"mcg": f"{prefix}.mcg" in wm, "mul1": f"{prefix}.mul1" in wm}
        for t in ("trellis", "suh", "svh"):
            with safe_open(str(MODEL / wm[f"{prefix}.{t}"]), framework="pt") as f:
>               out[t] = f.get_tensor(f"{prefix}.{t}").to(device).contiguous()
                         ^^^^^^^^^^^^^^^^^^^^^^^^^^^^^^^^^^^^^^^^
E               torch.OutOfMemoryError: CUDA out of memory. Tried to allocate 16.00 MiB. GPU 0 has a total capacity of 7.66 GiB of which 597.75 MiB is free. Including non-PyTorch memory, this process has 6.46 GiB memory in use. 6.22 GiB allowed; Of the allocated memory 6.21 GiB is allocated by PyTorch, and 2.84 MiB is reserved by PyTorch but unallocated. If reserved but unallocated memory is large try setting PYTORCH_CUDA_ALLOC_CONF=expandable_segments:True to avoid fragmentation.  See documentation for Memory Management  (https://docs.pytorch.org/docs/stable/notes/cuda.html#optimizing-memory-usage-with-pytorch-cuda-alloc-conf)

tests/gpu/exl3_cases.py:84: OutOfMemoryError
__________________ test_gemm_vs_fp64[K4-oproj-384-bf16model] ___________________

ops = <module 'vllm_exl3_plugin.ops' from '/workspace/kit/plugin-exl3/vllm_exl3_plugin/ops.py'>
tid = 'K4-oproj', m = 384, out_fp32 = True

    @pytest.mark.parametrize("out_fp32", [True, False], ids=["bf16model", "fp16model"])
    @pytest.mark.parametrize("m", MR_ROWS + K4_SMALL_ROWS)
    @pytest.mark.parametrize("tid", MR_TIDS)
    def test_gemm_vs_fp64(ops, tid, m, out_fp32):
        import torch
    
        K, n = BITS[tid], C.TENSORS[tid][3]
        if m in K4_SMALL_ROWS and K != 4:
            pytest.skip("K3/K5 take exl3_gemm_mr from 17 rows only")
>       w = weights(tid)
            ^^^^^^^^^^^^

tests/gpu/test_exl3_mr.py:121: 
_ _ _ _ _ _ _ _ _ _ _ _ _ _ _ _ _ _ _ _ _ _ _ _ _ _ _ _ _ _ _ _ _ _ _ _ _ _ _ _ 
tests/gpu/test_exl3_mr.py:69: in weights
    w = C.load(torch, tid)
        ^^^^^^^^^^^^^^^^^^
_ _ _ _ _ _ _ _ _ _ _ _ _ _ _ _ _ _ _ _ _ _ _ _ _ _ _ _ _ _ _ _ _ _ _ _ _ _ _ _ 

torch = <module 'torch' from '/workspace/kit-work/venv-cu13/lib/python3.12/site-packages/torch/__init__.py'>
tid = 'K4-oproj', device = 'cuda'

    def load(torch, tid: str, device="cuda") -> dict:
        """trellis/suh/svh (+ mcg/mul1 flags) of one checkpoint tensor, from the model's index."""
        import json
    
        from safetensors import safe_open
    
        prefix = TENSORS[tid][0]
        wm = json.loads((MODEL / "model.safetensors.index.json").read_text())["weight_map"]
        out = {"mcg": f"{prefix}.mcg" in wm, "mul1": f"{prefix}.mul1" in wm}
        for t in ("trellis", "suh", "svh"):
            with safe_open(str(MODEL / wm[f"{prefix}.{t}"]), framework="pt") as f:
>               out[t] = f.get_tensor(f"{prefix}.{t}").to(device).contiguous()
                         ^^^^^^^^^^^^^^^^^^^^^^^^^^^^^^^^^^^^^^^^
E               torch.OutOfMemoryError: CUDA out of memory. Tried to allocate 16.00 MiB. GPU 0 has a total capacity of 7.66 GiB of which 597.75 MiB is free. Including non-PyTorch memory, this process has 6.46 GiB memory in use. 6.22 GiB allowed; Of the allocated memory 6.21 GiB is allocated by PyTorch, and 2.84 MiB is reserved by PyTorch but unallocated. If reserved but unallocated memory is large try setting PYTORCH_CUDA_ALLOC_CONF=expandable_segments:True to avoid fragmentation.  See documentation for Memory Management  (https://docs.pytorch.org/docs/stable/notes/cuda.html#optimizing-memory-usage-with-pytorch-cuda-alloc-conf)

tests/gpu/exl3_cases.py:84: OutOfMemoryError
__________________ test_gemm_vs_fp64[K4-oproj-384-fp16model] ___________________

ops = <module 'vllm_exl3_plugin.ops' from '/workspace/kit/plugin-exl3/vllm_exl3_plugin/ops.py'>
tid = 'K4-oproj', m = 384, out_fp32 = False

    @pytest.mark.parametrize("out_fp32", [True, False], ids=["bf16model", "fp16model"])
    @pytest.mark.parametrize("m", MR_ROWS + K4_SMALL_ROWS)
    @pytest.mark.parametrize("tid", MR_TIDS)
    def test_gemm_vs_fp64(ops, tid, m, out_fp32):
        import torch
    
        K, n = BITS[tid], C.TENSORS[tid][3]
        if m in K4_SMALL_ROWS and K != 4:
            pytest.skip("K3/K5 take exl3_gemm_mr from 17 rows only")
>       w = weights(tid)
            ^^^^^^^^^^^^

tests/gpu/test_exl3_mr.py:121: 
_ _ _ _ _ _ _ _ _ _ _ _ _ _ _ _ _ _ _ _ _ _ _ _ _ _ _ _ _ _ _ _ _ _ _ _ _ _ _ _ 
tests/gpu/test_exl3_mr.py:69: in weights
    w = C.load(torch, tid)
        ^^^^^^^^^^^^^^^^^^
_ _ _ _ _ _ _ _ _ _ _ _ _ _ _ _ _ _ _ _ _ _ _ _ _ _ _ _ _ _ _ _ _ _ _ _ _ _ _ _ 

torch = <module 'torch' from '/workspace/kit-work/venv-cu13/lib/python3.12/site-packages/torch/__init__.py'>
tid = 'K4-oproj', device = 'cuda'

    def load(torch, tid: str, device="cuda") -> dict:
        """trellis/suh/svh (+ mcg/mul1 flags) of one checkpoint tensor, from the model's index."""
        import json
    
        from safetensors import safe_open
    
        prefix = TENSORS[tid][0]
        wm = json.loads((MODEL / "model.safetensors.index.json").read_text())["weight_map"]
        out = {"mcg": f"{prefix}.mcg" in wm, "mul1": f"{prefix}.mul1" in wm}
        for t in ("trellis", "suh", "svh"):
            with safe_open(str(MODEL / wm[f"{prefix}.{t}"]), framework="pt") as f:
>               out[t] = f.get_tensor(f"{prefix}.{t}").to(device).contiguous()
                         ^^^^^^^^^^^^^^^^^^^^^^^^^^^^^^^^^^^^^^^^
E               torch.OutOfMemoryError: CUDA out of memory. Tried to allocate 16.00 MiB. GPU 0 has a total capacity of 7.66 GiB of which 597.75 MiB is free. Including non-PyTorch memory, this process has 6.46 GiB memory in use. 6.22 GiB allowed; Of the allocated memory 6.21 GiB is allocated by PyTorch, and 2.84 MiB is reserved by PyTorch but unallocated. If reserved but unallocated memory is large try setting PYTORCH_CUDA_ALLOC_CONF=expandable_segments:True to avoid fragmentation.  See documentation for Memory Management  (https://docs.pytorch.org/docs/stable/notes/cuda.html#optimizing-memory-usage-with-pytorch-cuda-alloc-conf)

tests/gpu/exl3_cases.py:84: OutOfMemoryError
___________________ test_gemm_vs_fp64[K4-oproj-1-bf16model] ____________________

ops = <module 'vllm_exl3_plugin.ops' from '/workspace/kit/plugin-exl3/vllm_exl3_plugin/ops.py'>
tid = 'K4-oproj', m = 1, out_fp32 = True

    @pytest.mark.parametrize("out_fp32", [True, False], ids=["bf16model", "fp16model"])
    @pytest.mark.parametrize("m", MR_ROWS + K4_SMALL_ROWS)
    @pytest.mark.parametrize("tid", MR_TIDS)
    def test_gemm_vs_fp64(ops, tid, m, out_fp32):
        import torch
    
        K, n = BITS[tid], C.TENSORS[tid][3]
        if m in K4_SMALL_ROWS and K != 4:
            pytest.skip("K3/K5 take exl3_gemm_mr from 17 rows only")
>       w = weights(tid)
            ^^^^^^^^^^^^

tests/gpu/test_exl3_mr.py:121: 
_ _ _ _ _ _ _ _ _ _ _ _ _ _ _ _ _ _ _ _ _ _ _ _ _ _ _ _ _ _ _ _ _ _ _ _ _ _ _ _ 
tests/gpu/test_exl3_mr.py:69: in weights
    w = C.load(torch, tid)
        ^^^^^^^^^^^^^^^^^^
_ _ _ _ _ _ _ _ _ _ _ _ _ _ _ _ _ _ _ _ _ _ _ _ _ _ _ _ _ _ _ _ _ _ _ _ _ _ _ _ 

torch = <module 'torch' from '/workspace/kit-work/venv-cu13/lib/python3.12/site-packages/torch/__init__.py'>
tid = 'K4-oproj', device = 'cuda'

    def load(torch, tid: str, device="cuda") -> dict:
        """trellis/suh/svh (+ mcg/mul1 flags) of one checkpoint tensor, from the model's index."""
        import json
    
        from safetensors import safe_open
    
        prefix = TENSORS[tid][0]
        wm = json.loads((MODEL / "model.safetensors.index.json").read_text())["weight_map"]
        out = {"mcg": f"{prefix}.mcg" in wm, "mul1": f"{prefix}.mul1" in wm}
        for t in ("trellis", "suh", "svh"):
            with safe_open(str(MODEL / wm[f"{prefix}.{t}"]), framework="pt") as f:
>               out[t] = f.get_tensor(f"{prefix}.{t}").to(device).contiguous()
                         ^^^^^^^^^^^^^^^^^^^^^^^^^^^^^^^^^^^^^^^^
E               torch.OutOfMemoryError: CUDA out of memory. Tried to allocate 16.00 MiB. GPU 0 has a total capacity of 7.66 GiB of which 597.75 MiB is free. Including non-PyTorch memory, this process has 6.46 GiB memory in use. 6.22 GiB allowed; Of the allocated memory 6.21 GiB is allocated by PyTorch, and 2.84 MiB is reserved by PyTorch but unallocated. If reserved but unallocated memory is large try setting PYTORCH_CUDA_ALLOC_CONF=expandable_segments:True to avoid fragmentation.  See documentation for Memory Management  (https://docs.pytorch.org/docs/stable/notes/cuda.html#optimizing-memory-usage-with-pytorch-cuda-alloc-conf)

tests/gpu/exl3_cases.py:84: OutOfMemoryError
___________________ test_gemm_vs_fp64[K4-oproj-1-fp16model] ____________________

ops = <module 'vllm_exl3_plugin.ops' from '/workspace/kit/plugin-exl3/vllm_exl3_plugin/ops.py'>
tid = 'K4-oproj', m = 1, out_fp32 = False

    @pytest.mark.parametrize("out_fp32", [True, False], ids=["bf16model", "fp16model"])
    @pytest.mark.parametrize("m", MR_ROWS + K4_SMALL_ROWS)
    @pytest.mark.parametrize("tid", MR_TIDS)
    def test_gemm_vs_fp64(ops, tid, m, out_fp32):
        import torch
    
        K, n = BITS[tid], C.TENSORS[tid][3]
        if m in K4_SMALL_ROWS and K != 4:
            pytest.skip("K3/K5 take exl3_gemm_mr from 17 rows only")
>       w = weights(tid)
            ^^^^^^^^^^^^

tests/gpu/test_exl3_mr.py:121: 
_ _ _ _ _ _ _ _ _ _ _ _ _ _ _ _ _ _ _ _ _ _ _ _ _ _ _ _ _ _ _ _ _ _ _ _ _ _ _ _ 
tests/gpu/test_exl3_mr.py:69: in weights
    w = C.load(torch, tid)
        ^^^^^^^^^^^^^^^^^^
_ _ _ _ _ _ _ _ _ _ _ _ _ _ _ _ _ _ _ _ _ _ _ _ _ _ _ _ _ _ _ _ _ _ _ _ _ _ _ _ 

torch = <module 'torch' from '/workspace/kit-work/venv-cu13/lib/python3.12/site-packages/torch/__init__.py'>
tid = 'K4-oproj', device = 'cuda'

    def load(torch, tid: str, device="cuda") -> dict:
        """trellis/suh/svh (+ mcg/mul1 flags) of one checkpoint tensor, from the model's index."""
        import json
    
        from safetensors import safe_open
    
        prefix = TENSORS[tid][0]
        wm = json.loads((MODEL / "model.safetensors.index.json").read_text())["weight_map"]
        out = {"mcg": f"{prefix}.mcg" in wm, "mul1": f"{prefix}.mul1" in wm}
        for t in ("trellis", "suh", "svh"):
            with safe_open(str(MODEL / wm[f"{prefix}.{t}"]), framework="pt") as f:
>               out[t] = f.get_tensor(f"{prefix}.{t}").to(device).contiguous()
                         ^^^^^^^^^^^^^^^^^^^^^^^^^^^^^^^^^^^^^^^^
E               torch.OutOfMemoryError: CUDA out of memory. Tried to allocate 16.00 MiB. GPU 0 has a total capacity of 7.66 GiB of which 597.75 MiB is free. Including non-PyTorch memory, this process has 6.46 GiB memory in use. 6.22 GiB allowed; Of the allocated memory 6.21 GiB is allocated by PyTorch, and 2.84 MiB is reserved by PyTorch but unallocated. If reserved but unallocated memory is large try setting PYTORCH_CUDA_ALLOC_CONF=expandable_segments:True to avoid fragmentation.  See documentation for Memory Management  (https://docs.pytorch.org/docs/stable/notes/cuda.html#optimizing-memory-usage-with-pytorch-cuda-alloc-conf)

tests/gpu/exl3_cases.py:84: OutOfMemoryError
___________________ test_gemm_vs_fp64[K4-oproj-8-bf16model] ____________________

ops = <module 'vllm_exl3_plugin.ops' from '/workspace/kit/plugin-exl3/vllm_exl3_plugin/ops.py'>
tid = 'K4-oproj', m = 8, out_fp32 = True

    @pytest.mark.parametrize("out_fp32", [True, False], ids=["bf16model", "fp16model"])
    @pytest.mark.parametrize("m", MR_ROWS + K4_SMALL_ROWS)
    @pytest.mark.parametrize("tid", MR_TIDS)
    def test_gemm_vs_fp64(ops, tid, m, out_fp32):
        import torch
    
        K, n = BITS[tid], C.TENSORS[tid][3]
        if m in K4_SMALL_ROWS and K != 4:
            pytest.skip("K3/K5 take exl3_gemm_mr from 17 rows only")
>       w = weights(tid)
            ^^^^^^^^^^^^

tests/gpu/test_exl3_mr.py:121: 
_ _ _ _ _ _ _ _ _ _ _ _ _ _ _ _ _ _ _ _ _ _ _ _ _ _ _ _ _ _ _ _ _ _ _ _ _ _ _ _ 
tests/gpu/test_exl3_mr.py:69: in weights
    w = C.load(torch, tid)
        ^^^^^^^^^^^^^^^^^^
_ _ _ _ _ _ _ _ _ _ _ _ _ _ _ _ _ _ _ _ _ _ _ _ _ _ _ _ _ _ _ _ _ _ _ _ _ _ _ _ 

torch = <module 'torch' from '/workspace/kit-work/venv-cu13/lib/python3.12/site-packages/torch/__init__.py'>
tid = 'K4-oproj', device = 'cuda'

    def load(torch, tid: str, device="cuda") -> dict:
        """trellis/suh/svh (+ mcg/mul1 flags) of one checkpoint tensor, from the model's index."""
        import json
    
        from safetensors import safe_open
    
        prefix = TENSORS[tid][0]
        wm = json.loads((MODEL / "model.safetensors.index.json").read_text())["weight_map"]
        out = {"mcg": f"{prefix}.mcg" in wm, "mul1": f"{prefix}.mul1" in wm}
        for t in ("trellis", "suh", "svh"):
            with safe_open(str(MODEL / wm[f"{prefix}.{t}"]), framework="pt") as f:
>               out[t] = f.get_tensor(f"{prefix}.{t}").to(device).contiguous()
                         ^^^^^^^^^^^^^^^^^^^^^^^^^^^^^^^^^^^^^^^^
E               torch.OutOfMemoryError: CUDA out of memory. Tried to allocate 16.00 MiB. GPU 0 has a total capacity of 7.66 GiB of which 597.75 MiB is free. Including non-PyTorch memory, this process has 6.46 GiB memory in use. 6.22 GiB allowed; Of the allocated memory 6.21 GiB is allocated by PyTorch, and 2.84 MiB is reserved by PyTorch but unallocated. If reserved but unallocated memory is large try setting PYTORCH_CUDA_ALLOC_CONF=expandable_segments:True to avoid fragmentation.  See documentation for Memory Management  (https://docs.pytorch.org/docs/stable/notes/cuda.html#optimizing-memory-usage-with-pytorch-cuda-alloc-conf)

tests/gpu/exl3_cases.py:84: OutOfMemoryError
___________________ test_gemm_vs_fp64[K4-oproj-8-fp16model] ____________________

ops = <module 'vllm_exl3_plugin.ops' from '/workspace/kit/plugin-exl3/vllm_exl3_plugin/ops.py'>
tid = 'K4-oproj', m = 8, out_fp32 = False

    @pytest.mark.parametrize("out_fp32", [True, False], ids=["bf16model", "fp16model"])
    @pytest.mark.parametrize("m", MR_ROWS + K4_SMALL_ROWS)
    @pytest.mark.parametrize("tid", MR_TIDS)
    def test_gemm_vs_fp64(ops, tid, m, out_fp32):
        import torch
    
        K, n = BITS[tid], C.TENSORS[tid][3]
        if m in K4_SMALL_ROWS and K != 4:
            pytest.skip("K3/K5 take exl3_gemm_mr from 17 rows only")
>       w = weights(tid)
            ^^^^^^^^^^^^

tests/gpu/test_exl3_mr.py:121: 
_ _ _ _ _ _ _ _ _ _ _ _ _ _ _ _ _ _ _ _ _ _ _ _ _ _ _ _ _ _ _ _ _ _ _ _ _ _ _ _ 
tests/gpu/test_exl3_mr.py:69: in weights
    w = C.load(torch, tid)
        ^^^^^^^^^^^^^^^^^^
_ _ _ _ _ _ _ _ _ _ _ _ _ _ _ _ _ _ _ _ _ _ _ _ _ _ _ _ _ _ _ _ _ _ _ _ _ _ _ _ 

torch = <module 'torch' from '/workspace/kit-work/venv-cu13/lib/python3.12/site-packages/torch/__init__.py'>
tid = 'K4-oproj', device = 'cuda'

    def load(torch, tid: str, device="cuda") -> dict:
        """trellis/suh/svh (+ mcg/mul1 flags) of one checkpoint tensor, from the model's index."""
        import json
    
        from safetensors import safe_open
    
        prefix = TENSORS[tid][0]
        wm = json.loads((MODEL / "model.safetensors.index.json").read_text())["weight_map"]
        out = {"mcg": f"{prefix}.mcg" in wm, "mul1": f"{prefix}.mul1" in wm}
        for t in ("trellis", "suh", "svh"):
            with safe_open(str(MODEL / wm[f"{prefix}.{t}"]), framework="pt") as f:
>               out[t] = f.get_tensor(f"{prefix}.{t}").to(device).contiguous()
                         ^^^^^^^^^^^^^^^^^^^^^^^^^^^^^^^^^^^^^^^^
E               torch.OutOfMemoryError: CUDA out of memory. Tried to allocate 16.00 MiB. GPU 0 has a total capacity of 7.66 GiB of which 597.75 MiB is free. Including non-PyTorch memory, this process has 6.46 GiB memory in use. 6.22 GiB allowed; Of the allocated memory 6.21 GiB is allocated by PyTorch, and 2.84 MiB is reserved by PyTorch but unallocated. If reserved but unallocated memory is large try setting PYTORCH_CUDA_ALLOC_CONF=expandable_segments:True to avoid fragmentation.  See documentation for Memory Management  (https://docs.pytorch.org/docs/stable/notes/cuda.html#optimizing-memory-usage-with-pytorch-cuda-alloc-conf)

tests/gpu/exl3_cases.py:84: OutOfMemoryError
___________________ test_gemm_vs_fp64[K4-oproj-16-bf16model] ___________________

ops = <module 'vllm_exl3_plugin.ops' from '/workspace/kit/plugin-exl3/vllm_exl3_plugin/ops.py'>
tid = 'K4-oproj', m = 16, out_fp32 = True

    @pytest.mark.parametrize("out_fp32", [True, False], ids=["bf16model", "fp16model"])
    @pytest.mark.parametrize("m", MR_ROWS + K4_SMALL_ROWS)
    @pytest.mark.parametrize("tid", MR_TIDS)
    def test_gemm_vs_fp64(ops, tid, m, out_fp32):
        import torch
    
        K, n = BITS[tid], C.TENSORS[tid][3]
        if m in K4_SMALL_ROWS and K != 4:
            pytest.skip("K3/K5 take exl3_gemm_mr from 17 rows only")
>       w = weights(tid)
            ^^^^^^^^^^^^

tests/gpu/test_exl3_mr.py:121: 
_ _ _ _ _ _ _ _ _ _ _ _ _ _ _ _ _ _ _ _ _ _ _ _ _ _ _ _ _ _ _ _ _ _ _ _ _ _ _ _ 
tests/gpu/test_exl3_mr.py:69: in weights
    w = C.load(torch, tid)
        ^^^^^^^^^^^^^^^^^^
_ _ _ _ _ _ _ _ _ _ _ _ _ _ _ _ _ _ _ _ _ _ _ _ _ _ _ _ _ _ _ _ _ _ _ _ _ _ _ _ 

torch = <module 'torch' from '/workspace/kit-work/venv-cu13/lib/python3.12/site-packages/torch/__init__.py'>
tid = 'K4-oproj', device = 'cuda'

    def load(torch, tid: str, device="cuda") -> dict:
        """trellis/suh/svh (+ mcg/mul1 flags) of one checkpoint tensor, from the model's index."""
        import json
    
        from safetensors import safe_open
    
        prefix = TENSORS[tid][0]
        wm = json.loads((MODEL / "model.safetensors.index.json").read_text())["weight_map"]
        out = {"mcg": f"{prefix}.mcg" in wm, "mul1": f"{prefix}.mul1" in wm}
        for t in ("trellis", "suh", "svh"):
            with safe_open(str(MODEL / wm[f"{prefix}.{t}"]), framework="pt") as f:
>               out[t] = f.get_tensor(f"{prefix}.{t}").to(device).contiguous()
                         ^^^^^^^^^^^^^^^^^^^^^^^^^^^^^^^^^^^^^^^^
E               torch.OutOfMemoryError: CUDA out of memory. Tried to allocate 16.00 MiB. GPU 0 has a total capacity of 7.66 GiB of which 597.75 MiB is free. Including non-PyTorch memory, this process has 6.46 GiB memory in use. 6.22 GiB allowed; Of the allocated memory 6.21 GiB is allocated by PyTorch, and 2.84 MiB is reserved by PyTorch but unallocated. If reserved but unallocated memory is large try setting PYTORCH_CUDA_ALLOC_CONF=expandable_segments:True to avoid fragmentation.  See documentation for Memory Management  (https://docs.pytorch.org/docs/stable/notes/cuda.html#optimizing-memory-usage-with-pytorch-cuda-alloc-conf)

tests/gpu/exl3_cases.py:84: OutOfMemoryError
___________________ test_gemm_vs_fp64[K4-oproj-16-fp16model] ___________________

ops = <module 'vllm_exl3_plugin.ops' from '/workspace/kit/plugin-exl3/vllm_exl3_plugin/ops.py'>
tid = 'K4-oproj', m = 16, out_fp32 = False

    @pytest.mark.parametrize("out_fp32", [True, False], ids=["bf16model", "fp16model"])
    @pytest.mark.parametrize("m", MR_ROWS + K4_SMALL_ROWS)
    @pytest.mark.parametrize("tid", MR_TIDS)
    def test_gemm_vs_fp64(ops, tid, m, out_fp32):
        import torch
    
        K, n = BITS[tid], C.TENSORS[tid][3]
        if m in K4_SMALL_ROWS and K != 4:
            pytest.skip("K3/K5 take exl3_gemm_mr from 17 rows only")
>       w = weights(tid)
            ^^^^^^^^^^^^

tests/gpu/test_exl3_mr.py:121: 
_ _ _ _ _ _ _ _ _ _ _ _ _ _ _ _ _ _ _ _ _ _ _ _ _ _ _ _ _ _ _ _ _ _ _ _ _ _ _ _ 
tests/gpu/test_exl3_mr.py:69: in weights
    w = C.load(torch, tid)
        ^^^^^^^^^^^^^^^^^^
_ _ _ _ _ _ _ _ _ _ _ _ _ _ _ _ _ _ _ _ _ _ _ _ _ _ _ _ _ _ _ _ _ _ _ _ _ _ _ _ 

torch = <module 'torch' from '/workspace/kit-work/venv-cu13/lib/python3.12/site-packages/torch/__init__.py'>
tid = 'K4-oproj', device = 'cuda'

    def load(torch, tid: str, device="cuda") -> dict:
        """trellis/suh/svh (+ mcg/mul1 flags) of one checkpoint tensor, from the model's index."""
        import json
    
        from safetensors import safe_open
    
        prefix = TENSORS[tid][0]
        wm = json.loads((MODEL / "model.safetensors.index.json").read_text())["weight_map"]
        out = {"mcg": f"{prefix}.mcg" in wm, "mul1": f"{prefix}.mul1" in wm}
        for t in ("trellis", "suh", "svh"):
            with safe_open(str(MODEL / wm[f"{prefix}.{t}"]), framework="pt") as f:
>               out[t] = f.get_tensor(f"{prefix}.{t}").to(device).contiguous()
                         ^^^^^^^^^^^^^^^^^^^^^^^^^^^^^^^^^^^^^^^^
E               torch.OutOfMemoryError: CUDA out of memory. Tried to allocate 16.00 MiB. GPU 0 has a total capacity of 7.66 GiB of which 597.75 MiB is free. Including non-PyTorch memory, this process has 6.46 GiB memory in use. 6.22 GiB allowed; Of the allocated memory 6.21 GiB is allocated by PyTorch, and 2.84 MiB is reserved by PyTorch but unallocated. If reserved but unallocated memory is large try setting PYTORCH_CUDA_ALLOC_CONF=expandable_segments:True to avoid fragmentation.  See documentation for Memory Management  (https://docs.pytorch.org/docs/stable/notes/cuda.html#optimizing-memory-usage-with-pytorch-cuda-alloc-conf)

tests/gpu/exl3_cases.py:84: OutOfMemoryError
___________________ test_gemm_vs_fp64[K5-kproj-17-bf16model] ___________________

ops = <module 'vllm_exl3_plugin.ops' from '/workspace/kit/plugin-exl3/vllm_exl3_plugin/ops.py'>
tid = 'K5-kproj', m = 17, out_fp32 = True

    @pytest.mark.parametrize("out_fp32", [True, False], ids=["bf16model", "fp16model"])
    @pytest.mark.parametrize("m", MR_ROWS + K4_SMALL_ROWS)
    @pytest.mark.parametrize("tid", MR_TIDS)
    def test_gemm_vs_fp64(ops, tid, m, out_fp32):
        import torch
    
        K, n = BITS[tid], C.TENSORS[tid][3]
        if m in K4_SMALL_ROWS and K != 4:
            pytest.skip("K3/K5 take exl3_gemm_mr from 17 rows only")
>       w = weights(tid)
            ^^^^^^^^^^^^

tests/gpu/test_exl3_mr.py:121: 
_ _ _ _ _ _ _ _ _ _ _ _ _ _ _ _ _ _ _ _ _ _ _ _ _ _ _ _ _ _ _ _ _ _ _ _ _ _ _ _ 
tests/gpu/test_exl3_mr.py:69: in weights
    w = C.load(torch, tid)
        ^^^^^^^^^^^^^^^^^^
_ _ _ _ _ _ _ _ _ _ _ _ _ _ _ _ _ _ _ _ _ _ _ _ _ _ _ _ _ _ _ _ _ _ _ _ _ _ _ _ 

torch = <module 'torch' from '/workspace/kit-work/venv-cu13/lib/python3.12/site-packages/torch/__init__.py'>
tid = 'K5-kproj', device = 'cuda'

    def load(torch, tid: str, device="cuda") -> dict:
        """trellis/suh/svh (+ mcg/mul1 flags) of one checkpoint tensor, from the model's index."""
        import json
    
        from safetensors import safe_open
    
        prefix = TENSORS[tid][0]
        wm = json.loads((MODEL / "model.safetensors.index.json").read_text())["weight_map"]
        out = {"mcg": f"{prefix}.mcg" in wm, "mul1": f"{prefix}.mul1" in wm}
        for t in ("trellis", "suh", "svh"):
            with safe_open(str(MODEL / wm[f"{prefix}.{t}"]), framework="pt") as f:
>               out[t] = f.get_tensor(f"{prefix}.{t}").to(device).contiguous()
                         ^^^^^^^^^^^^^^^^^^^^^^^^^^^^^^^^^^^^^^^^
E               torch.OutOfMemoryError: CUDA out of memory. Tried to allocate 20.00 MiB. GPU 0 has a total capacity of 7.66 GiB of which 597.75 MiB is free. Including non-PyTorch memory, this process has 6.46 GiB memory in use. 6.22 GiB allowed; Of the allocated memory 6.21 GiB is allocated by PyTorch, and 2.84 MiB is reserved by PyTorch but unallocated. If reserved but unallocated memory is large try setting PYTORCH_CUDA_ALLOC_CONF=expandable_segments:True to avoid fragmentation.  See documentation for Memory Management  (https://docs.pytorch.org/docs/stable/notes/cuda.html#optimizing-memory-usage-with-pytorch-cuda-alloc-conf)

tests/gpu/exl3_cases.py:84: OutOfMemoryError
___________________ test_gemm_vs_fp64[K5-kproj-17-fp16model] ___________________

ops = <module 'vllm_exl3_plugin.ops' from '/workspace/kit/plugin-exl3/vllm_exl3_plugin/ops.py'>
tid = 'K5-kproj', m = 17, out_fp32 = False

    @pytest.mark.parametrize("out_fp32", [True, False], ids=["bf16model", "fp16model"])
    @pytest.mark.parametrize("m", MR_ROWS + K4_SMALL_ROWS)
    @pytest.mark.parametrize("tid", MR_TIDS)
    def test_gemm_vs_fp64(ops, tid, m, out_fp32):
        import torch
    
        K, n = BITS[tid], C.TENSORS[tid][3]
        if m in K4_SMALL_ROWS and K != 4:
            pytest.skip("K3/K5 take exl3_gemm_mr from 17 rows only")
>       w = weights(tid)
            ^^^^^^^^^^^^

tests/gpu/test_exl3_mr.py:121: 
_ _ _ _ _ _ _ _ _ _ _ _ _ _ _ _ _ _ _ _ _ _ _ _ _ _ _ _ _ _ _ _ _ _ _ _ _ _ _ _ 
tests/gpu/test_exl3_mr.py:69: in weights
    w = C.load(torch, tid)
        ^^^^^^^^^^^^^^^^^^
_ _ _ _ _ _ _ _ _ _ _ _ _ _ _ _ _ _ _ _ _ _ _ _ _ _ _ _ _ _ _ _ _ _ _ _ _ _ _ _ 

torch = <module 'torch' from '/workspace/kit-work/venv-cu13/lib/python3.12/site-packages/torch/__init__.py'>
tid = 'K5-kproj', device = 'cuda'

    def load(torch, tid: str, device="cuda") -> dict:
        """trellis/suh/svh (+ mcg/mul1 flags) of one checkpoint tensor, from the model's index."""
        import json
    
        from safetensors import safe_open
    
        prefix = TENSORS[tid][0]
        wm = json.loads((MODEL / "model.safetensors.index.json").read_text())["weight_map"]
        out = {"mcg": f"{prefix}.mcg" in wm, "mul1": f"{prefix}.mul1" in wm}
        for t in ("trellis", "suh", "svh"):
            with safe_open(str(MODEL / wm[f"{prefix}.{t}"]), framework="pt") as f:
>               out[t] = f.get_tensor(f"{prefix}.{t}").to(device).contiguous()
                         ^^^^^^^^^^^^^^^^^^^^^^^^^^^^^^^^^^^^^^^^
E               torch.OutOfMemoryError: CUDA out of memory. Tried to allocate 20.00 MiB. GPU 0 has a total capacity of 7.66 GiB of which 597.75 MiB is free. Including non-PyTorch memory, this process has 6.46 GiB memory in use. 6.22 GiB allowed; Of the allocated memory 6.21 GiB is allocated by PyTorch, and 2.84 MiB is reserved by PyTorch but unallocated. If reserved but unallocated memory is large try setting PYTORCH_CUDA_ALLOC_CONF=expandable_segments:True to avoid fragmentation.  See documentation for Memory Management  (https://docs.pytorch.org/docs/stable/notes/cuda.html#optimizing-memory-usage-with-pytorch-cuda-alloc-conf)

tests/gpu/exl3_cases.py:84: OutOfMemoryError
___________________ test_gemm_vs_fp64[K5-kproj-24-bf16model] ___________________

ops = <module 'vllm_exl3_plugin.ops' from '/workspace/kit/plugin-exl3/vllm_exl3_plugin/ops.py'>
tid = 'K5-kproj', m = 24, out_fp32 = True

    @pytest.mark.parametrize("out_fp32", [True, False], ids=["bf16model", "fp16model"])
    @pytest.mark.parametrize("m", MR_ROWS + K4_SMALL_ROWS)
    @pytest.mark.parametrize("tid", MR_TIDS)
    def test_gemm_vs_fp64(ops, tid, m, out_fp32):
        import torch
    
        K, n = BITS[tid], C.TENSORS[tid][3]
        if m in K4_SMALL_ROWS and K != 4:
            pytest.skip("K3/K5 take exl3_gemm_mr from 17 rows only")
>       w = weights(tid)
            ^^^^^^^^^^^^

tests/gpu/test_exl3_mr.py:121: 
_ _ _ _ _ _ _ _ _ _ _ _ _ _ _ _ _ _ _ _ _ _ _ _ _ _ _ _ _ _ _ _ _ _ _ _ _ _ _ _ 
tests/gpu/test_exl3_mr.py:69: in weights
    w = C.load(torch, tid)
        ^^^^^^^^^^^^^^^^^^
_ _ _ _ _ _ _ _ _ _ _ _ _ _ _ _ _ _ _ _ _ _ _ _ _ _ _ _ _ _ _ _ _ _ _ _ _ _ _ _ 

torch = <module 'torch' from '/workspace/kit-work/venv-cu13/lib/python3.12/site-packages/torch/__init__.py'>
tid = 'K5-kproj', device = 'cuda'

    def load(torch, tid: str, device="cuda") -> dict:
        """trellis/suh/svh (+ mcg/mul1 flags) of one checkpoint tensor, from the model's index."""
        import json
    
        from safetensors import safe_open
    
        prefix = TENSORS[tid][0]
        wm = json.loads((MODEL / "model.safetensors.index.json").read_text())["weight_map"]
        out = {"mcg": f"{prefix}.mcg" in wm, "mul1": f"{prefix}.mul1" in wm}
        for t in ("trellis", "suh", "svh"):
            with safe_open(str(MODEL / wm[f"{prefix}.{t}"]), framework="pt") as f:
>               out[t] = f.get_tensor(f"{prefix}.{t}").to(device).contiguous()
                         ^^^^^^^^^^^^^^^^^^^^^^^^^^^^^^^^^^^^^^^^
E               torch.OutOfMemoryError: CUDA out of memory. Tried to allocate 20.00 MiB. GPU 0 has a total capacity of 7.66 GiB of which 597.75 MiB is free. Including non-PyTorch memory, this process has 6.46 GiB memory in use. 6.22 GiB allowed; Of the allocated memory 6.21 GiB is allocated by PyTorch, and 2.84 MiB is reserved by PyTorch but unallocated. If reserved but unallocated memory is large try setting PYTORCH_CUDA_ALLOC_CONF=expandable_segments:True to avoid fragmentation.  See documentation for Memory Management  (https://docs.pytorch.org/docs/stable/notes/cuda.html#optimizing-memory-usage-with-pytorch-cuda-alloc-conf)

tests/gpu/exl3_cases.py:84: OutOfMemoryError
___________________ test_gemm_vs_fp64[K5-kproj-24-fp16model] ___________________

ops = <module 'vllm_exl3_plugin.ops' from '/workspace/kit/plugin-exl3/vllm_exl3_plugin/ops.py'>
tid = 'K5-kproj', m = 24, out_fp32 = False

    @pytest.mark.parametrize("out_fp32", [True, False], ids=["bf16model", "fp16model"])
    @pytest.mark.parametrize("m", MR_ROWS + K4_SMALL_ROWS)
    @pytest.mark.parametrize("tid", MR_TIDS)
    def test_gemm_vs_fp64(ops, tid, m, out_fp32):
        import torch
    
        K, n = BITS[tid], C.TENSORS[tid][3]
        if m in K4_SMALL_ROWS and K != 4:
            pytest.skip("K3/K5 take exl3_gemm_mr from 17 rows only")
>       w = weights(tid)
            ^^^^^^^^^^^^

tests/gpu/test_exl3_mr.py:121: 
_ _ _ _ _ _ _ _ _ _ _ _ _ _ _ _ _ _ _ _ _ _ _ _ _ _ _ _ _ _ _ _ _ _ _ _ _ _ _ _ 
tests/gpu/test_exl3_mr.py:69: in weights
    w = C.load(torch, tid)
        ^^^^^^^^^^^^^^^^^^
_ _ _ _ _ _ _ _ _ _ _ _ _ _ _ _ _ _ _ _ _ _ _ _ _ _ _ _ _ _ _ _ _ _ _ _ _ _ _ _ 

torch = <module 'torch' from '/workspace/kit-work/venv-cu13/lib/python3.12/site-packages/torch/__init__.py'>
tid = 'K5-kproj', device = 'cuda'

    def load(torch, tid: str, device="cuda") -> dict:
        """trellis/suh/svh (+ mcg/mul1 flags) of one checkpoint tensor, from the model's index."""
        import json
    
        from safetensors import safe_open
    
        prefix = TENSORS[tid][0]
        wm = json.loads((MODEL / "model.safetensors.index.json").read_text())["weight_map"]
        out = {"mcg": f"{prefix}.mcg" in wm, "mul1": f"{prefix}.mul1" in wm}
        for t in ("trellis", "suh", "svh"):
            with safe_open(str(MODEL / wm[f"{prefix}.{t}"]), framework="pt") as f:
>               out[t] = f.get_tensor(f"{prefix}.{t}").to(device).contiguous()
                         ^^^^^^^^^^^^^^^^^^^^^^^^^^^^^^^^^^^^^^^^
E               torch.OutOfMemoryError: CUDA out of memory. Tried to allocate 20.00 MiB. GPU 0 has a total capacity of 7.66 GiB of which 597.75 MiB is free. Including non-PyTorch memory, this process has 6.46 GiB memory in use. 6.22 GiB allowed; Of the allocated memory 6.21 GiB is allocated by PyTorch, and 2.84 MiB is reserved by PyTorch but unallocated. If reserved but unallocated memory is large try setting PYTORCH_CUDA_ALLOC_CONF=expandable_segments:True to avoid fragmentation.  See documentation for Memory Management  (https://docs.pytorch.org/docs/stable/notes/cuda.html#optimizing-memory-usage-with-pytorch-cuda-alloc-conf)

tests/gpu/exl3_cases.py:84: OutOfMemoryError
___________________ test_gemm_vs_fp64[K5-kproj-32-bf16model] ___________________

ops = <module 'vllm_exl3_plugin.ops' from '/workspace/kit/plugin-exl3/vllm_exl3_plugin/ops.py'>
tid = 'K5-kproj', m = 32, out_fp32 = True

    @pytest.mark.parametrize("out_fp32", [True, False], ids=["bf16model", "fp16model"])
    @pytest.mark.parametrize("m", MR_ROWS + K4_SMALL_ROWS)
    @pytest.mark.parametrize("tid", MR_TIDS)
    def test_gemm_vs_fp64(ops, tid, m, out_fp32):
        import torch
    
        K, n = BITS[tid], C.TENSORS[tid][3]
        if m in K4_SMALL_ROWS and K != 4:
            pytest.skip("K3/K5 take exl3_gemm_mr from 17 rows only")
>       w = weights(tid)
            ^^^^^^^^^^^^

tests/gpu/test_exl3_mr.py:121: 
_ _ _ _ _ _ _ _ _ _ _ _ _ _ _ _ _ _ _ _ _ _ _ _ _ _ _ _ _ _ _ _ _ _ _ _ _ _ _ _ 
tests/gpu/test_exl3_mr.py:69: in weights
    w = C.load(torch, tid)
        ^^^^^^^^^^^^^^^^^^
_ _ _ _ _ _ _ _ _ _ _ _ _ _ _ _ _ _ _ _ _ _ _ _ _ _ _ _ _ _ _ _ _ _ _ _ _ _ _ _ 

torch = <module 'torch' from '/workspace/kit-work/venv-cu13/lib/python3.12/site-packages/torch/__init__.py'>
tid = 'K5-kproj', device = 'cuda'

    def load(torch, tid: str, device="cuda") -> dict:
        """trellis/suh/svh (+ mcg/mul1 flags) of one checkpoint tensor, from the model's index."""
        import json
    
        from safetensors import safe_open
    
        prefix = TENSORS[tid][0]
        wm = json.loads((MODEL / "model.safetensors.index.json").read_text())["weight_map"]
        out = {"mcg": f"{prefix}.mcg" in wm, "mul1": f"{prefix}.mul1" in wm}
        for t in ("trellis", "suh", "svh"):
            with safe_open(str(MODEL / wm[f"{prefix}.{t}"]), framework="pt") as f:
>               out[t] = f.get_tensor(f"{prefix}.{t}").to(device).contiguous()
                         ^^^^^^^^^^^^^^^^^^^^^^^^^^^^^^^^^^^^^^^^
E               torch.OutOfMemoryError: CUDA out of memory. Tried to allocate 20.00 MiB. GPU 0 has a total capacity of 7.66 GiB of which 597.75 MiB is free. Including non-PyTorch memory, this process has 6.46 GiB memory in use. 6.22 GiB allowed; Of the allocated memory 6.21 GiB is allocated by PyTorch, and 2.84 MiB is reserved by PyTorch but unallocated. If reserved but unallocated memory is large try setting PYTORCH_CUDA_ALLOC_CONF=expandable_segments:True to avoid fragmentation.  See documentation for Memory Management  (https://docs.pytorch.org/docs/stable/notes/cuda.html#optimizing-memory-usage-with-pytorch-cuda-alloc-conf)

tests/gpu/exl3_cases.py:84: OutOfMemoryError
___________________ test_gemm_vs_fp64[K5-kproj-32-fp16model] ___________________

ops = <module 'vllm_exl3_plugin.ops' from '/workspace/kit/plugin-exl3/vllm_exl3_plugin/ops.py'>
tid = 'K5-kproj', m = 32, out_fp32 = False

    @pytest.mark.parametrize("out_fp32", [True, False], ids=["bf16model", "fp16model"])
    @pytest.mark.parametrize("m", MR_ROWS + K4_SMALL_ROWS)
    @pytest.mark.parametrize("tid", MR_TIDS)
    def test_gemm_vs_fp64(ops, tid, m, out_fp32):
        import torch
    
        K, n = BITS[tid], C.TENSORS[tid][3]
        if m in K4_SMALL_ROWS and K != 4:
            pytest.skip("K3/K5 take exl3_gemm_mr from 17 rows only")
>       w = weights(tid)
            ^^^^^^^^^^^^

tests/gpu/test_exl3_mr.py:121: 
_ _ _ _ _ _ _ _ _ _ _ _ _ _ _ _ _ _ _ _ _ _ _ _ _ _ _ _ _ _ _ _ _ _ _ _ _ _ _ _ 
tests/gpu/test_exl3_mr.py:69: in weights
    w = C.load(torch, tid)
        ^^^^^^^^^^^^^^^^^^
_ _ _ _ _ _ _ _ _ _ _ _ _ _ _ _ _ _ _ _ _ _ _ _ _ _ _ _ _ _ _ _ _ _ _ _ _ _ _ _ 

torch = <module 'torch' from '/workspace/kit-work/venv-cu13/lib/python3.12/site-packages/torch/__init__.py'>
tid = 'K5-kproj', device = 'cuda'

    def load(torch, tid: str, device="cuda") -> dict:
        """trellis/suh/svh (+ mcg/mul1 flags) of one checkpoint tensor, from the model's index."""
        import json
    
        from safetensors import safe_open
    
        prefix = TENSORS[tid][0]
        wm = json.loads((MODEL / "model.safetensors.index.json").read_text())["weight_map"]
        out = {"mcg": f"{prefix}.mcg" in wm, "mul1": f"{prefix}.mul1" in wm}
        for t in ("trellis", "suh", "svh"):
            with safe_open(str(MODEL / wm[f"{prefix}.{t}"]), framework="pt") as f:
>               out[t] = f.get_tensor(f"{prefix}.{t}").to(device).contiguous()
                         ^^^^^^^^^^^^^^^^^^^^^^^^^^^^^^^^^^^^^^^^
E               torch.OutOfMemoryError: CUDA out of memory. Tried to allocate 20.00 MiB. GPU 0 has a total capacity of 7.66 GiB of which 597.75 MiB is free. Including non-PyTorch memory, this process has 6.46 GiB memory in use. 6.22 GiB allowed; Of the allocated memory 6.21 GiB is allocated by PyTorch, and 2.84 MiB is reserved by PyTorch but unallocated. If reserved but unallocated memory is large try setting PYTORCH_CUDA_ALLOC_CONF=expandable_segments:True to avoid fragmentation.  See documentation for Memory Management  (https://docs.pytorch.org/docs/stable/notes/cuda.html#optimizing-memory-usage-with-pytorch-cuda-alloc-conf)

tests/gpu/exl3_cases.py:84: OutOfMemoryError
___________________ test_gemm_vs_fp64[K5-kproj-48-bf16model] ___________________

ops = <module 'vllm_exl3_plugin.ops' from '/workspace/kit/plugin-exl3/vllm_exl3_plugin/ops.py'>
tid = 'K5-kproj', m = 48, out_fp32 = True

    @pytest.mark.parametrize("out_fp32", [True, False], ids=["bf16model", "fp16model"])
    @pytest.mark.parametrize("m", MR_ROWS + K4_SMALL_ROWS)
    @pytest.mark.parametrize("tid", MR_TIDS)
    def test_gemm_vs_fp64(ops, tid, m, out_fp32):
        import torch
    
        K, n = BITS[tid], C.TENSORS[tid][3]
        if m in K4_SMALL_ROWS and K != 4:
            pytest.skip("K3/K5 take exl3_gemm_mr from 17 rows only")
>       w = weights(tid)
            ^^^^^^^^^^^^

tests/gpu/test_exl3_mr.py:121: 
_ _ _ _ _ _ _ _ _ _ _ _ _ _ _ _ _ _ _ _ _ _ _ _ _ _ _ _ _ _ _ _ _ _ _ _ _ _ _ _ 
tests/gpu/test_exl3_mr.py:69: in weights
    w = C.load(torch, tid)
        ^^^^^^^^^^^^^^^^^^
_ _ _ _ _ _ _ _ _ _ _ _ _ _ _ _ _ _ _ _ _ _ _ _ _ _ _ _ _ _ _ _ _ _ _ _ _ _ _ _ 

torch = <module 'torch' from '/workspace/kit-work/venv-cu13/lib/python3.12/site-packages/torch/__init__.py'>
tid = 'K5-kproj', device = 'cuda'

    def load(torch, tid: str, device="cuda") -> dict:
        """trellis/suh/svh (+ mcg/mul1 flags) of one checkpoint tensor, from the model's index."""
        import json
    
        from safetensors import safe_open
    
        prefix = TENSORS[tid][0]
        wm = json.loads((MODEL / "model.safetensors.index.json").read_text())["weight_map"]
        out = {"mcg": f"{prefix}.mcg" in wm, "mul1": f"{prefix}.mul1" in wm}
        for t in ("trellis", "suh", "svh"):
            with safe_open(str(MODEL / wm[f"{prefix}.{t}"]), framework="pt") as f:
>               out[t] = f.get_tensor(f"{prefix}.{t}").to(device).contiguous()
                         ^^^^^^^^^^^^^^^^^^^^^^^^^^^^^^^^^^^^^^^^
E               torch.OutOfMemoryError: CUDA out of memory. Tried to allocate 20.00 MiB. GPU 0 has a total capacity of 7.66 GiB of which 597.75 MiB is free. Including non-PyTorch memory, this process has 6.46 GiB memory in use. 6.22 GiB allowed; Of the allocated memory 6.21 GiB is allocated by PyTorch, and 2.84 MiB is reserved by PyTorch but unallocated. If reserved but unallocated memory is large try setting PYTORCH_CUDA_ALLOC_CONF=expandable_segments:True to avoid fragmentation.  See documentation for Memory Management  (https://docs.pytorch.org/docs/stable/notes/cuda.html#optimizing-memory-usage-with-pytorch-cuda-alloc-conf)

tests/gpu/exl3_cases.py:84: OutOfMemoryError
___________________ test_gemm_vs_fp64[K5-kproj-48-fp16model] ___________________

ops = <module 'vllm_exl3_plugin.ops' from '/workspace/kit/plugin-exl3/vllm_exl3_plugin/ops.py'>
tid = 'K5-kproj', m = 48, out_fp32 = False

    @pytest.mark.parametrize("out_fp32", [True, False], ids=["bf16model", "fp16model"])
    @pytest.mark.parametrize("m", MR_ROWS + K4_SMALL_ROWS)
    @pytest.mark.parametrize("tid", MR_TIDS)
    def test_gemm_vs_fp64(ops, tid, m, out_fp32):
        import torch
    
        K, n = BITS[tid], C.TENSORS[tid][3]
        if m in K4_SMALL_ROWS and K != 4:
            pytest.skip("K3/K5 take exl3_gemm_mr from 17 rows only")
>       w = weights(tid)
            ^^^^^^^^^^^^

tests/gpu/test_exl3_mr.py:121: 
_ _ _ _ _ _ _ _ _ _ _ _ _ _ _ _ _ _ _ _ _ _ _ _ _ _ _ _ _ _ _ _ _ _ _ _ _ _ _ _ 
tests/gpu/test_exl3_mr.py:69: in weights
    w = C.load(torch, tid)
        ^^^^^^^^^^^^^^^^^^
_ _ _ _ _ _ _ _ _ _ _ _ _ _ _ _ _ _ _ _ _ _ _ _ _ _ _ _ _ _ _ _ _ _ _ _ _ _ _ _ 

torch = <module 'torch' from '/workspace/kit-work/venv-cu13/lib/python3.12/site-packages/torch/__init__.py'>
tid = 'K5-kproj', device = 'cuda'

    def load(torch, tid: str, device="cuda") -> dict:
        """trellis/suh/svh (+ mcg/mul1 flags) of one checkpoint tensor, from the model's index."""
        import json
    
        from safetensors import safe_open
    
        prefix = TENSORS[tid][0]
        wm = json.loads((MODEL / "model.safetensors.index.json").read_text())["weight_map"]
        out = {"mcg": f"{prefix}.mcg" in wm, "mul1": f"{prefix}.mul1" in wm}
        for t in ("trellis", "suh", "svh"):
            with safe_open(str(MODEL / wm[f"{prefix}.{t}"]), framework="pt") as f:
>               out[t] = f.get_tensor(f"{prefix}.{t}").to(device).contiguous()
                         ^^^^^^^^^^^^^^^^^^^^^^^^^^^^^^^^^^^^^^^^
E               torch.OutOfMemoryError: CUDA out of memory. Tried to allocate 20.00 MiB. GPU 0 has a total capacity of 7.66 GiB of which 597.75 MiB is free. Including non-PyTorch memory, this process has 6.46 GiB memory in use. 6.22 GiB allowed; Of the allocated memory 6.21 GiB is allocated by PyTorch, and 2.84 MiB is reserved by PyTorch but unallocated. If reserved but unallocated memory is large try setting PYTORCH_CUDA_ALLOC_CONF=expandable_segments:True to avoid fragmentation.  See documentation for Memory Management  (https://docs.pytorch.org/docs/stable/notes/cuda.html#optimizing-memory-usage-with-pytorch-cuda-alloc-conf)

tests/gpu/exl3_cases.py:84: OutOfMemoryError
___________________ test_gemm_vs_fp64[K5-kproj-64-bf16model] ___________________

ops = <module 'vllm_exl3_plugin.ops' from '/workspace/kit/plugin-exl3/vllm_exl3_plugin/ops.py'>
tid = 'K5-kproj', m = 64, out_fp32 = True

    @pytest.mark.parametrize("out_fp32", [True, False], ids=["bf16model", "fp16model"])
    @pytest.mark.parametrize("m", MR_ROWS + K4_SMALL_ROWS)
    @pytest.mark.parametrize("tid", MR_TIDS)
    def test_gemm_vs_fp64(ops, tid, m, out_fp32):
        import torch
    
        K, n = BITS[tid], C.TENSORS[tid][3]
        if m in K4_SMALL_ROWS and K != 4:
            pytest.skip("K3/K5 take exl3_gemm_mr from 17 rows only")
>       w = weights(tid)
            ^^^^^^^^^^^^

tests/gpu/test_exl3_mr.py:121: 
_ _ _ _ _ _ _ _ _ _ _ _ _ _ _ _ _ _ _ _ _ _ _ _ _ _ _ _ _ _ _ _ _ _ _ _ _ _ _ _ 
tests/gpu/test_exl3_mr.py:69: in weights
    w = C.load(torch, tid)
        ^^^^^^^^^^^^^^^^^^
_ _ _ _ _ _ _ _ _ _ _ _ _ _ _ _ _ _ _ _ _ _ _ _ _ _ _ _ _ _ _ _ _ _ _ _ _ _ _ _ 

torch = <module 'torch' from '/workspace/kit-work/venv-cu13/lib/python3.12/site-packages/torch/__init__.py'>
tid = 'K5-kproj', device = 'cuda'

    def load(torch, tid: str, device="cuda") -> dict:
        """trellis/suh/svh (+ mcg/mul1 flags) of one checkpoint tensor, from the model's index."""
        import json
    
        from safetensors import safe_open
    
        prefix = TENSORS[tid][0]
        wm = json.loads((MODEL / "model.safetensors.index.json").read_text())["weight_map"]
        out = {"mcg": f"{prefix}.mcg" in wm, "mul1": f"{prefix}.mul1" in wm}
        for t in ("trellis", "suh", "svh"):
            with safe_open(str(MODEL / wm[f"{prefix}.{t}"]), framework="pt") as f:
>               out[t] = f.get_tensor(f"{prefix}.{t}").to(device).contiguous()
                         ^^^^^^^^^^^^^^^^^^^^^^^^^^^^^^^^^^^^^^^^
E               torch.OutOfMemoryError: CUDA out of memory. Tried to allocate 20.00 MiB. GPU 0 has a total capacity of 7.66 GiB of which 597.75 MiB is free. Including non-PyTorch memory, this process has 6.46 GiB memory in use. 6.22 GiB allowed; Of the allocated memory 6.21 GiB is allocated by PyTorch, and 2.84 MiB is reserved by PyTorch but unallocated. If reserved but unallocated memory is large try setting PYTORCH_CUDA_ALLOC_CONF=expandable_segments:True to avoid fragmentation.  See documentation for Memory Management  (https://docs.pytorch.org/docs/stable/notes/cuda.html#optimizing-memory-usage-with-pytorch-cuda-alloc-conf)

tests/gpu/exl3_cases.py:84: OutOfMemoryError
___________________ test_gemm_vs_fp64[K5-kproj-64-fp16model] ___________________

ops = <module 'vllm_exl3_plugin.ops' from '/workspace/kit/plugin-exl3/vllm_exl3_plugin/ops.py'>
tid = 'K5-kproj', m = 64, out_fp32 = False

    @pytest.mark.parametrize("out_fp32", [True, False], ids=["bf16model", "fp16model"])
    @pytest.mark.parametrize("m", MR_ROWS + K4_SMALL_ROWS)
    @pytest.mark.parametrize("tid", MR_TIDS)
    def test_gemm_vs_fp64(ops, tid, m, out_fp32):
        import torch
    
        K, n = BITS[tid], C.TENSORS[tid][3]
        if m in K4_SMALL_ROWS and K != 4:
            pytest.skip("K3/K5 take exl3_gemm_mr from 17 rows only")
>       w = weights(tid)
            ^^^^^^^^^^^^

tests/gpu/test_exl3_mr.py:121: 
_ _ _ _ _ _ _ _ _ _ _ _ _ _ _ _ _ _ _ _ _ _ _ _ _ _ _ _ _ _ _ _ _ _ _ _ _ _ _ _ 
tests/gpu/test_exl3_mr.py:69: in weights
    w = C.load(torch, tid)
        ^^^^^^^^^^^^^^^^^^
_ _ _ _ _ _ _ _ _ _ _ _ _ _ _ _ _ _ _ _ _ _ _ _ _ _ _ _ _ _ _ _ _ _ _ _ _ _ _ _ 

torch = <module 'torch' from '/workspace/kit-work/venv-cu13/lib/python3.12/site-packages/torch/__init__.py'>
tid = 'K5-kproj', device = 'cuda'

    def load(torch, tid: str, device="cuda") -> dict:
        """trellis/suh/svh (+ mcg/mul1 flags) of one checkpoint tensor, from the model's index."""
        import json
    
        from safetensors import safe_open
    
        prefix = TENSORS[tid][0]
        wm = json.loads((MODEL / "model.safetensors.index.json").read_text())["weight_map"]
        out = {"mcg": f"{prefix}.mcg" in wm, "mul1": f"{prefix}.mul1" in wm}
        for t in ("trellis", "suh", "svh"):
            with safe_open(str(MODEL / wm[f"{prefix}.{t}"]), framework="pt") as f:
>               out[t] = f.get_tensor(f"{prefix}.{t}").to(device).contiguous()
                         ^^^^^^^^^^^^^^^^^^^^^^^^^^^^^^^^^^^^^^^^
E               torch.OutOfMemoryError: CUDA out of memory. Tried to allocate 20.00 MiB. GPU 0 has a total capacity of 7.66 GiB of which 597.75 MiB is free. Including non-PyTorch memory, this process has 6.46 GiB memory in use. 6.22 GiB allowed; Of the allocated memory 6.21 GiB is allocated by PyTorch, and 2.84 MiB is reserved by PyTorch but unallocated. If reserved but unallocated memory is large try setting PYTORCH_CUDA_ALLOC_CONF=expandable_segments:True to avoid fragmentation.  See documentation for Memory Management  (https://docs.pytorch.org/docs/stable/notes/cuda.html#optimizing-memory-usage-with-pytorch-cuda-alloc-conf)

tests/gpu/exl3_cases.py:84: OutOfMemoryError
___________________ test_gemm_vs_fp64[K5-kproj-96-bf16model] ___________________

ops = <module 'vllm_exl3_plugin.ops' from '/workspace/kit/plugin-exl3/vllm_exl3_plugin/ops.py'>
tid = 'K5-kproj', m = 96, out_fp32 = True

    @pytest.mark.parametrize("out_fp32", [True, False], ids=["bf16model", "fp16model"])
    @pytest.mark.parametrize("m", MR_ROWS + K4_SMALL_ROWS)
    @pytest.mark.parametrize("tid", MR_TIDS)
    def test_gemm_vs_fp64(ops, tid, m, out_fp32):
        import torch
    
        K, n = BITS[tid], C.TENSORS[tid][3]
        if m in K4_SMALL_ROWS and K != 4:
            pytest.skip("K3/K5 take exl3_gemm_mr from 17 rows only")
>       w = weights(tid)
            ^^^^^^^^^^^^

tests/gpu/test_exl3_mr.py:121: 
_ _ _ _ _ _ _ _ _ _ _ _ _ _ _ _ _ _ _ _ _ _ _ _ _ _ _ _ _ _ _ _ _ _ _ _ _ _ _ _ 
tests/gpu/test_exl3_mr.py:69: in weights
    w = C.load(torch, tid)
        ^^^^^^^^^^^^^^^^^^
_ _ _ _ _ _ _ _ _ _ _ _ _ _ _ _ _ _ _ _ _ _ _ _ _ _ _ _ _ _ _ _ _ _ _ _ _ _ _ _ 

torch = <module 'torch' from '/workspace/kit-work/venv-cu13/lib/python3.12/site-packages/torch/__init__.py'>
tid = 'K5-kproj', device = 'cuda'

    def load(torch, tid: str, device="cuda") -> dict:
        """trellis/suh/svh (+ mcg/mul1 flags) of one checkpoint tensor, from the model's index."""
        import json
    
        from safetensors import safe_open
    
        prefix = TENSORS[tid][0]
        wm = json.loads((MODEL / "model.safetensors.index.json").read_text())["weight_map"]
        out = {"mcg": f"{prefix}.mcg" in wm, "mul1": f"{prefix}.mul1" in wm}
        for t in ("trellis", "suh", "svh"):
            with safe_open(str(MODEL / wm[f"{prefix}.{t}"]), framework="pt") as f:
>               out[t] = f.get_tensor(f"{prefix}.{t}").to(device).contiguous()
                         ^^^^^^^^^^^^^^^^^^^^^^^^^^^^^^^^^^^^^^^^
E               torch.OutOfMemoryError: CUDA out of memory. Tried to allocate 20.00 MiB. GPU 0 has a total capacity of 7.66 GiB of which 597.75 MiB is free. Including non-PyTorch memory, this process has 6.46 GiB memory in use. 6.22 GiB allowed; Of the allocated memory 6.21 GiB is allocated by PyTorch, and 2.84 MiB is reserved by PyTorch but unallocated. If reserved but unallocated memory is large try setting PYTORCH_CUDA_ALLOC_CONF=expandable_segments:True to avoid fragmentation.  See documentation for Memory Management  (https://docs.pytorch.org/docs/stable/notes/cuda.html#optimizing-memory-usage-with-pytorch-cuda-alloc-conf)

tests/gpu/exl3_cases.py:84: OutOfMemoryError
___________________ test_gemm_vs_fp64[K5-kproj-96-fp16model] ___________________

ops = <module 'vllm_exl3_plugin.ops' from '/workspace/kit/plugin-exl3/vllm_exl3_plugin/ops.py'>
tid = 'K5-kproj', m = 96, out_fp32 = False

    @pytest.mark.parametrize("out_fp32", [True, False], ids=["bf16model", "fp16model"])
    @pytest.mark.parametrize("m", MR_ROWS + K4_SMALL_ROWS)
    @pytest.mark.parametrize("tid", MR_TIDS)
    def test_gemm_vs_fp64(ops, tid, m, out_fp32):
        import torch
    
        K, n = BITS[tid], C.TENSORS[tid][3]
        if m in K4_SMALL_ROWS and K != 4:
            pytest.skip("K3/K5 take exl3_gemm_mr from 17 rows only")
>       w = weights(tid)
            ^^^^^^^^^^^^

tests/gpu/test_exl3_mr.py:121: 
_ _ _ _ _ _ _ _ _ _ _ _ _ _ _ _ _ _ _ _ _ _ _ _ _ _ _ _ _ _ _ _ _ _ _ _ _ _ _ _ 
tests/gpu/test_exl3_mr.py:69: in weights
    w = C.load(torch, tid)
        ^^^^^^^^^^^^^^^^^^
_ _ _ _ _ _ _ _ _ _ _ _ _ _ _ _ _ _ _ _ _ _ _ _ _ _ _ _ _ _ _ _ _ _ _ _ _ _ _ _ 

torch = <module 'torch' from '/workspace/kit-work/venv-cu13/lib/python3.12/site-packages/torch/__init__.py'>
tid = 'K5-kproj', device = 'cuda'

    def load(torch, tid: str, device="cuda") -> dict:
        """trellis/suh/svh (+ mcg/mul1 flags) of one checkpoint tensor, from the model's index."""
        import json
    
        from safetensors import safe_open
    
        prefix = TENSORS[tid][0]
        wm = json.loads((MODEL / "model.safetensors.index.json").read_text())["weight_map"]
        out = {"mcg": f"{prefix}.mcg" in wm, "mul1": f"{prefix}.mul1" in wm}
        for t in ("trellis", "suh", "svh"):
            with safe_open(str(MODEL / wm[f"{prefix}.{t}"]), framework="pt") as f:
>               out[t] = f.get_tensor(f"{prefix}.{t}").to(device).contiguous()
                         ^^^^^^^^^^^^^^^^^^^^^^^^^^^^^^^^^^^^^^^^
E               torch.OutOfMemoryError: CUDA out of memory. Tried to allocate 20.00 MiB. GPU 0 has a total capacity of 7.66 GiB of which 597.75 MiB is free. Including non-PyTorch memory, this process has 6.46 GiB memory in use. 6.22 GiB allowed; Of the allocated memory 6.21 GiB is allocated by PyTorch, and 2.84 MiB is reserved by PyTorch but unallocated. If reserved but unallocated memory is large try setting PYTORCH_CUDA_ALLOC_CONF=expandable_segments:True to avoid fragmentation.  See documentation for Memory Management  (https://docs.pytorch.org/docs/stable/notes/cuda.html#optimizing-memory-usage-with-pytorch-cuda-alloc-conf)

tests/gpu/exl3_cases.py:84: OutOfMemoryError
__________________ test_gemm_vs_fp64[K5-kproj-144-bf16model] ___________________

ops = <module 'vllm_exl3_plugin.ops' from '/workspace/kit/plugin-exl3/vllm_exl3_plugin/ops.py'>
tid = 'K5-kproj', m = 144, out_fp32 = True

    @pytest.mark.parametrize("out_fp32", [True, False], ids=["bf16model", "fp16model"])
    @pytest.mark.parametrize("m", MR_ROWS + K4_SMALL_ROWS)
    @pytest.mark.parametrize("tid", MR_TIDS)
    def test_gemm_vs_fp64(ops, tid, m, out_fp32):
        import torch
    
        K, n = BITS[tid], C.TENSORS[tid][3]
        if m in K4_SMALL_ROWS and K != 4:
            pytest.skip("K3/K5 take exl3_gemm_mr from 17 rows only")
>       w = weights(tid)
            ^^^^^^^^^^^^

tests/gpu/test_exl3_mr.py:121: 
_ _ _ _ _ _ _ _ _ _ _ _ _ _ _ _ _ _ _ _ _ _ _ _ _ _ _ _ _ _ _ _ _ _ _ _ _ _ _ _ 
tests/gpu/test_exl3_mr.py:69: in weights
    w = C.load(torch, tid)
        ^^^^^^^^^^^^^^^^^^
_ _ _ _ _ _ _ _ _ _ _ _ _ _ _ _ _ _ _ _ _ _ _ _ _ _ _ _ _ _ _ _ _ _ _ _ _ _ _ _ 

torch = <module 'torch' from '/workspace/kit-work/venv-cu13/lib/python3.12/site-packages/torch/__init__.py'>
tid = 'K5-kproj', device = 'cuda'

    def load(torch, tid: str, device="cuda") -> dict:
        """trellis/suh/svh (+ mcg/mul1 flags) of one checkpoint tensor, from the model's index."""
        import json
    
        from safetensors import safe_open
    
        prefix = TENSORS[tid][0]
        wm = json.loads((MODEL / "model.safetensors.index.json").read_text())["weight_map"]
        out = {"mcg": f"{prefix}.mcg" in wm, "mul1": f"{prefix}.mul1" in wm}
        for t in ("trellis", "suh", "svh"):
            with safe_open(str(MODEL / wm[f"{prefix}.{t}"]), framework="pt") as f:
>               out[t] = f.get_tensor(f"{prefix}.{t}").to(device).contiguous()
                         ^^^^^^^^^^^^^^^^^^^^^^^^^^^^^^^^^^^^^^^^
E               torch.OutOfMemoryError: CUDA out of memory. Tried to allocate 20.00 MiB. GPU 0 has a total capacity of 7.66 GiB of which 597.75 MiB is free. Including non-PyTorch memory, this process has 6.46 GiB memory in use. 6.22 GiB allowed; Of the allocated memory 6.21 GiB is allocated by PyTorch, and 2.84 MiB is reserved by PyTorch but unallocated. If reserved but unallocated memory is large try setting PYTORCH_CUDA_ALLOC_CONF=expandable_segments:True to avoid fragmentation.  See documentation for Memory Management  (https://docs.pytorch.org/docs/stable/notes/cuda.html#optimizing-memory-usage-with-pytorch-cuda-alloc-conf)

tests/gpu/exl3_cases.py:84: OutOfMemoryError
__________________ test_gemm_vs_fp64[K5-kproj-144-fp16model] ___________________

ops = <module 'vllm_exl3_plugin.ops' from '/workspace/kit/plugin-exl3/vllm_exl3_plugin/ops.py'>
tid = 'K5-kproj', m = 144, out_fp32 = False

    @pytest.mark.parametrize("out_fp32", [True, False], ids=["bf16model", "fp16model"])
    @pytest.mark.parametrize("m", MR_ROWS + K4_SMALL_ROWS)
    @pytest.mark.parametrize("tid", MR_TIDS)
    def test_gemm_vs_fp64(ops, tid, m, out_fp32):
        import torch
    
        K, n = BITS[tid], C.TENSORS[tid][3]
        if m in K4_SMALL_ROWS and K != 4:
            pytest.skip("K3/K5 take exl3_gemm_mr from 17 rows only")
>       w = weights(tid)
            ^^^^^^^^^^^^

tests/gpu/test_exl3_mr.py:121: 
_ _ _ _ _ _ _ _ _ _ _ _ _ _ _ _ _ _ _ _ _ _ _ _ _ _ _ _ _ _ _ _ _ _ _ _ _ _ _ _ 
tests/gpu/test_exl3_mr.py:69: in weights
    w = C.load(torch, tid)
        ^^^^^^^^^^^^^^^^^^
_ _ _ _ _ _ _ _ _ _ _ _ _ _ _ _ _ _ _ _ _ _ _ _ _ _ _ _ _ _ _ _ _ _ _ _ _ _ _ _ 

torch = <module 'torch' from '/workspace/kit-work/venv-cu13/lib/python3.12/site-packages/torch/__init__.py'>
tid = 'K5-kproj', device = 'cuda'

    def load(torch, tid: str, device="cuda") -> dict:
        """trellis/suh/svh (+ mcg/mul1 flags) of one checkpoint tensor, from the model's index."""
        import json
    
        from safetensors import safe_open
    
        prefix = TENSORS[tid][0]
        wm = json.loads((MODEL / "model.safetensors.index.json").read_text())["weight_map"]
        out = {"mcg": f"{prefix}.mcg" in wm, "mul1": f"{prefix}.mul1" in wm}
        for t in ("trellis", "suh", "svh"):
            with safe_open(str(MODEL / wm[f"{prefix}.{t}"]), framework="pt") as f:
>               out[t] = f.get_tensor(f"{prefix}.{t}").to(device).contiguous()
                         ^^^^^^^^^^^^^^^^^^^^^^^^^^^^^^^^^^^^^^^^
E               torch.OutOfMemoryError: CUDA out of memory. Tried to allocate 20.00 MiB. GPU 0 has a total capacity of 7.66 GiB of which 597.75 MiB is free. Including non-PyTorch memory, this process has 6.46 GiB memory in use. 6.22 GiB allowed; Of the allocated memory 6.21 GiB is allocated by PyTorch, and 2.84 MiB is reserved by PyTorch but unallocated. If reserved but unallocated memory is large try setting PYTORCH_CUDA_ALLOC_CONF=expandable_segments:True to avoid fragmentation.  See documentation for Memory Management  (https://docs.pytorch.org/docs/stable/notes/cuda.html#optimizing-memory-usage-with-pytorch-cuda-alloc-conf)

tests/gpu/exl3_cases.py:84: OutOfMemoryError
__________________ test_gemm_vs_fp64[K5-kproj-192-bf16model] ___________________

ops = <module 'vllm_exl3_plugin.ops' from '/workspace/kit/plugin-exl3/vllm_exl3_plugin/ops.py'>
tid = 'K5-kproj', m = 192, out_fp32 = True

    @pytest.mark.parametrize("out_fp32", [True, False], ids=["bf16model", "fp16model"])
    @pytest.mark.parametrize("m", MR_ROWS + K4_SMALL_ROWS)
    @pytest.mark.parametrize("tid", MR_TIDS)
    def test_gemm_vs_fp64(ops, tid, m, out_fp32):
        import torch
    
        K, n = BITS[tid], C.TENSORS[tid][3]
        if m in K4_SMALL_ROWS and K != 4:
            pytest.skip("K3/K5 take exl3_gemm_mr from 17 rows only")
>       w = weights(tid)
            ^^^^^^^^^^^^

tests/gpu/test_exl3_mr.py:121: 
_ _ _ _ _ _ _ _ _ _ _ _ _ _ _ _ _ _ _ _ _ _ _ _ _ _ _ _ _ _ _ _ _ _ _ _ _ _ _ _ 
tests/gpu/test_exl3_mr.py:69: in weights
    w = C.load(torch, tid)
        ^^^^^^^^^^^^^^^^^^
_ _ _ _ _ _ _ _ _ _ _ _ _ _ _ _ _ _ _ _ _ _ _ _ _ _ _ _ _ _ _ _ _ _ _ _ _ _ _ _ 

torch = <module 'torch' from '/workspace/kit-work/venv-cu13/lib/python3.12/site-packages/torch/__init__.py'>
tid = 'K5-kproj', device = 'cuda'

    def load(torch, tid: str, device="cuda") -> dict:
        """trellis/suh/svh (+ mcg/mul1 flags) of one checkpoint tensor, from the model's index."""
        import json
    
        from safetensors import safe_open
    
        prefix = TENSORS[tid][0]
        wm = json.loads((MODEL / "model.safetensors.index.json").read_text())["weight_map"]
        out = {"mcg": f"{prefix}.mcg" in wm, "mul1": f"{prefix}.mul1" in wm}
        for t in ("trellis", "suh", "svh"):
            with safe_open(str(MODEL / wm[f"{prefix}.{t}"]), framework="pt") as f:
>               out[t] = f.get_tensor(f"{prefix}.{t}").to(device).contiguous()
                         ^^^^^^^^^^^^^^^^^^^^^^^^^^^^^^^^^^^^^^^^
E               torch.OutOfMemoryError: CUDA out of memory. Tried to allocate 20.00 MiB. GPU 0 has a total capacity of 7.66 GiB of which 597.75 MiB is free. Including non-PyTorch memory, this process has 6.46 GiB memory in use. 6.22 GiB allowed; Of the allocated memory 6.21 GiB is allocated by PyTorch, and 2.84 MiB is reserved by PyTorch but unallocated. If reserved but unallocated memory is large try setting PYTORCH_CUDA_ALLOC_CONF=expandable_segments:True to avoid fragmentation.  See documentation for Memory Management  (https://docs.pytorch.org/docs/stable/notes/cuda.html#optimizing-memory-usage-with-pytorch-cuda-alloc-conf)

tests/gpu/exl3_cases.py:84: OutOfMemoryError
__________________ test_gemm_vs_fp64[K5-kproj-192-fp16model] ___________________

ops = <module 'vllm_exl3_plugin.ops' from '/workspace/kit/plugin-exl3/vllm_exl3_plugin/ops.py'>
tid = 'K5-kproj', m = 192, out_fp32 = False

    @pytest.mark.parametrize("out_fp32", [True, False], ids=["bf16model", "fp16model"])
    @pytest.mark.parametrize("m", MR_ROWS + K4_SMALL_ROWS)
    @pytest.mark.parametrize("tid", MR_TIDS)
    def test_gemm_vs_fp64(ops, tid, m, out_fp32):
        import torch
    
        K, n = BITS[tid], C.TENSORS[tid][3]
        if m in K4_SMALL_ROWS and K != 4:
            pytest.skip("K3/K5 take exl3_gemm_mr from 17 rows only")
>       w = weights(tid)
            ^^^^^^^^^^^^

tests/gpu/test_exl3_mr.py:121: 
_ _ _ _ _ _ _ _ _ _ _ _ _ _ _ _ _ _ _ _ _ _ _ _ _ _ _ _ _ _ _ _ _ _ _ _ _ _ _ _ 
tests/gpu/test_exl3_mr.py:69: in weights
    w = C.load(torch, tid)
        ^^^^^^^^^^^^^^^^^^
_ _ _ _ _ _ _ _ _ _ _ _ _ _ _ _ _ _ _ _ _ _ _ _ _ _ _ _ _ _ _ _ _ _ _ _ _ _ _ _ 

torch = <module 'torch' from '/workspace/kit-work/venv-cu13/lib/python3.12/site-packages/torch/__init__.py'>
tid = 'K5-kproj', device = 'cuda'

    def load(torch, tid: str, device="cuda") -> dict:
        """trellis/suh/svh (+ mcg/mul1 flags) of one checkpoint tensor, from the model's index."""
        import json
    
        from safetensors import safe_open
    
        prefix = TENSORS[tid][0]
        wm = json.loads((MODEL / "model.safetensors.index.json").read_text())["weight_map"]
        out = {"mcg": f"{prefix}.mcg" in wm, "mul1": f"{prefix}.mul1" in wm}
        for t in ("trellis", "suh", "svh"):
            with safe_open(str(MODEL / wm[f"{prefix}.{t}"]), framework="pt") as f:
>               out[t] = f.get_tensor(f"{prefix}.{t}").to(device).contiguous()
                         ^^^^^^^^^^^^^^^^^^^^^^^^^^^^^^^^^^^^^^^^
E               torch.OutOfMemoryError: CUDA out of memory. Tried to allocate 20.00 MiB. GPU 0 has a total capacity of 7.66 GiB of which 597.75 MiB is free. Including non-PyTorch memory, this process has 6.46 GiB memory in use. 6.22 GiB allowed; Of the allocated memory 6.21 GiB is allocated by PyTorch, and 2.84 MiB is reserved by PyTorch but unallocated. If reserved but unallocated memory is large try setting PYTORCH_CUDA_ALLOC_CONF=expandable_segments:True to avoid fragmentation.  See documentation for Memory Management  (https://docs.pytorch.org/docs/stable/notes/cuda.html#optimizing-memory-usage-with-pytorch-cuda-alloc-conf)

tests/gpu/exl3_cases.py:84: OutOfMemoryError
__________________ test_gemm_vs_fp64[K5-kproj-384-bf16model] ___________________

ops = <module 'vllm_exl3_plugin.ops' from '/workspace/kit/plugin-exl3/vllm_exl3_plugin/ops.py'>
tid = 'K5-kproj', m = 384, out_fp32 = True

    @pytest.mark.parametrize("out_fp32", [True, False], ids=["bf16model", "fp16model"])
    @pytest.mark.parametrize("m", MR_ROWS + K4_SMALL_ROWS)
    @pytest.mark.parametrize("tid", MR_TIDS)
    def test_gemm_vs_fp64(ops, tid, m, out_fp32):
        import torch
    
        K, n = BITS[tid], C.TENSORS[tid][3]
        if m in K4_SMALL_ROWS and K != 4:
            pytest.skip("K3/K5 take exl3_gemm_mr from 17 rows only")
>       w = weights(tid)
            ^^^^^^^^^^^^

tests/gpu/test_exl3_mr.py:121: 
_ _ _ _ _ _ _ _ _ _ _ _ _ _ _ _ _ _ _ _ _ _ _ _ _ _ _ _ _ _ _ _ _ _ _ _ _ _ _ _ 
tests/gpu/test_exl3_mr.py:69: in weights
    w = C.load(torch, tid)
        ^^^^^^^^^^^^^^^^^^
_ _ _ _ _ _ _ _ _ _ _ _ _ _ _ _ _ _ _ _ _ _ _ _ _ _ _ _ _ _ _ _ _ _ _ _ _ _ _ _ 

torch = <module 'torch' from '/workspace/kit-work/venv-cu13/lib/python3.12/site-packages/torch/__init__.py'>
tid = 'K5-kproj', device = 'cuda'

    def load(torch, tid: str, device="cuda") -> dict:
        """trellis/suh/svh (+ mcg/mul1 flags) of one checkpoint tensor, from the model's index."""
        import json
    
        from safetensors import safe_open
    
        prefix = TENSORS[tid][0]
        wm = json.loads((MODEL / "model.safetensors.index.json").read_text())["weight_map"]
        out = {"mcg": f"{prefix}.mcg" in wm, "mul1": f"{prefix}.mul1" in wm}
        for t in ("trellis", "suh", "svh"):
            with safe_open(str(MODEL / wm[f"{prefix}.{t}"]), framework="pt") as f:
>               out[t] = f.get_tensor(f"{prefix}.{t}").to(device).contiguous()
                         ^^^^^^^^^^^^^^^^^^^^^^^^^^^^^^^^^^^^^^^^
E               torch.OutOfMemoryError: CUDA out of memory. Tried to allocate 20.00 MiB. GPU 0 has a total capacity of 7.66 GiB of which 597.75 MiB is free. Including non-PyTorch memory, this process has 6.46 GiB memory in use. 6.22 GiB allowed; Of the allocated memory 6.21 GiB is allocated by PyTorch, and 2.84 MiB is reserved by PyTorch but unallocated. If reserved but unallocated memory is large try setting PYTORCH_CUDA_ALLOC_CONF=expandable_segments:True to avoid fragmentation.  See documentation for Memory Management  (https://docs.pytorch.org/docs/stable/notes/cuda.html#optimizing-memory-usage-with-pytorch-cuda-alloc-conf)

tests/gpu/exl3_cases.py:84: OutOfMemoryError
__________________ test_gemm_vs_fp64[K5-kproj-384-fp16model] ___________________

ops = <module 'vllm_exl3_plugin.ops' from '/workspace/kit/plugin-exl3/vllm_exl3_plugin/ops.py'>
tid = 'K5-kproj', m = 384, out_fp32 = False

    @pytest.mark.parametrize("out_fp32", [True, False], ids=["bf16model", "fp16model"])
    @pytest.mark.parametrize("m", MR_ROWS + K4_SMALL_ROWS)
    @pytest.mark.parametrize("tid", MR_TIDS)
    def test_gemm_vs_fp64(ops, tid, m, out_fp32):
        import torch
    
        K, n = BITS[tid], C.TENSORS[tid][3]
        if m in K4_SMALL_ROWS and K != 4:
            pytest.skip("K3/K5 take exl3_gemm_mr from 17 rows only")
>       w = weights(tid)
            ^^^^^^^^^^^^

tests/gpu/test_exl3_mr.py:121: 
_ _ _ _ _ _ _ _ _ _ _ _ _ _ _ _ _ _ _ _ _ _ _ _ _ _ _ _ _ _ _ _ _ _ _ _ _ _ _ _ 
tests/gpu/test_exl3_mr.py:69: in weights
    w = C.load(torch, tid)
        ^^^^^^^^^^^^^^^^^^
_ _ _ _ _ _ _ _ _ _ _ _ _ _ _ _ _ _ _ _ _ _ _ _ _ _ _ _ _ _ _ _ _ _ _ _ _ _ _ _ 

torch = <module 'torch' from '/workspace/kit-work/venv-cu13/lib/python3.12/site-packages/torch/__init__.py'>
tid = 'K5-kproj', device = 'cuda'

    def load(torch, tid: str, device="cuda") -> dict:
        """trellis/suh/svh (+ mcg/mul1 flags) of one checkpoint tensor, from the model's index."""
        import json
    
        from safetensors import safe_open
    
        prefix = TENSORS[tid][0]
        wm = json.loads((MODEL / "model.safetensors.index.json").read_text())["weight_map"]
        out = {"mcg": f"{prefix}.mcg" in wm, "mul1": f"{prefix}.mul1" in wm}
        for t in ("trellis", "suh", "svh"):
            with safe_open(str(MODEL / wm[f"{prefix}.{t}"]), framework="pt") as f:
>               out[t] = f.get_tensor(f"{prefix}.{t}").to(device).contiguous()
                         ^^^^^^^^^^^^^^^^^^^^^^^^^^^^^^^^^^^^^^^^
E               torch.OutOfMemoryError: CUDA out of memory. Tried to allocate 20.00 MiB. GPU 0 has a total capacity of 7.66 GiB of which 597.75 MiB is free. Including non-PyTorch memory, this process has 6.46 GiB memory in use. 6.22 GiB allowed; Of the allocated memory 6.21 GiB is allocated by PyTorch, and 2.84 MiB is reserved by PyTorch but unallocated. If reserved but unallocated memory is large try setting PYTORCH_CUDA_ALLOC_CONF=expandable_segments:True to avoid fragmentation.  See documentation for Memory Management  (https://docs.pytorch.org/docs/stable/notes/cuda.html#optimizing-memory-usage-with-pytorch-cuda-alloc-conf)

tests/gpu/exl3_cases.py:84: OutOfMemoryError
__________________ test_gemm_vs_fp64[K4-lmhead-17-bf16model] ___________________

ops = <module 'vllm_exl3_plugin.ops' from '/workspace/kit/plugin-exl3/vllm_exl3_plugin/ops.py'>
tid = 'K4-lmhead', m = 17, out_fp32 = True

    @pytest.mark.parametrize("out_fp32", [True, False], ids=["bf16model", "fp16model"])
    @pytest.mark.parametrize("m", MR_ROWS + K4_SMALL_ROWS)
    @pytest.mark.parametrize("tid", MR_TIDS)
    def test_gemm_vs_fp64(ops, tid, m, out_fp32):
        import torch
    
        K, n = BITS[tid], C.TENSORS[tid][3]
        if m in K4_SMALL_ROWS and K != 4:
            pytest.skip("K3/K5 take exl3_gemm_mr from 17 rows only")
>       w = weights(tid)
            ^^^^^^^^^^^^

tests/gpu/test_exl3_mr.py:121: 
_ _ _ _ _ _ _ _ _ _ _ _ _ _ _ _ _ _ _ _ _ _ _ _ _ _ _ _ _ _ _ _ _ _ _ _ _ _ _ _ 
tests/gpu/test_exl3_mr.py:69: in weights
    w = C.load(torch, tid)
        ^^^^^^^^^^^^^^^^^^
_ _ _ _ _ _ _ _ _ _ _ _ _ _ _ _ _ _ _ _ _ _ _ _ _ _ _ _ _ _ _ _ _ _ _ _ _ _ _ _ 

torch = <module 'torch' from '/workspace/kit-work/venv-cu13/lib/python3.12/site-packages/torch/__init__.py'>
tid = 'K4-lmhead', device = 'cuda'

    def load(torch, tid: str, device="cuda") -> dict:
        """trellis/suh/svh (+ mcg/mul1 flags) of one checkpoint tensor, from the model's index."""
        import json
    
        from safetensors import safe_open
    
        prefix = TENSORS[tid][0]
        wm = json.loads((MODEL / "model.safetensors.index.json").read_text())["weight_map"]
        out = {"mcg": f"{prefix}.mcg" in wm, "mul1": f"{prefix}.mul1" in wm}
        for t in ("trellis", "suh", "svh"):
            with safe_open(str(MODEL / wm[f"{prefix}.{t}"]), framework="pt") as f:
>               out[t] = f.get_tensor(f"{prefix}.{t}").to(device).contiguous()
                         ^^^^^^^^^^^^^^^^^^^^^^^^^^^^^^^^^^^^^^^^
E               torch.OutOfMemoryError: CUDA out of memory. Tried to allocate 608.00 MiB. GPU 0 has a total capacity of 7.66 GiB of which 597.75 MiB is free. Including non-PyTorch memory, this process has 6.46 GiB memory in use. 6.22 GiB allowed; Of the allocated memory 6.21 GiB is allocated by PyTorch, and 2.84 MiB is reserved by PyTorch but unallocated. If reserved but unallocated memory is large try setting PYTORCH_CUDA_ALLOC_CONF=expandable_segments:True to avoid fragmentation.  See documentation for Memory Management  (https://docs.pytorch.org/docs/stable/notes/cuda.html#optimizing-memory-usage-with-pytorch-cuda-alloc-conf)

tests/gpu/exl3_cases.py:84: OutOfMemoryError
__________________ test_gemm_vs_fp64[K4-lmhead-17-fp16model] ___________________

ops = <module 'vllm_exl3_plugin.ops' from '/workspace/kit/plugin-exl3/vllm_exl3_plugin/ops.py'>
tid = 'K4-lmhead', m = 17, out_fp32 = False

    @pytest.mark.parametrize("out_fp32", [True, False], ids=["bf16model", "fp16model"])
    @pytest.mark.parametrize("m", MR_ROWS + K4_SMALL_ROWS)
    @pytest.mark.parametrize("tid", MR_TIDS)
    def test_gemm_vs_fp64(ops, tid, m, out_fp32):
        import torch
    
        K, n = BITS[tid], C.TENSORS[tid][3]
        if m in K4_SMALL_ROWS and K != 4:
            pytest.skip("K3/K5 take exl3_gemm_mr from 17 rows only")
>       w = weights(tid)
            ^^^^^^^^^^^^

tests/gpu/test_exl3_mr.py:121: 
_ _ _ _ _ _ _ _ _ _ _ _ _ _ _ _ _ _ _ _ _ _ _ _ _ _ _ _ _ _ _ _ _ _ _ _ _ _ _ _ 
tests/gpu/test_exl3_mr.py:69: in weights
    w = C.load(torch, tid)
        ^^^^^^^^^^^^^^^^^^
_ _ _ _ _ _ _ _ _ _ _ _ _ _ _ _ _ _ _ _ _ _ _ _ _ _ _ _ _ _ _ _ _ _ _ _ _ _ _ _ 

torch = <module 'torch' from '/workspace/kit-work/venv-cu13/lib/python3.12/site-packages/torch/__init__.py'>
tid = 'K4-lmhead', device = 'cuda'

    def load(torch, tid: str, device="cuda") -> dict:
        """trellis/suh/svh (+ mcg/mul1 flags) of one checkpoint tensor, from the model's index."""
        import json
    
        from safetensors import safe_open
    
        prefix = TENSORS[tid][0]
        wm = json.loads((MODEL / "model.safetensors.index.json").read_text())["weight_map"]
        out = {"mcg": f"{prefix}.mcg" in wm, "mul1": f"{prefix}.mul1" in wm}
        for t in ("trellis", "suh", "svh"):
            with safe_open(str(MODEL / wm[f"{prefix}.{t}"]), framework="pt") as f:
>               out[t] = f.get_tensor(f"{prefix}.{t}").to(device).contiguous()
                         ^^^^^^^^^^^^^^^^^^^^^^^^^^^^^^^^^^^^^^^^
E               torch.OutOfMemoryError: CUDA out of memory. Tried to allocate 608.00 MiB. GPU 0 has a total capacity of 7.66 GiB of which 597.75 MiB is free. Including non-PyTorch memory, this process has 6.46 GiB memory in use. 6.22 GiB allowed; Of the allocated memory 6.21 GiB is allocated by PyTorch, and 2.84 MiB is reserved by PyTorch but unallocated. If reserved but unallocated memory is large try setting PYTORCH_CUDA_ALLOC_CONF=expandable_segments:True to avoid fragmentation.  See documentation for Memory Management  (https://docs.pytorch.org/docs/stable/notes/cuda.html#optimizing-memory-usage-with-pytorch-cuda-alloc-conf)

tests/gpu/exl3_cases.py:84: OutOfMemoryError
__________________ test_gemm_vs_fp64[K4-lmhead-24-bf16model] ___________________

ops = <module 'vllm_exl3_plugin.ops' from '/workspace/kit/plugin-exl3/vllm_exl3_plugin/ops.py'>
tid = 'K4-lmhead', m = 24, out_fp32 = True

    @pytest.mark.parametrize("out_fp32", [True, False], ids=["bf16model", "fp16model"])
    @pytest.mark.parametrize("m", MR_ROWS + K4_SMALL_ROWS)
    @pytest.mark.parametrize("tid", MR_TIDS)
    def test_gemm_vs_fp64(ops, tid, m, out_fp32):
        import torch
    
        K, n = BITS[tid], C.TENSORS[tid][3]
        if m in K4_SMALL_ROWS and K != 4:
            pytest.skip("K3/K5 take exl3_gemm_mr from 17 rows only")
>       w = weights(tid)
            ^^^^^^^^^^^^

tests/gpu/test_exl3_mr.py:121: 
_ _ _ _ _ _ _ _ _ _ _ _ _ _ _ _ _ _ _ _ _ _ _ _ _ _ _ _ _ _ _ _ _ _ _ _ _ _ _ _ 
tests/gpu/test_exl3_mr.py:69: in weights
    w = C.load(torch, tid)
        ^^^^^^^^^^^^^^^^^^
_ _ _ _ _ _ _ _ _ _ _ _ _ _ _ _ _ _ _ _ _ _ _ _ _ _ _ _ _ _ _ _ _ _ _ _ _ _ _ _ 

torch = <module 'torch' from '/workspace/kit-work/venv-cu13/lib/python3.12/site-packages/torch/__init__.py'>
tid = 'K4-lmhead', device = 'cuda'

    def load(torch, tid: str, device="cuda") -> dict:
        """trellis/suh/svh (+ mcg/mul1 flags) of one checkpoint tensor, from the model's index."""
        import json
    
        from safetensors import safe_open
    
        prefix = TENSORS[tid][0]
        wm = json.loads((MODEL / "model.safetensors.index.json").read_text())["weight_map"]
        out = {"mcg": f"{prefix}.mcg" in wm, "mul1": f"{prefix}.mul1" in wm}
        for t in ("trellis", "suh", "svh"):
            with safe_open(str(MODEL / wm[f"{prefix}.{t}"]), framework="pt") as f:
>               out[t] = f.get_tensor(f"{prefix}.{t}").to(device).contiguous()
                         ^^^^^^^^^^^^^^^^^^^^^^^^^^^^^^^^^^^^^^^^
E               torch.OutOfMemoryError: CUDA out of memory. Tried to allocate 608.00 MiB. GPU 0 has a total capacity of 7.66 GiB of which 597.75 MiB is free. Including non-PyTorch memory, this process has 6.46 GiB memory in use. 6.22 GiB allowed; Of the allocated memory 6.21 GiB is allocated by PyTorch, and 2.84 MiB is reserved by PyTorch but unallocated. If reserved but unallocated memory is large try setting PYTORCH_CUDA_ALLOC_CONF=expandable_segments:True to avoid fragmentation.  See documentation for Memory Management  (https://docs.pytorch.org/docs/stable/notes/cuda.html#optimizing-memory-usage-with-pytorch-cuda-alloc-conf)

tests/gpu/exl3_cases.py:84: OutOfMemoryError
__________________ test_gemm_vs_fp64[K4-lmhead-24-fp16model] ___________________

ops = <module 'vllm_exl3_plugin.ops' from '/workspace/kit/plugin-exl3/vllm_exl3_plugin/ops.py'>
tid = 'K4-lmhead', m = 24, out_fp32 = False

    @pytest.mark.parametrize("out_fp32", [True, False], ids=["bf16model", "fp16model"])
    @pytest.mark.parametrize("m", MR_ROWS + K4_SMALL_ROWS)
    @pytest.mark.parametrize("tid", MR_TIDS)
    def test_gemm_vs_fp64(ops, tid, m, out_fp32):
        import torch
    
        K, n = BITS[tid], C.TENSORS[tid][3]
        if m in K4_SMALL_ROWS and K != 4:
            pytest.skip("K3/K5 take exl3_gemm_mr from 17 rows only")
>       w = weights(tid)
            ^^^^^^^^^^^^

tests/gpu/test_exl3_mr.py:121: 
_ _ _ _ _ _ _ _ _ _ _ _ _ _ _ _ _ _ _ _ _ _ _ _ _ _ _ _ _ _ _ _ _ _ _ _ _ _ _ _ 
tests/gpu/test_exl3_mr.py:69: in weights
    w = C.load(torch, tid)
        ^^^^^^^^^^^^^^^^^^
_ _ _ _ _ _ _ _ _ _ _ _ _ _ _ _ _ _ _ _ _ _ _ _ _ _ _ _ _ _ _ _ _ _ _ _ _ _ _ _ 

torch = <module 'torch' from '/workspace/kit-work/venv-cu13/lib/python3.12/site-packages/torch/__init__.py'>
tid = 'K4-lmhead', device = 'cuda'

    def load(torch, tid: str, device="cuda") -> dict:
        """trellis/suh/svh (+ mcg/mul1 flags) of one checkpoint tensor, from the model's index."""
        import json
    
        from safetensors import safe_open
    
        prefix = TENSORS[tid][0]
        wm = json.loads((MODEL / "model.safetensors.index.json").read_text())["weight_map"]
        out = {"mcg": f"{prefix}.mcg" in wm, "mul1": f"{prefix}.mul1" in wm}
        for t in ("trellis", "suh", "svh"):
            with safe_open(str(MODEL / wm[f"{prefix}.{t}"]), framework="pt") as f:
>               out[t] = f.get_tensor(f"{prefix}.{t}").to(device).contiguous()
                         ^^^^^^^^^^^^^^^^^^^^^^^^^^^^^^^^^^^^^^^^
E               torch.OutOfMemoryError: CUDA out of memory. Tried to allocate 608.00 MiB. GPU 0 has a total capacity of 7.66 GiB of which 597.75 MiB is free. Including non-PyTorch memory, this process has 6.46 GiB memory in use. 6.22 GiB allowed; Of the allocated memory 6.21 GiB is allocated by PyTorch, and 2.84 MiB is reserved by PyTorch but unallocated. If reserved but unallocated memory is large try setting PYTORCH_CUDA_ALLOC_CONF=expandable_segments:True to avoid fragmentation.  See documentation for Memory Management  (https://docs.pytorch.org/docs/stable/notes/cuda.html#optimizing-memory-usage-with-pytorch-cuda-alloc-conf)

tests/gpu/exl3_cases.py:84: OutOfMemoryError
__________________ test_gemm_vs_fp64[K4-lmhead-32-bf16model] ___________________

ops = <module 'vllm_exl3_plugin.ops' from '/workspace/kit/plugin-exl3/vllm_exl3_plugin/ops.py'>
tid = 'K4-lmhead', m = 32, out_fp32 = True

    @pytest.mark.parametrize("out_fp32", [True, False], ids=["bf16model", "fp16model"])
    @pytest.mark.parametrize("m", MR_ROWS + K4_SMALL_ROWS)
    @pytest.mark.parametrize("tid", MR_TIDS)
    def test_gemm_vs_fp64(ops, tid, m, out_fp32):
        import torch
    
        K, n = BITS[tid], C.TENSORS[tid][3]
        if m in K4_SMALL_ROWS and K != 4:
            pytest.skip("K3/K5 take exl3_gemm_mr from 17 rows only")
>       w = weights(tid)
            ^^^^^^^^^^^^

tests/gpu/test_exl3_mr.py:121: 
_ _ _ _ _ _ _ _ _ _ _ _ _ _ _ _ _ _ _ _ _ _ _ _ _ _ _ _ _ _ _ _ _ _ _ _ _ _ _ _ 
tests/gpu/test_exl3_mr.py:69: in weights
    w = C.load(torch, tid)
        ^^^^^^^^^^^^^^^^^^
_ _ _ _ _ _ _ _ _ _ _ _ _ _ _ _ _ _ _ _ _ _ _ _ _ _ _ _ _ _ _ _ _ _ _ _ _ _ _ _ 

torch = <module 'torch' from '/workspace/kit-work/venv-cu13/lib/python3.12/site-packages/torch/__init__.py'>
tid = 'K4-lmhead', device = 'cuda'

    def load(torch, tid: str, device="cuda") -> dict:
        """trellis/suh/svh (+ mcg/mul1 flags) of one checkpoint tensor, from the model's index."""
        import json
    
        from safetensors import safe_open
    
        prefix = TENSORS[tid][0]
        wm = json.loads((MODEL / "model.safetensors.index.json").read_text())["weight_map"]
        out = {"mcg": f"{prefix}.mcg" in wm, "mul1": f"{prefix}.mul1" in wm}
        for t in ("trellis", "suh", "svh"):
            with safe_open(str(MODEL / wm[f"{prefix}.{t}"]), framework="pt") as f:
>               out[t] = f.get_tensor(f"{prefix}.{t}").to(device).contiguous()
                         ^^^^^^^^^^^^^^^^^^^^^^^^^^^^^^^^^^^^^^^^
E               torch.OutOfMemoryError: CUDA out of memory. Tried to allocate 608.00 MiB. GPU 0 has a total capacity of 7.66 GiB of which 597.75 MiB is free. Including non-PyTorch memory, this process has 6.46 GiB memory in use. 6.22 GiB allowed; Of the allocated memory 6.21 GiB is allocated by PyTorch, and 2.84 MiB is reserved by PyTorch but unallocated. If reserved but unallocated memory is large try setting PYTORCH_CUDA_ALLOC_CONF=expandable_segments:True to avoid fragmentation.  See documentation for Memory Management  (https://docs.pytorch.org/docs/stable/notes/cuda.html#optimizing-memory-usage-with-pytorch-cuda-alloc-conf)

tests/gpu/exl3_cases.py:84: OutOfMemoryError
__________________ test_gemm_vs_fp64[K4-lmhead-32-fp16model] ___________________

ops = <module 'vllm_exl3_plugin.ops' from '/workspace/kit/plugin-exl3/vllm_exl3_plugin/ops.py'>
tid = 'K4-lmhead', m = 32, out_fp32 = False

    @pytest.mark.parametrize("out_fp32", [True, False], ids=["bf16model", "fp16model"])
    @pytest.mark.parametrize("m", MR_ROWS + K4_SMALL_ROWS)
    @pytest.mark.parametrize("tid", MR_TIDS)
    def test_gemm_vs_fp64(ops, tid, m, out_fp32):
        import torch
    
        K, n = BITS[tid], C.TENSORS[tid][3]
        if m in K4_SMALL_ROWS and K != 4:
            pytest.skip("K3/K5 take exl3_gemm_mr from 17 rows only")
>       w = weights(tid)
            ^^^^^^^^^^^^

tests/gpu/test_exl3_mr.py:121: 
_ _ _ _ _ _ _ _ _ _ _ _ _ _ _ _ _ _ _ _ _ _ _ _ _ _ _ _ _ _ _ _ _ _ _ _ _ _ _ _ 
tests/gpu/test_exl3_mr.py:69: in weights
    w = C.load(torch, tid)
        ^^^^^^^^^^^^^^^^^^
_ _ _ _ _ _ _ _ _ _ _ _ _ _ _ _ _ _ _ _ _ _ _ _ _ _ _ _ _ _ _ _ _ _ _ _ _ _ _ _ 

torch = <module 'torch' from '/workspace/kit-work/venv-cu13/lib/python3.12/site-packages/torch/__init__.py'>
tid = 'K4-lmhead', device = 'cuda'

    def load(torch, tid: str, device="cuda") -> dict:
        """trellis/suh/svh (+ mcg/mul1 flags) of one checkpoint tensor, from the model's index."""
        import json
    
        from safetensors import safe_open
    
        prefix = TENSORS[tid][0]
        wm = json.loads((MODEL / "model.safetensors.index.json").read_text())["weight_map"]
        out = {"mcg": f"{prefix}.mcg" in wm, "mul1": f"{prefix}.mul1" in wm}
        for t in ("trellis", "suh", "svh"):
            with safe_open(str(MODEL / wm[f"{prefix}.{t}"]), framework="pt") as f:
>               out[t] = f.get_tensor(f"{prefix}.{t}").to(device).contiguous()
                         ^^^^^^^^^^^^^^^^^^^^^^^^^^^^^^^^^^^^^^^^
E               torch.OutOfMemoryError: CUDA out of memory. Tried to allocate 608.00 MiB. GPU 0 has a total capacity of 7.66 GiB of which 597.75 MiB is free. Including non-PyTorch memory, this process has 6.46 GiB memory in use. 6.22 GiB allowed; Of the allocated memory 6.21 GiB is allocated by PyTorch, and 2.84 MiB is reserved by PyTorch but unallocated. If reserved but unallocated memory is large try setting PYTORCH_CUDA_ALLOC_CONF=expandable_segments:True to avoid fragmentation.  See documentation for Memory Management  (https://docs.pytorch.org/docs/stable/notes/cuda.html#optimizing-memory-usage-with-pytorch-cuda-alloc-conf)

tests/gpu/exl3_cases.py:84: OutOfMemoryError
__________________ test_gemm_vs_fp64[K4-lmhead-48-bf16model] ___________________

ops = <module 'vllm_exl3_plugin.ops' from '/workspace/kit/plugin-exl3/vllm_exl3_plugin/ops.py'>
tid = 'K4-lmhead', m = 48, out_fp32 = True

    @pytest.mark.parametrize("out_fp32", [True, False], ids=["bf16model", "fp16model"])
    @pytest.mark.parametrize("m", MR_ROWS + K4_SMALL_ROWS)
    @pytest.mark.parametrize("tid", MR_TIDS)
    def test_gemm_vs_fp64(ops, tid, m, out_fp32):
        import torch
    
        K, n = BITS[tid], C.TENSORS[tid][3]
        if m in K4_SMALL_ROWS and K != 4:
            pytest.skip("K3/K5 take exl3_gemm_mr from 17 rows only")
>       w = weights(tid)
            ^^^^^^^^^^^^

tests/gpu/test_exl3_mr.py:121: 
_ _ _ _ _ _ _ _ _ _ _ _ _ _ _ _ _ _ _ _ _ _ _ _ _ _ _ _ _ _ _ _ _ _ _ _ _ _ _ _ 
tests/gpu/test_exl3_mr.py:69: in weights
    w = C.load(torch, tid)
        ^^^^^^^^^^^^^^^^^^
_ _ _ _ _ _ _ _ _ _ _ _ _ _ _ _ _ _ _ _ _ _ _ _ _ _ _ _ _ _ _ _ _ _ _ _ _ _ _ _ 

torch = <module 'torch' from '/workspace/kit-work/venv-cu13/lib/python3.12/site-packages/torch/__init__.py'>
tid = 'K4-lmhead', device = 'cuda'

    def load(torch, tid: str, device="cuda") -> dict:
        """trellis/suh/svh (+ mcg/mul1 flags) of one checkpoint tensor, from the model's index."""
        import json
    
        from safetensors import safe_open
    
        prefix = TENSORS[tid][0]
        wm = json.loads((MODEL / "model.safetensors.index.json").read_text())["weight_map"]
        out = {"mcg": f"{prefix}.mcg" in wm, "mul1": f"{prefix}.mul1" in wm}
        for t in ("trellis", "suh", "svh"):
            with safe_open(str(MODEL / wm[f"{prefix}.{t}"]), framework="pt") as f:
>               out[t] = f.get_tensor(f"{prefix}.{t}").to(device).contiguous()
                         ^^^^^^^^^^^^^^^^^^^^^^^^^^^^^^^^^^^^^^^^
E               torch.OutOfMemoryError: CUDA out of memory. Tried to allocate 608.00 MiB. GPU 0 has a total capacity of 7.66 GiB of which 597.75 MiB is free. Including non-PyTorch memory, this process has 6.46 GiB memory in use. 6.22 GiB allowed; Of the allocated memory 6.21 GiB is allocated by PyTorch, and 2.84 MiB is reserved by PyTorch but unallocated. If reserved but unallocated memory is large try setting PYTORCH_CUDA_ALLOC_CONF=expandable_segments:True to avoid fragmentation.  See documentation for Memory Management  (https://docs.pytorch.org/docs/stable/notes/cuda.html#optimizing-memory-usage-with-pytorch-cuda-alloc-conf)

tests/gpu/exl3_cases.py:84: OutOfMemoryError
__________________ test_gemm_vs_fp64[K4-lmhead-48-fp16model] ___________________

ops = <module 'vllm_exl3_plugin.ops' from '/workspace/kit/plugin-exl3/vllm_exl3_plugin/ops.py'>
tid = 'K4-lmhead', m = 48, out_fp32 = False

    @pytest.mark.parametrize("out_fp32", [True, False], ids=["bf16model", "fp16model"])
    @pytest.mark.parametrize("m", MR_ROWS + K4_SMALL_ROWS)
    @pytest.mark.parametrize("tid", MR_TIDS)
    def test_gemm_vs_fp64(ops, tid, m, out_fp32):
        import torch
    
        K, n = BITS[tid], C.TENSORS[tid][3]
        if m in K4_SMALL_ROWS and K != 4:
            pytest.skip("K3/K5 take exl3_gemm_mr from 17 rows only")
>       w = weights(tid)
            ^^^^^^^^^^^^

tests/gpu/test_exl3_mr.py:121: 
_ _ _ _ _ _ _ _ _ _ _ _ _ _ _ _ _ _ _ _ _ _ _ _ _ _ _ _ _ _ _ _ _ _ _ _ _ _ _ _ 
tests/gpu/test_exl3_mr.py:69: in weights
    w = C.load(torch, tid)
        ^^^^^^^^^^^^^^^^^^
_ _ _ _ _ _ _ _ _ _ _ _ _ _ _ _ _ _ _ _ _ _ _ _ _ _ _ _ _ _ _ _ _ _ _ _ _ _ _ _ 

torch = <module 'torch' from '/workspace/kit-work/venv-cu13/lib/python3.12/site-packages/torch/__init__.py'>
tid = 'K4-lmhead', device = 'cuda'

    def load(torch, tid: str, device="cuda") -> dict:
        """trellis/suh/svh (+ mcg/mul1 flags) of one checkpoint tensor, from the model's index."""
        import json
    
        from safetensors import safe_open
    
        prefix = TENSORS[tid][0]
        wm = json.loads((MODEL / "model.safetensors.index.json").read_text())["weight_map"]
        out = {"mcg": f"{prefix}.mcg" in wm, "mul1": f"{prefix}.mul1" in wm}
        for t in ("trellis", "suh", "svh"):
            with safe_open(str(MODEL / wm[f"{prefix}.{t}"]), framework="pt") as f:
>               out[t] = f.get_tensor(f"{prefix}.{t}").to(device).contiguous()
                         ^^^^^^^^^^^^^^^^^^^^^^^^^^^^^^^^^^^^^^^^
E               torch.OutOfMemoryError: CUDA out of memory. Tried to allocate 608.00 MiB. GPU 0 has a total capacity of 7.66 GiB of which 597.75 MiB is free. Including non-PyTorch memory, this process has 6.46 GiB memory in use. 6.22 GiB allowed; Of the allocated memory 6.21 GiB is allocated by PyTorch, and 2.84 MiB is reserved by PyTorch but unallocated. If reserved but unallocated memory is large try setting PYTORCH_CUDA_ALLOC_CONF=expandable_segments:True to avoid fragmentation.  See documentation for Memory Management  (https://docs.pytorch.org/docs/stable/notes/cuda.html#optimizing-memory-usage-with-pytorch-cuda-alloc-conf)

tests/gpu/exl3_cases.py:84: OutOfMemoryError
__________________ test_gemm_vs_fp64[K4-lmhead-64-bf16model] ___________________

ops = <module 'vllm_exl3_plugin.ops' from '/workspace/kit/plugin-exl3/vllm_exl3_plugin/ops.py'>
tid = 'K4-lmhead', m = 64, out_fp32 = True

    @pytest.mark.parametrize("out_fp32", [True, False], ids=["bf16model", "fp16model"])
    @pytest.mark.parametrize("m", MR_ROWS + K4_SMALL_ROWS)
    @pytest.mark.parametrize("tid", MR_TIDS)
    def test_gemm_vs_fp64(ops, tid, m, out_fp32):
        import torch
    
        K, n = BITS[tid], C.TENSORS[tid][3]
        if m in K4_SMALL_ROWS and K != 4:
            pytest.skip("K3/K5 take exl3_gemm_mr from 17 rows only")
>       w = weights(tid)
            ^^^^^^^^^^^^

tests/gpu/test_exl3_mr.py:121: 
_ _ _ _ _ _ _ _ _ _ _ _ _ _ _ _ _ _ _ _ _ _ _ _ _ _ _ _ _ _ _ _ _ _ _ _ _ _ _ _ 
tests/gpu/test_exl3_mr.py:69: in weights
    w = C.load(torch, tid)
        ^^^^^^^^^^^^^^^^^^
_ _ _ _ _ _ _ _ _ _ _ _ _ _ _ _ _ _ _ _ _ _ _ _ _ _ _ _ _ _ _ _ _ _ _ _ _ _ _ _ 

torch = <module 'torch' from '/workspace/kit-work/venv-cu13/lib/python3.12/site-packages/torch/__init__.py'>
tid = 'K4-lmhead', device = 'cuda'

    def load(torch, tid: str, device="cuda") -> dict:
        """trellis/suh/svh (+ mcg/mul1 flags) of one checkpoint tensor, from the model's index."""
        import json
    
        from safetensors import safe_open
    
        prefix = TENSORS[tid][0]
        wm = json.loads((MODEL / "model.safetensors.index.json").read_text())["weight_map"]
        out = {"mcg": f"{prefix}.mcg" in wm, "mul1": f"{prefix}.mul1" in wm}
        for t in ("trellis", "suh", "svh"):
            with safe_open(str(MODEL / wm[f"{prefix}.{t}"]), framework="pt") as f:
>               out[t] = f.get_tensor(f"{prefix}.{t}").to(device).contiguous()
                         ^^^^^^^^^^^^^^^^^^^^^^^^^^^^^^^^^^^^^^^^
E               torch.OutOfMemoryError: CUDA out of memory. Tried to allocate 608.00 MiB. GPU 0 has a total capacity of 7.66 GiB of which 597.75 MiB is free. Including non-PyTorch memory, this process has 6.46 GiB memory in use. 6.22 GiB allowed; Of the allocated memory 6.21 GiB is allocated by PyTorch, and 2.84 MiB is reserved by PyTorch but unallocated. If reserved but unallocated memory is large try setting PYTORCH_CUDA_ALLOC_CONF=expandable_segments:True to avoid fragmentation.  See documentation for Memory Management  (https://docs.pytorch.org/docs/stable/notes/cuda.html#optimizing-memory-usage-with-pytorch-cuda-alloc-conf)

tests/gpu/exl3_cases.py:84: OutOfMemoryError
__________________ test_gemm_vs_fp64[K4-lmhead-64-fp16model] ___________________

ops = <module 'vllm_exl3_plugin.ops' from '/workspace/kit/plugin-exl3/vllm_exl3_plugin/ops.py'>
tid = 'K4-lmhead', m = 64, out_fp32 = False

    @pytest.mark.parametrize("out_fp32", [True, False], ids=["bf16model", "fp16model"])
    @pytest.mark.parametrize("m", MR_ROWS + K4_SMALL_ROWS)
    @pytest.mark.parametrize("tid", MR_TIDS)
    def test_gemm_vs_fp64(ops, tid, m, out_fp32):
        import torch
    
        K, n = BITS[tid], C.TENSORS[tid][3]
        if m in K4_SMALL_ROWS and K != 4:
            pytest.skip("K3/K5 take exl3_gemm_mr from 17 rows only")
>       w = weights(tid)
            ^^^^^^^^^^^^

tests/gpu/test_exl3_mr.py:121: 
_ _ _ _ _ _ _ _ _ _ _ _ _ _ _ _ _ _ _ _ _ _ _ _ _ _ _ _ _ _ _ _ _ _ _ _ _ _ _ _ 
tests/gpu/test_exl3_mr.py:69: in weights
    w = C.load(torch, tid)
        ^^^^^^^^^^^^^^^^^^
_ _ _ _ _ _ _ _ _ _ _ _ _ _ _ _ _ _ _ _ _ _ _ _ _ _ _ _ _ _ _ _ _ _ _ _ _ _ _ _ 

torch = <module 'torch' from '/workspace/kit-work/venv-cu13/lib/python3.12/site-packages/torch/__init__.py'>
tid = 'K4-lmhead', device = 'cuda'

    def load(torch, tid: str, device="cuda") -> dict:
        """trellis/suh/svh (+ mcg/mul1 flags) of one checkpoint tensor, from the model's index."""
        import json
    
        from safetensors import safe_open
    
        prefix = TENSORS[tid][0]
        wm = json.loads((MODEL / "model.safetensors.index.json").read_text())["weight_map"]
        out = {"mcg": f"{prefix}.mcg" in wm, "mul1": f"{prefix}.mul1" in wm}
        for t in ("trellis", "suh", "svh"):
            with safe_open(str(MODEL / wm[f"{prefix}.{t}"]), framework="pt") as f:
>               out[t] = f.get_tensor(f"{prefix}.{t}").to(device).contiguous()
                         ^^^^^^^^^^^^^^^^^^^^^^^^^^^^^^^^^^^^^^^^
E               torch.OutOfMemoryError: CUDA out of memory. Tried to allocate 608.00 MiB. GPU 0 has a total capacity of 7.66 GiB of which 597.75 MiB is free. Including non-PyTorch memory, this process has 6.46 GiB memory in use. 6.22 GiB allowed; Of the allocated memory 6.21 GiB is allocated by PyTorch, and 2.84 MiB is reserved by PyTorch but unallocated. If reserved but unallocated memory is large try setting PYTORCH_CUDA_ALLOC_CONF=expandable_segments:True to avoid fragmentation.  See documentation for Memory Management  (https://docs.pytorch.org/docs/stable/notes/cuda.html#optimizing-memory-usage-with-pytorch-cuda-alloc-conf)

tests/gpu/exl3_cases.py:84: OutOfMemoryError
__________________ test_gemm_vs_fp64[K4-lmhead-96-bf16model] ___________________

ops = <module 'vllm_exl3_plugin.ops' from '/workspace/kit/plugin-exl3/vllm_exl3_plugin/ops.py'>
tid = 'K4-lmhead', m = 96, out_fp32 = True

    @pytest.mark.parametrize("out_fp32", [True, False], ids=["bf16model", "fp16model"])
    @pytest.mark.parametrize("m", MR_ROWS + K4_SMALL_ROWS)
    @pytest.mark.parametrize("tid", MR_TIDS)
    def test_gemm_vs_fp64(ops, tid, m, out_fp32):
        import torch
    
        K, n = BITS[tid], C.TENSORS[tid][3]
        if m in K4_SMALL_ROWS and K != 4:
            pytest.skip("K3/K5 take exl3_gemm_mr from 17 rows only")
>       w = weights(tid)
            ^^^^^^^^^^^^

tests/gpu/test_exl3_mr.py:121: 
_ _ _ _ _ _ _ _ _ _ _ _ _ _ _ _ _ _ _ _ _ _ _ _ _ _ _ _ _ _ _ _ _ _ _ _ _ _ _ _ 
tests/gpu/test_exl3_mr.py:69: in weights
    w = C.load(torch, tid)
        ^^^^^^^^^^^^^^^^^^
_ _ _ _ _ _ _ _ _ _ _ _ _ _ _ _ _ _ _ _ _ _ _ _ _ _ _ _ _ _ _ _ _ _ _ _ _ _ _ _ 

torch = <module 'torch' from '/workspace/kit-work/venv-cu13/lib/python3.12/site-packages/torch/__init__.py'>
tid = 'K4-lmhead', device = 'cuda'

    def load(torch, tid: str, device="cuda") -> dict:
        """trellis/suh/svh (+ mcg/mul1 flags) of one checkpoint tensor, from the model's index."""
        import json
    
        from safetensors import safe_open
    
        prefix = TENSORS[tid][0]
        wm = json.loads((MODEL / "model.safetensors.index.json").read_text())["weight_map"]
        out = {"mcg": f"{prefix}.mcg" in wm, "mul1": f"{prefix}.mul1" in wm}
        for t in ("trellis", "suh", "svh"):
            with safe_open(str(MODEL / wm[f"{prefix}.{t}"]), framework="pt") as f:
>               out[t] = f.get_tensor(f"{prefix}.{t}").to(device).contiguous()
                         ^^^^^^^^^^^^^^^^^^^^^^^^^^^^^^^^^^^^^^^^
E               torch.OutOfMemoryError: CUDA out of memory. Tried to allocate 608.00 MiB. GPU 0 has a total capacity of 7.66 GiB of which 597.75 MiB is free. Including non-PyTorch memory, this process has 6.46 GiB memory in use. 6.22 GiB allowed; Of the allocated memory 6.21 GiB is allocated by PyTorch, and 2.84 MiB is reserved by PyTorch but unallocated. If reserved but unallocated memory is large try setting PYTORCH_CUDA_ALLOC_CONF=expandable_segments:True to avoid fragmentation.  See documentation for Memory Management  (https://docs.pytorch.org/docs/stable/notes/cuda.html#optimizing-memory-usage-with-pytorch-cuda-alloc-conf)

tests/gpu/exl3_cases.py:84: OutOfMemoryError
__________________ test_gemm_vs_fp64[K4-lmhead-96-fp16model] ___________________

ops = <module 'vllm_exl3_plugin.ops' from '/workspace/kit/plugin-exl3/vllm_exl3_plugin/ops.py'>
tid = 'K4-lmhead', m = 96, out_fp32 = False

    @pytest.mark.parametrize("out_fp32", [True, False], ids=["bf16model", "fp16model"])
    @pytest.mark.parametrize("m", MR_ROWS + K4_SMALL_ROWS)
    @pytest.mark.parametrize("tid", MR_TIDS)
    def test_gemm_vs_fp64(ops, tid, m, out_fp32):
        import torch
    
        K, n = BITS[tid], C.TENSORS[tid][3]
        if m in K4_SMALL_ROWS and K != 4:
            pytest.skip("K3/K5 take exl3_gemm_mr from 17 rows only")
>       w = weights(tid)
            ^^^^^^^^^^^^

tests/gpu/test_exl3_mr.py:121: 
_ _ _ _ _ _ _ _ _ _ _ _ _ _ _ _ _ _ _ _ _ _ _ _ _ _ _ _ _ _ _ _ _ _ _ _ _ _ _ _ 
tests/gpu/test_exl3_mr.py:69: in weights
    w = C.load(torch, tid)
        ^^^^^^^^^^^^^^^^^^
_ _ _ _ _ _ _ _ _ _ _ _ _ _ _ _ _ _ _ _ _ _ _ _ _ _ _ _ _ _ _ _ _ _ _ _ _ _ _ _ 

torch = <module 'torch' from '/workspace/kit-work/venv-cu13/lib/python3.12/site-packages/torch/__init__.py'>
tid = 'K4-lmhead', device = 'cuda'

    def load(torch, tid: str, device="cuda") -> dict:
        """trellis/suh/svh (+ mcg/mul1 flags) of one checkpoint tensor, from the model's index."""
        import json
    
        from safetensors import safe_open
    
        prefix = TENSORS[tid][0]
        wm = json.loads((MODEL / "model.safetensors.index.json").read_text())["weight_map"]
        out = {"mcg": f"{prefix}.mcg" in wm, "mul1": f"{prefix}.mul1" in wm}
        for t in ("trellis", "suh", "svh"):
            with safe_open(str(MODEL / wm[f"{prefix}.{t}"]), framework="pt") as f:
>               out[t] = f.get_tensor(f"{prefix}.{t}").to(device).contiguous()
                         ^^^^^^^^^^^^^^^^^^^^^^^^^^^^^^^^^^^^^^^^
E               torch.OutOfMemoryError: CUDA out of memory. Tried to allocate 608.00 MiB. GPU 0 has a total capacity of 7.66 GiB of which 597.75 MiB is free. Including non-PyTorch memory, this process has 6.46 GiB memory in use. 6.22 GiB allowed; Of the allocated memory 6.21 GiB is allocated by PyTorch, and 2.84 MiB is reserved by PyTorch but unallocated. If reserved but unallocated memory is large try setting PYTORCH_CUDA_ALLOC_CONF=expandable_segments:True to avoid fragmentation.  See documentation for Memory Management  (https://docs.pytorch.org/docs/stable/notes/cuda.html#optimizing-memory-usage-with-pytorch-cuda-alloc-conf)

tests/gpu/exl3_cases.py:84: OutOfMemoryError
__________________ test_gemm_vs_fp64[K4-lmhead-144-bf16model] __________________

ops = <module 'vllm_exl3_plugin.ops' from '/workspace/kit/plugin-exl3/vllm_exl3_plugin/ops.py'>
tid = 'K4-lmhead', m = 144, out_fp32 = True

    @pytest.mark.parametrize("out_fp32", [True, False], ids=["bf16model", "fp16model"])
    @pytest.mark.parametrize("m", MR_ROWS + K4_SMALL_ROWS)
    @pytest.mark.parametrize("tid", MR_TIDS)
    def test_gemm_vs_fp64(ops, tid, m, out_fp32):
        import torch
    
        K, n = BITS[tid], C.TENSORS[tid][3]
        if m in K4_SMALL_ROWS and K != 4:
            pytest.skip("K3/K5 take exl3_gemm_mr from 17 rows only")
>       w = weights(tid)
            ^^^^^^^^^^^^

tests/gpu/test_exl3_mr.py:121: 
_ _ _ _ _ _ _ _ _ _ _ _ _ _ _ _ _ _ _ _ _ _ _ _ _ _ _ _ _ _ _ _ _ _ _ _ _ _ _ _ 
tests/gpu/test_exl3_mr.py:69: in weights
    w = C.load(torch, tid)
        ^^^^^^^^^^^^^^^^^^
_ _ _ _ _ _ _ _ _ _ _ _ _ _ _ _ _ _ _ _ _ _ _ _ _ _ _ _ _ _ _ _ _ _ _ _ _ _ _ _ 

torch = <module 'torch' from '/workspace/kit-work/venv-cu13/lib/python3.12/site-packages/torch/__init__.py'>
tid = 'K4-lmhead', device = 'cuda'

    def load(torch, tid: str, device="cuda") -> dict:
        """trellis/suh/svh (+ mcg/mul1 flags) of one checkpoint tensor, from the model's index."""
        import json
    
        from safetensors import safe_open
    
        prefix = TENSORS[tid][0]
        wm = json.loads((MODEL / "model.safetensors.index.json").read_text())["weight_map"]
        out = {"mcg": f"{prefix}.mcg" in wm, "mul1": f"{prefix}.mul1" in wm}
        for t in ("trellis", "suh", "svh"):
            with safe_open(str(MODEL / wm[f"{prefix}.{t}"]), framework="pt") as f:
>               out[t] = f.get_tensor(f"{prefix}.{t}").to(device).contiguous()
                         ^^^^^^^^^^^^^^^^^^^^^^^^^^^^^^^^^^^^^^^^
E               torch.OutOfMemoryError: CUDA out of memory. Tried to allocate 608.00 MiB. GPU 0 has a total capacity of 7.66 GiB of which 597.75 MiB is free. Including non-PyTorch memory, this process has 6.46 GiB memory in use. 6.22 GiB allowed; Of the allocated memory 6.21 GiB is allocated by PyTorch, and 2.84 MiB is reserved by PyTorch but unallocated. If reserved but unallocated memory is large try setting PYTORCH_CUDA_ALLOC_CONF=expandable_segments:True to avoid fragmentation.  See documentation for Memory Management  (https://docs.pytorch.org/docs/stable/notes/cuda.html#optimizing-memory-usage-with-pytorch-cuda-alloc-conf)

tests/gpu/exl3_cases.py:84: OutOfMemoryError
__________________ test_gemm_vs_fp64[K4-lmhead-144-fp16model] __________________

ops = <module 'vllm_exl3_plugin.ops' from '/workspace/kit/plugin-exl3/vllm_exl3_plugin/ops.py'>
tid = 'K4-lmhead', m = 144, out_fp32 = False

    @pytest.mark.parametrize("out_fp32", [True, False], ids=["bf16model", "fp16model"])
    @pytest.mark.parametrize("m", MR_ROWS + K4_SMALL_ROWS)
    @pytest.mark.parametrize("tid", MR_TIDS)
    def test_gemm_vs_fp64(ops, tid, m, out_fp32):
        import torch
    
        K, n = BITS[tid], C.TENSORS[tid][3]
        if m in K4_SMALL_ROWS and K != 4:
            pytest.skip("K3/K5 take exl3_gemm_mr from 17 rows only")
>       w = weights(tid)
            ^^^^^^^^^^^^

tests/gpu/test_exl3_mr.py:121: 
_ _ _ _ _ _ _ _ _ _ _ _ _ _ _ _ _ _ _ _ _ _ _ _ _ _ _ _ _ _ _ _ _ _ _ _ _ _ _ _ 
tests/gpu/test_exl3_mr.py:69: in weights
    w = C.load(torch, tid)
        ^^^^^^^^^^^^^^^^^^
_ _ _ _ _ _ _ _ _ _ _ _ _ _ _ _ _ _ _ _ _ _ _ _ _ _ _ _ _ _ _ _ _ _ _ _ _ _ _ _ 

torch = <module 'torch' from '/workspace/kit-work/venv-cu13/lib/python3.12/site-packages/torch/__init__.py'>
tid = 'K4-lmhead', device = 'cuda'

    def load(torch, tid: str, device="cuda") -> dict:
        """trellis/suh/svh (+ mcg/mul1 flags) of one checkpoint tensor, from the model's index."""
        import json
    
        from safetensors import safe_open
    
        prefix = TENSORS[tid][0]
        wm = json.loads((MODEL / "model.safetensors.index.json").read_text())["weight_map"]
        out = {"mcg": f"{prefix}.mcg" in wm, "mul1": f"{prefix}.mul1" in wm}
        for t in ("trellis", "suh", "svh"):
            with safe_open(str(MODEL / wm[f"{prefix}.{t}"]), framework="pt") as f:
>               out[t] = f.get_tensor(f"{prefix}.{t}").to(device).contiguous()
                         ^^^^^^^^^^^^^^^^^^^^^^^^^^^^^^^^^^^^^^^^
E               torch.OutOfMemoryError: CUDA out of memory. Tried to allocate 608.00 MiB. GPU 0 has a total capacity of 7.66 GiB of which 597.75 MiB is free. Including non-PyTorch memory, this process has 6.46 GiB memory in use. 6.22 GiB allowed; Of the allocated memory 6.21 GiB is allocated by PyTorch, and 2.84 MiB is reserved by PyTorch but unallocated. If reserved but unallocated memory is large try setting PYTORCH_CUDA_ALLOC_CONF=expandable_segments:True to avoid fragmentation.  See documentation for Memory Management  (https://docs.pytorch.org/docs/stable/notes/cuda.html#optimizing-memory-usage-with-pytorch-cuda-alloc-conf)

tests/gpu/exl3_cases.py:84: OutOfMemoryError
__________________ test_gemm_vs_fp64[K4-lmhead-192-bf16model] __________________

ops = <module 'vllm_exl3_plugin.ops' from '/workspace/kit/plugin-exl3/vllm_exl3_plugin/ops.py'>
tid = 'K4-lmhead', m = 192, out_fp32 = True

    @pytest.mark.parametrize("out_fp32", [True, False], ids=["bf16model", "fp16model"])
    @pytest.mark.parametrize("m", MR_ROWS + K4_SMALL_ROWS)
    @pytest.mark.parametrize("tid", MR_TIDS)
    def test_gemm_vs_fp64(ops, tid, m, out_fp32):
        import torch
    
        K, n = BITS[tid], C.TENSORS[tid][3]
        if m in K4_SMALL_ROWS and K != 4:
            pytest.skip("K3/K5 take exl3_gemm_mr from 17 rows only")
>       w = weights(tid)
            ^^^^^^^^^^^^

tests/gpu/test_exl3_mr.py:121: 
_ _ _ _ _ _ _ _ _ _ _ _ _ _ _ _ _ _ _ _ _ _ _ _ _ _ _ _ _ _ _ _ _ _ _ _ _ _ _ _ 
tests/gpu/test_exl3_mr.py:69: in weights
    w = C.load(torch, tid)
        ^^^^^^^^^^^^^^^^^^
_ _ _ _ _ _ _ _ _ _ _ _ _ _ _ _ _ _ _ _ _ _ _ _ _ _ _ _ _ _ _ _ _ _ _ _ _ _ _ _ 

torch = <module 'torch' from '/workspace/kit-work/venv-cu13/lib/python3.12/site-packages/torch/__init__.py'>
tid = 'K4-lmhead', device = 'cuda'

    def load(torch, tid: str, device="cuda") -> dict:
        """trellis/suh/svh (+ mcg/mul1 flags) of one checkpoint tensor, from the model's index."""
        import json
    
        from safetensors import safe_open
    
        prefix = TENSORS[tid][0]
        wm = json.loads((MODEL / "model.safetensors.index.json").read_text())["weight_map"]
        out = {"mcg": f"{prefix}.mcg" in wm, "mul1": f"{prefix}.mul1" in wm}
        for t in ("trellis", "suh", "svh"):
            with safe_open(str(MODEL / wm[f"{prefix}.{t}"]), framework="pt") as f:
>               out[t] = f.get_tensor(f"{prefix}.{t}").to(device).contiguous()
                         ^^^^^^^^^^^^^^^^^^^^^^^^^^^^^^^^^^^^^^^^
E               torch.OutOfMemoryError: CUDA out of memory. Tried to allocate 608.00 MiB. GPU 0 has a total capacity of 7.66 GiB of which 597.75 MiB is free. Including non-PyTorch memory, this process has 6.46 GiB memory in use. 6.22 GiB allowed; Of the allocated memory 6.21 GiB is allocated by PyTorch, and 2.84 MiB is reserved by PyTorch but unallocated. If reserved but unallocated memory is large try setting PYTORCH_CUDA_ALLOC_CONF=expandable_segments:True to avoid fragmentation.  See documentation for Memory Management  (https://docs.pytorch.org/docs/stable/notes/cuda.html#optimizing-memory-usage-with-pytorch-cuda-alloc-conf)

tests/gpu/exl3_cases.py:84: OutOfMemoryError
__________________ test_gemm_vs_fp64[K4-lmhead-192-fp16model] __________________

ops = <module 'vllm_exl3_plugin.ops' from '/workspace/kit/plugin-exl3/vllm_exl3_plugin/ops.py'>
tid = 'K4-lmhead', m = 192, out_fp32 = False

    @pytest.mark.parametrize("out_fp32", [True, False], ids=["bf16model", "fp16model"])
    @pytest.mark.parametrize("m", MR_ROWS + K4_SMALL_ROWS)
    @pytest.mark.parametrize("tid", MR_TIDS)
    def test_gemm_vs_fp64(ops, tid, m, out_fp32):
        import torch
    
        K, n = BITS[tid], C.TENSORS[tid][3]
        if m in K4_SMALL_ROWS and K != 4:
            pytest.skip("K3/K5 take exl3_gemm_mr from 17 rows only")
>       w = weights(tid)
            ^^^^^^^^^^^^

tests/gpu/test_exl3_mr.py:121: 
_ _ _ _ _ _ _ _ _ _ _ _ _ _ _ _ _ _ _ _ _ _ _ _ _ _ _ _ _ _ _ _ _ _ _ _ _ _ _ _ 
tests/gpu/test_exl3_mr.py:69: in weights
    w = C.load(torch, tid)
        ^^^^^^^^^^^^^^^^^^
_ _ _ _ _ _ _ _ _ _ _ _ _ _ _ _ _ _ _ _ _ _ _ _ _ _ _ _ _ _ _ _ _ _ _ _ _ _ _ _ 

torch = <module 'torch' from '/workspace/kit-work/venv-cu13/lib/python3.12/site-packages/torch/__init__.py'>
tid = 'K4-lmhead', device = 'cuda'

    def load(torch, tid: str, device="cuda") -> dict:
        """trellis/suh/svh (+ mcg/mul1 flags) of one checkpoint tensor, from the model's index."""
        import json
    
        from safetensors import safe_open
    
        prefix = TENSORS[tid][0]
        wm = json.loads((MODEL / "model.safetensors.index.json").read_text())["weight_map"]
        out = {"mcg": f"{prefix}.mcg" in wm, "mul1": f"{prefix}.mul1" in wm}
        for t in ("trellis", "suh", "svh"):
            with safe_open(str(MODEL / wm[f"{prefix}.{t}"]), framework="pt") as f:
>               out[t] = f.get_tensor(f"{prefix}.{t}").to(device).contiguous()
                         ^^^^^^^^^^^^^^^^^^^^^^^^^^^^^^^^^^^^^^^^
E               torch.OutOfMemoryError: CUDA out of memory. Tried to allocate 608.00 MiB. GPU 0 has a total capacity of 7.66 GiB of which 597.75 MiB is free. Including non-PyTorch memory, this process has 6.46 GiB memory in use. 6.22 GiB allowed; Of the allocated memory 6.21 GiB is allocated by PyTorch, and 2.84 MiB is reserved by PyTorch but unallocated. If reserved but unallocated memory is large try setting PYTORCH_CUDA_ALLOC_CONF=expandable_segments:True to avoid fragmentation.  See documentation for Memory Management  (https://docs.pytorch.org/docs/stable/notes/cuda.html#optimizing-memory-usage-with-pytorch-cuda-alloc-conf)

tests/gpu/exl3_cases.py:84: OutOfMemoryError
__________________ test_gemm_vs_fp64[K4-lmhead-384-bf16model] __________________

ops = <module 'vllm_exl3_plugin.ops' from '/workspace/kit/plugin-exl3/vllm_exl3_plugin/ops.py'>
tid = 'K4-lmhead', m = 384, out_fp32 = True

    @pytest.mark.parametrize("out_fp32", [True, False], ids=["bf16model", "fp16model"])
    @pytest.mark.parametrize("m", MR_ROWS + K4_SMALL_ROWS)
    @pytest.mark.parametrize("tid", MR_TIDS)
    def test_gemm_vs_fp64(ops, tid, m, out_fp32):
        import torch
    
        K, n = BITS[tid], C.TENSORS[tid][3]
        if m in K4_SMALL_ROWS and K != 4:
            pytest.skip("K3/K5 take exl3_gemm_mr from 17 rows only")
>       w = weights(tid)
            ^^^^^^^^^^^^

tests/gpu/test_exl3_mr.py:121: 
_ _ _ _ _ _ _ _ _ _ _ _ _ _ _ _ _ _ _ _ _ _ _ _ _ _ _ _ _ _ _ _ _ _ _ _ _ _ _ _ 
tests/gpu/test_exl3_mr.py:69: in weights
    w = C.load(torch, tid)
        ^^^^^^^^^^^^^^^^^^
_ _ _ _ _ _ _ _ _ _ _ _ _ _ _ _ _ _ _ _ _ _ _ _ _ _ _ _ _ _ _ _ _ _ _ _ _ _ _ _ 

torch = <module 'torch' from '/workspace/kit-work/venv-cu13/lib/python3.12/site-packages/torch/__init__.py'>
tid = 'K4-lmhead', device = 'cuda'

    def load(torch, tid: str, device="cuda") -> dict:
        """trellis/suh/svh (+ mcg/mul1 flags) of one checkpoint tensor, from the model's index."""
        import json
    
        from safetensors import safe_open
    
        prefix = TENSORS[tid][0]
        wm = json.loads((MODEL / "model.safetensors.index.json").read_text())["weight_map"]
        out = {"mcg": f"{prefix}.mcg" in wm, "mul1": f"{prefix}.mul1" in wm}
        for t in ("trellis", "suh", "svh"):
            with safe_open(str(MODEL / wm[f"{prefix}.{t}"]), framework="pt") as f:
>               out[t] = f.get_tensor(f"{prefix}.{t}").to(device).contiguous()
                         ^^^^^^^^^^^^^^^^^^^^^^^^^^^^^^^^^^^^^^^^
E               torch.OutOfMemoryError: CUDA out of memory. Tried to allocate 608.00 MiB. GPU 0 has a total capacity of 7.66 GiB of which 597.75 MiB is free. Including non-PyTorch memory, this process has 6.46 GiB memory in use. 6.22 GiB allowed; Of the allocated memory 6.21 GiB is allocated by PyTorch, and 2.84 MiB is reserved by PyTorch but unallocated. If reserved but unallocated memory is large try setting PYTORCH_CUDA_ALLOC_CONF=expandable_segments:True to avoid fragmentation.  See documentation for Memory Management  (https://docs.pytorch.org/docs/stable/notes/cuda.html#optimizing-memory-usage-with-pytorch-cuda-alloc-conf)

tests/gpu/exl3_cases.py:84: OutOfMemoryError
__________________ test_gemm_vs_fp64[K4-lmhead-384-fp16model] __________________

ops = <module 'vllm_exl3_plugin.ops' from '/workspace/kit/plugin-exl3/vllm_exl3_plugin/ops.py'>
tid = 'K4-lmhead', m = 384, out_fp32 = False

    @pytest.mark.parametrize("out_fp32", [True, False], ids=["bf16model", "fp16model"])
    @pytest.mark.parametrize("m", MR_ROWS + K4_SMALL_ROWS)
    @pytest.mark.parametrize("tid", MR_TIDS)
    def test_gemm_vs_fp64(ops, tid, m, out_fp32):
        import torch
    
        K, n = BITS[tid], C.TENSORS[tid][3]
        if m in K4_SMALL_ROWS and K != 4:
            pytest.skip("K3/K5 take exl3_gemm_mr from 17 rows only")
>       w = weights(tid)
            ^^^^^^^^^^^^

tests/gpu/test_exl3_mr.py:121: 
_ _ _ _ _ _ _ _ _ _ _ _ _ _ _ _ _ _ _ _ _ _ _ _ _ _ _ _ _ _ _ _ _ _ _ _ _ _ _ _ 
tests/gpu/test_exl3_mr.py:69: in weights
    w = C.load(torch, tid)
        ^^^^^^^^^^^^^^^^^^
_ _ _ _ _ _ _ _ _ _ _ _ _ _ _ _ _ _ _ _ _ _ _ _ _ _ _ _ _ _ _ _ _ _ _ _ _ _ _ _ 

torch = <module 'torch' from '/workspace/kit-work/venv-cu13/lib/python3.12/site-packages/torch/__init__.py'>
tid = 'K4-lmhead', device = 'cuda'

    def load(torch, tid: str, device="cuda") -> dict:
        """trellis/suh/svh (+ mcg/mul1 flags) of one checkpoint tensor, from the model's index."""
        import json
    
        from safetensors import safe_open
    
        prefix = TENSORS[tid][0]
        wm = json.loads((MODEL / "model.safetensors.index.json").read_text())["weight_map"]
        out = {"mcg": f"{prefix}.mcg" in wm, "mul1": f"{prefix}.mul1" in wm}
        for t in ("trellis", "suh", "svh"):
            with safe_open(str(MODEL / wm[f"{prefix}.{t}"]), framework="pt") as f:
>               out[t] = f.get_tensor(f"{prefix}.{t}").to(device).contiguous()
                         ^^^^^^^^^^^^^^^^^^^^^^^^^^^^^^^^^^^^^^^^
E               torch.OutOfMemoryError: CUDA out of memory. Tried to allocate 608.00 MiB. GPU 0 has a total capacity of 7.66 GiB of which 597.75 MiB is free. Including non-PyTorch memory, this process has 6.46 GiB memory in use. 6.22 GiB allowed; Of the allocated memory 6.21 GiB is allocated by PyTorch, and 2.84 MiB is reserved by PyTorch but unallocated. If reserved but unallocated memory is large try setting PYTORCH_CUDA_ALLOC_CONF=expandable_segments:True to avoid fragmentation.  See documentation for Memory Management  (https://docs.pytorch.org/docs/stable/notes/cuda.html#optimizing-memory-usage-with-pytorch-cuda-alloc-conf)

tests/gpu/exl3_cases.py:84: OutOfMemoryError
___________________ test_gemm_vs_fp64[K4-lmhead-1-bf16model] ___________________

ops = <module 'vllm_exl3_plugin.ops' from '/workspace/kit/plugin-exl3/vllm_exl3_plugin/ops.py'>
tid = 'K4-lmhead', m = 1, out_fp32 = True

    @pytest.mark.parametrize("out_fp32", [True, False], ids=["bf16model", "fp16model"])
    @pytest.mark.parametrize("m", MR_ROWS + K4_SMALL_ROWS)
    @pytest.mark.parametrize("tid", MR_TIDS)
    def test_gemm_vs_fp64(ops, tid, m, out_fp32):
        import torch
    
        K, n = BITS[tid], C.TENSORS[tid][3]
        if m in K4_SMALL_ROWS and K != 4:
            pytest.skip("K3/K5 take exl3_gemm_mr from 17 rows only")
>       w = weights(tid)
            ^^^^^^^^^^^^

tests/gpu/test_exl3_mr.py:121: 
_ _ _ _ _ _ _ _ _ _ _ _ _ _ _ _ _ _ _ _ _ _ _ _ _ _ _ _ _ _ _ _ _ _ _ _ _ _ _ _ 
tests/gpu/test_exl3_mr.py:69: in weights
    w = C.load(torch, tid)
        ^^^^^^^^^^^^^^^^^^
_ _ _ _ _ _ _ _ _ _ _ _ _ _ _ _ _ _ _ _ _ _ _ _ _ _ _ _ _ _ _ _ _ _ _ _ _ _ _ _ 

torch = <module 'torch' from '/workspace/kit-work/venv-cu13/lib/python3.12/site-packages/torch/__init__.py'>
tid = 'K4-lmhead', device = 'cuda'

    def load(torch, tid: str, device="cuda") -> dict:
        """trellis/suh/svh (+ mcg/mul1 flags) of one checkpoint tensor, from the model's index."""
        import json
    
        from safetensors import safe_open
    
        prefix = TENSORS[tid][0]
        wm = json.loads((MODEL / "model.safetensors.index.json").read_text())["weight_map"]
        out = {"mcg": f"{prefix}.mcg" in wm, "mul1": f"{prefix}.mul1" in wm}
        for t in ("trellis", "suh", "svh"):
            with safe_open(str(MODEL / wm[f"{prefix}.{t}"]), framework="pt") as f:
>               out[t] = f.get_tensor(f"{prefix}.{t}").to(device).contiguous()
                         ^^^^^^^^^^^^^^^^^^^^^^^^^^^^^^^^^^^^^^^^
E               torch.OutOfMemoryError: CUDA out of memory. Tried to allocate 608.00 MiB. GPU 0 has a total capacity of 7.66 GiB of which 597.75 MiB is free. Including non-PyTorch memory, this process has 6.46 GiB memory in use. 6.22 GiB allowed; Of the allocated memory 6.21 GiB is allocated by PyTorch, and 2.84 MiB is reserved by PyTorch but unallocated. If reserved but unallocated memory is large try setting PYTORCH_CUDA_ALLOC_CONF=expandable_segments:True to avoid fragmentation.  See documentation for Memory Management  (https://docs.pytorch.org/docs/stable/notes/cuda.html#optimizing-memory-usage-with-pytorch-cuda-alloc-conf)

tests/gpu/exl3_cases.py:84: OutOfMemoryError
___________________ test_gemm_vs_fp64[K4-lmhead-1-fp16model] ___________________

ops = <module 'vllm_exl3_plugin.ops' from '/workspace/kit/plugin-exl3/vllm_exl3_plugin/ops.py'>
tid = 'K4-lmhead', m = 1, out_fp32 = False

    @pytest.mark.parametrize("out_fp32", [True, False], ids=["bf16model", "fp16model"])
    @pytest.mark.parametrize("m", MR_ROWS + K4_SMALL_ROWS)
    @pytest.mark.parametrize("tid", MR_TIDS)
    def test_gemm_vs_fp64(ops, tid, m, out_fp32):
        import torch
    
        K, n = BITS[tid], C.TENSORS[tid][3]
        if m in K4_SMALL_ROWS and K != 4:
            pytest.skip("K3/K5 take exl3_gemm_mr from 17 rows only")
>       w = weights(tid)
            ^^^^^^^^^^^^

tests/gpu/test_exl3_mr.py:121: 
_ _ _ _ _ _ _ _ _ _ _ _ _ _ _ _ _ _ _ _ _ _ _ _ _ _ _ _ _ _ _ _ _ _ _ _ _ _ _ _ 
tests/gpu/test_exl3_mr.py:69: in weights
    w = C.load(torch, tid)
        ^^^^^^^^^^^^^^^^^^
_ _ _ _ _ _ _ _ _ _ _ _ _ _ _ _ _ _ _ _ _ _ _ _ _ _ _ _ _ _ _ _ _ _ _ _ _ _ _ _ 

torch = <module 'torch' from '/workspace/kit-work/venv-cu13/lib/python3.12/site-packages/torch/__init__.py'>
tid = 'K4-lmhead', device = 'cuda'

    def load(torch, tid: str, device="cuda") -> dict:
        """trellis/suh/svh (+ mcg/mul1 flags) of one checkpoint tensor, from the model's index."""
        import json
    
        from safetensors import safe_open
    
        prefix = TENSORS[tid][0]
        wm = json.loads((MODEL / "model.safetensors.index.json").read_text())["weight_map"]
        out = {"mcg": f"{prefix}.mcg" in wm, "mul1": f"{prefix}.mul1" in wm}
        for t in ("trellis", "suh", "svh"):
            with safe_open(str(MODEL / wm[f"{prefix}.{t}"]), framework="pt") as f:
>               out[t] = f.get_tensor(f"{prefix}.{t}").to(device).contiguous()
                         ^^^^^^^^^^^^^^^^^^^^^^^^^^^^^^^^^^^^^^^^
E               torch.OutOfMemoryError: CUDA out of memory. Tried to allocate 608.00 MiB. GPU 0 has a total capacity of 7.66 GiB of which 597.75 MiB is free. Including non-PyTorch memory, this process has 6.46 GiB memory in use. 6.22 GiB allowed; Of the allocated memory 6.21 GiB is allocated by PyTorch, and 2.84 MiB is reserved by PyTorch but unallocated. If reserved but unallocated memory is large try setting PYTORCH_CUDA_ALLOC_CONF=expandable_segments:True to avoid fragmentation.  See documentation for Memory Management  (https://docs.pytorch.org/docs/stable/notes/cuda.html#optimizing-memory-usage-with-pytorch-cuda-alloc-conf)

tests/gpu/exl3_cases.py:84: OutOfMemoryError
___________________ test_gemm_vs_fp64[K4-lmhead-8-bf16model] ___________________

ops = <module 'vllm_exl3_plugin.ops' from '/workspace/kit/plugin-exl3/vllm_exl3_plugin/ops.py'>
tid = 'K4-lmhead', m = 8, out_fp32 = True

    @pytest.mark.parametrize("out_fp32", [True, False], ids=["bf16model", "fp16model"])
    @pytest.mark.parametrize("m", MR_ROWS + K4_SMALL_ROWS)
    @pytest.mark.parametrize("tid", MR_TIDS)
    def test_gemm_vs_fp64(ops, tid, m, out_fp32):
        import torch
    
        K, n = BITS[tid], C.TENSORS[tid][3]
        if m in K4_SMALL_ROWS and K != 4:
            pytest.skip("K3/K5 take exl3_gemm_mr from 17 rows only")
>       w = weights(tid)
            ^^^^^^^^^^^^

tests/gpu/test_exl3_mr.py:121: 
_ _ _ _ _ _ _ _ _ _ _ _ _ _ _ _ _ _ _ _ _ _ _ _ _ _ _ _ _ _ _ _ _ _ _ _ _ _ _ _ 
tests/gpu/test_exl3_mr.py:69: in weights
    w = C.load(torch, tid)
        ^^^^^^^^^^^^^^^^^^
_ _ _ _ _ _ _ _ _ _ _ _ _ _ _ _ _ _ _ _ _ _ _ _ _ _ _ _ _ _ _ _ _ _ _ _ _ _ _ _ 

torch = <module 'torch' from '/workspace/kit-work/venv-cu13/lib/python3.12/site-packages/torch/__init__.py'>
tid = 'K4-lmhead', device = 'cuda'

    def load(torch, tid: str, device="cuda") -> dict:
        """trellis/suh/svh (+ mcg/mul1 flags) of one checkpoint tensor, from the model's index."""
        import json
    
        from safetensors import safe_open
    
        prefix = TENSORS[tid][0]
        wm = json.loads((MODEL / "model.safetensors.index.json").read_text())["weight_map"]
        out = {"mcg": f"{prefix}.mcg" in wm, "mul1": f"{prefix}.mul1" in wm}
        for t in ("trellis", "suh", "svh"):
            with safe_open(str(MODEL / wm[f"{prefix}.{t}"]), framework="pt") as f:
>               out[t] = f.get_tensor(f"{prefix}.{t}").to(device).contiguous()
                         ^^^^^^^^^^^^^^^^^^^^^^^^^^^^^^^^^^^^^^^^
E               torch.OutOfMemoryError: CUDA out of memory. Tried to allocate 608.00 MiB. GPU 0 has a total capacity of 7.66 GiB of which 597.75 MiB is free. Including non-PyTorch memory, this process has 6.46 GiB memory in use. 6.22 GiB allowed; Of the allocated memory 6.21 GiB is allocated by PyTorch, and 2.84 MiB is reserved by PyTorch but unallocated. If reserved but unallocated memory is large try setting PYTORCH_CUDA_ALLOC_CONF=expandable_segments:True to avoid fragmentation.  See documentation for Memory Management  (https://docs.pytorch.org/docs/stable/notes/cuda.html#optimizing-memory-usage-with-pytorch-cuda-alloc-conf)

tests/gpu/exl3_cases.py:84: OutOfMemoryError
___________________ test_gemm_vs_fp64[K4-lmhead-8-fp16model] ___________________

ops = <module 'vllm_exl3_plugin.ops' from '/workspace/kit/plugin-exl3/vllm_exl3_plugin/ops.py'>
tid = 'K4-lmhead', m = 8, out_fp32 = False

    @pytest.mark.parametrize("out_fp32", [True, False], ids=["bf16model", "fp16model"])
    @pytest.mark.parametrize("m", MR_ROWS + K4_SMALL_ROWS)
    @pytest.mark.parametrize("tid", MR_TIDS)
    def test_gemm_vs_fp64(ops, tid, m, out_fp32):
        import torch
    
        K, n = BITS[tid], C.TENSORS[tid][3]
        if m in K4_SMALL_ROWS and K != 4:
            pytest.skip("K3/K5 take exl3_gemm_mr from 17 rows only")
>       w = weights(tid)
            ^^^^^^^^^^^^

tests/gpu/test_exl3_mr.py:121: 
_ _ _ _ _ _ _ _ _ _ _ _ _ _ _ _ _ _ _ _ _ _ _ _ _ _ _ _ _ _ _ _ _ _ _ _ _ _ _ _ 
tests/gpu/test_exl3_mr.py:69: in weights
    w = C.load(torch, tid)
        ^^^^^^^^^^^^^^^^^^
_ _ _ _ _ _ _ _ _ _ _ _ _ _ _ _ _ _ _ _ _ _ _ _ _ _ _ _ _ _ _ _ _ _ _ _ _ _ _ _ 

torch = <module 'torch' from '/workspace/kit-work/venv-cu13/lib/python3.12/site-packages/torch/__init__.py'>
tid = 'K4-lmhead', device = 'cuda'

    def load(torch, tid: str, device="cuda") -> dict:
        """trellis/suh/svh (+ mcg/mul1 flags) of one checkpoint tensor, from the model's index."""
        import json
    
        from safetensors import safe_open
    
        prefix = TENSORS[tid][0]
        wm = json.loads((MODEL / "model.safetensors.index.json").read_text())["weight_map"]
        out = {"mcg": f"{prefix}.mcg" in wm, "mul1": f"{prefix}.mul1" in wm}
        for t in ("trellis", "suh", "svh"):
            with safe_open(str(MODEL / wm[f"{prefix}.{t}"]), framework="pt") as f:
>               out[t] = f.get_tensor(f"{prefix}.{t}").to(device).contiguous()
                         ^^^^^^^^^^^^^^^^^^^^^^^^^^^^^^^^^^^^^^^^
E               torch.OutOfMemoryError: CUDA out of memory. Tried to allocate 608.00 MiB. GPU 0 has a total capacity of 7.66 GiB of which 597.75 MiB is free. Including non-PyTorch memory, this process has 6.46 GiB memory in use. 6.22 GiB allowed; Of the allocated memory 6.21 GiB is allocated by PyTorch, and 2.84 MiB is reserved by PyTorch but unallocated. If reserved but unallocated memory is large try setting PYTORCH_CUDA_ALLOC_CONF=expandable_segments:True to avoid fragmentation.  See documentation for Memory Management  (https://docs.pytorch.org/docs/stable/notes/cuda.html#optimizing-memory-usage-with-pytorch-cuda-alloc-conf)

tests/gpu/exl3_cases.py:84: OutOfMemoryError
__________________ test_gemm_vs_fp64[K4-lmhead-16-bf16model] ___________________

ops = <module 'vllm_exl3_plugin.ops' from '/workspace/kit/plugin-exl3/vllm_exl3_plugin/ops.py'>
tid = 'K4-lmhead', m = 16, out_fp32 = True

    @pytest.mark.parametrize("out_fp32", [True, False], ids=["bf16model", "fp16model"])
    @pytest.mark.parametrize("m", MR_ROWS + K4_SMALL_ROWS)
    @pytest.mark.parametrize("tid", MR_TIDS)
    def test_gemm_vs_fp64(ops, tid, m, out_fp32):
        import torch
    
        K, n = BITS[tid], C.TENSORS[tid][3]
        if m in K4_SMALL_ROWS and K != 4:
            pytest.skip("K3/K5 take exl3_gemm_mr from 17 rows only")
>       w = weights(tid)
            ^^^^^^^^^^^^

tests/gpu/test_exl3_mr.py:121: 
_ _ _ _ _ _ _ _ _ _ _ _ _ _ _ _ _ _ _ _ _ _ _ _ _ _ _ _ _ _ _ _ _ _ _ _ _ _ _ _ 
tests/gpu/test_exl3_mr.py:69: in weights
    w = C.load(torch, tid)
        ^^^^^^^^^^^^^^^^^^
_ _ _ _ _ _ _ _ _ _ _ _ _ _ _ _ _ _ _ _ _ _ _ _ _ _ _ _ _ _ _ _ _ _ _ _ _ _ _ _ 

torch = <module 'torch' from '/workspace/kit-work/venv-cu13/lib/python3.12/site-packages/torch/__init__.py'>
tid = 'K4-lmhead', device = 'cuda'

    def load(torch, tid: str, device="cuda") -> dict:
        """trellis/suh/svh (+ mcg/mul1 flags) of one checkpoint tensor, from the model's index."""
        import json
    
        from safetensors import safe_open
    
        prefix = TENSORS[tid][0]
        wm = json.loads((MODEL / "model.safetensors.index.json").read_text())["weight_map"]
        out = {"mcg": f"{prefix}.mcg" in wm, "mul1": f"{prefix}.mul1" in wm}
        for t in ("trellis", "suh", "svh"):
            with safe_open(str(MODEL / wm[f"{prefix}.{t}"]), framework="pt") as f:
>               out[t] = f.get_tensor(f"{prefix}.{t}").to(device).contiguous()
                         ^^^^^^^^^^^^^^^^^^^^^^^^^^^^^^^^^^^^^^^^
E               torch.OutOfMemoryError: CUDA out of memory. Tried to allocate 608.00 MiB. GPU 0 has a total capacity of 7.66 GiB of which 597.75 MiB is free. Including non-PyTorch memory, this process has 6.46 GiB memory in use. 6.22 GiB allowed; Of the allocated memory 6.21 GiB is allocated by PyTorch, and 2.84 MiB is reserved by PyTorch but unallocated. If reserved but unallocated memory is large try setting PYTORCH_CUDA_ALLOC_CONF=expandable_segments:True to avoid fragmentation.  See documentation for Memory Management  (https://docs.pytorch.org/docs/stable/notes/cuda.html#optimizing-memory-usage-with-pytorch-cuda-alloc-conf)

tests/gpu/exl3_cases.py:84: OutOfMemoryError
__________________ test_gemm_vs_fp64[K4-lmhead-16-fp16model] ___________________

ops = <module 'vllm_exl3_plugin.ops' from '/workspace/kit/plugin-exl3/vllm_exl3_plugin/ops.py'>
tid = 'K4-lmhead', m = 16, out_fp32 = False

    @pytest.mark.parametrize("out_fp32", [True, False], ids=["bf16model", "fp16model"])
    @pytest.mark.parametrize("m", MR_ROWS + K4_SMALL_ROWS)
    @pytest.mark.parametrize("tid", MR_TIDS)
    def test_gemm_vs_fp64(ops, tid, m, out_fp32):
        import torch
    
        K, n = BITS[tid], C.TENSORS[tid][3]
        if m in K4_SMALL_ROWS and K != 4:
            pytest.skip("K3/K5 take exl3_gemm_mr from 17 rows only")
>       w = weights(tid)
            ^^^^^^^^^^^^

tests/gpu/test_exl3_mr.py:121: 
_ _ _ _ _ _ _ _ _ _ _ _ _ _ _ _ _ _ _ _ _ _ _ _ _ _ _ _ _ _ _ _ _ _ _ _ _ _ _ _ 
tests/gpu/test_exl3_mr.py:69: in weights
    w = C.load(torch, tid)
        ^^^^^^^^^^^^^^^^^^
_ _ _ _ _ _ _ _ _ _ _ _ _ _ _ _ _ _ _ _ _ _ _ _ _ _ _ _ _ _ _ _ _ _ _ _ _ _ _ _ 

torch = <module 'torch' from '/workspace/kit-work/venv-cu13/lib/python3.12/site-packages/torch/__init__.py'>
tid = 'K4-lmhead', device = 'cuda'

    def load(torch, tid: str, device="cuda") -> dict:
        """trellis/suh/svh (+ mcg/mul1 flags) of one checkpoint tensor, from the model's index."""
        import json
    
        from safetensors import safe_open
    
        prefix = TENSORS[tid][0]
        wm = json.loads((MODEL / "model.safetensors.index.json").read_text())["weight_map"]
        out = {"mcg": f"{prefix}.mcg" in wm, "mul1": f"{prefix}.mul1" in wm}
        for t in ("trellis", "suh", "svh"):
            with safe_open(str(MODEL / wm[f"{prefix}.{t}"]), framework="pt") as f:
>               out[t] = f.get_tensor(f"{prefix}.{t}").to(device).contiguous()
                         ^^^^^^^^^^^^^^^^^^^^^^^^^^^^^^^^^^^^^^^^
E               torch.OutOfMemoryError: CUDA out of memory. Tried to allocate 608.00 MiB. GPU 0 has a total capacity of 7.66 GiB of which 597.75 MiB is free. Including non-PyTorch memory, this process has 6.46 GiB memory in use. 6.22 GiB allowed; Of the allocated memory 6.21 GiB is allocated by PyTorch, and 2.84 MiB is reserved by PyTorch but unallocated. If reserved but unallocated memory is large try setting PYTORCH_CUDA_ALLOC_CONF=expandable_segments:True to avoid fragmentation.  See documentation for Memory Management  (https://docs.pytorch.org/docs/stable/notes/cuda.html#optimizing-memory-usage-with-pytorch-cuda-alloc-conf)

tests/gpu/exl3_cases.py:84: OutOfMemoryError
______________________ test_bf16_io_same_bits[K3-down-17] ______________________

ops = <module 'vllm_exl3_plugin.ops' from '/workspace/kit/plugin-exl3/vllm_exl3_plugin/ops.py'>
tid = 'K3-down', m = 17

    @pytest.mark.parametrize("m", [1, 8, 17, 48, 144])
    @pytest.mark.parametrize("tid", MR_TIDS)
    def test_bf16_io_same_bits(ops, tid, m):
        """Glue (ops.MR_GLUE): bf16 x straight into exl3_gemm_mr == x.half() + fp32 out + .to(bf16), bit for bit."""
        import torch
    
        if m < 17 and BITS[tid] != 4:
            pytest.skip("K3/K5 take exl3_gemm_mr from 17 rows only")
>       w = weights(tid)
            ^^^^^^^^^^^^

tests/gpu/test_exl3_mr.py:144: 
_ _ _ _ _ _ _ _ _ _ _ _ _ _ _ _ _ _ _ _ _ _ _ _ _ _ _ _ _ _ _ _ _ _ _ _ _ _ _ _ 
tests/gpu/test_exl3_mr.py:69: in weights
    w = C.load(torch, tid)
        ^^^^^^^^^^^^^^^^^^
_ _ _ _ _ _ _ _ _ _ _ _ _ _ _ _ _ _ _ _ _ _ _ _ _ _ _ _ _ _ _ _ _ _ _ _ _ _ _ _ 

torch = <module 'torch' from '/workspace/kit-work/venv-cu13/lib/python3.12/site-packages/torch/__init__.py'>
tid = 'K3-down', device = 'cuda'

    def load(torch, tid: str, device="cuda") -> dict:
        """trellis/suh/svh (+ mcg/mul1 flags) of one checkpoint tensor, from the model's index."""
        import json
    
        from safetensors import safe_open
    
        prefix = TENSORS[tid][0]
        wm = json.loads((MODEL / "model.safetensors.index.json").read_text())["weight_map"]
        out = {"mcg": f"{prefix}.mcg" in wm, "mul1": f"{prefix}.mul1" in wm}
        for t in ("trellis", "suh", "svh"):
            with safe_open(str(MODEL / wm[f"{prefix}.{t}"]), framework="pt") as f:
>               out[t] = f.get_tensor(f"{prefix}.{t}").to(device).contiguous()
                         ^^^^^^^^^^^^^^^^^^^^^^^^^^^^^^^^^^^^^^^^
E               torch.OutOfMemoryError: CUDA out of memory. Tried to allocate 32.00 MiB. GPU 0 has a total capacity of 7.66 GiB of which 597.75 MiB is free. Including non-PyTorch memory, this process has 6.46 GiB memory in use. 6.22 GiB allowed; Of the allocated memory 6.21 GiB is allocated by PyTorch, and 2.84 MiB is reserved by PyTorch but unallocated. If reserved but unallocated memory is large try setting PYTORCH_CUDA_ALLOC_CONF=expandable_segments:True to avoid fragmentation.  See documentation for Memory Management  (https://docs.pytorch.org/docs/stable/notes/cuda.html#optimizing-memory-usage-with-pytorch-cuda-alloc-conf)

tests/gpu/exl3_cases.py:84: OutOfMemoryError
______________________ test_bf16_io_same_bits[K3-down-48] ______________________

ops = <module 'vllm_exl3_plugin.ops' from '/workspace/kit/plugin-exl3/vllm_exl3_plugin/ops.py'>
tid = 'K3-down', m = 48

    @pytest.mark.parametrize("m", [1, 8, 17, 48, 144])
    @pytest.mark.parametrize("tid", MR_TIDS)
    def test_bf16_io_same_bits(ops, tid, m):
        """Glue (ops.MR_GLUE): bf16 x straight into exl3_gemm_mr == x.half() + fp32 out + .to(bf16), bit for bit."""
        import torch
    
        if m < 17 and BITS[tid] != 4:
            pytest.skip("K3/K5 take exl3_gemm_mr from 17 rows only")
>       w = weights(tid)
            ^^^^^^^^^^^^

tests/gpu/test_exl3_mr.py:144: 
_ _ _ _ _ _ _ _ _ _ _ _ _ _ _ _ _ _ _ _ _ _ _ _ _ _ _ _ _ _ _ _ _ _ _ _ _ _ _ _ 
tests/gpu/test_exl3_mr.py:69: in weights
    w = C.load(torch, tid)
        ^^^^^^^^^^^^^^^^^^
_ _ _ _ _ _ _ _ _ _ _ _ _ _ _ _ _ _ _ _ _ _ _ _ _ _ _ _ _ _ _ _ _ _ _ _ _ _ _ _ 

torch = <module 'torch' from '/workspace/kit-work/venv-cu13/lib/python3.12/site-packages/torch/__init__.py'>
tid = 'K3-down', device = 'cuda'

    def load(torch, tid: str, device="cuda") -> dict:
        """trellis/suh/svh (+ mcg/mul1 flags) of one checkpoint tensor, from the model's index."""
        import json
    
        from safetensors import safe_open
    
        prefix = TENSORS[tid][0]
        wm = json.loads((MODEL / "model.safetensors.index.json").read_text())["weight_map"]
        out = {"mcg": f"{prefix}.mcg" in wm, "mul1": f"{prefix}.mul1" in wm}
        for t in ("trellis", "suh", "svh"):
            with safe_open(str(MODEL / wm[f"{prefix}.{t}"]), framework="pt") as f:
>               out[t] = f.get_tensor(f"{prefix}.{t}").to(device).contiguous()
                         ^^^^^^^^^^^^^^^^^^^^^^^^^^^^^^^^^^^^^^^^
E               torch.OutOfMemoryError: CUDA out of memory. Tried to allocate 32.00 MiB. GPU 0 has a total capacity of 7.66 GiB of which 597.75 MiB is free. Including non-PyTorch memory, this process has 6.46 GiB memory in use. 6.22 GiB allowed; Of the allocated memory 6.21 GiB is allocated by PyTorch, and 2.84 MiB is reserved by PyTorch but unallocated. If reserved but unallocated memory is large try setting PYTORCH_CUDA_ALLOC_CONF=expandable_segments:True to avoid fragmentation.  See documentation for Memory Management  (https://docs.pytorch.org/docs/stable/notes/cuda.html#optimizing-memory-usage-with-pytorch-cuda-alloc-conf)

tests/gpu/exl3_cases.py:84: OutOfMemoryError
_____________________ test_bf16_io_same_bits[K3-down-144] ______________________

ops = <module 'vllm_exl3_plugin.ops' from '/workspace/kit/plugin-exl3/vllm_exl3_plugin/ops.py'>
tid = 'K3-down', m = 144

    @pytest.mark.parametrize("m", [1, 8, 17, 48, 144])
    @pytest.mark.parametrize("tid", MR_TIDS)
    def test_bf16_io_same_bits(ops, tid, m):
        """Glue (ops.MR_GLUE): bf16 x straight into exl3_gemm_mr == x.half() + fp32 out + .to(bf16), bit for bit."""
        import torch
    
        if m < 17 and BITS[tid] != 4:
            pytest.skip("K3/K5 take exl3_gemm_mr from 17 rows only")
>       w = weights(tid)
            ^^^^^^^^^^^^

tests/gpu/test_exl3_mr.py:144: 
_ _ _ _ _ _ _ _ _ _ _ _ _ _ _ _ _ _ _ _ _ _ _ _ _ _ _ _ _ _ _ _ _ _ _ _ _ _ _ _ 
tests/gpu/test_exl3_mr.py:69: in weights
    w = C.load(torch, tid)
        ^^^^^^^^^^^^^^^^^^
_ _ _ _ _ _ _ _ _ _ _ _ _ _ _ _ _ _ _ _ _ _ _ _ _ _ _ _ _ _ _ _ _ _ _ _ _ _ _ _ 

torch = <module 'torch' from '/workspace/kit-work/venv-cu13/lib/python3.12/site-packages/torch/__init__.py'>
tid = 'K3-down', device = 'cuda'

    def load(torch, tid: str, device="cuda") -> dict:
        """trellis/suh/svh (+ mcg/mul1 flags) of one checkpoint tensor, from the model's index."""
        import json
    
        from safetensors import safe_open
    
        prefix = TENSORS[tid][0]
        wm = json.loads((MODEL / "model.safetensors.index.json").read_text())["weight_map"]
        out = {"mcg": f"{prefix}.mcg" in wm, "mul1": f"{prefix}.mul1" in wm}
        for t in ("trellis", "suh", "svh"):
            with safe_open(str(MODEL / wm[f"{prefix}.{t}"]), framework="pt") as f:
>               out[t] = f.get_tensor(f"{prefix}.{t}").to(device).contiguous()
                         ^^^^^^^^^^^^^^^^^^^^^^^^^^^^^^^^^^^^^^^^
E               torch.OutOfMemoryError: CUDA out of memory. Tried to allocate 32.00 MiB. GPU 0 has a total capacity of 7.66 GiB of which 597.75 MiB is free. Including non-PyTorch memory, this process has 6.46 GiB memory in use. 6.22 GiB allowed; Of the allocated memory 6.21 GiB is allocated by PyTorch, and 2.84 MiB is reserved by PyTorch but unallocated. If reserved but unallocated memory is large try setting PYTORCH_CUDA_ALLOC_CONF=expandable_segments:True to avoid fragmentation.  See documentation for Memory Management  (https://docs.pytorch.org/docs/stable/notes/cuda.html#optimizing-memory-usage-with-pytorch-cuda-alloc-conf)

tests/gpu/exl3_cases.py:84: OutOfMemoryError
_______________________ test_bf16_io_same_bits[K3-up-17] _______________________

ops = <module 'vllm_exl3_plugin.ops' from '/workspace/kit/plugin-exl3/vllm_exl3_plugin/ops.py'>
tid = 'K3-up', m = 17

    @pytest.mark.parametrize("m", [1, 8, 17, 48, 144])
    @pytest.mark.parametrize("tid", MR_TIDS)
    def test_bf16_io_same_bits(ops, tid, m):
        """Glue (ops.MR_GLUE): bf16 x straight into exl3_gemm_mr == x.half() + fp32 out + .to(bf16), bit for bit."""
        import torch
    
        if m < 17 and BITS[tid] != 4:
            pytest.skip("K3/K5 take exl3_gemm_mr from 17 rows only")
>       w = weights(tid)
            ^^^^^^^^^^^^

tests/gpu/test_exl3_mr.py:144: 
_ _ _ _ _ _ _ _ _ _ _ _ _ _ _ _ _ _ _ _ _ _ _ _ _ _ _ _ _ _ _ _ _ _ _ _ _ _ _ _ 
tests/gpu/test_exl3_mr.py:69: in weights
    w = C.load(torch, tid)
        ^^^^^^^^^^^^^^^^^^
_ _ _ _ _ _ _ _ _ _ _ _ _ _ _ _ _ _ _ _ _ _ _ _ _ _ _ _ _ _ _ _ _ _ _ _ _ _ _ _ 

torch = <module 'torch' from '/workspace/kit-work/venv-cu13/lib/python3.12/site-packages/torch/__init__.py'>
tid = 'K3-up', device = 'cuda'

    def load(torch, tid: str, device="cuda") -> dict:
        """trellis/suh/svh (+ mcg/mul1 flags) of one checkpoint tensor, from the model's index."""
        import json
    
        from safetensors import safe_open
    
        prefix = TENSORS[tid][0]
        wm = json.loads((MODEL / "model.safetensors.index.json").read_text())["weight_map"]
        out = {"mcg": f"{prefix}.mcg" in wm, "mul1": f"{prefix}.mul1" in wm}
        for t in ("trellis", "suh", "svh"):
            with safe_open(str(MODEL / wm[f"{prefix}.{t}"]), framework="pt") as f:
>               out[t] = f.get_tensor(f"{prefix}.{t}").to(device).contiguous()
                         ^^^^^^^^^^^^^^^^^^^^^^^^^^^^^^^^^^^^^^^^
E               torch.OutOfMemoryError: CUDA out of memory. Tried to allocate 32.00 MiB. GPU 0 has a total capacity of 7.66 GiB of which 597.75 MiB is free. Including non-PyTorch memory, this process has 6.46 GiB memory in use. 6.22 GiB allowed; Of the allocated memory 6.21 GiB is allocated by PyTorch, and 2.84 MiB is reserved by PyTorch but unallocated. If reserved but unallocated memory is large try setting PYTORCH_CUDA_ALLOC_CONF=expandable_segments:True to avoid fragmentation.  See documentation for Memory Management  (https://docs.pytorch.org/docs/stable/notes/cuda.html#optimizing-memory-usage-with-pytorch-cuda-alloc-conf)

tests/gpu/exl3_cases.py:84: OutOfMemoryError
_______________________ test_bf16_io_same_bits[K3-up-48] _______________________

ops = <module 'vllm_exl3_plugin.ops' from '/workspace/kit/plugin-exl3/vllm_exl3_plugin/ops.py'>
tid = 'K3-up', m = 48

    @pytest.mark.parametrize("m", [1, 8, 17, 48, 144])
    @pytest.mark.parametrize("tid", MR_TIDS)
    def test_bf16_io_same_bits(ops, tid, m):
        """Glue (ops.MR_GLUE): bf16 x straight into exl3_gemm_mr == x.half() + fp32 out + .to(bf16), bit for bit."""
        import torch
    
        if m < 17 and BITS[tid] != 4:
            pytest.skip("K3/K5 take exl3_gemm_mr from 17 rows only")
>       w = weights(tid)
            ^^^^^^^^^^^^

tests/gpu/test_exl3_mr.py:144: 
_ _ _ _ _ _ _ _ _ _ _ _ _ _ _ _ _ _ _ _ _ _ _ _ _ _ _ _ _ _ _ _ _ _ _ _ _ _ _ _ 
tests/gpu/test_exl3_mr.py:69: in weights
    w = C.load(torch, tid)
        ^^^^^^^^^^^^^^^^^^
_ _ _ _ _ _ _ _ _ _ _ _ _ _ _ _ _ _ _ _ _ _ _ _ _ _ _ _ _ _ _ _ _ _ _ _ _ _ _ _ 

torch = <module 'torch' from '/workspace/kit-work/venv-cu13/lib/python3.12/site-packages/torch/__init__.py'>
tid = 'K3-up', device = 'cuda'

    def load(torch, tid: str, device="cuda") -> dict:
        """trellis/suh/svh (+ mcg/mul1 flags) of one checkpoint tensor, from the model's index."""
        import json
    
        from safetensors import safe_open
    
        prefix = TENSORS[tid][0]
        wm = json.loads((MODEL / "model.safetensors.index.json").read_text())["weight_map"]
        out = {"mcg": f"{prefix}.mcg" in wm, "mul1": f"{prefix}.mul1" in wm}
        for t in ("trellis", "suh", "svh"):
            with safe_open(str(MODEL / wm[f"{prefix}.{t}"]), framework="pt") as f:
>               out[t] = f.get_tensor(f"{prefix}.{t}").to(device).contiguous()
                         ^^^^^^^^^^^^^^^^^^^^^^^^^^^^^^^^^^^^^^^^
E               torch.OutOfMemoryError: CUDA out of memory. Tried to allocate 32.00 MiB. GPU 0 has a total capacity of 7.66 GiB of which 597.75 MiB is free. Including non-PyTorch memory, this process has 6.46 GiB memory in use. 6.22 GiB allowed; Of the allocated memory 6.21 GiB is allocated by PyTorch, and 2.84 MiB is reserved by PyTorch but unallocated. If reserved but unallocated memory is large try setting PYTORCH_CUDA_ALLOC_CONF=expandable_segments:True to avoid fragmentation.  See documentation for Memory Management  (https://docs.pytorch.org/docs/stable/notes/cuda.html#optimizing-memory-usage-with-pytorch-cuda-alloc-conf)

tests/gpu/exl3_cases.py:84: OutOfMemoryError
______________________ test_bf16_io_same_bits[K3-up-144] _______________________

ops = <module 'vllm_exl3_plugin.ops' from '/workspace/kit/plugin-exl3/vllm_exl3_plugin/ops.py'>
tid = 'K3-up', m = 144

    @pytest.mark.parametrize("m", [1, 8, 17, 48, 144])
    @pytest.mark.parametrize("tid", MR_TIDS)
    def test_bf16_io_same_bits(ops, tid, m):
        """Glue (ops.MR_GLUE): bf16 x straight into exl3_gemm_mr == x.half() + fp32 out + .to(bf16), bit for bit."""
        import torch
    
        if m < 17 and BITS[tid] != 4:
            pytest.skip("K3/K5 take exl3_gemm_mr from 17 rows only")
>       w = weights(tid)
            ^^^^^^^^^^^^

tests/gpu/test_exl3_mr.py:144: 
_ _ _ _ _ _ _ _ _ _ _ _ _ _ _ _ _ _ _ _ _ _ _ _ _ _ _ _ _ _ _ _ _ _ _ _ _ _ _ _ 
tests/gpu/test_exl3_mr.py:69: in weights
    w = C.load(torch, tid)
        ^^^^^^^^^^^^^^^^^^
_ _ _ _ _ _ _ _ _ _ _ _ _ _ _ _ _ _ _ _ _ _ _ _ _ _ _ _ _ _ _ _ _ _ _ _ _ _ _ _ 

torch = <module 'torch' from '/workspace/kit-work/venv-cu13/lib/python3.12/site-packages/torch/__init__.py'>
tid = 'K3-up', device = 'cuda'

    def load(torch, tid: str, device="cuda") -> dict:
        """trellis/suh/svh (+ mcg/mul1 flags) of one checkpoint tensor, from the model's index."""
        import json
    
        from safetensors import safe_open
    
        prefix = TENSORS[tid][0]
        wm = json.loads((MODEL / "model.safetensors.index.json").read_text())["weight_map"]
        out = {"mcg": f"{prefix}.mcg" in wm, "mul1": f"{prefix}.mul1" in wm}
        for t in ("trellis", "suh", "svh"):
            with safe_open(str(MODEL / wm[f"{prefix}.{t}"]), framework="pt") as f:
>               out[t] = f.get_tensor(f"{prefix}.{t}").to(device).contiguous()
                         ^^^^^^^^^^^^^^^^^^^^^^^^^^^^^^^^^^^^^^^^
E               torch.OutOfMemoryError: CUDA out of memory. Tried to allocate 32.00 MiB. GPU 0 has a total capacity of 7.66 GiB of which 597.75 MiB is free. Including non-PyTorch memory, this process has 6.46 GiB memory in use. 6.22 GiB allowed; Of the allocated memory 6.21 GiB is allocated by PyTorch, and 2.84 MiB is reserved by PyTorch but unallocated. If reserved but unallocated memory is large try setting PYTORCH_CUDA_ALLOC_CONF=expandable_segments:True to avoid fragmentation.  See documentation for Memory Management  (https://docs.pytorch.org/docs/stable/notes/cuda.html#optimizing-memory-usage-with-pytorch-cuda-alloc-conf)

tests/gpu/exl3_cases.py:84: OutOfMemoryError
______________________ test_bf16_io_same_bits[K4-kproj-1] ______________________

ops = <module 'vllm_exl3_plugin.ops' from '/workspace/kit/plugin-exl3/vllm_exl3_plugin/ops.py'>
tid = 'K4-kproj', m = 1

    @pytest.mark.parametrize("m", [1, 8, 17, 48, 144])
    @pytest.mark.parametrize("tid", MR_TIDS)
    def test_bf16_io_same_bits(ops, tid, m):
        """Glue (ops.MR_GLUE): bf16 x straight into exl3_gemm_mr == x.half() + fp32 out + .to(bf16), bit for bit."""
        import torch
    
        if m < 17 and BITS[tid] != 4:
            pytest.skip("K3/K5 take exl3_gemm_mr from 17 rows only")
>       w = weights(tid)
            ^^^^^^^^^^^^

tests/gpu/test_exl3_mr.py:144: 
_ _ _ _ _ _ _ _ _ _ _ _ _ _ _ _ _ _ _ _ _ _ _ _ _ _ _ _ _ _ _ _ _ _ _ _ _ _ _ _ 
tests/gpu/test_exl3_mr.py:69: in weights
    w = C.load(torch, tid)
        ^^^^^^^^^^^^^^^^^^
_ _ _ _ _ _ _ _ _ _ _ _ _ _ _ _ _ _ _ _ _ _ _ _ _ _ _ _ _ _ _ _ _ _ _ _ _ _ _ _ 

torch = <module 'torch' from '/workspace/kit-work/venv-cu13/lib/python3.12/site-packages/torch/__init__.py'>
tid = 'K4-kproj', device = 'cuda'

    def load(torch, tid: str, device="cuda") -> dict:
        """trellis/suh/svh (+ mcg/mul1 flags) of one checkpoint tensor, from the model's index."""
        import json
    
        from safetensors import safe_open
    
        prefix = TENSORS[tid][0]
        wm = json.loads((MODEL / "model.safetensors.index.json").read_text())["weight_map"]
        out = {"mcg": f"{prefix}.mcg" in wm, "mul1": f"{prefix}.mul1" in wm}
        for t in ("trellis", "suh", "svh"):
            with safe_open(str(MODEL / wm[f"{prefix}.{t}"]), framework="pt") as f:
>               out[t] = f.get_tensor(f"{prefix}.{t}").to(device).contiguous()
                         ^^^^^^^^^^^^^^^^^^^^^^^^^^^^^^^^^^^^^^^^
E               torch.OutOfMemoryError: CUDA out of memory. Tried to allocate 20.00 MiB. GPU 0 has a total capacity of 7.66 GiB of which 597.75 MiB is free. Including non-PyTorch memory, this process has 6.46 GiB memory in use. 6.22 GiB allowed; Of the allocated memory 6.21 GiB is allocated by PyTorch, and 2.84 MiB is reserved by PyTorch but unallocated. If reserved but unallocated memory is large try setting PYTORCH_CUDA_ALLOC_CONF=expandable_segments:True to avoid fragmentation.  See documentation for Memory Management  (https://docs.pytorch.org/docs/stable/notes/cuda.html#optimizing-memory-usage-with-pytorch-cuda-alloc-conf)

tests/gpu/exl3_cases.py:84: OutOfMemoryError
______________________ test_bf16_io_same_bits[K4-kproj-8] ______________________

ops = <module 'vllm_exl3_plugin.ops' from '/workspace/kit/plugin-exl3/vllm_exl3_plugin/ops.py'>
tid = 'K4-kproj', m = 8

    @pytest.mark.parametrize("m", [1, 8, 17, 48, 144])
    @pytest.mark.parametrize("tid", MR_TIDS)
    def test_bf16_io_same_bits(ops, tid, m):
        """Glue (ops.MR_GLUE): bf16 x straight into exl3_gemm_mr == x.half() + fp32 out + .to(bf16), bit for bit."""
        import torch
    
        if m < 17 and BITS[tid] != 4:
            pytest.skip("K3/K5 take exl3_gemm_mr from 17 rows only")
>       w = weights(tid)
            ^^^^^^^^^^^^

tests/gpu/test_exl3_mr.py:144: 
_ _ _ _ _ _ _ _ _ _ _ _ _ _ _ _ _ _ _ _ _ _ _ _ _ _ _ _ _ _ _ _ _ _ _ _ _ _ _ _ 
tests/gpu/test_exl3_mr.py:69: in weights
    w = C.load(torch, tid)
        ^^^^^^^^^^^^^^^^^^
_ _ _ _ _ _ _ _ _ _ _ _ _ _ _ _ _ _ _ _ _ _ _ _ _ _ _ _ _ _ _ _ _ _ _ _ _ _ _ _ 

torch = <module 'torch' from '/workspace/kit-work/venv-cu13/lib/python3.12/site-packages/torch/__init__.py'>
tid = 'K4-kproj', device = 'cuda'

    def load(torch, tid: str, device="cuda") -> dict:
        """trellis/suh/svh (+ mcg/mul1 flags) of one checkpoint tensor, from the model's index."""
        import json
    
        from safetensors import safe_open
    
        prefix = TENSORS[tid][0]
        wm = json.loads((MODEL / "model.safetensors.index.json").read_text())["weight_map"]
        out = {"mcg": f"{prefix}.mcg" in wm, "mul1": f"{prefix}.mul1" in wm}
        for t in ("trellis", "suh", "svh"):
            with safe_open(str(MODEL / wm[f"{prefix}.{t}"]), framework="pt") as f:
>               out[t] = f.get_tensor(f"{prefix}.{t}").to(device).contiguous()
                         ^^^^^^^^^^^^^^^^^^^^^^^^^^^^^^^^^^^^^^^^
E               torch.OutOfMemoryError: CUDA out of memory. Tried to allocate 20.00 MiB. GPU 0 has a total capacity of 7.66 GiB of which 597.75 MiB is free. Including non-PyTorch memory, this process has 6.46 GiB memory in use. 6.22 GiB allowed; Of the allocated memory 6.21 GiB is allocated by PyTorch, and 2.84 MiB is reserved by PyTorch but unallocated. If reserved but unallocated memory is large try setting PYTORCH_CUDA_ALLOC_CONF=expandable_segments:True to avoid fragmentation.  See documentation for Memory Management  (https://docs.pytorch.org/docs/stable/notes/cuda.html#optimizing-memory-usage-with-pytorch-cuda-alloc-conf)

tests/gpu/exl3_cases.py:84: OutOfMemoryError
_____________________ test_bf16_io_same_bits[K4-kproj-17] ______________________

ops = <module 'vllm_exl3_plugin.ops' from '/workspace/kit/plugin-exl3/vllm_exl3_plugin/ops.py'>
tid = 'K4-kproj', m = 17

    @pytest.mark.parametrize("m", [1, 8, 17, 48, 144])
    @pytest.mark.parametrize("tid", MR_TIDS)
    def test_bf16_io_same_bits(ops, tid, m):
        """Glue (ops.MR_GLUE): bf16 x straight into exl3_gemm_mr == x.half() + fp32 out + .to(bf16), bit for bit."""
        import torch
    
        if m < 17 and BITS[tid] != 4:
            pytest.skip("K3/K5 take exl3_gemm_mr from 17 rows only")
>       w = weights(tid)
            ^^^^^^^^^^^^

tests/gpu/test_exl3_mr.py:144: 
_ _ _ _ _ _ _ _ _ _ _ _ _ _ _ _ _ _ _ _ _ _ _ _ _ _ _ _ _ _ _ _ _ _ _ _ _ _ _ _ 
tests/gpu/test_exl3_mr.py:69: in weights
    w = C.load(torch, tid)
        ^^^^^^^^^^^^^^^^^^
_ _ _ _ _ _ _ _ _ _ _ _ _ _ _ _ _ _ _ _ _ _ _ _ _ _ _ _ _ _ _ _ _ _ _ _ _ _ _ _ 

torch = <module 'torch' from '/workspace/kit-work/venv-cu13/lib/python3.12/site-packages/torch/__init__.py'>
tid = 'K4-kproj', device = 'cuda'

    def load(torch, tid: str, device="cuda") -> dict:
        """trellis/suh/svh (+ mcg/mul1 flags) of one checkpoint tensor, from the model's index."""
        import json
    
        from safetensors import safe_open
    
        prefix = TENSORS[tid][0]
        wm = json.loads((MODEL / "model.safetensors.index.json").read_text())["weight_map"]
        out = {"mcg": f"{prefix}.mcg" in wm, "mul1": f"{prefix}.mul1" in wm}
        for t in ("trellis", "suh", "svh"):
            with safe_open(str(MODEL / wm[f"{prefix}.{t}"]), framework="pt") as f:
>               out[t] = f.get_tensor(f"{prefix}.{t}").to(device).contiguous()
                         ^^^^^^^^^^^^^^^^^^^^^^^^^^^^^^^^^^^^^^^^
E               torch.OutOfMemoryError: CUDA out of memory. Tried to allocate 20.00 MiB. GPU 0 has a total capacity of 7.66 GiB of which 597.75 MiB is free. Including non-PyTorch memory, this process has 6.46 GiB memory in use. 6.22 GiB allowed; Of the allocated memory 6.21 GiB is allocated by PyTorch, and 2.84 MiB is reserved by PyTorch but unallocated. If reserved but unallocated memory is large try setting PYTORCH_CUDA_ALLOC_CONF=expandable_segments:True to avoid fragmentation.  See documentation for Memory Management  (https://docs.pytorch.org/docs/stable/notes/cuda.html#optimizing-memory-usage-with-pytorch-cuda-alloc-conf)

tests/gpu/exl3_cases.py:84: OutOfMemoryError
_____________________ test_bf16_io_same_bits[K4-kproj-48] ______________________

ops = <module 'vllm_exl3_plugin.ops' from '/workspace/kit/plugin-exl3/vllm_exl3_plugin/ops.py'>
tid = 'K4-kproj', m = 48

    @pytest.mark.parametrize("m", [1, 8, 17, 48, 144])
    @pytest.mark.parametrize("tid", MR_TIDS)
    def test_bf16_io_same_bits(ops, tid, m):
        """Glue (ops.MR_GLUE): bf16 x straight into exl3_gemm_mr == x.half() + fp32 out + .to(bf16), bit for bit."""
        import torch
    
        if m < 17 and BITS[tid] != 4:
            pytest.skip("K3/K5 take exl3_gemm_mr from 17 rows only")
>       w = weights(tid)
            ^^^^^^^^^^^^

tests/gpu/test_exl3_mr.py:144: 
_ _ _ _ _ _ _ _ _ _ _ _ _ _ _ _ _ _ _ _ _ _ _ _ _ _ _ _ _ _ _ _ _ _ _ _ _ _ _ _ 
tests/gpu/test_exl3_mr.py:69: in weights
    w = C.load(torch, tid)
        ^^^^^^^^^^^^^^^^^^
_ _ _ _ _ _ _ _ _ _ _ _ _ _ _ _ _ _ _ _ _ _ _ _ _ _ _ _ _ _ _ _ _ _ _ _ _ _ _ _ 

torch = <module 'torch' from '/workspace/kit-work/venv-cu13/lib/python3.12/site-packages/torch/__init__.py'>
tid = 'K4-kproj', device = 'cuda'

    def load(torch, tid: str, device="cuda") -> dict:
        """trellis/suh/svh (+ mcg/mul1 flags) of one checkpoint tensor, from the model's index."""
        import json
    
        from safetensors import safe_open
    
        prefix = TENSORS[tid][0]
        wm = json.loads((MODEL / "model.safetensors.index.json").read_text())["weight_map"]
        out = {"mcg": f"{prefix}.mcg" in wm, "mul1": f"{prefix}.mul1" in wm}
        for t in ("trellis", "suh", "svh"):
            with safe_open(str(MODEL / wm[f"{prefix}.{t}"]), framework="pt") as f:
>               out[t] = f.get_tensor(f"{prefix}.{t}").to(device).contiguous()
                         ^^^^^^^^^^^^^^^^^^^^^^^^^^^^^^^^^^^^^^^^
E               torch.OutOfMemoryError: CUDA out of memory. Tried to allocate 20.00 MiB. GPU 0 has a total capacity of 7.66 GiB of which 597.75 MiB is free. Including non-PyTorch memory, this process has 6.46 GiB memory in use. 6.22 GiB allowed; Of the allocated memory 6.21 GiB is allocated by PyTorch, and 2.84 MiB is reserved by PyTorch but unallocated. If reserved but unallocated memory is large try setting PYTORCH_CUDA_ALLOC_CONF=expandable_segments:True to avoid fragmentation.  See documentation for Memory Management  (https://docs.pytorch.org/docs/stable/notes/cuda.html#optimizing-memory-usage-with-pytorch-cuda-alloc-conf)

tests/gpu/exl3_cases.py:84: OutOfMemoryError
_____________________ test_bf16_io_same_bits[K4-kproj-144] _____________________

ops = <module 'vllm_exl3_plugin.ops' from '/workspace/kit/plugin-exl3/vllm_exl3_plugin/ops.py'>
tid = 'K4-kproj', m = 144

    @pytest.mark.parametrize("m", [1, 8, 17, 48, 144])
    @pytest.mark.parametrize("tid", MR_TIDS)
    def test_bf16_io_same_bits(ops, tid, m):
        """Glue (ops.MR_GLUE): bf16 x straight into exl3_gemm_mr == x.half() + fp32 out + .to(bf16), bit for bit."""
        import torch
    
        if m < 17 and BITS[tid] != 4:
            pytest.skip("K3/K5 take exl3_gemm_mr from 17 rows only")
>       w = weights(tid)
            ^^^^^^^^^^^^

tests/gpu/test_exl3_mr.py:144: 
_ _ _ _ _ _ _ _ _ _ _ _ _ _ _ _ _ _ _ _ _ _ _ _ _ _ _ _ _ _ _ _ _ _ _ _ _ _ _ _ 
tests/gpu/test_exl3_mr.py:69: in weights
    w = C.load(torch, tid)
        ^^^^^^^^^^^^^^^^^^
_ _ _ _ _ _ _ _ _ _ _ _ _ _ _ _ _ _ _ _ _ _ _ _ _ _ _ _ _ _ _ _ _ _ _ _ _ _ _ _ 

torch = <module 'torch' from '/workspace/kit-work/venv-cu13/lib/python3.12/site-packages/torch/__init__.py'>
tid = 'K4-kproj', device = 'cuda'

    def load(torch, tid: str, device="cuda") -> dict:
        """trellis/suh/svh (+ mcg/mul1 flags) of one checkpoint tensor, from the model's index."""
        import json
    
        from safetensors import safe_open
    
        prefix = TENSORS[tid][0]
        wm = json.loads((MODEL / "model.safetensors.index.json").read_text())["weight_map"]
        out = {"mcg": f"{prefix}.mcg" in wm, "mul1": f"{prefix}.mul1" in wm}
        for t in ("trellis", "suh", "svh"):
            with safe_open(str(MODEL / wm[f"{prefix}.{t}"]), framework="pt") as f:
>               out[t] = f.get_tensor(f"{prefix}.{t}").to(device).contiguous()
                         ^^^^^^^^^^^^^^^^^^^^^^^^^^^^^^^^^^^^^^^^
E               torch.OutOfMemoryError: CUDA out of memory. Tried to allocate 20.00 MiB. GPU 0 has a total capacity of 7.66 GiB of which 597.75 MiB is free. Including non-PyTorch memory, this process has 6.46 GiB memory in use. 6.22 GiB allowed; Of the allocated memory 6.21 GiB is allocated by PyTorch, and 2.84 MiB is reserved by PyTorch but unallocated. If reserved but unallocated memory is large try setting PYTORCH_CUDA_ALLOC_CONF=expandable_segments:True to avoid fragmentation.  See documentation for Memory Management  (https://docs.pytorch.org/docs/stable/notes/cuda.html#optimizing-memory-usage-with-pytorch-cuda-alloc-conf)

tests/gpu/exl3_cases.py:84: OutOfMemoryError
_____________________ test_bf16_io_same_bits[K4-mtp-up-1] ______________________

ops = <module 'vllm_exl3_plugin.ops' from '/workspace/kit/plugin-exl3/vllm_exl3_plugin/ops.py'>
tid = 'K4-mtp-up', m = 1

    @pytest.mark.parametrize("m", [1, 8, 17, 48, 144])
    @pytest.mark.parametrize("tid", MR_TIDS)
    def test_bf16_io_same_bits(ops, tid, m):
        """Glue (ops.MR_GLUE): bf16 x straight into exl3_gemm_mr == x.half() + fp32 out + .to(bf16), bit for bit."""
        import torch
    
        if m < 17 and BITS[tid] != 4:
            pytest.skip("K3/K5 take exl3_gemm_mr from 17 rows only")
>       w = weights(tid)
            ^^^^^^^^^^^^

tests/gpu/test_exl3_mr.py:144: 
_ _ _ _ _ _ _ _ _ _ _ _ _ _ _ _ _ _ _ _ _ _ _ _ _ _ _ _ _ _ _ _ _ _ _ _ _ _ _ _ 
tests/gpu/test_exl3_mr.py:69: in weights
    w = C.load(torch, tid)
        ^^^^^^^^^^^^^^^^^^
_ _ _ _ _ _ _ _ _ _ _ _ _ _ _ _ _ _ _ _ _ _ _ _ _ _ _ _ _ _ _ _ _ _ _ _ _ _ _ _ 

torch = <module 'torch' from '/workspace/kit-work/venv-cu13/lib/python3.12/site-packages/torch/__init__.py'>
tid = 'K4-mtp-up', device = 'cuda'

    def load(torch, tid: str, device="cuda") -> dict:
        """trellis/suh/svh (+ mcg/mul1 flags) of one checkpoint tensor, from the model's index."""
        import json
    
        from safetensors import safe_open
    
        prefix = TENSORS[tid][0]
        wm = json.loads((MODEL / "model.safetensors.index.json").read_text())["weight_map"]
        out = {"mcg": f"{prefix}.mcg" in wm, "mul1": f"{prefix}.mul1" in wm}
        for t in ("trellis", "suh", "svh"):
            with safe_open(str(MODEL / wm[f"{prefix}.{t}"]), framework="pt") as f:
>               out[t] = f.get_tensor(f"{prefix}.{t}").to(device).contiguous()
                         ^^^^^^^^^^^^^^^^^^^^^^^^^^^^^^^^^^^^^^^^
E               torch.OutOfMemoryError: CUDA out of memory. Tried to allocate 44.00 MiB. GPU 0 has a total capacity of 7.66 GiB of which 597.75 MiB is free. Including non-PyTorch memory, this process has 6.46 GiB memory in use. 6.22 GiB allowed; Of the allocated memory 6.21 GiB is allocated by PyTorch, and 2.84 MiB is reserved by PyTorch but unallocated. If reserved but unallocated memory is large try setting PYTORCH_CUDA_ALLOC_CONF=expandable_segments:True to avoid fragmentation.  See documentation for Memory Management  (https://docs.pytorch.org/docs/stable/notes/cuda.html#optimizing-memory-usage-with-pytorch-cuda-alloc-conf)

tests/gpu/exl3_cases.py:84: OutOfMemoryError
_____________________ test_bf16_io_same_bits[K4-mtp-up-8] ______________________

ops = <module 'vllm_exl3_plugin.ops' from '/workspace/kit/plugin-exl3/vllm_exl3_plugin/ops.py'>
tid = 'K4-mtp-up', m = 8

    @pytest.mark.parametrize("m", [1, 8, 17, 48, 144])
    @pytest.mark.parametrize("tid", MR_TIDS)
    def test_bf16_io_same_bits(ops, tid, m):
        """Glue (ops.MR_GLUE): bf16 x straight into exl3_gemm_mr == x.half() + fp32 out + .to(bf16), bit for bit."""
        import torch
    
        if m < 17 and BITS[tid] != 4:
            pytest.skip("K3/K5 take exl3_gemm_mr from 17 rows only")
>       w = weights(tid)
            ^^^^^^^^^^^^

tests/gpu/test_exl3_mr.py:144: 
_ _ _ _ _ _ _ _ _ _ _ _ _ _ _ _ _ _ _ _ _ _ _ _ _ _ _ _ _ _ _ _ _ _ _ _ _ _ _ _ 
tests/gpu/test_exl3_mr.py:69: in weights
    w = C.load(torch, tid)
        ^^^^^^^^^^^^^^^^^^
_ _ _ _ _ _ _ _ _ _ _ _ _ _ _ _ _ _ _ _ _ _ _ _ _ _ _ _ _ _ _ _ _ _ _ _ _ _ _ _ 

torch = <module 'torch' from '/workspace/kit-work/venv-cu13/lib/python3.12/site-packages/torch/__init__.py'>
tid = 'K4-mtp-up', device = 'cuda'

    def load(torch, tid: str, device="cuda") -> dict:
        """trellis/suh/svh (+ mcg/mul1 flags) of one checkpoint tensor, from the model's index."""
        import json
    
        from safetensors import safe_open
    
        prefix = TENSORS[tid][0]
        wm = json.loads((MODEL / "model.safetensors.index.json").read_text())["weight_map"]
        out = {"mcg": f"{prefix}.mcg" in wm, "mul1": f"{prefix}.mul1" in wm}
        for t in ("trellis", "suh", "svh"):
            with safe_open(str(MODEL / wm[f"{prefix}.{t}"]), framework="pt") as f:
>               out[t] = f.get_tensor(f"{prefix}.{t}").to(device).contiguous()
                         ^^^^^^^^^^^^^^^^^^^^^^^^^^^^^^^^^^^^^^^^
E               torch.OutOfMemoryError: CUDA out of memory. Tried to allocate 44.00 MiB. GPU 0 has a total capacity of 7.66 GiB of which 597.75 MiB is free. Including non-PyTorch memory, this process has 6.46 GiB memory in use. 6.22 GiB allowed; Of the allocated memory 6.21 GiB is allocated by PyTorch, and 2.84 MiB is reserved by PyTorch but unallocated. If reserved but unallocated memory is large try setting PYTORCH_CUDA_ALLOC_CONF=expandable_segments:True to avoid fragmentation.  See documentation for Memory Management  (https://docs.pytorch.org/docs/stable/notes/cuda.html#optimizing-memory-usage-with-pytorch-cuda-alloc-conf)

tests/gpu/exl3_cases.py:84: OutOfMemoryError
_____________________ test_bf16_io_same_bits[K4-mtp-up-17] _____________________

ops = <module 'vllm_exl3_plugin.ops' from '/workspace/kit/plugin-exl3/vllm_exl3_plugin/ops.py'>
tid = 'K4-mtp-up', m = 17

    @pytest.mark.parametrize("m", [1, 8, 17, 48, 144])
    @pytest.mark.parametrize("tid", MR_TIDS)
    def test_bf16_io_same_bits(ops, tid, m):
        """Glue (ops.MR_GLUE): bf16 x straight into exl3_gemm_mr == x.half() + fp32 out + .to(bf16), bit for bit."""
        import torch
    
        if m < 17 and BITS[tid] != 4:
            pytest.skip("K3/K5 take exl3_gemm_mr from 17 rows only")
>       w = weights(tid)
            ^^^^^^^^^^^^

tests/gpu/test_exl3_mr.py:144: 
_ _ _ _ _ _ _ _ _ _ _ _ _ _ _ _ _ _ _ _ _ _ _ _ _ _ _ _ _ _ _ _ _ _ _ _ _ _ _ _ 
tests/gpu/test_exl3_mr.py:69: in weights
    w = C.load(torch, tid)
        ^^^^^^^^^^^^^^^^^^
_ _ _ _ _ _ _ _ _ _ _ _ _ _ _ _ _ _ _ _ _ _ _ _ _ _ _ _ _ _ _ _ _ _ _ _ _ _ _ _ 

torch = <module 'torch' from '/workspace/kit-work/venv-cu13/lib/python3.12/site-packages/torch/__init__.py'>
tid = 'K4-mtp-up', device = 'cuda'

    def load(torch, tid: str, device="cuda") -> dict:
        """trellis/suh/svh (+ mcg/mul1 flags) of one checkpoint tensor, from the model's index."""
        import json
    
        from safetensors import safe_open
    
        prefix = TENSORS[tid][0]
        wm = json.loads((MODEL / "model.safetensors.index.json").read_text())["weight_map"]
        out = {"mcg": f"{prefix}.mcg" in wm, "mul1": f"{prefix}.mul1" in wm}
        for t in ("trellis", "suh", "svh"):
            with safe_open(str(MODEL / wm[f"{prefix}.{t}"]), framework="pt") as f:
>               out[t] = f.get_tensor(f"{prefix}.{t}").to(device).contiguous()
                         ^^^^^^^^^^^^^^^^^^^^^^^^^^^^^^^^^^^^^^^^
E               torch.OutOfMemoryError: CUDA out of memory. Tried to allocate 44.00 MiB. GPU 0 has a total capacity of 7.66 GiB of which 597.75 MiB is free. Including non-PyTorch memory, this process has 6.46 GiB memory in use. 6.22 GiB allowed; Of the allocated memory 6.21 GiB is allocated by PyTorch, and 2.84 MiB is reserved by PyTorch but unallocated. If reserved but unallocated memory is large try setting PYTORCH_CUDA_ALLOC_CONF=expandable_segments:True to avoid fragmentation.  See documentation for Memory Management  (https://docs.pytorch.org/docs/stable/notes/cuda.html#optimizing-memory-usage-with-pytorch-cuda-alloc-conf)

tests/gpu/exl3_cases.py:84: OutOfMemoryError
_____________________ test_bf16_io_same_bits[K4-mtp-up-48] _____________________

ops = <module 'vllm_exl3_plugin.ops' from '/workspace/kit/plugin-exl3/vllm_exl3_plugin/ops.py'>
tid = 'K4-mtp-up', m = 48

    @pytest.mark.parametrize("m", [1, 8, 17, 48, 144])
    @pytest.mark.parametrize("tid", MR_TIDS)
    def test_bf16_io_same_bits(ops, tid, m):
        """Glue (ops.MR_GLUE): bf16 x straight into exl3_gemm_mr == x.half() + fp32 out + .to(bf16), bit for bit."""
        import torch
    
        if m < 17 and BITS[tid] != 4:
            pytest.skip("K3/K5 take exl3_gemm_mr from 17 rows only")
>       w = weights(tid)
            ^^^^^^^^^^^^

tests/gpu/test_exl3_mr.py:144: 
_ _ _ _ _ _ _ _ _ _ _ _ _ _ _ _ _ _ _ _ _ _ _ _ _ _ _ _ _ _ _ _ _ _ _ _ _ _ _ _ 
tests/gpu/test_exl3_mr.py:69: in weights
    w = C.load(torch, tid)
        ^^^^^^^^^^^^^^^^^^
_ _ _ _ _ _ _ _ _ _ _ _ _ _ _ _ _ _ _ _ _ _ _ _ _ _ _ _ _ _ _ _ _ _ _ _ _ _ _ _ 

torch = <module 'torch' from '/workspace/kit-work/venv-cu13/lib/python3.12/site-packages/torch/__init__.py'>
tid = 'K4-mtp-up', device = 'cuda'

    def load(torch, tid: str, device="cuda") -> dict:
        """trellis/suh/svh (+ mcg/mul1 flags) of one checkpoint tensor, from the model's index."""
        import json
    
        from safetensors import safe_open
    
        prefix = TENSORS[tid][0]
        wm = json.loads((MODEL / "model.safetensors.index.json").read_text())["weight_map"]
        out = {"mcg": f"{prefix}.mcg" in wm, "mul1": f"{prefix}.mul1" in wm}
        for t in ("trellis", "suh", "svh"):
            with safe_open(str(MODEL / wm[f"{prefix}.{t}"]), framework="pt") as f:
>               out[t] = f.get_tensor(f"{prefix}.{t}").to(device).contiguous()
                         ^^^^^^^^^^^^^^^^^^^^^^^^^^^^^^^^^^^^^^^^
E               torch.OutOfMemoryError: CUDA out of memory. Tried to allocate 44.00 MiB. GPU 0 has a total capacity of 7.66 GiB of which 597.75 MiB is free. Including non-PyTorch memory, this process has 6.46 GiB memory in use. 6.22 GiB allowed; Of the allocated memory 6.21 GiB is allocated by PyTorch, and 2.84 MiB is reserved by PyTorch but unallocated. If reserved but unallocated memory is large try setting PYTORCH_CUDA_ALLOC_CONF=expandable_segments:True to avoid fragmentation.  See documentation for Memory Management  (https://docs.pytorch.org/docs/stable/notes/cuda.html#optimizing-memory-usage-with-pytorch-cuda-alloc-conf)

tests/gpu/exl3_cases.py:84: OutOfMemoryError
____________________ test_bf16_io_same_bits[K4-mtp-up-144] _____________________

ops = <module 'vllm_exl3_plugin.ops' from '/workspace/kit/plugin-exl3/vllm_exl3_plugin/ops.py'>
tid = 'K4-mtp-up', m = 144

    @pytest.mark.parametrize("m", [1, 8, 17, 48, 144])
    @pytest.mark.parametrize("tid", MR_TIDS)
    def test_bf16_io_same_bits(ops, tid, m):
        """Glue (ops.MR_GLUE): bf16 x straight into exl3_gemm_mr == x.half() + fp32 out + .to(bf16), bit for bit."""
        import torch
    
        if m < 17 and BITS[tid] != 4:
            pytest.skip("K3/K5 take exl3_gemm_mr from 17 rows only")
>       w = weights(tid)
            ^^^^^^^^^^^^

tests/gpu/test_exl3_mr.py:144: 
_ _ _ _ _ _ _ _ _ _ _ _ _ _ _ _ _ _ _ _ _ _ _ _ _ _ _ _ _ _ _ _ _ _ _ _ _ _ _ _ 
tests/gpu/test_exl3_mr.py:69: in weights
    w = C.load(torch, tid)
        ^^^^^^^^^^^^^^^^^^
_ _ _ _ _ _ _ _ _ _ _ _ _ _ _ _ _ _ _ _ _ _ _ _ _ _ _ _ _ _ _ _ _ _ _ _ _ _ _ _ 

torch = <module 'torch' from '/workspace/kit-work/venv-cu13/lib/python3.12/site-packages/torch/__init__.py'>
tid = 'K4-mtp-up', device = 'cuda'

    def load(torch, tid: str, device="cuda") -> dict:
        """trellis/suh/svh (+ mcg/mul1 flags) of one checkpoint tensor, from the model's index."""
        import json
    
        from safetensors import safe_open
    
        prefix = TENSORS[tid][0]
        wm = json.loads((MODEL / "model.safetensors.index.json").read_text())["weight_map"]
        out = {"mcg": f"{prefix}.mcg" in wm, "mul1": f"{prefix}.mul1" in wm}
        for t in ("trellis", "suh", "svh"):
            with safe_open(str(MODEL / wm[f"{prefix}.{t}"]), framework="pt") as f:
>               out[t] = f.get_tensor(f"{prefix}.{t}").to(device).contiguous()
                         ^^^^^^^^^^^^^^^^^^^^^^^^^^^^^^^^^^^^^^^^
E               torch.OutOfMemoryError: CUDA out of memory. Tried to allocate 44.00 MiB. GPU 0 has a total capacity of 7.66 GiB of which 597.75 MiB is free. Including non-PyTorch memory, this process has 6.46 GiB memory in use. 6.22 GiB allowed; Of the allocated memory 6.21 GiB is allocated by PyTorch, and 2.84 MiB is reserved by PyTorch but unallocated. If reserved but unallocated memory is large try setting PYTORCH_CUDA_ALLOC_CONF=expandable_segments:True to avoid fragmentation.  See documentation for Memory Management  (https://docs.pytorch.org/docs/stable/notes/cuda.html#optimizing-memory-usage-with-pytorch-cuda-alloc-conf)

tests/gpu/exl3_cases.py:84: OutOfMemoryError
______________________ test_bf16_io_same_bits[K4-oproj-1] ______________________

ops = <module 'vllm_exl3_plugin.ops' from '/workspace/kit/plugin-exl3/vllm_exl3_plugin/ops.py'>
tid = 'K4-oproj', m = 1

    @pytest.mark.parametrize("m", [1, 8, 17, 48, 144])
    @pytest.mark.parametrize("tid", MR_TIDS)
    def test_bf16_io_same_bits(ops, tid, m):
        """Glue (ops.MR_GLUE): bf16 x straight into exl3_gemm_mr == x.half() + fp32 out + .to(bf16), bit for bit."""
        import torch
    
        if m < 17 and BITS[tid] != 4:
            pytest.skip("K3/K5 take exl3_gemm_mr from 17 rows only")
>       w = weights(tid)
            ^^^^^^^^^^^^

tests/gpu/test_exl3_mr.py:144: 
_ _ _ _ _ _ _ _ _ _ _ _ _ _ _ _ _ _ _ _ _ _ _ _ _ _ _ _ _ _ _ _ _ _ _ _ _ _ _ _ 
tests/gpu/test_exl3_mr.py:69: in weights
    w = C.load(torch, tid)
        ^^^^^^^^^^^^^^^^^^
_ _ _ _ _ _ _ _ _ _ _ _ _ _ _ _ _ _ _ _ _ _ _ _ _ _ _ _ _ _ _ _ _ _ _ _ _ _ _ _ 

torch = <module 'torch' from '/workspace/kit-work/venv-cu13/lib/python3.12/site-packages/torch/__init__.py'>
tid = 'K4-oproj', device = 'cuda'

    def load(torch, tid: str, device="cuda") -> dict:
        """trellis/suh/svh (+ mcg/mul1 flags) of one checkpoint tensor, from the model's index."""
        import json
    
        from safetensors import safe_open
    
        prefix = TENSORS[tid][0]
        wm = json.loads((MODEL / "model.safetensors.index.json").read_text())["weight_map"]
        out = {"mcg": f"{prefix}.mcg" in wm, "mul1": f"{prefix}.mul1" in wm}
        for t in ("trellis", "suh", "svh"):
            with safe_open(str(MODEL / wm[f"{prefix}.{t}"]), framework="pt") as f:
>               out[t] = f.get_tensor(f"{prefix}.{t}").to(device).contiguous()
                         ^^^^^^^^^^^^^^^^^^^^^^^^^^^^^^^^^^^^^^^^
E               torch.OutOfMemoryError: CUDA out of memory. Tried to allocate 16.00 MiB. GPU 0 has a total capacity of 7.66 GiB of which 597.75 MiB is free. Including non-PyTorch memory, this process has 6.46 GiB memory in use. 6.22 GiB allowed; Of the allocated memory 6.21 GiB is allocated by PyTorch, and 2.84 MiB is reserved by PyTorch but unallocated. If reserved but unallocated memory is large try setting PYTORCH_CUDA_ALLOC_CONF=expandable_segments:True to avoid fragmentation.  See documentation for Memory Management  (https://docs.pytorch.org/docs/stable/notes/cuda.html#optimizing-memory-usage-with-pytorch-cuda-alloc-conf)

tests/gpu/exl3_cases.py:84: OutOfMemoryError
______________________ test_bf16_io_same_bits[K4-oproj-8] ______________________

ops = <module 'vllm_exl3_plugin.ops' from '/workspace/kit/plugin-exl3/vllm_exl3_plugin/ops.py'>
tid = 'K4-oproj', m = 8

    @pytest.mark.parametrize("m", [1, 8, 17, 48, 144])
    @pytest.mark.parametrize("tid", MR_TIDS)
    def test_bf16_io_same_bits(ops, tid, m):
        """Glue (ops.MR_GLUE): bf16 x straight into exl3_gemm_mr == x.half() + fp32 out + .to(bf16), bit for bit."""
        import torch
    
        if m < 17 and BITS[tid] != 4:
            pytest.skip("K3/K5 take exl3_gemm_mr from 17 rows only")
>       w = weights(tid)
            ^^^^^^^^^^^^

tests/gpu/test_exl3_mr.py:144: 
_ _ _ _ _ _ _ _ _ _ _ _ _ _ _ _ _ _ _ _ _ _ _ _ _ _ _ _ _ _ _ _ _ _ _ _ _ _ _ _ 
tests/gpu/test_exl3_mr.py:69: in weights
    w = C.load(torch, tid)
        ^^^^^^^^^^^^^^^^^^
_ _ _ _ _ _ _ _ _ _ _ _ _ _ _ _ _ _ _ _ _ _ _ _ _ _ _ _ _ _ _ _ _ _ _ _ _ _ _ _ 

torch = <module 'torch' from '/workspace/kit-work/venv-cu13/lib/python3.12/site-packages/torch/__init__.py'>
tid = 'K4-oproj', device = 'cuda'

    def load(torch, tid: str, device="cuda") -> dict:
        """trellis/suh/svh (+ mcg/mul1 flags) of one checkpoint tensor, from the model's index."""
        import json
    
        from safetensors import safe_open
    
        prefix = TENSORS[tid][0]
        wm = json.loads((MODEL / "model.safetensors.index.json").read_text())["weight_map"]
        out = {"mcg": f"{prefix}.mcg" in wm, "mul1": f"{prefix}.mul1" in wm}
        for t in ("trellis", "suh", "svh"):
            with safe_open(str(MODEL / wm[f"{prefix}.{t}"]), framework="pt") as f:
>               out[t] = f.get_tensor(f"{prefix}.{t}").to(device).contiguous()
                         ^^^^^^^^^^^^^^^^^^^^^^^^^^^^^^^^^^^^^^^^
E               torch.OutOfMemoryError: CUDA out of memory. Tried to allocate 16.00 MiB. GPU 0 has a total capacity of 7.66 GiB of which 597.75 MiB is free. Including non-PyTorch memory, this process has 6.46 GiB memory in use. 6.22 GiB allowed; Of the allocated memory 6.21 GiB is allocated by PyTorch, and 2.84 MiB is reserved by PyTorch but unallocated. If reserved but unallocated memory is large try setting PYTORCH_CUDA_ALLOC_CONF=expandable_segments:True to avoid fragmentation.  See documentation for Memory Management  (https://docs.pytorch.org/docs/stable/notes/cuda.html#optimizing-memory-usage-with-pytorch-cuda-alloc-conf)

tests/gpu/exl3_cases.py:84: OutOfMemoryError
_____________________ test_bf16_io_same_bits[K4-oproj-17] ______________________

ops = <module 'vllm_exl3_plugin.ops' from '/workspace/kit/plugin-exl3/vllm_exl3_plugin/ops.py'>
tid = 'K4-oproj', m = 17

    @pytest.mark.parametrize("m", [1, 8, 17, 48, 144])
    @pytest.mark.parametrize("tid", MR_TIDS)
    def test_bf16_io_same_bits(ops, tid, m):
        """Glue (ops.MR_GLUE): bf16 x straight into exl3_gemm_mr == x.half() + fp32 out + .to(bf16), bit for bit."""
        import torch
    
        if m < 17 and BITS[tid] != 4:
            pytest.skip("K3/K5 take exl3_gemm_mr from 17 rows only")
>       w = weights(tid)
            ^^^^^^^^^^^^

tests/gpu/test_exl3_mr.py:144: 
_ _ _ _ _ _ _ _ _ _ _ _ _ _ _ _ _ _ _ _ _ _ _ _ _ _ _ _ _ _ _ _ _ _ _ _ _ _ _ _ 
tests/gpu/test_exl3_mr.py:69: in weights
    w = C.load(torch, tid)
        ^^^^^^^^^^^^^^^^^^
_ _ _ _ _ _ _ _ _ _ _ _ _ _ _ _ _ _ _ _ _ _ _ _ _ _ _ _ _ _ _ _ _ _ _ _ _ _ _ _ 

torch = <module 'torch' from '/workspace/kit-work/venv-cu13/lib/python3.12/site-packages/torch/__init__.py'>
tid = 'K4-oproj', device = 'cuda'

    def load(torch, tid: str, device="cuda") -> dict:
        """trellis/suh/svh (+ mcg/mul1 flags) of one checkpoint tensor, from the model's index."""
        import json
    
        from safetensors import safe_open
    
        prefix = TENSORS[tid][0]
        wm = json.loads((MODEL / "model.safetensors.index.json").read_text())["weight_map"]
        out = {"mcg": f"{prefix}.mcg" in wm, "mul1": f"{prefix}.mul1" in wm}
        for t in ("trellis", "suh", "svh"):
            with safe_open(str(MODEL / wm[f"{prefix}.{t}"]), framework="pt") as f:
>               out[t] = f.get_tensor(f"{prefix}.{t}").to(device).contiguous()
                         ^^^^^^^^^^^^^^^^^^^^^^^^^^^^^^^^^^^^^^^^
E               torch.OutOfMemoryError: CUDA out of memory. Tried to allocate 16.00 MiB. GPU 0 has a total capacity of 7.66 GiB of which 597.75 MiB is free. Including non-PyTorch memory, this process has 6.46 GiB memory in use. 6.22 GiB allowed; Of the allocated memory 6.21 GiB is allocated by PyTorch, and 2.84 MiB is reserved by PyTorch but unallocated. If reserved but unallocated memory is large try setting PYTORCH_CUDA_ALLOC_CONF=expandable_segments:True to avoid fragmentation.  See documentation for Memory Management  (https://docs.pytorch.org/docs/stable/notes/cuda.html#optimizing-memory-usage-with-pytorch-cuda-alloc-conf)

tests/gpu/exl3_cases.py:84: OutOfMemoryError
_____________________ test_bf16_io_same_bits[K4-oproj-48] ______________________

ops = <module 'vllm_exl3_plugin.ops' from '/workspace/kit/plugin-exl3/vllm_exl3_plugin/ops.py'>
tid = 'K4-oproj', m = 48

    @pytest.mark.parametrize("m", [1, 8, 17, 48, 144])
    @pytest.mark.parametrize("tid", MR_TIDS)
    def test_bf16_io_same_bits(ops, tid, m):
        """Glue (ops.MR_GLUE): bf16 x straight into exl3_gemm_mr == x.half() + fp32 out + .to(bf16), bit for bit."""
        import torch
    
        if m < 17 and BITS[tid] != 4:
            pytest.skip("K3/K5 take exl3_gemm_mr from 17 rows only")
>       w = weights(tid)
            ^^^^^^^^^^^^

tests/gpu/test_exl3_mr.py:144: 
_ _ _ _ _ _ _ _ _ _ _ _ _ _ _ _ _ _ _ _ _ _ _ _ _ _ _ _ _ _ _ _ _ _ _ _ _ _ _ _ 
tests/gpu/test_exl3_mr.py:69: in weights
    w = C.load(torch, tid)
        ^^^^^^^^^^^^^^^^^^
_ _ _ _ _ _ _ _ _ _ _ _ _ _ _ _ _ _ _ _ _ _ _ _ _ _ _ _ _ _ _ _ _ _ _ _ _ _ _ _ 

torch = <module 'torch' from '/workspace/kit-work/venv-cu13/lib/python3.12/site-packages/torch/__init__.py'>
tid = 'K4-oproj', device = 'cuda'

    def load(torch, tid: str, device="cuda") -> dict:
        """trellis/suh/svh (+ mcg/mul1 flags) of one checkpoint tensor, from the model's index."""
        import json
    
        from safetensors import safe_open
    
        prefix = TENSORS[tid][0]
        wm = json.loads((MODEL / "model.safetensors.index.json").read_text())["weight_map"]
        out = {"mcg": f"{prefix}.mcg" in wm, "mul1": f"{prefix}.mul1" in wm}
        for t in ("trellis", "suh", "svh"):
            with safe_open(str(MODEL / wm[f"{prefix}.{t}"]), framework="pt") as f:
>               out[t] = f.get_tensor(f"{prefix}.{t}").to(device).contiguous()
                         ^^^^^^^^^^^^^^^^^^^^^^^^^^^^^^^^^^^^^^^^
E               torch.OutOfMemoryError: CUDA out of memory. Tried to allocate 16.00 MiB. GPU 0 has a total capacity of 7.66 GiB of which 597.75 MiB is free. Including non-PyTorch memory, this process has 6.46 GiB memory in use. 6.22 GiB allowed; Of the allocated memory 6.21 GiB is allocated by PyTorch, and 2.84 MiB is reserved by PyTorch but unallocated. If reserved but unallocated memory is large try setting PYTORCH_CUDA_ALLOC_CONF=expandable_segments:True to avoid fragmentation.  See documentation for Memory Management  (https://docs.pytorch.org/docs/stable/notes/cuda.html#optimizing-memory-usage-with-pytorch-cuda-alloc-conf)

tests/gpu/exl3_cases.py:84: OutOfMemoryError
_____________________ test_bf16_io_same_bits[K4-oproj-144] _____________________

ops = <module 'vllm_exl3_plugin.ops' from '/workspace/kit/plugin-exl3/vllm_exl3_plugin/ops.py'>
tid = 'K4-oproj', m = 144

    @pytest.mark.parametrize("m", [1, 8, 17, 48, 144])
    @pytest.mark.parametrize("tid", MR_TIDS)
    def test_bf16_io_same_bits(ops, tid, m):
        """Glue (ops.MR_GLUE): bf16 x straight into exl3_gemm_mr == x.half() + fp32 out + .to(bf16), bit for bit."""
        import torch
    
        if m < 17 and BITS[tid] != 4:
            pytest.skip("K3/K5 take exl3_gemm_mr from 17 rows only")
>       w = weights(tid)
            ^^^^^^^^^^^^

tests/gpu/test_exl3_mr.py:144: 
_ _ _ _ _ _ _ _ _ _ _ _ _ _ _ _ _ _ _ _ _ _ _ _ _ _ _ _ _ _ _ _ _ _ _ _ _ _ _ _ 
tests/gpu/test_exl3_mr.py:69: in weights
    w = C.load(torch, tid)
        ^^^^^^^^^^^^^^^^^^
_ _ _ _ _ _ _ _ _ _ _ _ _ _ _ _ _ _ _ _ _ _ _ _ _ _ _ _ _ _ _ _ _ _ _ _ _ _ _ _ 

torch = <module 'torch' from '/workspace/kit-work/venv-cu13/lib/python3.12/site-packages/torch/__init__.py'>
tid = 'K4-oproj', device = 'cuda'

    def load(torch, tid: str, device="cuda") -> dict:
        """trellis/suh/svh (+ mcg/mul1 flags) of one checkpoint tensor, from the model's index."""
        import json
    
        from safetensors import safe_open
    
        prefix = TENSORS[tid][0]
        wm = json.loads((MODEL / "model.safetensors.index.json").read_text())["weight_map"]
        out = {"mcg": f"{prefix}.mcg" in wm, "mul1": f"{prefix}.mul1" in wm}
        for t in ("trellis", "suh", "svh"):
            with safe_open(str(MODEL / wm[f"{prefix}.{t}"]), framework="pt") as f:
>               out[t] = f.get_tensor(f"{prefix}.{t}").to(device).contiguous()
                         ^^^^^^^^^^^^^^^^^^^^^^^^^^^^^^^^^^^^^^^^
E               torch.OutOfMemoryError: CUDA out of memory. Tried to allocate 16.00 MiB. GPU 0 has a total capacity of 7.66 GiB of which 597.75 MiB is free. Including non-PyTorch memory, this process has 6.46 GiB memory in use. 6.22 GiB allowed; Of the allocated memory 6.21 GiB is allocated by PyTorch, and 2.84 MiB is reserved by PyTorch but unallocated. If reserved but unallocated memory is large try setting PYTORCH_CUDA_ALLOC_CONF=expandable_segments:True to avoid fragmentation.  See documentation for Memory Management  (https://docs.pytorch.org/docs/stable/notes/cuda.html#optimizing-memory-usage-with-pytorch-cuda-alloc-conf)

tests/gpu/exl3_cases.py:84: OutOfMemoryError
_____________________ test_bf16_io_same_bits[K5-kproj-17] ______________________

ops = <module 'vllm_exl3_plugin.ops' from '/workspace/kit/plugin-exl3/vllm_exl3_plugin/ops.py'>
tid = 'K5-kproj', m = 17

    @pytest.mark.parametrize("m", [1, 8, 17, 48, 144])
    @pytest.mark.parametrize("tid", MR_TIDS)
    def test_bf16_io_same_bits(ops, tid, m):
        """Glue (ops.MR_GLUE): bf16 x straight into exl3_gemm_mr == x.half() + fp32 out + .to(bf16), bit for bit."""
        import torch
    
        if m < 17 and BITS[tid] != 4:
            pytest.skip("K3/K5 take exl3_gemm_mr from 17 rows only")
>       w = weights(tid)
            ^^^^^^^^^^^^

tests/gpu/test_exl3_mr.py:144: 
_ _ _ _ _ _ _ _ _ _ _ _ _ _ _ _ _ _ _ _ _ _ _ _ _ _ _ _ _ _ _ _ _ _ _ _ _ _ _ _ 
tests/gpu/test_exl3_mr.py:69: in weights
    w = C.load(torch, tid)
        ^^^^^^^^^^^^^^^^^^
_ _ _ _ _ _ _ _ _ _ _ _ _ _ _ _ _ _ _ _ _ _ _ _ _ _ _ _ _ _ _ _ _ _ _ _ _ _ _ _ 

torch = <module 'torch' from '/workspace/kit-work/venv-cu13/lib/python3.12/site-packages/torch/__init__.py'>
tid = 'K5-kproj', device = 'cuda'

    def load(torch, tid: str, device="cuda") -> dict:
        """trellis/suh/svh (+ mcg/mul1 flags) of one checkpoint tensor, from the model's index."""
        import json
    
        from safetensors import safe_open
    
        prefix = TENSORS[tid][0]
        wm = json.loads((MODEL / "model.safetensors.index.json").read_text())["weight_map"]
        out = {"mcg": f"{prefix}.mcg" in wm, "mul1": f"{prefix}.mul1" in wm}
        for t in ("trellis", "suh", "svh"):
            with safe_open(str(MODEL / wm[f"{prefix}.{t}"]), framework="pt") as f:
>               out[t] = f.get_tensor(f"{prefix}.{t}").to(device).contiguous()
                         ^^^^^^^^^^^^^^^^^^^^^^^^^^^^^^^^^^^^^^^^
E               torch.OutOfMemoryError: CUDA out of memory. Tried to allocate 20.00 MiB. GPU 0 has a total capacity of 7.66 GiB of which 597.75 MiB is free. Including non-PyTorch memory, this process has 6.46 GiB memory in use. 6.22 GiB allowed; Of the allocated memory 6.21 GiB is allocated by PyTorch, and 2.84 MiB is reserved by PyTorch but unallocated. If reserved but unallocated memory is large try setting PYTORCH_CUDA_ALLOC_CONF=expandable_segments:True to avoid fragmentation.  See documentation for Memory Management  (https://docs.pytorch.org/docs/stable/notes/cuda.html#optimizing-memory-usage-with-pytorch-cuda-alloc-conf)

tests/gpu/exl3_cases.py:84: OutOfMemoryError
_____________________ test_bf16_io_same_bits[K5-kproj-48] ______________________

ops = <module 'vllm_exl3_plugin.ops' from '/workspace/kit/plugin-exl3/vllm_exl3_plugin/ops.py'>
tid = 'K5-kproj', m = 48

    @pytest.mark.parametrize("m", [1, 8, 17, 48, 144])
    @pytest.mark.parametrize("tid", MR_TIDS)
    def test_bf16_io_same_bits(ops, tid, m):
        """Glue (ops.MR_GLUE): bf16 x straight into exl3_gemm_mr == x.half() + fp32 out + .to(bf16), bit for bit."""
        import torch
    
        if m < 17 and BITS[tid] != 4:
            pytest.skip("K3/K5 take exl3_gemm_mr from 17 rows only")
>       w = weights(tid)
            ^^^^^^^^^^^^

tests/gpu/test_exl3_mr.py:144: 
_ _ _ _ _ _ _ _ _ _ _ _ _ _ _ _ _ _ _ _ _ _ _ _ _ _ _ _ _ _ _ _ _ _ _ _ _ _ _ _ 
tests/gpu/test_exl3_mr.py:69: in weights
    w = C.load(torch, tid)
        ^^^^^^^^^^^^^^^^^^
_ _ _ _ _ _ _ _ _ _ _ _ _ _ _ _ _ _ _ _ _ _ _ _ _ _ _ _ _ _ _ _ _ _ _ _ _ _ _ _ 

torch = <module 'torch' from '/workspace/kit-work/venv-cu13/lib/python3.12/site-packages/torch/__init__.py'>
tid = 'K5-kproj', device = 'cuda'

    def load(torch, tid: str, device="cuda") -> dict:
        """trellis/suh/svh (+ mcg/mul1 flags) of one checkpoint tensor, from the model's index."""
        import json
    
        from safetensors import safe_open
    
        prefix = TENSORS[tid][0]
        wm = json.loads((MODEL / "model.safetensors.index.json").read_text())["weight_map"]
        out = {"mcg": f"{prefix}.mcg" in wm, "mul1": f"{prefix}.mul1" in wm}
        for t in ("trellis", "suh", "svh"):
            with safe_open(str(MODEL / wm[f"{prefix}.{t}"]), framework="pt") as f:
>               out[t] = f.get_tensor(f"{prefix}.{t}").to(device).contiguous()
                         ^^^^^^^^^^^^^^^^^^^^^^^^^^^^^^^^^^^^^^^^
E               torch.OutOfMemoryError: CUDA out of memory. Tried to allocate 20.00 MiB. GPU 0 has a total capacity of 7.66 GiB of which 597.75 MiB is free. Including non-PyTorch memory, this process has 6.46 GiB memory in use. 6.22 GiB allowed; Of the allocated memory 6.21 GiB is allocated by PyTorch, and 2.84 MiB is reserved by PyTorch but unallocated. If reserved but unallocated memory is large try setting PYTORCH_CUDA_ALLOC_CONF=expandable_segments:True to avoid fragmentation.  See documentation for Memory Management  (https://docs.pytorch.org/docs/stable/notes/cuda.html#optimizing-memory-usage-with-pytorch-cuda-alloc-conf)

tests/gpu/exl3_cases.py:84: OutOfMemoryError
_____________________ test_bf16_io_same_bits[K5-kproj-144] _____________________

ops = <module 'vllm_exl3_plugin.ops' from '/workspace/kit/plugin-exl3/vllm_exl3_plugin/ops.py'>
tid = 'K5-kproj', m = 144

    @pytest.mark.parametrize("m", [1, 8, 17, 48, 144])
    @pytest.mark.parametrize("tid", MR_TIDS)
    def test_bf16_io_same_bits(ops, tid, m):
        """Glue (ops.MR_GLUE): bf16 x straight into exl3_gemm_mr == x.half() + fp32 out + .to(bf16), bit for bit."""
        import torch
    
        if m < 17 and BITS[tid] != 4:
            pytest.skip("K3/K5 take exl3_gemm_mr from 17 rows only")
>       w = weights(tid)
            ^^^^^^^^^^^^

tests/gpu/test_exl3_mr.py:144: 
_ _ _ _ _ _ _ _ _ _ _ _ _ _ _ _ _ _ _ _ _ _ _ _ _ _ _ _ _ _ _ _ _ _ _ _ _ _ _ _ 
tests/gpu/test_exl3_mr.py:69: in weights
    w = C.load(torch, tid)
        ^^^^^^^^^^^^^^^^^^
_ _ _ _ _ _ _ _ _ _ _ _ _ _ _ _ _ _ _ _ _ _ _ _ _ _ _ _ _ _ _ _ _ _ _ _ _ _ _ _ 

torch = <module 'torch' from '/workspace/kit-work/venv-cu13/lib/python3.12/site-packages/torch/__init__.py'>
tid = 'K5-kproj', device = 'cuda'

    def load(torch, tid: str, device="cuda") -> dict:
        """trellis/suh/svh (+ mcg/mul1 flags) of one checkpoint tensor, from the model's index."""
        import json
    
        from safetensors import safe_open
    
        prefix = TENSORS[tid][0]
        wm = json.loads((MODEL / "model.safetensors.index.json").read_text())["weight_map"]
        out = {"mcg": f"{prefix}.mcg" in wm, "mul1": f"{prefix}.mul1" in wm}
        for t in ("trellis", "suh", "svh"):
            with safe_open(str(MODEL / wm[f"{prefix}.{t}"]), framework="pt") as f:
>               out[t] = f.get_tensor(f"{prefix}.{t}").to(device).contiguous()
                         ^^^^^^^^^^^^^^^^^^^^^^^^^^^^^^^^^^^^^^^^
E               torch.OutOfMemoryError: CUDA out of memory. Tried to allocate 20.00 MiB. GPU 0 has a total capacity of 7.66 GiB of which 597.75 MiB is free. Including non-PyTorch memory, this process has 6.46 GiB memory in use. 6.22 GiB allowed; Of the allocated memory 6.21 GiB is allocated by PyTorch, and 2.84 MiB is reserved by PyTorch but unallocated. If reserved but unallocated memory is large try setting PYTORCH_CUDA_ALLOC_CONF=expandable_segments:True to avoid fragmentation.  See documentation for Memory Management  (https://docs.pytorch.org/docs/stable/notes/cuda.html#optimizing-memory-usage-with-pytorch-cuda-alloc-conf)

tests/gpu/exl3_cases.py:84: OutOfMemoryError
_____________________ test_bf16_io_same_bits[K4-lmhead-1] ______________________

ops = <module 'vllm_exl3_plugin.ops' from '/workspace/kit/plugin-exl3/vllm_exl3_plugin/ops.py'>
tid = 'K4-lmhead', m = 1

    @pytest.mark.parametrize("m", [1, 8, 17, 48, 144])
    @pytest.mark.parametrize("tid", MR_TIDS)
    def test_bf16_io_same_bits(ops, tid, m):
        """Glue (ops.MR_GLUE): bf16 x straight into exl3_gemm_mr == x.half() + fp32 out + .to(bf16), bit for bit."""
        import torch
    
        if m < 17 and BITS[tid] != 4:
            pytest.skip("K3/K5 take exl3_gemm_mr from 17 rows only")
>       w = weights(tid)
            ^^^^^^^^^^^^

tests/gpu/test_exl3_mr.py:144: 
_ _ _ _ _ _ _ _ _ _ _ _ _ _ _ _ _ _ _ _ _ _ _ _ _ _ _ _ _ _ _ _ _ _ _ _ _ _ _ _ 
tests/gpu/test_exl3_mr.py:69: in weights
    w = C.load(torch, tid)
        ^^^^^^^^^^^^^^^^^^
_ _ _ _ _ _ _ _ _ _ _ _ _ _ _ _ _ _ _ _ _ _ _ _ _ _ _ _ _ _ _ _ _ _ _ _ _ _ _ _ 

torch = <module 'torch' from '/workspace/kit-work/venv-cu13/lib/python3.12/site-packages/torch/__init__.py'>
tid = 'K4-lmhead', device = 'cuda'

    def load(torch, tid: str, device="cuda") -> dict:
        """trellis/suh/svh (+ mcg/mul1 flags) of one checkpoint tensor, from the model's index."""
        import json
    
        from safetensors import safe_open
    
        prefix = TENSORS[tid][0]
        wm = json.loads((MODEL / "model.safetensors.index.json").read_text())["weight_map"]
        out = {"mcg": f"{prefix}.mcg" in wm, "mul1": f"{prefix}.mul1" in wm}
        for t in ("trellis", "suh", "svh"):
            with safe_open(str(MODEL / wm[f"{prefix}.{t}"]), framework="pt") as f:
>               out[t] = f.get_tensor(f"{prefix}.{t}").to(device).contiguous()
                         ^^^^^^^^^^^^^^^^^^^^^^^^^^^^^^^^^^^^^^^^
E               torch.OutOfMemoryError: CUDA out of memory. Tried to allocate 608.00 MiB. GPU 0 has a total capacity of 7.66 GiB of which 597.75 MiB is free. Including non-PyTorch memory, this process has 6.46 GiB memory in use. 6.22 GiB allowed; Of the allocated memory 6.21 GiB is allocated by PyTorch, and 2.84 MiB is reserved by PyTorch but unallocated. If reserved but unallocated memory is large try setting PYTORCH_CUDA_ALLOC_CONF=expandable_segments:True to avoid fragmentation.  See documentation for Memory Management  (https://docs.pytorch.org/docs/stable/notes/cuda.html#optimizing-memory-usage-with-pytorch-cuda-alloc-conf)

tests/gpu/exl3_cases.py:84: OutOfMemoryError
_____________________ test_bf16_io_same_bits[K4-lmhead-8] ______________________

ops = <module 'vllm_exl3_plugin.ops' from '/workspace/kit/plugin-exl3/vllm_exl3_plugin/ops.py'>
tid = 'K4-lmhead', m = 8

    @pytest.mark.parametrize("m", [1, 8, 17, 48, 144])
    @pytest.mark.parametrize("tid", MR_TIDS)
    def test_bf16_io_same_bits(ops, tid, m):
        """Glue (ops.MR_GLUE): bf16 x straight into exl3_gemm_mr == x.half() + fp32 out + .to(bf16), bit for bit."""
        import torch
    
        if m < 17 and BITS[tid] != 4:
            pytest.skip("K3/K5 take exl3_gemm_mr from 17 rows only")
>       w = weights(tid)
            ^^^^^^^^^^^^

tests/gpu/test_exl3_mr.py:144: 
_ _ _ _ _ _ _ _ _ _ _ _ _ _ _ _ _ _ _ _ _ _ _ _ _ _ _ _ _ _ _ _ _ _ _ _ _ _ _ _ 
tests/gpu/test_exl3_mr.py:69: in weights
    w = C.load(torch, tid)
        ^^^^^^^^^^^^^^^^^^
_ _ _ _ _ _ _ _ _ _ _ _ _ _ _ _ _ _ _ _ _ _ _ _ _ _ _ _ _ _ _ _ _ _ _ _ _ _ _ _ 

torch = <module 'torch' from '/workspace/kit-work/venv-cu13/lib/python3.12/site-packages/torch/__init__.py'>
tid = 'K4-lmhead', device = 'cuda'

    def load(torch, tid: str, device="cuda") -> dict:
        """trellis/suh/svh (+ mcg/mul1 flags) of one checkpoint tensor, from the model's index."""
        import json
    
        from safetensors import safe_open
    
        prefix = TENSORS[tid][0]
        wm = json.loads((MODEL / "model.safetensors.index.json").read_text())["weight_map"]
        out = {"mcg": f"{prefix}.mcg" in wm, "mul1": f"{prefix}.mul1" in wm}
        for t in ("trellis", "suh", "svh"):
            with safe_open(str(MODEL / wm[f"{prefix}.{t}"]), framework="pt") as f:
>               out[t] = f.get_tensor(f"{prefix}.{t}").to(device).contiguous()
                         ^^^^^^^^^^^^^^^^^^^^^^^^^^^^^^^^^^^^^^^^
E               torch.OutOfMemoryError: CUDA out of memory. Tried to allocate 608.00 MiB. GPU 0 has a total capacity of 7.66 GiB of which 597.75 MiB is free. Including non-PyTorch memory, this process has 6.46 GiB memory in use. 6.22 GiB allowed; Of the allocated memory 6.21 GiB is allocated by PyTorch, and 2.84 MiB is reserved by PyTorch but unallocated. If reserved but unallocated memory is large try setting PYTORCH_CUDA_ALLOC_CONF=expandable_segments:True to avoid fragmentation.  See documentation for Memory Management  (https://docs.pytorch.org/docs/stable/notes/cuda.html#optimizing-memory-usage-with-pytorch-cuda-alloc-conf)

tests/gpu/exl3_cases.py:84: OutOfMemoryError
_____________________ test_bf16_io_same_bits[K4-lmhead-17] _____________________

ops = <module 'vllm_exl3_plugin.ops' from '/workspace/kit/plugin-exl3/vllm_exl3_plugin/ops.py'>
tid = 'K4-lmhead', m = 17

    @pytest.mark.parametrize("m", [1, 8, 17, 48, 144])
    @pytest.mark.parametrize("tid", MR_TIDS)
    def test_bf16_io_same_bits(ops, tid, m):
        """Glue (ops.MR_GLUE): bf16 x straight into exl3_gemm_mr == x.half() + fp32 out + .to(bf16), bit for bit."""
        import torch
    
        if m < 17 and BITS[tid] != 4:
            pytest.skip("K3/K5 take exl3_gemm_mr from 17 rows only")
>       w = weights(tid)
            ^^^^^^^^^^^^

tests/gpu/test_exl3_mr.py:144: 
_ _ _ _ _ _ _ _ _ _ _ _ _ _ _ _ _ _ _ _ _ _ _ _ _ _ _ _ _ _ _ _ _ _ _ _ _ _ _ _ 
tests/gpu/test_exl3_mr.py:69: in weights
    w = C.load(torch, tid)
        ^^^^^^^^^^^^^^^^^^
_ _ _ _ _ _ _ _ _ _ _ _ _ _ _ _ _ _ _ _ _ _ _ _ _ _ _ _ _ _ _ _ _ _ _ _ _ _ _ _ 

torch = <module 'torch' from '/workspace/kit-work/venv-cu13/lib/python3.12/site-packages/torch/__init__.py'>
tid = 'K4-lmhead', device = 'cuda'

    def load(torch, tid: str, device="cuda") -> dict:
        """trellis/suh/svh (+ mcg/mul1 flags) of one checkpoint tensor, from the model's index."""
        import json
    
        from safetensors import safe_open
    
        prefix = TENSORS[tid][0]
        wm = json.loads((MODEL / "model.safetensors.index.json").read_text())["weight_map"]
        out = {"mcg": f"{prefix}.mcg" in wm, "mul1": f"{prefix}.mul1" in wm}
        for t in ("trellis", "suh", "svh"):
            with safe_open(str(MODEL / wm[f"{prefix}.{t}"]), framework="pt") as f:
>               out[t] = f.get_tensor(f"{prefix}.{t}").to(device).contiguous()
                         ^^^^^^^^^^^^^^^^^^^^^^^^^^^^^^^^^^^^^^^^
E               torch.OutOfMemoryError: CUDA out of memory. Tried to allocate 608.00 MiB. GPU 0 has a total capacity of 7.66 GiB of which 597.75 MiB is free. Including non-PyTorch memory, this process has 6.46 GiB memory in use. 6.22 GiB allowed; Of the allocated memory 6.21 GiB is allocated by PyTorch, and 2.84 MiB is reserved by PyTorch but unallocated. If reserved but unallocated memory is large try setting PYTORCH_CUDA_ALLOC_CONF=expandable_segments:True to avoid fragmentation.  See documentation for Memory Management  (https://docs.pytorch.org/docs/stable/notes/cuda.html#optimizing-memory-usage-with-pytorch-cuda-alloc-conf)

tests/gpu/exl3_cases.py:84: OutOfMemoryError
_____________________ test_bf16_io_same_bits[K4-lmhead-48] _____________________

ops = <module 'vllm_exl3_plugin.ops' from '/workspace/kit/plugin-exl3/vllm_exl3_plugin/ops.py'>
tid = 'K4-lmhead', m = 48

    @pytest.mark.parametrize("m", [1, 8, 17, 48, 144])
    @pytest.mark.parametrize("tid", MR_TIDS)
    def test_bf16_io_same_bits(ops, tid, m):
        """Glue (ops.MR_GLUE): bf16 x straight into exl3_gemm_mr == x.half() + fp32 out + .to(bf16), bit for bit."""
        import torch
    
        if m < 17 and BITS[tid] != 4:
            pytest.skip("K3/K5 take exl3_gemm_mr from 17 rows only")
>       w = weights(tid)
            ^^^^^^^^^^^^

tests/gpu/test_exl3_mr.py:144: 
_ _ _ _ _ _ _ _ _ _ _ _ _ _ _ _ _ _ _ _ _ _ _ _ _ _ _ _ _ _ _ _ _ _ _ _ _ _ _ _ 
tests/gpu/test_exl3_mr.py:69: in weights
    w = C.load(torch, tid)
        ^^^^^^^^^^^^^^^^^^
_ _ _ _ _ _ _ _ _ _ _ _ _ _ _ _ _ _ _ _ _ _ _ _ _ _ _ _ _ _ _ _ _ _ _ _ _ _ _ _ 

torch = <module 'torch' from '/workspace/kit-work/venv-cu13/lib/python3.12/site-packages/torch/__init__.py'>
tid = 'K4-lmhead', device = 'cuda'

    def load(torch, tid: str, device="cuda") -> dict:
        """trellis/suh/svh (+ mcg/mul1 flags) of one checkpoint tensor, from the model's index."""
        import json
    
        from safetensors import safe_open
    
        prefix = TENSORS[tid][0]
        wm = json.loads((MODEL / "model.safetensors.index.json").read_text())["weight_map"]
        out = {"mcg": f"{prefix}.mcg" in wm, "mul1": f"{prefix}.mul1" in wm}
        for t in ("trellis", "suh", "svh"):
            with safe_open(str(MODEL / wm[f"{prefix}.{t}"]), framework="pt") as f:
>               out[t] = f.get_tensor(f"{prefix}.{t}").to(device).contiguous()
                         ^^^^^^^^^^^^^^^^^^^^^^^^^^^^^^^^^^^^^^^^
E               torch.OutOfMemoryError: CUDA out of memory. Tried to allocate 608.00 MiB. GPU 0 has a total capacity of 7.66 GiB of which 597.75 MiB is free. Including non-PyTorch memory, this process has 6.46 GiB memory in use. 6.22 GiB allowed; Of the allocated memory 6.21 GiB is allocated by PyTorch, and 2.84 MiB is reserved by PyTorch but unallocated. If reserved but unallocated memory is large try setting PYTORCH_CUDA_ALLOC_CONF=expandable_segments:True to avoid fragmentation.  See documentation for Memory Management  (https://docs.pytorch.org/docs/stable/notes/cuda.html#optimizing-memory-usage-with-pytorch-cuda-alloc-conf)

tests/gpu/exl3_cases.py:84: OutOfMemoryError
____________________ test_bf16_io_same_bits[K4-lmhead-144] _____________________

ops = <module 'vllm_exl3_plugin.ops' from '/workspace/kit/plugin-exl3/vllm_exl3_plugin/ops.py'>
tid = 'K4-lmhead', m = 144

    @pytest.mark.parametrize("m", [1, 8, 17, 48, 144])
    @pytest.mark.parametrize("tid", MR_TIDS)
    def test_bf16_io_same_bits(ops, tid, m):
        """Glue (ops.MR_GLUE): bf16 x straight into exl3_gemm_mr == x.half() + fp32 out + .to(bf16), bit for bit."""
        import torch
    
        if m < 17 and BITS[tid] != 4:
            pytest.skip("K3/K5 take exl3_gemm_mr from 17 rows only")
>       w = weights(tid)
            ^^^^^^^^^^^^

tests/gpu/test_exl3_mr.py:144: 
_ _ _ _ _ _ _ _ _ _ _ _ _ _ _ _ _ _ _ _ _ _ _ _ _ _ _ _ _ _ _ _ _ _ _ _ _ _ _ _ 
tests/gpu/test_exl3_mr.py:69: in weights
    w = C.load(torch, tid)
        ^^^^^^^^^^^^^^^^^^
_ _ _ _ _ _ _ _ _ _ _ _ _ _ _ _ _ _ _ _ _ _ _ _ _ _ _ _ _ _ _ _ _ _ _ _ _ _ _ _ 

torch = <module 'torch' from '/workspace/kit-work/venv-cu13/lib/python3.12/site-packages/torch/__init__.py'>
tid = 'K4-lmhead', device = 'cuda'

    def load(torch, tid: str, device="cuda") -> dict:
        """trellis/suh/svh (+ mcg/mul1 flags) of one checkpoint tensor, from the model's index."""
        import json
    
        from safetensors import safe_open
    
        prefix = TENSORS[tid][0]
        wm = json.loads((MODEL / "model.safetensors.index.json").read_text())["weight_map"]
        out = {"mcg": f"{prefix}.mcg" in wm, "mul1": f"{prefix}.mul1" in wm}
        for t in ("trellis", "suh", "svh"):
            with safe_open(str(MODEL / wm[f"{prefix}.{t}"]), framework="pt") as f:
>               out[t] = f.get_tensor(f"{prefix}.{t}").to(device).contiguous()
                         ^^^^^^^^^^^^^^^^^^^^^^^^^^^^^^^^^^^^^^^^
E               torch.OutOfMemoryError: CUDA out of memory. Tried to allocate 608.00 MiB. GPU 0 has a total capacity of 7.66 GiB of which 597.75 MiB is free. Including non-PyTorch memory, this process has 6.46 GiB memory in use. 6.22 GiB allowed; Of the allocated memory 6.21 GiB is allocated by PyTorch, and 2.84 MiB is reserved by PyTorch but unallocated. If reserved but unallocated memory is large try setting PYTORCH_CUDA_ALLOC_CONF=expandable_segments:True to avoid fragmentation.  See documentation for Memory Management  (https://docs.pytorch.org/docs/stable/notes/cuda.html#optimizing-memory-usage-with-pytorch-cuda-alloc-conf)

tests/gpu/exl3_cases.py:84: OutOfMemoryError
________________________ test_linear_parts_same_bits[1] ________________________

ops = <module 'vllm_exl3_plugin.ops' from '/workspace/kit/plugin-exl3/vllm_exl3_plugin/ops.py'>
m = 1

    @pytest.mark.parametrize("m", [1, 6, 24, 48])
    def test_linear_parts_same_bits(ops, m):
        """The per-layer op on bf16 x (glue) == each part's exl3_linear on fp16 x, cast to bf16, concatenated."""
        import torch
    
>       ws = [C.load(torch, t) for t in ("K4-kproj", "K5-kproj")]  # both k=5120: a k/v-like fused pair
              ^^^^^^^^^^^^^^^^

tests/gpu/test_exl3_mr.py:157: 
_ _ _ _ _ _ _ _ _ _ _ _ _ _ _ _ _ _ _ _ _ _ _ _ _ _ _ _ _ _ _ _ _ _ _ _ _ _ _ _ 

torch = <module 'torch' from '/workspace/kit-work/venv-cu13/lib/python3.12/site-packages/torch/__init__.py'>
tid = 'K4-kproj', device = 'cuda'

    def load(torch, tid: str, device="cuda") -> dict:
        """trellis/suh/svh (+ mcg/mul1 flags) of one checkpoint tensor, from the model's index."""
        import json
    
        from safetensors import safe_open
    
        prefix = TENSORS[tid][0]
        wm = json.loads((MODEL / "model.safetensors.index.json").read_text())["weight_map"]
        out = {"mcg": f"{prefix}.mcg" in wm, "mul1": f"{prefix}.mul1" in wm}
        for t in ("trellis", "suh", "svh"):
            with safe_open(str(MODEL / wm[f"{prefix}.{t}"]), framework="pt") as f:
>               out[t] = f.get_tensor(f"{prefix}.{t}").to(device).contiguous()
                         ^^^^^^^^^^^^^^^^^^^^^^^^^^^^^^^^^^^^^^^^
E               torch.OutOfMemoryError: CUDA out of memory. Tried to allocate 20.00 MiB. GPU 0 has a total capacity of 7.66 GiB of which 597.75 MiB is free. Including non-PyTorch memory, this process has 6.46 GiB memory in use. 6.22 GiB allowed; Of the allocated memory 6.21 GiB is allocated by PyTorch, and 2.84 MiB is reserved by PyTorch but unallocated. If reserved but unallocated memory is large try setting PYTORCH_CUDA_ALLOC_CONF=expandable_segments:True to avoid fragmentation.  See documentation for Memory Management  (https://docs.pytorch.org/docs/stable/notes/cuda.html#optimizing-memory-usage-with-pytorch-cuda-alloc-conf)

tests/gpu/exl3_cases.py:84: OutOfMemoryError
________________________ test_linear_parts_same_bits[6] ________________________

ops = <module 'vllm_exl3_plugin.ops' from '/workspace/kit/plugin-exl3/vllm_exl3_plugin/ops.py'>
m = 6

    @pytest.mark.parametrize("m", [1, 6, 24, 48])
    def test_linear_parts_same_bits(ops, m):
        """The per-layer op on bf16 x (glue) == each part's exl3_linear on fp16 x, cast to bf16, concatenated."""
        import torch
    
>       ws = [C.load(torch, t) for t in ("K4-kproj", "K5-kproj")]  # both k=5120: a k/v-like fused pair
              ^^^^^^^^^^^^^^^^

tests/gpu/test_exl3_mr.py:157: 
_ _ _ _ _ _ _ _ _ _ _ _ _ _ _ _ _ _ _ _ _ _ _ _ _ _ _ _ _ _ _ _ _ _ _ _ _ _ _ _ 

torch = <module 'torch' from '/workspace/kit-work/venv-cu13/lib/python3.12/site-packages/torch/__init__.py'>
tid = 'K4-kproj', device = 'cuda'

    def load(torch, tid: str, device="cuda") -> dict:
        """trellis/suh/svh (+ mcg/mul1 flags) of one checkpoint tensor, from the model's index."""
        import json
    
        from safetensors import safe_open
    
        prefix = TENSORS[tid][0]
        wm = json.loads((MODEL / "model.safetensors.index.json").read_text())["weight_map"]
        out = {"mcg": f"{prefix}.mcg" in wm, "mul1": f"{prefix}.mul1" in wm}
        for t in ("trellis", "suh", "svh"):
            with safe_open(str(MODEL / wm[f"{prefix}.{t}"]), framework="pt") as f:
>               out[t] = f.get_tensor(f"{prefix}.{t}").to(device).contiguous()
                         ^^^^^^^^^^^^^^^^^^^^^^^^^^^^^^^^^^^^^^^^
E               torch.OutOfMemoryError: CUDA out of memory. Tried to allocate 20.00 MiB. GPU 0 has a total capacity of 7.66 GiB of which 597.75 MiB is free. Including non-PyTorch memory, this process has 6.46 GiB memory in use. 6.22 GiB allowed; Of the allocated memory 6.21 GiB is allocated by PyTorch, and 2.84 MiB is reserved by PyTorch but unallocated. If reserved but unallocated memory is large try setting PYTORCH_CUDA_ALLOC_CONF=expandable_segments:True to avoid fragmentation.  See documentation for Memory Management  (https://docs.pytorch.org/docs/stable/notes/cuda.html#optimizing-memory-usage-with-pytorch-cuda-alloc-conf)

tests/gpu/exl3_cases.py:84: OutOfMemoryError
_______________________ test_linear_parts_same_bits[24] ________________________

ops = <module 'vllm_exl3_plugin.ops' from '/workspace/kit/plugin-exl3/vllm_exl3_plugin/ops.py'>
m = 24

    @pytest.mark.parametrize("m", [1, 6, 24, 48])
    def test_linear_parts_same_bits(ops, m):
        """The per-layer op on bf16 x (glue) == each part's exl3_linear on fp16 x, cast to bf16, concatenated."""
        import torch
    
>       ws = [C.load(torch, t) for t in ("K4-kproj", "K5-kproj")]  # both k=5120: a k/v-like fused pair
              ^^^^^^^^^^^^^^^^

tests/gpu/test_exl3_mr.py:157: 
_ _ _ _ _ _ _ _ _ _ _ _ _ _ _ _ _ _ _ _ _ _ _ _ _ _ _ _ _ _ _ _ _ _ _ _ _ _ _ _ 

torch = <module 'torch' from '/workspace/kit-work/venv-cu13/lib/python3.12/site-packages/torch/__init__.py'>
tid = 'K4-kproj', device = 'cuda'

    def load(torch, tid: str, device="cuda") -> dict:
        """trellis/suh/svh (+ mcg/mul1 flags) of one checkpoint tensor, from the model's index."""
        import json
    
        from safetensors import safe_open
    
        prefix = TENSORS[tid][0]
        wm = json.loads((MODEL / "model.safetensors.index.json").read_text())["weight_map"]
        out = {"mcg": f"{prefix}.mcg" in wm, "mul1": f"{prefix}.mul1" in wm}
        for t in ("trellis", "suh", "svh"):
            with safe_open(str(MODEL / wm[f"{prefix}.{t}"]), framework="pt") as f:
>               out[t] = f.get_tensor(f"{prefix}.{t}").to(device).contiguous()
                         ^^^^^^^^^^^^^^^^^^^^^^^^^^^^^^^^^^^^^^^^
E               torch.OutOfMemoryError: CUDA out of memory. Tried to allocate 20.00 MiB. GPU 0 has a total capacity of 7.66 GiB of which 597.75 MiB is free. Including non-PyTorch memory, this process has 6.46 GiB memory in use. 6.22 GiB allowed; Of the allocated memory 6.21 GiB is allocated by PyTorch, and 2.84 MiB is reserved by PyTorch but unallocated. If reserved but unallocated memory is large try setting PYTORCH_CUDA_ALLOC_CONF=expandable_segments:True to avoid fragmentation.  See documentation for Memory Management  (https://docs.pytorch.org/docs/stable/notes/cuda.html#optimizing-memory-usage-with-pytorch-cuda-alloc-conf)

tests/gpu/exl3_cases.py:84: OutOfMemoryError
_______________________ test_linear_parts_same_bits[48] ________________________

ops = <module 'vllm_exl3_plugin.ops' from '/workspace/kit/plugin-exl3/vllm_exl3_plugin/ops.py'>
m = 48

    @pytest.mark.parametrize("m", [1, 6, 24, 48])
    def test_linear_parts_same_bits(ops, m):
        """The per-layer op on bf16 x (glue) == each part's exl3_linear on fp16 x, cast to bf16, concatenated."""
        import torch
    
>       ws = [C.load(torch, t) for t in ("K4-kproj", "K5-kproj")]  # both k=5120: a k/v-like fused pair
              ^^^^^^^^^^^^^^^^

tests/gpu/test_exl3_mr.py:157: 
_ _ _ _ _ _ _ _ _ _ _ _ _ _ _ _ _ _ _ _ _ _ _ _ _ _ _ _ _ _ _ _ _ _ _ _ _ _ _ _ 

torch = <module 'torch' from '/workspace/kit-work/venv-cu13/lib/python3.12/site-packages/torch/__init__.py'>
tid = 'K4-kproj', device = 'cuda'

    def load(torch, tid: str, device="cuda") -> dict:
        """trellis/suh/svh (+ mcg/mul1 flags) of one checkpoint tensor, from the model's index."""
        import json
    
        from safetensors import safe_open
    
        prefix = TENSORS[tid][0]
        wm = json.loads((MODEL / "model.safetensors.index.json").read_text())["weight_map"]
        out = {"mcg": f"{prefix}.mcg" in wm, "mul1": f"{prefix}.mul1" in wm}
        for t in ("trellis", "suh", "svh"):
            with safe_open(str(MODEL / wm[f"{prefix}.{t}"]), framework="pt") as f:
>               out[t] = f.get_tensor(f"{prefix}.{t}").to(device).contiguous()
                         ^^^^^^^^^^^^^^^^^^^^^^^^^^^^^^^^^^^^^^^^
E               torch.OutOfMemoryError: CUDA out of memory. Tried to allocate 20.00 MiB. GPU 0 has a total capacity of 7.66 GiB of which 597.75 MiB is free. Including non-PyTorch memory, this process has 6.46 GiB memory in use. 6.22 GiB allowed; Of the allocated memory 6.21 GiB is allocated by PyTorch, and 2.84 MiB is reserved by PyTorch but unallocated. If reserved but unallocated memory is large try setting PYTORCH_CUDA_ALLOC_CONF=expandable_segments:True to avoid fragmentation.  See documentation for Memory Management  (https://docs.pytorch.org/docs/stable/notes/cuda.html#optimizing-memory-usage-with-pytorch-cuda-alloc-conf)

tests/gpu/exl3_cases.py:84: OutOfMemoryError
____________________________ test_gemm_mr_multi[1] _____________________________

ops = <module 'vllm_exl3_plugin.ops' from '/workspace/kit/plugin-exl3/vllm_exl3_plugin/ops.py'>
m = 1

    @pytest.mark.parametrize("m", [1, 6, 24, 48, 144])
    def test_gemm_mr_multi(ops, m):
        """A concatenated fused group (two tensors of one K, k=5120) in one exl3_gemm_mr_multi call ==
        the parts one by one, up to accumulation order (rel. rms <= FLOOR_RMS: at 9..48 rows both sides
        accumulate in fp16 between folds, 1.06e-3 apart with the default fold of 4 k-stages)."""
        import torch
    
>       ws = [C.load(torch, t) for t in ("K3-up", "K3-up")]
              ^^^^^^^^^^^^^^^^

tests/gpu/test_exl3_mr.py:176: 
_ _ _ _ _ _ _ _ _ _ _ _ _ _ _ _ _ _ _ _ _ _ _ _ _ _ _ _ _ _ _ _ _ _ _ _ _ _ _ _ 

torch = <module 'torch' from '/workspace/kit-work/venv-cu13/lib/python3.12/site-packages/torch/__init__.py'>
tid = 'K3-up', device = 'cuda'

    def load(torch, tid: str, device="cuda") -> dict:
        """trellis/suh/svh (+ mcg/mul1 flags) of one checkpoint tensor, from the model's index."""
        import json
    
        from safetensors import safe_open
    
        prefix = TENSORS[tid][0]
        wm = json.loads((MODEL / "model.safetensors.index.json").read_text())["weight_map"]
        out = {"mcg": f"{prefix}.mcg" in wm, "mul1": f"{prefix}.mul1" in wm}
        for t in ("trellis", "suh", "svh"):
            with safe_open(str(MODEL / wm[f"{prefix}.{t}"]), framework="pt") as f:
>               out[t] = f.get_tensor(f"{prefix}.{t}").to(device).contiguous()
                         ^^^^^^^^^^^^^^^^^^^^^^^^^^^^^^^^^^^^^^^^
E               torch.OutOfMemoryError: CUDA out of memory. Tried to allocate 32.00 MiB. GPU 0 has a total capacity of 7.66 GiB of which 597.75 MiB is free. Including non-PyTorch memory, this process has 6.46 GiB memory in use. 6.22 GiB allowed; Of the allocated memory 6.21 GiB is allocated by PyTorch, and 2.84 MiB is reserved by PyTorch but unallocated. If reserved but unallocated memory is large try setting PYTORCH_CUDA_ALLOC_CONF=expandable_segments:True to avoid fragmentation.  See documentation for Memory Management  (https://docs.pytorch.org/docs/stable/notes/cuda.html#optimizing-memory-usage-with-pytorch-cuda-alloc-conf)

tests/gpu/exl3_cases.py:84: OutOfMemoryError
____________________________ test_gemm_mr_multi[6] _____________________________

ops = <module 'vllm_exl3_plugin.ops' from '/workspace/kit/plugin-exl3/vllm_exl3_plugin/ops.py'>
m = 6

    @pytest.mark.parametrize("m", [1, 6, 24, 48, 144])
    def test_gemm_mr_multi(ops, m):
        """A concatenated fused group (two tensors of one K, k=5120) in one exl3_gemm_mr_multi call ==
        the parts one by one, up to accumulation order (rel. rms <= FLOOR_RMS: at 9..48 rows both sides
        accumulate in fp16 between folds, 1.06e-3 apart with the default fold of 4 k-stages)."""
        import torch
    
>       ws = [C.load(torch, t) for t in ("K3-up", "K3-up")]
              ^^^^^^^^^^^^^^^^

tests/gpu/test_exl3_mr.py:176: 
_ _ _ _ _ _ _ _ _ _ _ _ _ _ _ _ _ _ _ _ _ _ _ _ _ _ _ _ _ _ _ _ _ _ _ _ _ _ _ _ 

torch = <module 'torch' from '/workspace/kit-work/venv-cu13/lib/python3.12/site-packages/torch/__init__.py'>
tid = 'K3-up', device = 'cuda'

    def load(torch, tid: str, device="cuda") -> dict:
        """trellis/suh/svh (+ mcg/mul1 flags) of one checkpoint tensor, from the model's index."""
        import json
    
        from safetensors import safe_open
    
        prefix = TENSORS[tid][0]
        wm = json.loads((MODEL / "model.safetensors.index.json").read_text())["weight_map"]
        out = {"mcg": f"{prefix}.mcg" in wm, "mul1": f"{prefix}.mul1" in wm}
        for t in ("trellis", "suh", "svh"):
            with safe_open(str(MODEL / wm[f"{prefix}.{t}"]), framework="pt") as f:
>               out[t] = f.get_tensor(f"{prefix}.{t}").to(device).contiguous()
                         ^^^^^^^^^^^^^^^^^^^^^^^^^^^^^^^^^^^^^^^^
E               torch.OutOfMemoryError: CUDA out of memory. Tried to allocate 32.00 MiB. GPU 0 has a total capacity of 7.66 GiB of which 597.75 MiB is free. Including non-PyTorch memory, this process has 6.46 GiB memory in use. 6.22 GiB allowed; Of the allocated memory 6.21 GiB is allocated by PyTorch, and 2.84 MiB is reserved by PyTorch but unallocated. If reserved but unallocated memory is large try setting PYTORCH_CUDA_ALLOC_CONF=expandable_segments:True to avoid fragmentation.  See documentation for Memory Management  (https://docs.pytorch.org/docs/stable/notes/cuda.html#optimizing-memory-usage-with-pytorch-cuda-alloc-conf)

tests/gpu/exl3_cases.py:84: OutOfMemoryError
____________________________ test_gemm_mr_multi[24] ____________________________

ops = <module 'vllm_exl3_plugin.ops' from '/workspace/kit/plugin-exl3/vllm_exl3_plugin/ops.py'>
m = 24

    @pytest.mark.parametrize("m", [1, 6, 24, 48, 144])
    def test_gemm_mr_multi(ops, m):
        """A concatenated fused group (two tensors of one K, k=5120) in one exl3_gemm_mr_multi call ==
        the parts one by one, up to accumulation order (rel. rms <= FLOOR_RMS: at 9..48 rows both sides
        accumulate in fp16 between folds, 1.06e-3 apart with the default fold of 4 k-stages)."""
        import torch
    
>       ws = [C.load(torch, t) for t in ("K3-up", "K3-up")]
              ^^^^^^^^^^^^^^^^

tests/gpu/test_exl3_mr.py:176: 
_ _ _ _ _ _ _ _ _ _ _ _ _ _ _ _ _ _ _ _ _ _ _ _ _ _ _ _ _ _ _ _ _ _ _ _ _ _ _ _ 

torch = <module 'torch' from '/workspace/kit-work/venv-cu13/lib/python3.12/site-packages/torch/__init__.py'>
tid = 'K3-up', device = 'cuda'

    def load(torch, tid: str, device="cuda") -> dict:
        """trellis/suh/svh (+ mcg/mul1 flags) of one checkpoint tensor, from the model's index."""
        import json
    
        from safetensors import safe_open
    
        prefix = TENSORS[tid][0]
        wm = json.loads((MODEL / "model.safetensors.index.json").read_text())["weight_map"]
        out = {"mcg": f"{prefix}.mcg" in wm, "mul1": f"{prefix}.mul1" in wm}
        for t in ("trellis", "suh", "svh"):
            with safe_open(str(MODEL / wm[f"{prefix}.{t}"]), framework="pt") as f:
>               out[t] = f.get_tensor(f"{prefix}.{t}").to(device).contiguous()
                         ^^^^^^^^^^^^^^^^^^^^^^^^^^^^^^^^^^^^^^^^
E               torch.OutOfMemoryError: CUDA out of memory. Tried to allocate 32.00 MiB. GPU 0 has a total capacity of 7.66 GiB of which 597.75 MiB is free. Including non-PyTorch memory, this process has 6.46 GiB memory in use. 6.22 GiB allowed; Of the allocated memory 6.21 GiB is allocated by PyTorch, and 2.84 MiB is reserved by PyTorch but unallocated. If reserved but unallocated memory is large try setting PYTORCH_CUDA_ALLOC_CONF=expandable_segments:True to avoid fragmentation.  See documentation for Memory Management  (https://docs.pytorch.org/docs/stable/notes/cuda.html#optimizing-memory-usage-with-pytorch-cuda-alloc-conf)

tests/gpu/exl3_cases.py:84: OutOfMemoryError
____________________________ test_gemm_mr_multi[48] ____________________________

ops = <module 'vllm_exl3_plugin.ops' from '/workspace/kit/plugin-exl3/vllm_exl3_plugin/ops.py'>
m = 48

    @pytest.mark.parametrize("m", [1, 6, 24, 48, 144])
    def test_gemm_mr_multi(ops, m):
        """A concatenated fused group (two tensors of one K, k=5120) in one exl3_gemm_mr_multi call ==
        the parts one by one, up to accumulation order (rel. rms <= FLOOR_RMS: at 9..48 rows both sides
        accumulate in fp16 between folds, 1.06e-3 apart with the default fold of 4 k-stages)."""
        import torch
    
>       ws = [C.load(torch, t) for t in ("K3-up", "K3-up")]
              ^^^^^^^^^^^^^^^^

tests/gpu/test_exl3_mr.py:176: 
_ _ _ _ _ _ _ _ _ _ _ _ _ _ _ _ _ _ _ _ _ _ _ _ _ _ _ _ _ _ _ _ _ _ _ _ _ _ _ _ 

torch = <module 'torch' from '/workspace/kit-work/venv-cu13/lib/python3.12/site-packages/torch/__init__.py'>
tid = 'K3-up', device = 'cuda'

    def load(torch, tid: str, device="cuda") -> dict:
        """trellis/suh/svh (+ mcg/mul1 flags) of one checkpoint tensor, from the model's index."""
        import json
    
        from safetensors import safe_open
    
        prefix = TENSORS[tid][0]
        wm = json.loads((MODEL / "model.safetensors.index.json").read_text())["weight_map"]
        out = {"mcg": f"{prefix}.mcg" in wm, "mul1": f"{prefix}.mul1" in wm}
        for t in ("trellis", "suh", "svh"):
            with safe_open(str(MODEL / wm[f"{prefix}.{t}"]), framework="pt") as f:
>               out[t] = f.get_tensor(f"{prefix}.{t}").to(device).contiguous()
                         ^^^^^^^^^^^^^^^^^^^^^^^^^^^^^^^^^^^^^^^^
E               torch.OutOfMemoryError: CUDA out of memory. Tried to allocate 32.00 MiB. GPU 0 has a total capacity of 7.66 GiB of which 597.75 MiB is free. Including non-PyTorch memory, this process has 6.46 GiB memory in use. 6.22 GiB allowed; Of the allocated memory 6.21 GiB is allocated by PyTorch, and 2.84 MiB is reserved by PyTorch but unallocated. If reserved but unallocated memory is large try setting PYTORCH_CUDA_ALLOC_CONF=expandable_segments:True to avoid fragmentation.  See documentation for Memory Management  (https://docs.pytorch.org/docs/stable/notes/cuda.html#optimizing-memory-usage-with-pytorch-cuda-alloc-conf)

tests/gpu/exl3_cases.py:84: OutOfMemoryError
___________________________ test_gemm_mr_multi[144] ____________________________

ops = <module 'vllm_exl3_plugin.ops' from '/workspace/kit/plugin-exl3/vllm_exl3_plugin/ops.py'>
m = 144

    @pytest.mark.parametrize("m", [1, 6, 24, 48, 144])
    def test_gemm_mr_multi(ops, m):
        """A concatenated fused group (two tensors of one K, k=5120) in one exl3_gemm_mr_multi call ==
        the parts one by one, up to accumulation order (rel. rms <= FLOOR_RMS: at 9..48 rows both sides
        accumulate in fp16 between folds, 1.06e-3 apart with the default fold of 4 k-stages)."""
        import torch
    
>       ws = [C.load(torch, t) for t in ("K3-up", "K3-up")]
              ^^^^^^^^^^^^^^^^

tests/gpu/test_exl3_mr.py:176: 
_ _ _ _ _ _ _ _ _ _ _ _ _ _ _ _ _ _ _ _ _ _ _ _ _ _ _ _ _ _ _ _ _ _ _ _ _ _ _ _ 

torch = <module 'torch' from '/workspace/kit-work/venv-cu13/lib/python3.12/site-packages/torch/__init__.py'>
tid = 'K3-up', device = 'cuda'

    def load(torch, tid: str, device="cuda") -> dict:
        """trellis/suh/svh (+ mcg/mul1 flags) of one checkpoint tensor, from the model's index."""
        import json
    
        from safetensors import safe_open
    
        prefix = TENSORS[tid][0]
        wm = json.loads((MODEL / "model.safetensors.index.json").read_text())["weight_map"]
        out = {"mcg": f"{prefix}.mcg" in wm, "mul1": f"{prefix}.mul1" in wm}
        for t in ("trellis", "suh", "svh"):
            with safe_open(str(MODEL / wm[f"{prefix}.{t}"]), framework="pt") as f:
>               out[t] = f.get_tensor(f"{prefix}.{t}").to(device).contiguous()
                         ^^^^^^^^^^^^^^^^^^^^^^^^^^^^^^^^^^^^^^^^
E               torch.OutOfMemoryError: CUDA out of memory. Tried to allocate 32.00 MiB. GPU 0 has a total capacity of 7.66 GiB of which 597.75 MiB is free. Including non-PyTorch memory, this process has 6.46 GiB memory in use. 6.22 GiB allowed; Of the allocated memory 6.21 GiB is allocated by PyTorch, and 2.84 MiB is reserved by PyTorch but unallocated. If reserved but unallocated memory is large try setting PYTORCH_CUDA_ALLOC_CONF=expandable_segments:True to avoid fragmentation.  See documentation for Memory Management  (https://docs.pytorch.org/docs/stable/notes/cuda.html#optimizing-memory-usage-with-pytorch-cuda-alloc-conf)

tests/gpu/exl3_cases.py:84: OutOfMemoryError
_________________________ test_deterministic[K3-down] __________________________

ops = <module 'vllm_exl3_plugin.ops' from '/workspace/kit/plugin-exl3/vllm_exl3_plugin/ops.py'>
tid = 'K3-down'

    @pytest.mark.parametrize("tid", MR_TIDS)
    def test_deterministic(ops, tid):
        import torch
    
>       w = weights(tid)
            ^^^^^^^^^^^^

tests/gpu/test_exl3_mr.py:192: 
_ _ _ _ _ _ _ _ _ _ _ _ _ _ _ _ _ _ _ _ _ _ _ _ _ _ _ _ _ _ _ _ _ _ _ _ _ _ _ _ 
tests/gpu/test_exl3_mr.py:69: in weights
    w = C.load(torch, tid)
        ^^^^^^^^^^^^^^^^^^
_ _ _ _ _ _ _ _ _ _ _ _ _ _ _ _ _ _ _ _ _ _ _ _ _ _ _ _ _ _ _ _ _ _ _ _ _ _ _ _ 

torch = <module 'torch' from '/workspace/kit-work/venv-cu13/lib/python3.12/site-packages/torch/__init__.py'>
tid = 'K3-down', device = 'cuda'

    def load(torch, tid: str, device="cuda") -> dict:
        """trellis/suh/svh (+ mcg/mul1 flags) of one checkpoint tensor, from the model's index."""
        import json
    
        from safetensors import safe_open
    
        prefix = TENSORS[tid][0]
        wm = json.loads((MODEL / "model.safetensors.index.json").read_text())["weight_map"]
        out = {"mcg": f"{prefix}.mcg" in wm, "mul1": f"{prefix}.mul1" in wm}
        for t in ("trellis", "suh", "svh"):
            with safe_open(str(MODEL / wm[f"{prefix}.{t}"]), framework="pt") as f:
>               out[t] = f.get_tensor(f"{prefix}.{t}").to(device).contiguous()
                         ^^^^^^^^^^^^^^^^^^^^^^^^^^^^^^^^^^^^^^^^
E               torch.OutOfMemoryError: CUDA out of memory. Tried to allocate 32.00 MiB. GPU 0 has a total capacity of 7.66 GiB of which 597.75 MiB is free. Including non-PyTorch memory, this process has 6.46 GiB memory in use. 6.22 GiB allowed; Of the allocated memory 6.21 GiB is allocated by PyTorch, and 2.84 MiB is reserved by PyTorch but unallocated. If reserved but unallocated memory is large try setting PYTORCH_CUDA_ALLOC_CONF=expandable_segments:True to avoid fragmentation.  See documentation for Memory Management  (https://docs.pytorch.org/docs/stable/notes/cuda.html#optimizing-memory-usage-with-pytorch-cuda-alloc-conf)

tests/gpu/exl3_cases.py:84: OutOfMemoryError
__________________________ test_deterministic[K3-up] ___________________________

ops = <module 'vllm_exl3_plugin.ops' from '/workspace/kit/plugin-exl3/vllm_exl3_plugin/ops.py'>
tid = 'K3-up'

    @pytest.mark.parametrize("tid", MR_TIDS)
    def test_deterministic(ops, tid):
        import torch
    
>       w = weights(tid)
            ^^^^^^^^^^^^

tests/gpu/test_exl3_mr.py:192: 
_ _ _ _ _ _ _ _ _ _ _ _ _ _ _ _ _ _ _ _ _ _ _ _ _ _ _ _ _ _ _ _ _ _ _ _ _ _ _ _ 
tests/gpu/test_exl3_mr.py:69: in weights
    w = C.load(torch, tid)
        ^^^^^^^^^^^^^^^^^^
_ _ _ _ _ _ _ _ _ _ _ _ _ _ _ _ _ _ _ _ _ _ _ _ _ _ _ _ _ _ _ _ _ _ _ _ _ _ _ _ 

torch = <module 'torch' from '/workspace/kit-work/venv-cu13/lib/python3.12/site-packages/torch/__init__.py'>
tid = 'K3-up', device = 'cuda'

    def load(torch, tid: str, device="cuda") -> dict:
        """trellis/suh/svh (+ mcg/mul1 flags) of one checkpoint tensor, from the model's index."""
        import json
    
        from safetensors import safe_open
    
        prefix = TENSORS[tid][0]
        wm = json.loads((MODEL / "model.safetensors.index.json").read_text())["weight_map"]
        out = {"mcg": f"{prefix}.mcg" in wm, "mul1": f"{prefix}.mul1" in wm}
        for t in ("trellis", "suh", "svh"):
            with safe_open(str(MODEL / wm[f"{prefix}.{t}"]), framework="pt") as f:
>               out[t] = f.get_tensor(f"{prefix}.{t}").to(device).contiguous()
                         ^^^^^^^^^^^^^^^^^^^^^^^^^^^^^^^^^^^^^^^^
E               torch.OutOfMemoryError: CUDA out of memory. Tried to allocate 32.00 MiB. GPU 0 has a total capacity of 7.66 GiB of which 597.75 MiB is free. Including non-PyTorch memory, this process has 6.46 GiB memory in use. 6.22 GiB allowed; Of the allocated memory 6.21 GiB is allocated by PyTorch, and 2.84 MiB is reserved by PyTorch but unallocated. If reserved but unallocated memory is large try setting PYTORCH_CUDA_ALLOC_CONF=expandable_segments:True to avoid fragmentation.  See documentation for Memory Management  (https://docs.pytorch.org/docs/stable/notes/cuda.html#optimizing-memory-usage-with-pytorch-cuda-alloc-conf)

tests/gpu/exl3_cases.py:84: OutOfMemoryError
_________________________ test_deterministic[K4-kproj] _________________________

ops = <module 'vllm_exl3_plugin.ops' from '/workspace/kit/plugin-exl3/vllm_exl3_plugin/ops.py'>
tid = 'K4-kproj'

    @pytest.mark.parametrize("tid", MR_TIDS)
    def test_deterministic(ops, tid):
        import torch
    
>       w = weights(tid)
            ^^^^^^^^^^^^

tests/gpu/test_exl3_mr.py:192: 
_ _ _ _ _ _ _ _ _ _ _ _ _ _ _ _ _ _ _ _ _ _ _ _ _ _ _ _ _ _ _ _ _ _ _ _ _ _ _ _ 
tests/gpu/test_exl3_mr.py:69: in weights
    w = C.load(torch, tid)
        ^^^^^^^^^^^^^^^^^^
_ _ _ _ _ _ _ _ _ _ _ _ _ _ _ _ _ _ _ _ _ _ _ _ _ _ _ _ _ _ _ _ _ _ _ _ _ _ _ _ 

torch = <module 'torch' from '/workspace/kit-work/venv-cu13/lib/python3.12/site-packages/torch/__init__.py'>
tid = 'K4-kproj', device = 'cuda'

    def load(torch, tid: str, device="cuda") -> dict:
        """trellis/suh/svh (+ mcg/mul1 flags) of one checkpoint tensor, from the model's index."""
        import json
    
        from safetensors import safe_open
    
        prefix = TENSORS[tid][0]
        wm = json.loads((MODEL / "model.safetensors.index.json").read_text())["weight_map"]
        out = {"mcg": f"{prefix}.mcg" in wm, "mul1": f"{prefix}.mul1" in wm}
        for t in ("trellis", "suh", "svh"):
            with safe_open(str(MODEL / wm[f"{prefix}.{t}"]), framework="pt") as f:
>               out[t] = f.get_tensor(f"{prefix}.{t}").to(device).contiguous()
                         ^^^^^^^^^^^^^^^^^^^^^^^^^^^^^^^^^^^^^^^^
E               torch.OutOfMemoryError: CUDA out of memory. Tried to allocate 20.00 MiB. GPU 0 has a total capacity of 7.66 GiB of which 597.75 MiB is free. Including non-PyTorch memory, this process has 6.46 GiB memory in use. 6.22 GiB allowed; Of the allocated memory 6.21 GiB is allocated by PyTorch, and 2.84 MiB is reserved by PyTorch but unallocated. If reserved but unallocated memory is large try setting PYTORCH_CUDA_ALLOC_CONF=expandable_segments:True to avoid fragmentation.  See documentation for Memory Management  (https://docs.pytorch.org/docs/stable/notes/cuda.html#optimizing-memory-usage-with-pytorch-cuda-alloc-conf)

tests/gpu/exl3_cases.py:84: OutOfMemoryError
________________________ test_deterministic[K4-mtp-up] _________________________

ops = <module 'vllm_exl3_plugin.ops' from '/workspace/kit/plugin-exl3/vllm_exl3_plugin/ops.py'>
tid = 'K4-mtp-up'

    @pytest.mark.parametrize("tid", MR_TIDS)
    def test_deterministic(ops, tid):
        import torch
    
>       w = weights(tid)
            ^^^^^^^^^^^^

tests/gpu/test_exl3_mr.py:192: 
_ _ _ _ _ _ _ _ _ _ _ _ _ _ _ _ _ _ _ _ _ _ _ _ _ _ _ _ _ _ _ _ _ _ _ _ _ _ _ _ 
tests/gpu/test_exl3_mr.py:69: in weights
    w = C.load(torch, tid)
        ^^^^^^^^^^^^^^^^^^
_ _ _ _ _ _ _ _ _ _ _ _ _ _ _ _ _ _ _ _ _ _ _ _ _ _ _ _ _ _ _ _ _ _ _ _ _ _ _ _ 

torch = <module 'torch' from '/workspace/kit-work/venv-cu13/lib/python3.12/site-packages/torch/__init__.py'>
tid = 'K4-mtp-up', device = 'cuda'

    def load(torch, tid: str, device="cuda") -> dict:
        """trellis/suh/svh (+ mcg/mul1 flags) of one checkpoint tensor, from the model's index."""
        import json
    
        from safetensors import safe_open
    
        prefix = TENSORS[tid][0]
        wm = json.loads((MODEL / "model.safetensors.index.json").read_text())["weight_map"]
        out = {"mcg": f"{prefix}.mcg" in wm, "mul1": f"{prefix}.mul1" in wm}
        for t in ("trellis", "suh", "svh"):
            with safe_open(str(MODEL / wm[f"{prefix}.{t}"]), framework="pt") as f:
>               out[t] = f.get_tensor(f"{prefix}.{t}").to(device).contiguous()
                         ^^^^^^^^^^^^^^^^^^^^^^^^^^^^^^^^^^^^^^^^
E               torch.OutOfMemoryError: CUDA out of memory. Tried to allocate 44.00 MiB. GPU 0 has a total capacity of 7.66 GiB of which 597.75 MiB is free. Including non-PyTorch memory, this process has 6.46 GiB memory in use. 6.22 GiB allowed; Of the allocated memory 6.21 GiB is allocated by PyTorch, and 2.84 MiB is reserved by PyTorch but unallocated. If reserved but unallocated memory is large try setting PYTORCH_CUDA_ALLOC_CONF=expandable_segments:True to avoid fragmentation.  See documentation for Memory Management  (https://docs.pytorch.org/docs/stable/notes/cuda.html#optimizing-memory-usage-with-pytorch-cuda-alloc-conf)

tests/gpu/exl3_cases.py:84: OutOfMemoryError
_________________________ test_deterministic[K4-oproj] _________________________

ops = <module 'vllm_exl3_plugin.ops' from '/workspace/kit/plugin-exl3/vllm_exl3_plugin/ops.py'>
tid = 'K4-oproj'

    @pytest.mark.parametrize("tid", MR_TIDS)
    def test_deterministic(ops, tid):
        import torch
    
>       w = weights(tid)
            ^^^^^^^^^^^^

tests/gpu/test_exl3_mr.py:192: 
_ _ _ _ _ _ _ _ _ _ _ _ _ _ _ _ _ _ _ _ _ _ _ _ _ _ _ _ _ _ _ _ _ _ _ _ _ _ _ _ 
tests/gpu/test_exl3_mr.py:69: in weights
    w = C.load(torch, tid)
        ^^^^^^^^^^^^^^^^^^
_ _ _ _ _ _ _ _ _ _ _ _ _ _ _ _ _ _ _ _ _ _ _ _ _ _ _ _ _ _ _ _ _ _ _ _ _ _ _ _ 

torch = <module 'torch' from '/workspace/kit-work/venv-cu13/lib/python3.12/site-packages/torch/__init__.py'>
tid = 'K4-oproj', device = 'cuda'

    def load(torch, tid: str, device="cuda") -> dict:
        """trellis/suh/svh (+ mcg/mul1 flags) of one checkpoint tensor, from the model's index."""
        import json
    
        from safetensors import safe_open
    
        prefix = TENSORS[tid][0]
        wm = json.loads((MODEL / "model.safetensors.index.json").read_text())["weight_map"]
        out = {"mcg": f"{prefix}.mcg" in wm, "mul1": f"{prefix}.mul1" in wm}
        for t in ("trellis", "suh", "svh"):
            with safe_open(str(MODEL / wm[f"{prefix}.{t}"]), framework="pt") as f:
>               out[t] = f.get_tensor(f"{prefix}.{t}").to(device).contiguous()
                         ^^^^^^^^^^^^^^^^^^^^^^^^^^^^^^^^^^^^^^^^
E               torch.OutOfMemoryError: CUDA out of memory. Tried to allocate 16.00 MiB. GPU 0 has a total capacity of 7.66 GiB of which 597.75 MiB is free. Including non-PyTorch memory, this process has 6.46 GiB memory in use. 6.22 GiB allowed; Of the allocated memory 6.21 GiB is allocated by PyTorch, and 2.84 MiB is reserved by PyTorch but unallocated. If reserved but unallocated memory is large try setting PYTORCH_CUDA_ALLOC_CONF=expandable_segments:True to avoid fragmentation.  See documentation for Memory Management  (https://docs.pytorch.org/docs/stable/notes/cuda.html#optimizing-memory-usage-with-pytorch-cuda-alloc-conf)

tests/gpu/exl3_cases.py:84: OutOfMemoryError
_________________________ test_deterministic[K5-kproj] _________________________

ops = <module 'vllm_exl3_plugin.ops' from '/workspace/kit/plugin-exl3/vllm_exl3_plugin/ops.py'>
tid = 'K5-kproj'

    @pytest.mark.parametrize("tid", MR_TIDS)
    def test_deterministic(ops, tid):
        import torch
    
>       w = weights(tid)
            ^^^^^^^^^^^^

tests/gpu/test_exl3_mr.py:192: 
_ _ _ _ _ _ _ _ _ _ _ _ _ _ _ _ _ _ _ _ _ _ _ _ _ _ _ _ _ _ _ _ _ _ _ _ _ _ _ _ 
tests/gpu/test_exl3_mr.py:69: in weights
    w = C.load(torch, tid)
        ^^^^^^^^^^^^^^^^^^
_ _ _ _ _ _ _ _ _ _ _ _ _ _ _ _ _ _ _ _ _ _ _ _ _ _ _ _ _ _ _ _ _ _ _ _ _ _ _ _ 

torch = <module 'torch' from '/workspace/kit-work/venv-cu13/lib/python3.12/site-packages/torch/__init__.py'>
tid = 'K5-kproj', device = 'cuda'

    def load(torch, tid: str, device="cuda") -> dict:
        """trellis/suh/svh (+ mcg/mul1 flags) of one checkpoint tensor, from the model's index."""
        import json
    
        from safetensors import safe_open
    
        prefix = TENSORS[tid][0]
        wm = json.loads((MODEL / "model.safetensors.index.json").read_text())["weight_map"]
        out = {"mcg": f"{prefix}.mcg" in wm, "mul1": f"{prefix}.mul1" in wm}
        for t in ("trellis", "suh", "svh"):
            with safe_open(str(MODEL / wm[f"{prefix}.{t}"]), framework="pt") as f:
>               out[t] = f.get_tensor(f"{prefix}.{t}").to(device).contiguous()
                         ^^^^^^^^^^^^^^^^^^^^^^^^^^^^^^^^^^^^^^^^
E               torch.OutOfMemoryError: CUDA out of memory. Tried to allocate 20.00 MiB. GPU 0 has a total capacity of 7.66 GiB of which 597.75 MiB is free. Including non-PyTorch memory, this process has 6.46 GiB memory in use. 6.22 GiB allowed; Of the allocated memory 6.21 GiB is allocated by PyTorch, and 2.84 MiB is reserved by PyTorch but unallocated. If reserved but unallocated memory is large try setting PYTORCH_CUDA_ALLOC_CONF=expandable_segments:True to avoid fragmentation.  See documentation for Memory Management  (https://docs.pytorch.org/docs/stable/notes/cuda.html#optimizing-memory-usage-with-pytorch-cuda-alloc-conf)

tests/gpu/exl3_cases.py:84: OutOfMemoryError
________________________ test_deterministic[K4-lmhead] _________________________

ops = <module 'vllm_exl3_plugin.ops' from '/workspace/kit/plugin-exl3/vllm_exl3_plugin/ops.py'>
tid = 'K4-lmhead'

    @pytest.mark.parametrize("tid", MR_TIDS)
    def test_deterministic(ops, tid):
        import torch
    
>       w = weights(tid)
            ^^^^^^^^^^^^

tests/gpu/test_exl3_mr.py:192: 
_ _ _ _ _ _ _ _ _ _ _ _ _ _ _ _ _ _ _ _ _ _ _ _ _ _ _ _ _ _ _ _ _ _ _ _ _ _ _ _ 
tests/gpu/test_exl3_mr.py:69: in weights
    w = C.load(torch, tid)
        ^^^^^^^^^^^^^^^^^^
_ _ _ _ _ _ _ _ _ _ _ _ _ _ _ _ _ _ _ _ _ _ _ _ _ _ _ _ _ _ _ _ _ _ _ _ _ _ _ _ 

torch = <module 'torch' from '/workspace/kit-work/venv-cu13/lib/python3.12/site-packages/torch/__init__.py'>
tid = 'K4-lmhead', device = 'cuda'

    def load(torch, tid: str, device="cuda") -> dict:
        """trellis/suh/svh (+ mcg/mul1 flags) of one checkpoint tensor, from the model's index."""
        import json
    
        from safetensors import safe_open
    
        prefix = TENSORS[tid][0]
        wm = json.loads((MODEL / "model.safetensors.index.json").read_text())["weight_map"]
        out = {"mcg": f"{prefix}.mcg" in wm, "mul1": f"{prefix}.mul1" in wm}
        for t in ("trellis", "suh", "svh"):
            with safe_open(str(MODEL / wm[f"{prefix}.{t}"]), framework="pt") as f:
>               out[t] = f.get_tensor(f"{prefix}.{t}").to(device).contiguous()
                         ^^^^^^^^^^^^^^^^^^^^^^^^^^^^^^^^^^^^^^^^
E               torch.OutOfMemoryError: CUDA out of memory. Tried to allocate 608.00 MiB. GPU 0 has a total capacity of 7.66 GiB of which 597.75 MiB is free. Including non-PyTorch memory, this process has 6.46 GiB memory in use. 6.22 GiB allowed; Of the allocated memory 6.21 GiB is allocated by PyTorch, and 2.84 MiB is reserved by PyTorch but unallocated. If reserved but unallocated memory is large try setting PYTORCH_CUDA_ALLOC_CONF=expandable_segments:True to avoid fragmentation.  See documentation for Memory Management  (https://docs.pytorch.org/docs/stable/notes/cuda.html#optimizing-memory-usage-with-pytorch-cuda-alloc-conf)

tests/gpu/exl3_cases.py:84: OutOfMemoryError
__________________________ test_routing_mr1[K2-up-16] __________________________

ops = <module 'vllm_exl3_plugin.ops' from '/workspace/kit/plugin-exl3/vllm_exl3_plugin/ops.py'>
monkeypatch = <_pytest.monkeypatch.MonkeyPatch object at 0x7fd43bea3800>
tid = 'K2-up', m = 16

    @pytest.mark.parametrize("m", [16, 17, 48, 144])
    @pytest.mark.parametrize("tid", list(C.TENSORS))
    def test_routing_mr1(ops, monkeypatch, tid, m):
        """EXL3_MR=1: K3/K5 at 17..144 rows on exl3_gemm_mr, everything else bit-identical to the
        phase-1 route (K2 and K4 stay on exl3_gemm)."""
        import torch
    
        monkeypatch.setattr(ops, "MR_MODE", 1)
        monkeypatch.setattr(ops, "MULTI_ROW_OP", ops.MR_OP)
        monkeypatch.setattr(ops, "MULTI_ROW_MIN", 17)  # the 16/17 boundary (the default is 1)
>       w = weights(tid)
            ^^^^^^^^^^^^

tests/gpu/test_exl3_mr.py:208: 
_ _ _ _ _ _ _ _ _ _ _ _ _ _ _ _ _ _ _ _ _ _ _ _ _ _ _ _ _ _ _ _ _ _ _ _ _ _ _ _ 
tests/gpu/test_exl3_mr.py:69: in weights
    w = C.load(torch, tid)
        ^^^^^^^^^^^^^^^^^^
_ _ _ _ _ _ _ _ _ _ _ _ _ _ _ _ _ _ _ _ _ _ _ _ _ _ _ _ _ _ _ _ _ _ _ _ _ _ _ _ 

torch = <module 'torch' from '/workspace/kit-work/venv-cu13/lib/python3.12/site-packages/torch/__init__.py'>
tid = 'K2-up', device = 'cuda'

    def load(torch, tid: str, device="cuda") -> dict:
        """trellis/suh/svh (+ mcg/mul1 flags) of one checkpoint tensor, from the model's index."""
        import json
    
        from safetensors import safe_open
    
        prefix = TENSORS[tid][0]
        wm = json.loads((MODEL / "model.safetensors.index.json").read_text())["weight_map"]
        out = {"mcg": f"{prefix}.mcg" in wm, "mul1": f"{prefix}.mul1" in wm}
        for t in ("trellis", "suh", "svh"):
            with safe_open(str(MODEL / wm[f"{prefix}.{t}"]), framework="pt") as f:
>               out[t] = f.get_tensor(f"{prefix}.{t}").to(device).contiguous()
                         ^^^^^^^^^^^^^^^^^^^^^^^^^^^^^^^^^^^^^^^^
E               torch.OutOfMemoryError: CUDA out of memory. Tried to allocate 22.00 MiB. GPU 0 has a total capacity of 7.66 GiB of which 597.75 MiB is free. Including non-PyTorch memory, this process has 6.46 GiB memory in use. 6.22 GiB allowed; Of the allocated memory 6.21 GiB is allocated by PyTorch, and 2.84 MiB is reserved by PyTorch but unallocated. If reserved but unallocated memory is large try setting PYTORCH_CUDA_ALLOC_CONF=expandable_segments:True to avoid fragmentation.  See documentation for Memory Management  (https://docs.pytorch.org/docs/stable/notes/cuda.html#optimizing-memory-usage-with-pytorch-cuda-alloc-conf)

tests/gpu/exl3_cases.py:84: OutOfMemoryError
__________________________ test_routing_mr1[K2-up-17] __________________________

ops = <module 'vllm_exl3_plugin.ops' from '/workspace/kit/plugin-exl3/vllm_exl3_plugin/ops.py'>
monkeypatch = <_pytest.monkeypatch.MonkeyPatch object at 0x7fd43bea2f30>
tid = 'K2-up', m = 17

    @pytest.mark.parametrize("m", [16, 17, 48, 144])
    @pytest.mark.parametrize("tid", list(C.TENSORS))
    def test_routing_mr1(ops, monkeypatch, tid, m):
        """EXL3_MR=1: K3/K5 at 17..144 rows on exl3_gemm_mr, everything else bit-identical to the
        phase-1 route (K2 and K4 stay on exl3_gemm)."""
        import torch
    
        monkeypatch.setattr(ops, "MR_MODE", 1)
        monkeypatch.setattr(ops, "MULTI_ROW_OP", ops.MR_OP)
        monkeypatch.setattr(ops, "MULTI_ROW_MIN", 17)  # the 16/17 boundary (the default is 1)
>       w = weights(tid)
            ^^^^^^^^^^^^

tests/gpu/test_exl3_mr.py:208: 
_ _ _ _ _ _ _ _ _ _ _ _ _ _ _ _ _ _ _ _ _ _ _ _ _ _ _ _ _ _ _ _ _ _ _ _ _ _ _ _ 
tests/gpu/test_exl3_mr.py:69: in weights
    w = C.load(torch, tid)
        ^^^^^^^^^^^^^^^^^^
_ _ _ _ _ _ _ _ _ _ _ _ _ _ _ _ _ _ _ _ _ _ _ _ _ _ _ _ _ _ _ _ _ _ _ _ _ _ _ _ 

torch = <module 'torch' from '/workspace/kit-work/venv-cu13/lib/python3.12/site-packages/torch/__init__.py'>
tid = 'K2-up', device = 'cuda'

    def load(torch, tid: str, device="cuda") -> dict:
        """trellis/suh/svh (+ mcg/mul1 flags) of one checkpoint tensor, from the model's index."""
        import json
    
        from safetensors import safe_open
    
        prefix = TENSORS[tid][0]
        wm = json.loads((MODEL / "model.safetensors.index.json").read_text())["weight_map"]
        out = {"mcg": f"{prefix}.mcg" in wm, "mul1": f"{prefix}.mul1" in wm}
        for t in ("trellis", "suh", "svh"):
            with safe_open(str(MODEL / wm[f"{prefix}.{t}"]), framework="pt") as f:
>               out[t] = f.get_tensor(f"{prefix}.{t}").to(device).contiguous()
                         ^^^^^^^^^^^^^^^^^^^^^^^^^^^^^^^^^^^^^^^^
E               torch.OutOfMemoryError: CUDA out of memory. Tried to allocate 22.00 MiB. GPU 0 has a total capacity of 7.66 GiB of which 597.75 MiB is free. Including non-PyTorch memory, this process has 6.46 GiB memory in use. 6.22 GiB allowed; Of the allocated memory 6.21 GiB is allocated by PyTorch, and 2.84 MiB is reserved by PyTorch but unallocated. If reserved but unallocated memory is large try setting PYTORCH_CUDA_ALLOC_CONF=expandable_segments:True to avoid fragmentation.  See documentation for Memory Management  (https://docs.pytorch.org/docs/stable/notes/cuda.html#optimizing-memory-usage-with-pytorch-cuda-alloc-conf)

tests/gpu/exl3_cases.py:84: OutOfMemoryError
__________________________ test_routing_mr1[K2-up-48] __________________________

ops = <module 'vllm_exl3_plugin.ops' from '/workspace/kit/plugin-exl3/vllm_exl3_plugin/ops.py'>
monkeypatch = <_pytest.monkeypatch.MonkeyPatch object at 0x7fd43bea1cd0>
tid = 'K2-up', m = 48

    @pytest.mark.parametrize("m", [16, 17, 48, 144])
    @pytest.mark.parametrize("tid", list(C.TENSORS))
    def test_routing_mr1(ops, monkeypatch, tid, m):
        """EXL3_MR=1: K3/K5 at 17..144 rows on exl3_gemm_mr, everything else bit-identical to the
        phase-1 route (K2 and K4 stay on exl3_gemm)."""
        import torch
    
        monkeypatch.setattr(ops, "MR_MODE", 1)
        monkeypatch.setattr(ops, "MULTI_ROW_OP", ops.MR_OP)
        monkeypatch.setattr(ops, "MULTI_ROW_MIN", 17)  # the 16/17 boundary (the default is 1)
>       w = weights(tid)
            ^^^^^^^^^^^^

tests/gpu/test_exl3_mr.py:208: 
_ _ _ _ _ _ _ _ _ _ _ _ _ _ _ _ _ _ _ _ _ _ _ _ _ _ _ _ _ _ _ _ _ _ _ _ _ _ _ _ 
tests/gpu/test_exl3_mr.py:69: in weights
    w = C.load(torch, tid)
        ^^^^^^^^^^^^^^^^^^
_ _ _ _ _ _ _ _ _ _ _ _ _ _ _ _ _ _ _ _ _ _ _ _ _ _ _ _ _ _ _ _ _ _ _ _ _ _ _ _ 

torch = <module 'torch' from '/workspace/kit-work/venv-cu13/lib/python3.12/site-packages/torch/__init__.py'>
tid = 'K2-up', device = 'cuda'

    def load(torch, tid: str, device="cuda") -> dict:
        """trellis/suh/svh (+ mcg/mul1 flags) of one checkpoint tensor, from the model's index."""
        import json
    
        from safetensors import safe_open
    
        prefix = TENSORS[tid][0]
        wm = json.loads((MODEL / "model.safetensors.index.json").read_text())["weight_map"]
        out = {"mcg": f"{prefix}.mcg" in wm, "mul1": f"{prefix}.mul1" in wm}
        for t in ("trellis", "suh", "svh"):
            with safe_open(str(MODEL / wm[f"{prefix}.{t}"]), framework="pt") as f:
>               out[t] = f.get_tensor(f"{prefix}.{t}").to(device).contiguous()
                         ^^^^^^^^^^^^^^^^^^^^^^^^^^^^^^^^^^^^^^^^
E               torch.OutOfMemoryError: CUDA out of memory. Tried to allocate 22.00 MiB. GPU 0 has a total capacity of 7.66 GiB of which 597.75 MiB is free. Including non-PyTorch memory, this process has 6.46 GiB memory in use. 6.22 GiB allowed; Of the allocated memory 6.21 GiB is allocated by PyTorch, and 2.84 MiB is reserved by PyTorch but unallocated. If reserved but unallocated memory is large try setting PYTORCH_CUDA_ALLOC_CONF=expandable_segments:True to avoid fragmentation.  See documentation for Memory Management  (https://docs.pytorch.org/docs/stable/notes/cuda.html#optimizing-memory-usage-with-pytorch-cuda-alloc-conf)

tests/gpu/exl3_cases.py:84: OutOfMemoryError
_________________________ test_routing_mr1[K2-up-144] __________________________

ops = <module 'vllm_exl3_plugin.ops' from '/workspace/kit/plugin-exl3/vllm_exl3_plugin/ops.py'>
monkeypatch = <_pytest.monkeypatch.MonkeyPatch object at 0x7fd43bea2ea0>
tid = 'K2-up', m = 144

    @pytest.mark.parametrize("m", [16, 17, 48, 144])
    @pytest.mark.parametrize("tid", list(C.TENSORS))
    def test_routing_mr1(ops, monkeypatch, tid, m):
        """EXL3_MR=1: K3/K5 at 17..144 rows on exl3_gemm_mr, everything else bit-identical to the
        phase-1 route (K2 and K4 stay on exl3_gemm)."""
        import torch
    
        monkeypatch.setattr(ops, "MR_MODE", 1)
        monkeypatch.setattr(ops, "MULTI_ROW_OP", ops.MR_OP)
        monkeypatch.setattr(ops, "MULTI_ROW_MIN", 17)  # the 16/17 boundary (the default is 1)
>       w = weights(tid)
            ^^^^^^^^^^^^

tests/gpu/test_exl3_mr.py:208: 
_ _ _ _ _ _ _ _ _ _ _ _ _ _ _ _ _ _ _ _ _ _ _ _ _ _ _ _ _ _ _ _ _ _ _ _ _ _ _ _ 
tests/gpu/test_exl3_mr.py:69: in weights
    w = C.load(torch, tid)
        ^^^^^^^^^^^^^^^^^^
_ _ _ _ _ _ _ _ _ _ _ _ _ _ _ _ _ _ _ _ _ _ _ _ _ _ _ _ _ _ _ _ _ _ _ _ _ _ _ _ 

torch = <module 'torch' from '/workspace/kit-work/venv-cu13/lib/python3.12/site-packages/torch/__init__.py'>
tid = 'K2-up', device = 'cuda'

    def load(torch, tid: str, device="cuda") -> dict:
        """trellis/suh/svh (+ mcg/mul1 flags) of one checkpoint tensor, from the model's index."""
        import json
    
        from safetensors import safe_open
    
        prefix = TENSORS[tid][0]
        wm = json.loads((MODEL / "model.safetensors.index.json").read_text())["weight_map"]
        out = {"mcg": f"{prefix}.mcg" in wm, "mul1": f"{prefix}.mul1" in wm}
        for t in ("trellis", "suh", "svh"):
            with safe_open(str(MODEL / wm[f"{prefix}.{t}"]), framework="pt") as f:
>               out[t] = f.get_tensor(f"{prefix}.{t}").to(device).contiguous()
                         ^^^^^^^^^^^^^^^^^^^^^^^^^^^^^^^^^^^^^^^^
E               torch.OutOfMemoryError: CUDA out of memory. Tried to allocate 22.00 MiB. GPU 0 has a total capacity of 7.66 GiB of which 597.75 MiB is free. Including non-PyTorch memory, this process has 6.46 GiB memory in use. 6.22 GiB allowed; Of the allocated memory 6.21 GiB is allocated by PyTorch, and 2.84 MiB is reserved by PyTorch but unallocated. If reserved but unallocated memory is large try setting PYTORCH_CUDA_ALLOC_CONF=expandable_segments:True to avoid fragmentation.  See documentation for Memory Management  (https://docs.pytorch.org/docs/stable/notes/cuda.html#optimizing-memory-usage-with-pytorch-cuda-alloc-conf)

tests/gpu/exl3_cases.py:84: OutOfMemoryError
_________________________ test_routing_mr1[K3-down-16] _________________________

ops = <module 'vllm_exl3_plugin.ops' from '/workspace/kit/plugin-exl3/vllm_exl3_plugin/ops.py'>
monkeypatch = <_pytest.monkeypatch.MonkeyPatch object at 0x7fd43be22ea0>
tid = 'K3-down', m = 16

    @pytest.mark.parametrize("m", [16, 17, 48, 144])
    @pytest.mark.parametrize("tid", list(C.TENSORS))
    def test_routing_mr1(ops, monkeypatch, tid, m):
        """EXL3_MR=1: K3/K5 at 17..144 rows on exl3_gemm_mr, everything else bit-identical to the
        phase-1 route (K2 and K4 stay on exl3_gemm)."""
        import torch
    
        monkeypatch.setattr(ops, "MR_MODE", 1)
        monkeypatch.setattr(ops, "MULTI_ROW_OP", ops.MR_OP)
        monkeypatch.setattr(ops, "MULTI_ROW_MIN", 17)  # the 16/17 boundary (the default is 1)
>       w = weights(tid)
            ^^^^^^^^^^^^

tests/gpu/test_exl3_mr.py:208: 
_ _ _ _ _ _ _ _ _ _ _ _ _ _ _ _ _ _ _ _ _ _ _ _ _ _ _ _ _ _ _ _ _ _ _ _ _ _ _ _ 
tests/gpu/test_exl3_mr.py:69: in weights
    w = C.load(torch, tid)
        ^^^^^^^^^^^^^^^^^^
_ _ _ _ _ _ _ _ _ _ _ _ _ _ _ _ _ _ _ _ _ _ _ _ _ _ _ _ _ _ _ _ _ _ _ _ _ _ _ _ 

torch = <module 'torch' from '/workspace/kit-work/venv-cu13/lib/python3.12/site-packages/torch/__init__.py'>
tid = 'K3-down', device = 'cuda'

    def load(torch, tid: str, device="cuda") -> dict:
        """trellis/suh/svh (+ mcg/mul1 flags) of one checkpoint tensor, from the model's index."""
        import json
    
        from safetensors import safe_open
    
        prefix = TENSORS[tid][0]
        wm = json.loads((MODEL / "model.safetensors.index.json").read_text())["weight_map"]
        out = {"mcg": f"{prefix}.mcg" in wm, "mul1": f"{prefix}.mul1" in wm}
        for t in ("trellis", "suh", "svh"):
            with safe_open(str(MODEL / wm[f"{prefix}.{t}"]), framework="pt") as f:
>               out[t] = f.get_tensor(f"{prefix}.{t}").to(device).contiguous()
                         ^^^^^^^^^^^^^^^^^^^^^^^^^^^^^^^^^^^^^^^^
E               torch.OutOfMemoryError: CUDA out of memory. Tried to allocate 32.00 MiB. GPU 0 has a total capacity of 7.66 GiB of which 597.75 MiB is free. Including non-PyTorch memory, this process has 6.46 GiB memory in use. 6.22 GiB allowed; Of the allocated memory 6.21 GiB is allocated by PyTorch, and 2.84 MiB is reserved by PyTorch but unallocated. If reserved but unallocated memory is large try setting PYTORCH_CUDA_ALLOC_CONF=expandable_segments:True to avoid fragmentation.  See documentation for Memory Management  (https://docs.pytorch.org/docs/stable/notes/cuda.html#optimizing-memory-usage-with-pytorch-cuda-alloc-conf)

tests/gpu/exl3_cases.py:84: OutOfMemoryError
_________________________ test_routing_mr1[K3-down-17] _________________________

ops = <module 'vllm_exl3_plugin.ops' from '/workspace/kit/plugin-exl3/vllm_exl3_plugin/ops.py'>
monkeypatch = <_pytest.monkeypatch.MonkeyPatch object at 0x7fd43be236e0>
tid = 'K3-down', m = 17

    @pytest.mark.parametrize("m", [16, 17, 48, 144])
    @pytest.mark.parametrize("tid", list(C.TENSORS))
    def test_routing_mr1(ops, monkeypatch, tid, m):
        """EXL3_MR=1: K3/K5 at 17..144 rows on exl3_gemm_mr, everything else bit-identical to the
        phase-1 route (K2 and K4 stay on exl3_gemm)."""
        import torch
    
        monkeypatch.setattr(ops, "MR_MODE", 1)
        monkeypatch.setattr(ops, "MULTI_ROW_OP", ops.MR_OP)
        monkeypatch.setattr(ops, "MULTI_ROW_MIN", 17)  # the 16/17 boundary (the default is 1)
>       w = weights(tid)
            ^^^^^^^^^^^^

tests/gpu/test_exl3_mr.py:208: 
_ _ _ _ _ _ _ _ _ _ _ _ _ _ _ _ _ _ _ _ _ _ _ _ _ _ _ _ _ _ _ _ _ _ _ _ _ _ _ _ 
tests/gpu/test_exl3_mr.py:69: in weights
    w = C.load(torch, tid)
        ^^^^^^^^^^^^^^^^^^
_ _ _ _ _ _ _ _ _ _ _ _ _ _ _ _ _ _ _ _ _ _ _ _ _ _ _ _ _ _ _ _ _ _ _ _ _ _ _ _ 

torch = <module 'torch' from '/workspace/kit-work/venv-cu13/lib/python3.12/site-packages/torch/__init__.py'>
tid = 'K3-down', device = 'cuda'

    def load(torch, tid: str, device="cuda") -> dict:
        """trellis/suh/svh (+ mcg/mul1 flags) of one checkpoint tensor, from the model's index."""
        import json
    
        from safetensors import safe_open
    
        prefix = TENSORS[tid][0]
        wm = json.loads((MODEL / "model.safetensors.index.json").read_text())["weight_map"]
        out = {"mcg": f"{prefix}.mcg" in wm, "mul1": f"{prefix}.mul1" in wm}
        for t in ("trellis", "suh", "svh"):
            with safe_open(str(MODEL / wm[f"{prefix}.{t}"]), framework="pt") as f:
>               out[t] = f.get_tensor(f"{prefix}.{t}").to(device).contiguous()
                         ^^^^^^^^^^^^^^^^^^^^^^^^^^^^^^^^^^^^^^^^
E               torch.OutOfMemoryError: CUDA out of memory. Tried to allocate 32.00 MiB. GPU 0 has a total capacity of 7.66 GiB of which 597.75 MiB is free. Including non-PyTorch memory, this process has 6.46 GiB memory in use. 6.22 GiB allowed; Of the allocated memory 6.21 GiB is allocated by PyTorch, and 2.84 MiB is reserved by PyTorch but unallocated. If reserved but unallocated memory is large try setting PYTORCH_CUDA_ALLOC_CONF=expandable_segments:True to avoid fragmentation.  See documentation for Memory Management  (https://docs.pytorch.org/docs/stable/notes/cuda.html#optimizing-memory-usage-with-pytorch-cuda-alloc-conf)

tests/gpu/exl3_cases.py:84: OutOfMemoryError
_________________________ test_routing_mr1[K3-down-48] _________________________

ops = <module 'vllm_exl3_plugin.ops' from '/workspace/kit/plugin-exl3/vllm_exl3_plugin/ops.py'>
monkeypatch = <_pytest.monkeypatch.MonkeyPatch object at 0x7fd43be22d80>
tid = 'K3-down', m = 48

    @pytest.mark.parametrize("m", [16, 17, 48, 144])
    @pytest.mark.parametrize("tid", list(C.TENSORS))
    def test_routing_mr1(ops, monkeypatch, tid, m):
        """EXL3_MR=1: K3/K5 at 17..144 rows on exl3_gemm_mr, everything else bit-identical to the
        phase-1 route (K2 and K4 stay on exl3_gemm)."""
        import torch
    
        monkeypatch.setattr(ops, "MR_MODE", 1)
        monkeypatch.setattr(ops, "MULTI_ROW_OP", ops.MR_OP)
        monkeypatch.setattr(ops, "MULTI_ROW_MIN", 17)  # the 16/17 boundary (the default is 1)
>       w = weights(tid)
            ^^^^^^^^^^^^

tests/gpu/test_exl3_mr.py:208: 
_ _ _ _ _ _ _ _ _ _ _ _ _ _ _ _ _ _ _ _ _ _ _ _ _ _ _ _ _ _ _ _ _ _ _ _ _ _ _ _ 
tests/gpu/test_exl3_mr.py:69: in weights
    w = C.load(torch, tid)
        ^^^^^^^^^^^^^^^^^^
_ _ _ _ _ _ _ _ _ _ _ _ _ _ _ _ _ _ _ _ _ _ _ _ _ _ _ _ _ _ _ _ _ _ _ _ _ _ _ _ 

torch = <module 'torch' from '/workspace/kit-work/venv-cu13/lib/python3.12/site-packages/torch/__init__.py'>
tid = 'K3-down', device = 'cuda'

    def load(torch, tid: str, device="cuda") -> dict:
        """trellis/suh/svh (+ mcg/mul1 flags) of one checkpoint tensor, from the model's index."""
        import json
    
        from safetensors import safe_open
    
        prefix = TENSORS[tid][0]
        wm = json.loads((MODEL / "model.safetensors.index.json").read_text())["weight_map"]
        out = {"mcg": f"{prefix}.mcg" in wm, "mul1": f"{prefix}.mul1" in wm}
        for t in ("trellis", "suh", "svh"):
            with safe_open(str(MODEL / wm[f"{prefix}.{t}"]), framework="pt") as f:
>               out[t] = f.get_tensor(f"{prefix}.{t}").to(device).contiguous()
                         ^^^^^^^^^^^^^^^^^^^^^^^^^^^^^^^^^^^^^^^^
E               torch.OutOfMemoryError: CUDA out of memory. Tried to allocate 32.00 MiB. GPU 0 has a total capacity of 7.66 GiB of which 597.75 MiB is free. Including non-PyTorch memory, this process has 6.46 GiB memory in use. 6.22 GiB allowed; Of the allocated memory 6.21 GiB is allocated by PyTorch, and 2.84 MiB is reserved by PyTorch but unallocated. If reserved but unallocated memory is large try setting PYTORCH_CUDA_ALLOC_CONF=expandable_segments:True to avoid fragmentation.  See documentation for Memory Management  (https://docs.pytorch.org/docs/stable/notes/cuda.html#optimizing-memory-usage-with-pytorch-cuda-alloc-conf)

tests/gpu/exl3_cases.py:84: OutOfMemoryError
________________________ test_routing_mr1[K3-down-144] _________________________

ops = <module 'vllm_exl3_plugin.ops' from '/workspace/kit/plugin-exl3/vllm_exl3_plugin/ops.py'>
monkeypatch = <_pytest.monkeypatch.MonkeyPatch object at 0x7fd43be23f50>
tid = 'K3-down', m = 144

    @pytest.mark.parametrize("m", [16, 17, 48, 144])
    @pytest.mark.parametrize("tid", list(C.TENSORS))
    def test_routing_mr1(ops, monkeypatch, tid, m):
        """EXL3_MR=1: K3/K5 at 17..144 rows on exl3_gemm_mr, everything else bit-identical to the
        phase-1 route (K2 and K4 stay on exl3_gemm)."""
        import torch
    
        monkeypatch.setattr(ops, "MR_MODE", 1)
        monkeypatch.setattr(ops, "MULTI_ROW_OP", ops.MR_OP)
        monkeypatch.setattr(ops, "MULTI_ROW_MIN", 17)  # the 16/17 boundary (the default is 1)
>       w = weights(tid)
            ^^^^^^^^^^^^

tests/gpu/test_exl3_mr.py:208: 
_ _ _ _ _ _ _ _ _ _ _ _ _ _ _ _ _ _ _ _ _ _ _ _ _ _ _ _ _ _ _ _ _ _ _ _ _ _ _ _ 
tests/gpu/test_exl3_mr.py:69: in weights
    w = C.load(torch, tid)
        ^^^^^^^^^^^^^^^^^^
_ _ _ _ _ _ _ _ _ _ _ _ _ _ _ _ _ _ _ _ _ _ _ _ _ _ _ _ _ _ _ _ _ _ _ _ _ _ _ _ 

torch = <module 'torch' from '/workspace/kit-work/venv-cu13/lib/python3.12/site-packages/torch/__init__.py'>
tid = 'K3-down', device = 'cuda'

    def load(torch, tid: str, device="cuda") -> dict:
        """trellis/suh/svh (+ mcg/mul1 flags) of one checkpoint tensor, from the model's index."""
        import json
    
        from safetensors import safe_open
    
        prefix = TENSORS[tid][0]
        wm = json.loads((MODEL / "model.safetensors.index.json").read_text())["weight_map"]
        out = {"mcg": f"{prefix}.mcg" in wm, "mul1": f"{prefix}.mul1" in wm}
        for t in ("trellis", "suh", "svh"):
            with safe_open(str(MODEL / wm[f"{prefix}.{t}"]), framework="pt") as f:
>               out[t] = f.get_tensor(f"{prefix}.{t}").to(device).contiguous()
                         ^^^^^^^^^^^^^^^^^^^^^^^^^^^^^^^^^^^^^^^^
E               torch.OutOfMemoryError: CUDA out of memory. Tried to allocate 32.00 MiB. GPU 0 has a total capacity of 7.66 GiB of which 597.75 MiB is free. Including non-PyTorch memory, this process has 6.46 GiB memory in use. 6.22 GiB allowed; Of the allocated memory 6.21 GiB is allocated by PyTorch, and 2.84 MiB is reserved by PyTorch but unallocated. If reserved but unallocated memory is large try setting PYTORCH_CUDA_ALLOC_CONF=expandable_segments:True to avoid fragmentation.  See documentation for Memory Management  (https://docs.pytorch.org/docs/stable/notes/cuda.html#optimizing-memory-usage-with-pytorch-cuda-alloc-conf)

tests/gpu/exl3_cases.py:84: OutOfMemoryError
__________________________ test_routing_mr1[K3-up-16] __________________________

ops = <module 'vllm_exl3_plugin.ops' from '/workspace/kit/plugin-exl3/vllm_exl3_plugin/ops.py'>
monkeypatch = <_pytest.monkeypatch.MonkeyPatch object at 0x7fd43be22750>
tid = 'K3-up', m = 16

    @pytest.mark.parametrize("m", [16, 17, 48, 144])
    @pytest.mark.parametrize("tid", list(C.TENSORS))
    def test_routing_mr1(ops, monkeypatch, tid, m):
        """EXL3_MR=1: K3/K5 at 17..144 rows on exl3_gemm_mr, everything else bit-identical to the
        phase-1 route (K2 and K4 stay on exl3_gemm)."""
        import torch
    
        monkeypatch.setattr(ops, "MR_MODE", 1)
        monkeypatch.setattr(ops, "MULTI_ROW_OP", ops.MR_OP)
        monkeypatch.setattr(ops, "MULTI_ROW_MIN", 17)  # the 16/17 boundary (the default is 1)
>       w = weights(tid)
            ^^^^^^^^^^^^

tests/gpu/test_exl3_mr.py:208: 
_ _ _ _ _ _ _ _ _ _ _ _ _ _ _ _ _ _ _ _ _ _ _ _ _ _ _ _ _ _ _ _ _ _ _ _ _ _ _ _ 
tests/gpu/test_exl3_mr.py:69: in weights
    w = C.load(torch, tid)
        ^^^^^^^^^^^^^^^^^^
_ _ _ _ _ _ _ _ _ _ _ _ _ _ _ _ _ _ _ _ _ _ _ _ _ _ _ _ _ _ _ _ _ _ _ _ _ _ _ _ 

torch = <module 'torch' from '/workspace/kit-work/venv-cu13/lib/python3.12/site-packages/torch/__init__.py'>
tid = 'K3-up', device = 'cuda'

    def load(torch, tid: str, device="cuda") -> dict:
        """trellis/suh/svh (+ mcg/mul1 flags) of one checkpoint tensor, from the model's index."""
        import json
    
        from safetensors import safe_open
    
        prefix = TENSORS[tid][0]
        wm = json.loads((MODEL / "model.safetensors.index.json").read_text())["weight_map"]
        out = {"mcg": f"{prefix}.mcg" in wm, "mul1": f"{prefix}.mul1" in wm}
        for t in ("trellis", "suh", "svh"):
            with safe_open(str(MODEL / wm[f"{prefix}.{t}"]), framework="pt") as f:
>               out[t] = f.get_tensor(f"{prefix}.{t}").to(device).contiguous()
                         ^^^^^^^^^^^^^^^^^^^^^^^^^^^^^^^^^^^^^^^^
E               torch.OutOfMemoryError: CUDA out of memory. Tried to allocate 32.00 MiB. GPU 0 has a total capacity of 7.66 GiB of which 597.75 MiB is free. Including non-PyTorch memory, this process has 6.46 GiB memory in use. 6.22 GiB allowed; Of the allocated memory 6.21 GiB is allocated by PyTorch, and 2.84 MiB is reserved by PyTorch but unallocated. If reserved but unallocated memory is large try setting PYTORCH_CUDA_ALLOC_CONF=expandable_segments:True to avoid fragmentation.  See documentation for Memory Management  (https://docs.pytorch.org/docs/stable/notes/cuda.html#optimizing-memory-usage-with-pytorch-cuda-alloc-conf)

tests/gpu/exl3_cases.py:84: OutOfMemoryError
__________________________ test_routing_mr1[K3-up-17] __________________________

ops = <module 'vllm_exl3_plugin.ops' from '/workspace/kit/plugin-exl3/vllm_exl3_plugin/ops.py'>
monkeypatch = <_pytest.monkeypatch.MonkeyPatch object at 0x7fd43beee750>
tid = 'K3-up', m = 17

    @pytest.mark.parametrize("m", [16, 17, 48, 144])
    @pytest.mark.parametrize("tid", list(C.TENSORS))
    def test_routing_mr1(ops, monkeypatch, tid, m):
        """EXL3_MR=1: K3/K5 at 17..144 rows on exl3_gemm_mr, everything else bit-identical to the
        phase-1 route (K2 and K4 stay on exl3_gemm)."""
        import torch
    
        monkeypatch.setattr(ops, "MR_MODE", 1)
        monkeypatch.setattr(ops, "MULTI_ROW_OP", ops.MR_OP)
        monkeypatch.setattr(ops, "MULTI_ROW_MIN", 17)  # the 16/17 boundary (the default is 1)
>       w = weights(tid)
            ^^^^^^^^^^^^

tests/gpu/test_exl3_mr.py:208: 
_ _ _ _ _ _ _ _ _ _ _ _ _ _ _ _ _ _ _ _ _ _ _ _ _ _ _ _ _ _ _ _ _ _ _ _ _ _ _ _ 
tests/gpu/test_exl3_mr.py:69: in weights
    w = C.load(torch, tid)
        ^^^^^^^^^^^^^^^^^^
_ _ _ _ _ _ _ _ _ _ _ _ _ _ _ _ _ _ _ _ _ _ _ _ _ _ _ _ _ _ _ _ _ _ _ _ _ _ _ _ 

torch = <module 'torch' from '/workspace/kit-work/venv-cu13/lib/python3.12/site-packages/torch/__init__.py'>
tid = 'K3-up', device = 'cuda'

    def load(torch, tid: str, device="cuda") -> dict:
        """trellis/suh/svh (+ mcg/mul1 flags) of one checkpoint tensor, from the model's index."""
        import json
    
        from safetensors import safe_open
    
        prefix = TENSORS[tid][0]
        wm = json.loads((MODEL / "model.safetensors.index.json").read_text())["weight_map"]
        out = {"mcg": f"{prefix}.mcg" in wm, "mul1": f"{prefix}.mul1" in wm}
        for t in ("trellis", "suh", "svh"):
            with safe_open(str(MODEL / wm[f"{prefix}.{t}"]), framework="pt") as f:
>               out[t] = f.get_tensor(f"{prefix}.{t}").to(device).contiguous()
                         ^^^^^^^^^^^^^^^^^^^^^^^^^^^^^^^^^^^^^^^^
E               torch.OutOfMemoryError: CUDA out of memory. Tried to allocate 32.00 MiB. GPU 0 has a total capacity of 7.66 GiB of which 597.75 MiB is free. Including non-PyTorch memory, this process has 6.46 GiB memory in use. 6.22 GiB allowed; Of the allocated memory 6.21 GiB is allocated by PyTorch, and 2.84 MiB is reserved by PyTorch but unallocated. If reserved but unallocated memory is large try setting PYTORCH_CUDA_ALLOC_CONF=expandable_segments:True to avoid fragmentation.  See documentation for Memory Management  (https://docs.pytorch.org/docs/stable/notes/cuda.html#optimizing-memory-usage-with-pytorch-cuda-alloc-conf)

tests/gpu/exl3_cases.py:84: OutOfMemoryError
__________________________ test_routing_mr1[K3-up-48] __________________________

ops = <module 'vllm_exl3_plugin.ops' from '/workspace/kit/plugin-exl3/vllm_exl3_plugin/ops.py'>
monkeypatch = <_pytest.monkeypatch.MonkeyPatch object at 0x7fd43beef410>
tid = 'K3-up', m = 48

    @pytest.mark.parametrize("m", [16, 17, 48, 144])
    @pytest.mark.parametrize("tid", list(C.TENSORS))
    def test_routing_mr1(ops, monkeypatch, tid, m):
        """EXL3_MR=1: K3/K5 at 17..144 rows on exl3_gemm_mr, everything else bit-identical to the
        phase-1 route (K2 and K4 stay on exl3_gemm)."""
        import torch
    
        monkeypatch.setattr(ops, "MR_MODE", 1)
        monkeypatch.setattr(ops, "MULTI_ROW_OP", ops.MR_OP)
        monkeypatch.setattr(ops, "MULTI_ROW_MIN", 17)  # the 16/17 boundary (the default is 1)
>       w = weights(tid)
            ^^^^^^^^^^^^

tests/gpu/test_exl3_mr.py:208: 
_ _ _ _ _ _ _ _ _ _ _ _ _ _ _ _ _ _ _ _ _ _ _ _ _ _ _ _ _ _ _ _ _ _ _ _ _ _ _ _ 
tests/gpu/test_exl3_mr.py:69: in weights
    w = C.load(torch, tid)
        ^^^^^^^^^^^^^^^^^^
_ _ _ _ _ _ _ _ _ _ _ _ _ _ _ _ _ _ _ _ _ _ _ _ _ _ _ _ _ _ _ _ _ _ _ _ _ _ _ _ 

torch = <module 'torch' from '/workspace/kit-work/venv-cu13/lib/python3.12/site-packages/torch/__init__.py'>
tid = 'K3-up', device = 'cuda'

    def load(torch, tid: str, device="cuda") -> dict:
        """trellis/suh/svh (+ mcg/mul1 flags) of one checkpoint tensor, from the model's index."""
        import json
    
        from safetensors import safe_open
    
        prefix = TENSORS[tid][0]
        wm = json.loads((MODEL / "model.safetensors.index.json").read_text())["weight_map"]
        out = {"mcg": f"{prefix}.mcg" in wm, "mul1": f"{prefix}.mul1" in wm}
        for t in ("trellis", "suh", "svh"):
            with safe_open(str(MODEL / wm[f"{prefix}.{t}"]), framework="pt") as f:
>               out[t] = f.get_tensor(f"{prefix}.{t}").to(device).contiguous()
                         ^^^^^^^^^^^^^^^^^^^^^^^^^^^^^^^^^^^^^^^^
E               torch.OutOfMemoryError: CUDA out of memory. Tried to allocate 32.00 MiB. GPU 0 has a total capacity of 7.66 GiB of which 597.75 MiB is free. Including non-PyTorch memory, this process has 6.46 GiB memory in use. 6.22 GiB allowed; Of the allocated memory 6.21 GiB is allocated by PyTorch, and 2.84 MiB is reserved by PyTorch but unallocated. If reserved but unallocated memory is large try setting PYTORCH_CUDA_ALLOC_CONF=expandable_segments:True to avoid fragmentation.  See documentation for Memory Management  (https://docs.pytorch.org/docs/stable/notes/cuda.html#optimizing-memory-usage-with-pytorch-cuda-alloc-conf)

tests/gpu/exl3_cases.py:84: OutOfMemoryError
_________________________ test_routing_mr1[K3-up-144] __________________________

ops = <module 'vllm_exl3_plugin.ops' from '/workspace/kit/plugin-exl3/vllm_exl3_plugin/ops.py'>
monkeypatch = <_pytest.monkeypatch.MonkeyPatch object at 0x7fd43beee5d0>
tid = 'K3-up', m = 144

    @pytest.mark.parametrize("m", [16, 17, 48, 144])
    @pytest.mark.parametrize("tid", list(C.TENSORS))
    def test_routing_mr1(ops, monkeypatch, tid, m):
        """EXL3_MR=1: K3/K5 at 17..144 rows on exl3_gemm_mr, everything else bit-identical to the
        phase-1 route (K2 and K4 stay on exl3_gemm)."""
        import torch
    
        monkeypatch.setattr(ops, "MR_MODE", 1)
        monkeypatch.setattr(ops, "MULTI_ROW_OP", ops.MR_OP)
        monkeypatch.setattr(ops, "MULTI_ROW_MIN", 17)  # the 16/17 boundary (the default is 1)
>       w = weights(tid)
            ^^^^^^^^^^^^

tests/gpu/test_exl3_mr.py:208: 
_ _ _ _ _ _ _ _ _ _ _ _ _ _ _ _ _ _ _ _ _ _ _ _ _ _ _ _ _ _ _ _ _ _ _ _ _ _ _ _ 
tests/gpu/test_exl3_mr.py:69: in weights
    w = C.load(torch, tid)
        ^^^^^^^^^^^^^^^^^^
_ _ _ _ _ _ _ _ _ _ _ _ _ _ _ _ _ _ _ _ _ _ _ _ _ _ _ _ _ _ _ _ _ _ _ _ _ _ _ _ 

torch = <module 'torch' from '/workspace/kit-work/venv-cu13/lib/python3.12/site-packages/torch/__init__.py'>
tid = 'K3-up', device = 'cuda'

    def load(torch, tid: str, device="cuda") -> dict:
        """trellis/suh/svh (+ mcg/mul1 flags) of one checkpoint tensor, from the model's index."""
        import json
    
        from safetensors import safe_open
    
        prefix = TENSORS[tid][0]
        wm = json.loads((MODEL / "model.safetensors.index.json").read_text())["weight_map"]
        out = {"mcg": f"{prefix}.mcg" in wm, "mul1": f"{prefix}.mul1" in wm}
        for t in ("trellis", "suh", "svh"):
            with safe_open(str(MODEL / wm[f"{prefix}.{t}"]), framework="pt") as f:
>               out[t] = f.get_tensor(f"{prefix}.{t}").to(device).contiguous()
                         ^^^^^^^^^^^^^^^^^^^^^^^^^^^^^^^^^^^^^^^^
E               torch.OutOfMemoryError: CUDA out of memory. Tried to allocate 32.00 MiB. GPU 0 has a total capacity of 7.66 GiB of which 597.75 MiB is free. Including non-PyTorch memory, this process has 6.46 GiB memory in use. 6.22 GiB allowed; Of the allocated memory 6.21 GiB is allocated by PyTorch, and 2.84 MiB is reserved by PyTorch but unallocated. If reserved but unallocated memory is large try setting PYTORCH_CUDA_ALLOC_CONF=expandable_segments:True to avoid fragmentation.  See documentation for Memory Management  (https://docs.pytorch.org/docs/stable/notes/cuda.html#optimizing-memory-usage-with-pytorch-cuda-alloc-conf)

tests/gpu/exl3_cases.py:84: OutOfMemoryError
________________________ test_routing_mr1[K4-kproj-16] _________________________

ops = <module 'vllm_exl3_plugin.ops' from '/workspace/kit/plugin-exl3/vllm_exl3_plugin/ops.py'>
monkeypatch = <_pytest.monkeypatch.MonkeyPatch object at 0x7fd43beefbf0>
tid = 'K4-kproj', m = 16

    @pytest.mark.parametrize("m", [16, 17, 48, 144])
    @pytest.mark.parametrize("tid", list(C.TENSORS))
    def test_routing_mr1(ops, monkeypatch, tid, m):
        """EXL3_MR=1: K3/K5 at 17..144 rows on exl3_gemm_mr, everything else bit-identical to the
        phase-1 route (K2 and K4 stay on exl3_gemm)."""
        import torch
    
        monkeypatch.setattr(ops, "MR_MODE", 1)
        monkeypatch.setattr(ops, "MULTI_ROW_OP", ops.MR_OP)
        monkeypatch.setattr(ops, "MULTI_ROW_MIN", 17)  # the 16/17 boundary (the default is 1)
>       w = weights(tid)
            ^^^^^^^^^^^^

tests/gpu/test_exl3_mr.py:208: 
_ _ _ _ _ _ _ _ _ _ _ _ _ _ _ _ _ _ _ _ _ _ _ _ _ _ _ _ _ _ _ _ _ _ _ _ _ _ _ _ 
tests/gpu/test_exl3_mr.py:69: in weights
    w = C.load(torch, tid)
        ^^^^^^^^^^^^^^^^^^
_ _ _ _ _ _ _ _ _ _ _ _ _ _ _ _ _ _ _ _ _ _ _ _ _ _ _ _ _ _ _ _ _ _ _ _ _ _ _ _ 

torch = <module 'torch' from '/workspace/kit-work/venv-cu13/lib/python3.12/site-packages/torch/__init__.py'>
tid = 'K4-kproj', device = 'cuda'

    def load(torch, tid: str, device="cuda") -> dict:
        """trellis/suh/svh (+ mcg/mul1 flags) of one checkpoint tensor, from the model's index."""
        import json
    
        from safetensors import safe_open
    
        prefix = TENSORS[tid][0]
        wm = json.loads((MODEL / "model.safetensors.index.json").read_text())["weight_map"]
        out = {"mcg": f"{prefix}.mcg" in wm, "mul1": f"{prefix}.mul1" in wm}
        for t in ("trellis", "suh", "svh"):
            with safe_open(str(MODEL / wm[f"{prefix}.{t}"]), framework="pt") as f:
>               out[t] = f.get_tensor(f"{prefix}.{t}").to(device).contiguous()
                         ^^^^^^^^^^^^^^^^^^^^^^^^^^^^^^^^^^^^^^^^
E               torch.OutOfMemoryError: CUDA out of memory. Tried to allocate 20.00 MiB. GPU 0 has a total capacity of 7.66 GiB of which 597.75 MiB is free. Including non-PyTorch memory, this process has 6.46 GiB memory in use. 6.22 GiB allowed; Of the allocated memory 6.21 GiB is allocated by PyTorch, and 2.84 MiB is reserved by PyTorch but unallocated. If reserved but unallocated memory is large try setting PYTORCH_CUDA_ALLOC_CONF=expandable_segments:True to avoid fragmentation.  See documentation for Memory Management  (https://docs.pytorch.org/docs/stable/notes/cuda.html#optimizing-memory-usage-with-pytorch-cuda-alloc-conf)

tests/gpu/exl3_cases.py:84: OutOfMemoryError
________________________ test_routing_mr1[K4-kproj-17] _________________________

ops = <module 'vllm_exl3_plugin.ops' from '/workspace/kit/plugin-exl3/vllm_exl3_plugin/ops.py'>
monkeypatch = <_pytest.monkeypatch.MonkeyPatch object at 0x7fd43beee240>
tid = 'K4-kproj', m = 17

    @pytest.mark.parametrize("m", [16, 17, 48, 144])
    @pytest.mark.parametrize("tid", list(C.TENSORS))
    def test_routing_mr1(ops, monkeypatch, tid, m):
        """EXL3_MR=1: K3/K5 at 17..144 rows on exl3_gemm_mr, everything else bit-identical to the
        phase-1 route (K2 and K4 stay on exl3_gemm)."""
        import torch
    
        monkeypatch.setattr(ops, "MR_MODE", 1)
        monkeypatch.setattr(ops, "MULTI_ROW_OP", ops.MR_OP)
        monkeypatch.setattr(ops, "MULTI_ROW_MIN", 17)  # the 16/17 boundary (the default is 1)
>       w = weights(tid)
            ^^^^^^^^^^^^

tests/gpu/test_exl3_mr.py:208: 
_ _ _ _ _ _ _ _ _ _ _ _ _ _ _ _ _ _ _ _ _ _ _ _ _ _ _ _ _ _ _ _ _ _ _ _ _ _ _ _ 
tests/gpu/test_exl3_mr.py:69: in weights
    w = C.load(torch, tid)
        ^^^^^^^^^^^^^^^^^^
_ _ _ _ _ _ _ _ _ _ _ _ _ _ _ _ _ _ _ _ _ _ _ _ _ _ _ _ _ _ _ _ _ _ _ _ _ _ _ _ 

torch = <module 'torch' from '/workspace/kit-work/venv-cu13/lib/python3.12/site-packages/torch/__init__.py'>
tid = 'K4-kproj', device = 'cuda'

    def load(torch, tid: str, device="cuda") -> dict:
        """trellis/suh/svh (+ mcg/mul1 flags) of one checkpoint tensor, from the model's index."""
        import json
    
        from safetensors import safe_open
    
        prefix = TENSORS[tid][0]
        wm = json.loads((MODEL / "model.safetensors.index.json").read_text())["weight_map"]
        out = {"mcg": f"{prefix}.mcg" in wm, "mul1": f"{prefix}.mul1" in wm}
        for t in ("trellis", "suh", "svh"):
            with safe_open(str(MODEL / wm[f"{prefix}.{t}"]), framework="pt") as f:
>               out[t] = f.get_tensor(f"{prefix}.{t}").to(device).contiguous()
                         ^^^^^^^^^^^^^^^^^^^^^^^^^^^^^^^^^^^^^^^^
E               torch.OutOfMemoryError: CUDA out of memory. Tried to allocate 20.00 MiB. GPU 0 has a total capacity of 7.66 GiB of which 597.75 MiB is free. Including non-PyTorch memory, this process has 6.46 GiB memory in use. 6.22 GiB allowed; Of the allocated memory 6.21 GiB is allocated by PyTorch, and 2.84 MiB is reserved by PyTorch but unallocated. If reserved but unallocated memory is large try setting PYTORCH_CUDA_ALLOC_CONF=expandable_segments:True to avoid fragmentation.  See documentation for Memory Management  (https://docs.pytorch.org/docs/stable/notes/cuda.html#optimizing-memory-usage-with-pytorch-cuda-alloc-conf)

tests/gpu/exl3_cases.py:84: OutOfMemoryError
________________________ test_routing_mr1[K4-kproj-48] _________________________

ops = <module 'vllm_exl3_plugin.ops' from '/workspace/kit/plugin-exl3/vllm_exl3_plugin/ops.py'>
monkeypatch = <_pytest.monkeypatch.MonkeyPatch object at 0x7fd43bd203e0>
tid = 'K4-kproj', m = 48

    @pytest.mark.parametrize("m", [16, 17, 48, 144])
    @pytest.mark.parametrize("tid", list(C.TENSORS))
    def test_routing_mr1(ops, monkeypatch, tid, m):
        """EXL3_MR=1: K3/K5 at 17..144 rows on exl3_gemm_mr, everything else bit-identical to the
        phase-1 route (K2 and K4 stay on exl3_gemm)."""
        import torch
    
        monkeypatch.setattr(ops, "MR_MODE", 1)
        monkeypatch.setattr(ops, "MULTI_ROW_OP", ops.MR_OP)
        monkeypatch.setattr(ops, "MULTI_ROW_MIN", 17)  # the 16/17 boundary (the default is 1)
>       w = weights(tid)
            ^^^^^^^^^^^^

tests/gpu/test_exl3_mr.py:208: 
_ _ _ _ _ _ _ _ _ _ _ _ _ _ _ _ _ _ _ _ _ _ _ _ _ _ _ _ _ _ _ _ _ _ _ _ _ _ _ _ 
tests/gpu/test_exl3_mr.py:69: in weights
    w = C.load(torch, tid)
        ^^^^^^^^^^^^^^^^^^
_ _ _ _ _ _ _ _ _ _ _ _ _ _ _ _ _ _ _ _ _ _ _ _ _ _ _ _ _ _ _ _ _ _ _ _ _ _ _ _ 

torch = <module 'torch' from '/workspace/kit-work/venv-cu13/lib/python3.12/site-packages/torch/__init__.py'>
tid = 'K4-kproj', device = 'cuda'

    def load(torch, tid: str, device="cuda") -> dict:
        """trellis/suh/svh (+ mcg/mul1 flags) of one checkpoint tensor, from the model's index."""
        import json
    
        from safetensors import safe_open
    
        prefix = TENSORS[tid][0]
        wm = json.loads((MODEL / "model.safetensors.index.json").read_text())["weight_map"]
        out = {"mcg": f"{prefix}.mcg" in wm, "mul1": f"{prefix}.mul1" in wm}
        for t in ("trellis", "suh", "svh"):
            with safe_open(str(MODEL / wm[f"{prefix}.{t}"]), framework="pt") as f:
>               out[t] = f.get_tensor(f"{prefix}.{t}").to(device).contiguous()
                         ^^^^^^^^^^^^^^^^^^^^^^^^^^^^^^^^^^^^^^^^
E               torch.OutOfMemoryError: CUDA out of memory. Tried to allocate 20.00 MiB. GPU 0 has a total capacity of 7.66 GiB of which 597.75 MiB is free. Including non-PyTorch memory, this process has 6.46 GiB memory in use. 6.22 GiB allowed; Of the allocated memory 6.21 GiB is allocated by PyTorch, and 2.84 MiB is reserved by PyTorch but unallocated. If reserved but unallocated memory is large try setting PYTORCH_CUDA_ALLOC_CONF=expandable_segments:True to avoid fragmentation.  See documentation for Memory Management  (https://docs.pytorch.org/docs/stable/notes/cuda.html#optimizing-memory-usage-with-pytorch-cuda-alloc-conf)

tests/gpu/exl3_cases.py:84: OutOfMemoryError
________________________ test_routing_mr1[K4-kproj-144] ________________________

ops = <module 'vllm_exl3_plugin.ops' from '/workspace/kit/plugin-exl3/vllm_exl3_plugin/ops.py'>
monkeypatch = <_pytest.monkeypatch.MonkeyPatch object at 0x7fd43bd23230>
tid = 'K4-kproj', m = 144

    @pytest.mark.parametrize("m", [16, 17, 48, 144])
    @pytest.mark.parametrize("tid", list(C.TENSORS))
    def test_routing_mr1(ops, monkeypatch, tid, m):
        """EXL3_MR=1: K3/K5 at 17..144 rows on exl3_gemm_mr, everything else bit-identical to the
        phase-1 route (K2 and K4 stay on exl3_gemm)."""
        import torch
    
        monkeypatch.setattr(ops, "MR_MODE", 1)
        monkeypatch.setattr(ops, "MULTI_ROW_OP", ops.MR_OP)
        monkeypatch.setattr(ops, "MULTI_ROW_MIN", 17)  # the 16/17 boundary (the default is 1)
>       w = weights(tid)
            ^^^^^^^^^^^^

tests/gpu/test_exl3_mr.py:208: 
_ _ _ _ _ _ _ _ _ _ _ _ _ _ _ _ _ _ _ _ _ _ _ _ _ _ _ _ _ _ _ _ _ _ _ _ _ _ _ _ 
tests/gpu/test_exl3_mr.py:69: in weights
    w = C.load(torch, tid)
        ^^^^^^^^^^^^^^^^^^
_ _ _ _ _ _ _ _ _ _ _ _ _ _ _ _ _ _ _ _ _ _ _ _ _ _ _ _ _ _ _ _ _ _ _ _ _ _ _ _ 

torch = <module 'torch' from '/workspace/kit-work/venv-cu13/lib/python3.12/site-packages/torch/__init__.py'>
tid = 'K4-kproj', device = 'cuda'

    def load(torch, tid: str, device="cuda") -> dict:
        """trellis/suh/svh (+ mcg/mul1 flags) of one checkpoint tensor, from the model's index."""
        import json
    
        from safetensors import safe_open
    
        prefix = TENSORS[tid][0]
        wm = json.loads((MODEL / "model.safetensors.index.json").read_text())["weight_map"]
        out = {"mcg": f"{prefix}.mcg" in wm, "mul1": f"{prefix}.mul1" in wm}
        for t in ("trellis", "suh", "svh"):
            with safe_open(str(MODEL / wm[f"{prefix}.{t}"]), framework="pt") as f:
>               out[t] = f.get_tensor(f"{prefix}.{t}").to(device).contiguous()
                         ^^^^^^^^^^^^^^^^^^^^^^^^^^^^^^^^^^^^^^^^
E               torch.OutOfMemoryError: CUDA out of memory. Tried to allocate 20.00 MiB. GPU 0 has a total capacity of 7.66 GiB of which 597.75 MiB is free. Including non-PyTorch memory, this process has 6.46 GiB memory in use. 6.22 GiB allowed; Of the allocated memory 6.21 GiB is allocated by PyTorch, and 2.84 MiB is reserved by PyTorch but unallocated. If reserved but unallocated memory is large try setting PYTORCH_CUDA_ALLOC_CONF=expandable_segments:True to avoid fragmentation.  See documentation for Memory Management  (https://docs.pytorch.org/docs/stable/notes/cuda.html#optimizing-memory-usage-with-pytorch-cuda-alloc-conf)

tests/gpu/exl3_cases.py:84: OutOfMemoryError
________________________ test_routing_mr1[K4-mtp-up-16] ________________________

ops = <module 'vllm_exl3_plugin.ops' from '/workspace/kit/plugin-exl3/vllm_exl3_plugin/ops.py'>
monkeypatch = <_pytest.monkeypatch.MonkeyPatch object at 0x7fd43bd20500>
tid = 'K4-mtp-up', m = 16

    @pytest.mark.parametrize("m", [16, 17, 48, 144])
    @pytest.mark.parametrize("tid", list(C.TENSORS))
    def test_routing_mr1(ops, monkeypatch, tid, m):
        """EXL3_MR=1: K3/K5 at 17..144 rows on exl3_gemm_mr, everything else bit-identical to the
        phase-1 route (K2 and K4 stay on exl3_gemm)."""
        import torch
    
        monkeypatch.setattr(ops, "MR_MODE", 1)
        monkeypatch.setattr(ops, "MULTI_ROW_OP", ops.MR_OP)
        monkeypatch.setattr(ops, "MULTI_ROW_MIN", 17)  # the 16/17 boundary (the default is 1)
>       w = weights(tid)
            ^^^^^^^^^^^^

tests/gpu/test_exl3_mr.py:208: 
_ _ _ _ _ _ _ _ _ _ _ _ _ _ _ _ _ _ _ _ _ _ _ _ _ _ _ _ _ _ _ _ _ _ _ _ _ _ _ _ 
tests/gpu/test_exl3_mr.py:69: in weights
    w = C.load(torch, tid)
        ^^^^^^^^^^^^^^^^^^
_ _ _ _ _ _ _ _ _ _ _ _ _ _ _ _ _ _ _ _ _ _ _ _ _ _ _ _ _ _ _ _ _ _ _ _ _ _ _ _ 

torch = <module 'torch' from '/workspace/kit-work/venv-cu13/lib/python3.12/site-packages/torch/__init__.py'>
tid = 'K4-mtp-up', device = 'cuda'

    def load(torch, tid: str, device="cuda") -> dict:
        """trellis/suh/svh (+ mcg/mul1 flags) of one checkpoint tensor, from the model's index."""
        import json
    
        from safetensors import safe_open
    
        prefix = TENSORS[tid][0]
        wm = json.loads((MODEL / "model.safetensors.index.json").read_text())["weight_map"]
        out = {"mcg": f"{prefix}.mcg" in wm, "mul1": f"{prefix}.mul1" in wm}
        for t in ("trellis", "suh", "svh"):
            with safe_open(str(MODEL / wm[f"{prefix}.{t}"]), framework="pt") as f:
>               out[t] = f.get_tensor(f"{prefix}.{t}").to(device).contiguous()
                         ^^^^^^^^^^^^^^^^^^^^^^^^^^^^^^^^^^^^^^^^
E               torch.OutOfMemoryError: CUDA out of memory. Tried to allocate 44.00 MiB. GPU 0 has a total capacity of 7.66 GiB of which 597.75 MiB is free. Including non-PyTorch memory, this process has 6.46 GiB memory in use. 6.22 GiB allowed; Of the allocated memory 6.21 GiB is allocated by PyTorch, and 2.84 MiB is reserved by PyTorch but unallocated. If reserved but unallocated memory is large try setting PYTORCH_CUDA_ALLOC_CONF=expandable_segments:True to avoid fragmentation.  See documentation for Memory Management  (https://docs.pytorch.org/docs/stable/notes/cuda.html#optimizing-memory-usage-with-pytorch-cuda-alloc-conf)

tests/gpu/exl3_cases.py:84: OutOfMemoryError
________________________ test_routing_mr1[K4-mtp-up-17] ________________________

ops = <module 'vllm_exl3_plugin.ops' from '/workspace/kit/plugin-exl3/vllm_exl3_plugin/ops.py'>
monkeypatch = <_pytest.monkeypatch.MonkeyPatch object at 0x7fd43bd23800>
tid = 'K4-mtp-up', m = 17

    @pytest.mark.parametrize("m", [16, 17, 48, 144])
    @pytest.mark.parametrize("tid", list(C.TENSORS))
    def test_routing_mr1(ops, monkeypatch, tid, m):
        """EXL3_MR=1: K3/K5 at 17..144 rows on exl3_gemm_mr, everything else bit-identical to the
        phase-1 route (K2 and K4 stay on exl3_gemm)."""
        import torch
    
        monkeypatch.setattr(ops, "MR_MODE", 1)
        monkeypatch.setattr(ops, "MULTI_ROW_OP", ops.MR_OP)
        monkeypatch.setattr(ops, "MULTI_ROW_MIN", 17)  # the 16/17 boundary (the default is 1)
>       w = weights(tid)
            ^^^^^^^^^^^^

tests/gpu/test_exl3_mr.py:208: 
_ _ _ _ _ _ _ _ _ _ _ _ _ _ _ _ _ _ _ _ _ _ _ _ _ _ _ _ _ _ _ _ _ _ _ _ _ _ _ _ 
tests/gpu/test_exl3_mr.py:69: in weights
    w = C.load(torch, tid)
        ^^^^^^^^^^^^^^^^^^
_ _ _ _ _ _ _ _ _ _ _ _ _ _ _ _ _ _ _ _ _ _ _ _ _ _ _ _ _ _ _ _ _ _ _ _ _ _ _ _ 

torch = <module 'torch' from '/workspace/kit-work/venv-cu13/lib/python3.12/site-packages/torch/__init__.py'>
tid = 'K4-mtp-up', device = 'cuda'

    def load(torch, tid: str, device="cuda") -> dict:
        """trellis/suh/svh (+ mcg/mul1 flags) of one checkpoint tensor, from the model's index."""
        import json
    
        from safetensors import safe_open
    
        prefix = TENSORS[tid][0]
        wm = json.loads((MODEL / "model.safetensors.index.json").read_text())["weight_map"]
        out = {"mcg": f"{prefix}.mcg" in wm, "mul1": f"{prefix}.mul1" in wm}
        for t in ("trellis", "suh", "svh"):
            with safe_open(str(MODEL / wm[f"{prefix}.{t}"]), framework="pt") as f:
>               out[t] = f.get_tensor(f"{prefix}.{t}").to(device).contiguous()
                         ^^^^^^^^^^^^^^^^^^^^^^^^^^^^^^^^^^^^^^^^
E               torch.OutOfMemoryError: CUDA out of memory. Tried to allocate 44.00 MiB. GPU 0 has a total capacity of 7.66 GiB of which 597.75 MiB is free. Including non-PyTorch memory, this process has 6.46 GiB memory in use. 6.22 GiB allowed; Of the allocated memory 6.21 GiB is allocated by PyTorch, and 2.84 MiB is reserved by PyTorch but unallocated. If reserved but unallocated memory is large try setting PYTORCH_CUDA_ALLOC_CONF=expandable_segments:True to avoid fragmentation.  See documentation for Memory Management  (https://docs.pytorch.org/docs/stable/notes/cuda.html#optimizing-memory-usage-with-pytorch-cuda-alloc-conf)

tests/gpu/exl3_cases.py:84: OutOfMemoryError
________________________ test_routing_mr1[K4-mtp-up-48] ________________________

ops = <module 'vllm_exl3_plugin.ops' from '/workspace/kit/plugin-exl3/vllm_exl3_plugin/ops.py'>
monkeypatch = <_pytest.monkeypatch.MonkeyPatch object at 0x7fd43bd21be0>
tid = 'K4-mtp-up', m = 48

    @pytest.mark.parametrize("m", [16, 17, 48, 144])
    @pytest.mark.parametrize("tid", list(C.TENSORS))
    def test_routing_mr1(ops, monkeypatch, tid, m):
        """EXL3_MR=1: K3/K5 at 17..144 rows on exl3_gemm_mr, everything else bit-identical to the
        phase-1 route (K2 and K4 stay on exl3_gemm)."""
        import torch
    
        monkeypatch.setattr(ops, "MR_MODE", 1)
        monkeypatch.setattr(ops, "MULTI_ROW_OP", ops.MR_OP)
        monkeypatch.setattr(ops, "MULTI_ROW_MIN", 17)  # the 16/17 boundary (the default is 1)
>       w = weights(tid)
            ^^^^^^^^^^^^

tests/gpu/test_exl3_mr.py:208: 
_ _ _ _ _ _ _ _ _ _ _ _ _ _ _ _ _ _ _ _ _ _ _ _ _ _ _ _ _ _ _ _ _ _ _ _ _ _ _ _ 
tests/gpu/test_exl3_mr.py:69: in weights
    w = C.load(torch, tid)
        ^^^^^^^^^^^^^^^^^^
_ _ _ _ _ _ _ _ _ _ _ _ _ _ _ _ _ _ _ _ _ _ _ _ _ _ _ _ _ _ _ _ _ _ _ _ _ _ _ _ 

torch = <module 'torch' from '/workspace/kit-work/venv-cu13/lib/python3.12/site-packages/torch/__init__.py'>
tid = 'K4-mtp-up', device = 'cuda'

    def load(torch, tid: str, device="cuda") -> dict:
        """trellis/suh/svh (+ mcg/mul1 flags) of one checkpoint tensor, from the model's index."""
        import json
    
        from safetensors import safe_open
    
        prefix = TENSORS[tid][0]
        wm = json.loads((MODEL / "model.safetensors.index.json").read_text())["weight_map"]
        out = {"mcg": f"{prefix}.mcg" in wm, "mul1": f"{prefix}.mul1" in wm}
        for t in ("trellis", "suh", "svh"):
            with safe_open(str(MODEL / wm[f"{prefix}.{t}"]), framework="pt") as f:
>               out[t] = f.get_tensor(f"{prefix}.{t}").to(device).contiguous()
                         ^^^^^^^^^^^^^^^^^^^^^^^^^^^^^^^^^^^^^^^^
E               torch.OutOfMemoryError: CUDA out of memory. Tried to allocate 44.00 MiB. GPU 0 has a total capacity of 7.66 GiB of which 597.75 MiB is free. Including non-PyTorch memory, this process has 6.46 GiB memory in use. 6.22 GiB allowed; Of the allocated memory 6.21 GiB is allocated by PyTorch, and 2.84 MiB is reserved by PyTorch but unallocated. If reserved but unallocated memory is large try setting PYTORCH_CUDA_ALLOC_CONF=expandable_segments:True to avoid fragmentation.  See documentation for Memory Management  (https://docs.pytorch.org/docs/stable/notes/cuda.html#optimizing-memory-usage-with-pytorch-cuda-alloc-conf)

tests/gpu/exl3_cases.py:84: OutOfMemoryError
_______________________ test_routing_mr1[K4-mtp-up-144] ________________________

ops = <module 'vllm_exl3_plugin.ops' from '/workspace/kit/plugin-exl3/vllm_exl3_plugin/ops.py'>
monkeypatch = <_pytest.monkeypatch.MonkeyPatch object at 0x7fd43bd23c80>
tid = 'K4-mtp-up', m = 144

    @pytest.mark.parametrize("m", [16, 17, 48, 144])
    @pytest.mark.parametrize("tid", list(C.TENSORS))
    def test_routing_mr1(ops, monkeypatch, tid, m):
        """EXL3_MR=1: K3/K5 at 17..144 rows on exl3_gemm_mr, everything else bit-identical to the
        phase-1 route (K2 and K4 stay on exl3_gemm)."""
        import torch
    
        monkeypatch.setattr(ops, "MR_MODE", 1)
        monkeypatch.setattr(ops, "MULTI_ROW_OP", ops.MR_OP)
        monkeypatch.setattr(ops, "MULTI_ROW_MIN", 17)  # the 16/17 boundary (the default is 1)
>       w = weights(tid)
            ^^^^^^^^^^^^

tests/gpu/test_exl3_mr.py:208: 
_ _ _ _ _ _ _ _ _ _ _ _ _ _ _ _ _ _ _ _ _ _ _ _ _ _ _ _ _ _ _ _ _ _ _ _ _ _ _ _ 
tests/gpu/test_exl3_mr.py:69: in weights
    w = C.load(torch, tid)
        ^^^^^^^^^^^^^^^^^^
_ _ _ _ _ _ _ _ _ _ _ _ _ _ _ _ _ _ _ _ _ _ _ _ _ _ _ _ _ _ _ _ _ _ _ _ _ _ _ _ 

torch = <module 'torch' from '/workspace/kit-work/venv-cu13/lib/python3.12/site-packages/torch/__init__.py'>
tid = 'K4-mtp-up', device = 'cuda'

    def load(torch, tid: str, device="cuda") -> dict:
        """trellis/suh/svh (+ mcg/mul1 flags) of one checkpoint tensor, from the model's index."""
        import json
    
        from safetensors import safe_open
    
        prefix = TENSORS[tid][0]
        wm = json.loads((MODEL / "model.safetensors.index.json").read_text())["weight_map"]
        out = {"mcg": f"{prefix}.mcg" in wm, "mul1": f"{prefix}.mul1" in wm}
        for t in ("trellis", "suh", "svh"):
            with safe_open(str(MODEL / wm[f"{prefix}.{t}"]), framework="pt") as f:
>               out[t] = f.get_tensor(f"{prefix}.{t}").to(device).contiguous()
                         ^^^^^^^^^^^^^^^^^^^^^^^^^^^^^^^^^^^^^^^^
E               torch.OutOfMemoryError: CUDA out of memory. Tried to allocate 44.00 MiB. GPU 0 has a total capacity of 7.66 GiB of which 597.75 MiB is free. Including non-PyTorch memory, this process has 6.46 GiB memory in use. 6.22 GiB allowed; Of the allocated memory 6.21 GiB is allocated by PyTorch, and 2.84 MiB is reserved by PyTorch but unallocated. If reserved but unallocated memory is large try setting PYTORCH_CUDA_ALLOC_CONF=expandable_segments:True to avoid fragmentation.  See documentation for Memory Management  (https://docs.pytorch.org/docs/stable/notes/cuda.html#optimizing-memory-usage-with-pytorch-cuda-alloc-conf)

tests/gpu/exl3_cases.py:84: OutOfMemoryError
________________________ test_routing_mr1[K4-oproj-16] _________________________

ops = <module 'vllm_exl3_plugin.ops' from '/workspace/kit/plugin-exl3/vllm_exl3_plugin/ops.py'>
monkeypatch = <_pytest.monkeypatch.MonkeyPatch object at 0x7fd43bd6ef00>
tid = 'K4-oproj', m = 16

    @pytest.mark.parametrize("m", [16, 17, 48, 144])
    @pytest.mark.parametrize("tid", list(C.TENSORS))
    def test_routing_mr1(ops, monkeypatch, tid, m):
        """EXL3_MR=1: K3/K5 at 17..144 rows on exl3_gemm_mr, everything else bit-identical to the
        phase-1 route (K2 and K4 stay on exl3_gemm)."""
        import torch
    
        monkeypatch.setattr(ops, "MR_MODE", 1)
        monkeypatch.setattr(ops, "MULTI_ROW_OP", ops.MR_OP)
        monkeypatch.setattr(ops, "MULTI_ROW_MIN", 17)  # the 16/17 boundary (the default is 1)
>       w = weights(tid)
            ^^^^^^^^^^^^

tests/gpu/test_exl3_mr.py:208: 
_ _ _ _ _ _ _ _ _ _ _ _ _ _ _ _ _ _ _ _ _ _ _ _ _ _ _ _ _ _ _ _ _ _ _ _ _ _ _ _ 
tests/gpu/test_exl3_mr.py:69: in weights
    w = C.load(torch, tid)
        ^^^^^^^^^^^^^^^^^^
_ _ _ _ _ _ _ _ _ _ _ _ _ _ _ _ _ _ _ _ _ _ _ _ _ _ _ _ _ _ _ _ _ _ _ _ _ _ _ _ 

torch = <module 'torch' from '/workspace/kit-work/venv-cu13/lib/python3.12/site-packages/torch/__init__.py'>
tid = 'K4-oproj', device = 'cuda'

    def load(torch, tid: str, device="cuda") -> dict:
        """trellis/suh/svh (+ mcg/mul1 flags) of one checkpoint tensor, from the model's index."""
        import json
    
        from safetensors import safe_open
    
        prefix = TENSORS[tid][0]
        wm = json.loads((MODEL / "model.safetensors.index.json").read_text())["weight_map"]
        out = {"mcg": f"{prefix}.mcg" in wm, "mul1": f"{prefix}.mul1" in wm}
        for t in ("trellis", "suh", "svh"):
            with safe_open(str(MODEL / wm[f"{prefix}.{t}"]), framework="pt") as f:
>               out[t] = f.get_tensor(f"{prefix}.{t}").to(device).contiguous()
                         ^^^^^^^^^^^^^^^^^^^^^^^^^^^^^^^^^^^^^^^^
E               torch.OutOfMemoryError: CUDA out of memory. Tried to allocate 16.00 MiB. GPU 0 has a total capacity of 7.66 GiB of which 597.75 MiB is free. Including non-PyTorch memory, this process has 6.46 GiB memory in use. 6.22 GiB allowed; Of the allocated memory 6.21 GiB is allocated by PyTorch, and 2.84 MiB is reserved by PyTorch but unallocated. If reserved but unallocated memory is large try setting PYTORCH_CUDA_ALLOC_CONF=expandable_segments:True to avoid fragmentation.  See documentation for Memory Management  (https://docs.pytorch.org/docs/stable/notes/cuda.html#optimizing-memory-usage-with-pytorch-cuda-alloc-conf)

tests/gpu/exl3_cases.py:84: OutOfMemoryError
________________________ test_routing_mr1[K4-oproj-17] _________________________

ops = <module 'vllm_exl3_plugin.ops' from '/workspace/kit/plugin-exl3/vllm_exl3_plugin/ops.py'>
monkeypatch = <_pytest.monkeypatch.MonkeyPatch object at 0x7fd43bd6fd40>
tid = 'K4-oproj', m = 17

    @pytest.mark.parametrize("m", [16, 17, 48, 144])
    @pytest.mark.parametrize("tid", list(C.TENSORS))
    def test_routing_mr1(ops, monkeypatch, tid, m):
        """EXL3_MR=1: K3/K5 at 17..144 rows on exl3_gemm_mr, everything else bit-identical to the
        phase-1 route (K2 and K4 stay on exl3_gemm)."""
        import torch
    
        monkeypatch.setattr(ops, "MR_MODE", 1)
        monkeypatch.setattr(ops, "MULTI_ROW_OP", ops.MR_OP)
        monkeypatch.setattr(ops, "MULTI_ROW_MIN", 17)  # the 16/17 boundary (the default is 1)
>       w = weights(tid)
            ^^^^^^^^^^^^

tests/gpu/test_exl3_mr.py:208: 
_ _ _ _ _ _ _ _ _ _ _ _ _ _ _ _ _ _ _ _ _ _ _ _ _ _ _ _ _ _ _ _ _ _ _ _ _ _ _ _ 
tests/gpu/test_exl3_mr.py:69: in weights
    w = C.load(torch, tid)
        ^^^^^^^^^^^^^^^^^^
_ _ _ _ _ _ _ _ _ _ _ _ _ _ _ _ _ _ _ _ _ _ _ _ _ _ _ _ _ _ _ _ _ _ _ _ _ _ _ _ 

torch = <module 'torch' from '/workspace/kit-work/venv-cu13/lib/python3.12/site-packages/torch/__init__.py'>
tid = 'K4-oproj', device = 'cuda'

    def load(torch, tid: str, device="cuda") -> dict:
        """trellis/suh/svh (+ mcg/mul1 flags) of one checkpoint tensor, from the model's index."""
        import json
    
        from safetensors import safe_open
    
        prefix = TENSORS[tid][0]
        wm = json.loads((MODEL / "model.safetensors.index.json").read_text())["weight_map"]
        out = {"mcg": f"{prefix}.mcg" in wm, "mul1": f"{prefix}.mul1" in wm}
        for t in ("trellis", "suh", "svh"):
            with safe_open(str(MODEL / wm[f"{prefix}.{t}"]), framework="pt") as f:
>               out[t] = f.get_tensor(f"{prefix}.{t}").to(device).contiguous()
                         ^^^^^^^^^^^^^^^^^^^^^^^^^^^^^^^^^^^^^^^^
E               torch.OutOfMemoryError: CUDA out of memory. Tried to allocate 16.00 MiB. GPU 0 has a total capacity of 7.66 GiB of which 597.75 MiB is free. Including non-PyTorch memory, this process has 6.46 GiB memory in use. 6.22 GiB allowed; Of the allocated memory 6.21 GiB is allocated by PyTorch, and 2.84 MiB is reserved by PyTorch but unallocated. If reserved but unallocated memory is large try setting PYTORCH_CUDA_ALLOC_CONF=expandable_segments:True to avoid fragmentation.  See documentation for Memory Management  (https://docs.pytorch.org/docs/stable/notes/cuda.html#optimizing-memory-usage-with-pytorch-cuda-alloc-conf)

tests/gpu/exl3_cases.py:84: OutOfMemoryError
________________________ test_routing_mr1[K4-oproj-48] _________________________

ops = <module 'vllm_exl3_plugin.ops' from '/workspace/kit/plugin-exl3/vllm_exl3_plugin/ops.py'>
monkeypatch = <_pytest.monkeypatch.MonkeyPatch object at 0x7fd43bd6f2f0>
tid = 'K4-oproj', m = 48

    @pytest.mark.parametrize("m", [16, 17, 48, 144])
    @pytest.mark.parametrize("tid", list(C.TENSORS))
    def test_routing_mr1(ops, monkeypatch, tid, m):
        """EXL3_MR=1: K3/K5 at 17..144 rows on exl3_gemm_mr, everything else bit-identical to the
        phase-1 route (K2 and K4 stay on exl3_gemm)."""
        import torch
    
        monkeypatch.setattr(ops, "MR_MODE", 1)
        monkeypatch.setattr(ops, "MULTI_ROW_OP", ops.MR_OP)
        monkeypatch.setattr(ops, "MULTI_ROW_MIN", 17)  # the 16/17 boundary (the default is 1)
>       w = weights(tid)
            ^^^^^^^^^^^^

tests/gpu/test_exl3_mr.py:208: 
_ _ _ _ _ _ _ _ _ _ _ _ _ _ _ _ _ _ _ _ _ _ _ _ _ _ _ _ _ _ _ _ _ _ _ _ _ _ _ _ 
tests/gpu/test_exl3_mr.py:69: in weights
    w = C.load(torch, tid)
        ^^^^^^^^^^^^^^^^^^
_ _ _ _ _ _ _ _ _ _ _ _ _ _ _ _ _ _ _ _ _ _ _ _ _ _ _ _ _ _ _ _ _ _ _ _ _ _ _ _ 

torch = <module 'torch' from '/workspace/kit-work/venv-cu13/lib/python3.12/site-packages/torch/__init__.py'>
tid = 'K4-oproj', device = 'cuda'

    def load(torch, tid: str, device="cuda") -> dict:
        """trellis/suh/svh (+ mcg/mul1 flags) of one checkpoint tensor, from the model's index."""
        import json
    
        from safetensors import safe_open
    
        prefix = TENSORS[tid][0]
        wm = json.loads((MODEL / "model.safetensors.index.json").read_text())["weight_map"]
        out = {"mcg": f"{prefix}.mcg" in wm, "mul1": f"{prefix}.mul1" in wm}
        for t in ("trellis", "suh", "svh"):
            with safe_open(str(MODEL / wm[f"{prefix}.{t}"]), framework="pt") as f:
>               out[t] = f.get_tensor(f"{prefix}.{t}").to(device).contiguous()
                         ^^^^^^^^^^^^^^^^^^^^^^^^^^^^^^^^^^^^^^^^
E               torch.OutOfMemoryError: CUDA out of memory. Tried to allocate 16.00 MiB. GPU 0 has a total capacity of 7.66 GiB of which 597.75 MiB is free. Including non-PyTorch memory, this process has 6.46 GiB memory in use. 6.22 GiB allowed; Of the allocated memory 6.21 GiB is allocated by PyTorch, and 2.84 MiB is reserved by PyTorch but unallocated. If reserved but unallocated memory is large try setting PYTORCH_CUDA_ALLOC_CONF=expandable_segments:True to avoid fragmentation.  See documentation for Memory Management  (https://docs.pytorch.org/docs/stable/notes/cuda.html#optimizing-memory-usage-with-pytorch-cuda-alloc-conf)

tests/gpu/exl3_cases.py:84: OutOfMemoryError
________________________ test_routing_mr1[K4-oproj-144] ________________________

ops = <module 'vllm_exl3_plugin.ops' from '/workspace/kit/plugin-exl3/vllm_exl3_plugin/ops.py'>
monkeypatch = <_pytest.monkeypatch.MonkeyPatch object at 0x7fd43bd6d910>
tid = 'K4-oproj', m = 144

    @pytest.mark.parametrize("m", [16, 17, 48, 144])
    @pytest.mark.parametrize("tid", list(C.TENSORS))
    def test_routing_mr1(ops, monkeypatch, tid, m):
        """EXL3_MR=1: K3/K5 at 17..144 rows on exl3_gemm_mr, everything else bit-identical to the
        phase-1 route (K2 and K4 stay on exl3_gemm)."""
        import torch
    
        monkeypatch.setattr(ops, "MR_MODE", 1)
        monkeypatch.setattr(ops, "MULTI_ROW_OP", ops.MR_OP)
        monkeypatch.setattr(ops, "MULTI_ROW_MIN", 17)  # the 16/17 boundary (the default is 1)
>       w = weights(tid)
            ^^^^^^^^^^^^

tests/gpu/test_exl3_mr.py:208: 
_ _ _ _ _ _ _ _ _ _ _ _ _ _ _ _ _ _ _ _ _ _ _ _ _ _ _ _ _ _ _ _ _ _ _ _ _ _ _ _ 
tests/gpu/test_exl3_mr.py:69: in weights
    w = C.load(torch, tid)
        ^^^^^^^^^^^^^^^^^^
_ _ _ _ _ _ _ _ _ _ _ _ _ _ _ _ _ _ _ _ _ _ _ _ _ _ _ _ _ _ _ _ _ _ _ _ _ _ _ _ 

torch = <module 'torch' from '/workspace/kit-work/venv-cu13/lib/python3.12/site-packages/torch/__init__.py'>
tid = 'K4-oproj', device = 'cuda'

    def load(torch, tid: str, device="cuda") -> dict:
        """trellis/suh/svh (+ mcg/mul1 flags) of one checkpoint tensor, from the model's index."""
        import json
    
        from safetensors import safe_open
    
        prefix = TENSORS[tid][0]
        wm = json.loads((MODEL / "model.safetensors.index.json").read_text())["weight_map"]
        out = {"mcg": f"{prefix}.mcg" in wm, "mul1": f"{prefix}.mul1" in wm}
        for t in ("trellis", "suh", "svh"):
            with safe_open(str(MODEL / wm[f"{prefix}.{t}"]), framework="pt") as f:
>               out[t] = f.get_tensor(f"{prefix}.{t}").to(device).contiguous()
                         ^^^^^^^^^^^^^^^^^^^^^^^^^^^^^^^^^^^^^^^^
E               torch.OutOfMemoryError: CUDA out of memory. Tried to allocate 16.00 MiB. GPU 0 has a total capacity of 7.66 GiB of which 597.75 MiB is free. Including non-PyTorch memory, this process has 6.46 GiB memory in use. 6.22 GiB allowed; Of the allocated memory 6.21 GiB is allocated by PyTorch, and 2.84 MiB is reserved by PyTorch but unallocated. If reserved but unallocated memory is large try setting PYTORCH_CUDA_ALLOC_CONF=expandable_segments:True to avoid fragmentation.  See documentation for Memory Management  (https://docs.pytorch.org/docs/stable/notes/cuda.html#optimizing-memory-usage-with-pytorch-cuda-alloc-conf)

tests/gpu/exl3_cases.py:84: OutOfMemoryError
________________________ test_routing_mr1[K5-kproj-16] _________________________

ops = <module 'vllm_exl3_plugin.ops' from '/workspace/kit/plugin-exl3/vllm_exl3_plugin/ops.py'>
monkeypatch = <_pytest.monkeypatch.MonkeyPatch object at 0x7fd43bd6f590>
tid = 'K5-kproj', m = 16

    @pytest.mark.parametrize("m", [16, 17, 48, 144])
    @pytest.mark.parametrize("tid", list(C.TENSORS))
    def test_routing_mr1(ops, monkeypatch, tid, m):
        """EXL3_MR=1: K3/K5 at 17..144 rows on exl3_gemm_mr, everything else bit-identical to the
        phase-1 route (K2 and K4 stay on exl3_gemm)."""
        import torch
    
        monkeypatch.setattr(ops, "MR_MODE", 1)
        monkeypatch.setattr(ops, "MULTI_ROW_OP", ops.MR_OP)
        monkeypatch.setattr(ops, "MULTI_ROW_MIN", 17)  # the 16/17 boundary (the default is 1)
>       w = weights(tid)
            ^^^^^^^^^^^^

tests/gpu/test_exl3_mr.py:208: 
_ _ _ _ _ _ _ _ _ _ _ _ _ _ _ _ _ _ _ _ _ _ _ _ _ _ _ _ _ _ _ _ _ _ _ _ _ _ _ _ 
tests/gpu/test_exl3_mr.py:69: in weights
    w = C.load(torch, tid)
        ^^^^^^^^^^^^^^^^^^
_ _ _ _ _ _ _ _ _ _ _ _ _ _ _ _ _ _ _ _ _ _ _ _ _ _ _ _ _ _ _ _ _ _ _ _ _ _ _ _ 

torch = <module 'torch' from '/workspace/kit-work/venv-cu13/lib/python3.12/site-packages/torch/__init__.py'>
tid = 'K5-kproj', device = 'cuda'

    def load(torch, tid: str, device="cuda") -> dict:
        """trellis/suh/svh (+ mcg/mul1 flags) of one checkpoint tensor, from the model's index."""
        import json
    
        from safetensors import safe_open
    
        prefix = TENSORS[tid][0]
        wm = json.loads((MODEL / "model.safetensors.index.json").read_text())["weight_map"]
        out = {"mcg": f"{prefix}.mcg" in wm, "mul1": f"{prefix}.mul1" in wm}
        for t in ("trellis", "suh", "svh"):
            with safe_open(str(MODEL / wm[f"{prefix}.{t}"]), framework="pt") as f:
>               out[t] = f.get_tensor(f"{prefix}.{t}").to(device).contiguous()
                         ^^^^^^^^^^^^^^^^^^^^^^^^^^^^^^^^^^^^^^^^
E               torch.OutOfMemoryError: CUDA out of memory. Tried to allocate 20.00 MiB. GPU 0 has a total capacity of 7.66 GiB of which 597.75 MiB is free. Including non-PyTorch memory, this process has 6.46 GiB memory in use. 6.22 GiB allowed; Of the allocated memory 6.21 GiB is allocated by PyTorch, and 2.84 MiB is reserved by PyTorch but unallocated. If reserved but unallocated memory is large try setting PYTORCH_CUDA_ALLOC_CONF=expandable_segments:True to avoid fragmentation.  See documentation for Memory Management  (https://docs.pytorch.org/docs/stable/notes/cuda.html#optimizing-memory-usage-with-pytorch-cuda-alloc-conf)

tests/gpu/exl3_cases.py:84: OutOfMemoryError
________________________ test_routing_mr1[K5-kproj-17] _________________________

ops = <module 'vllm_exl3_plugin.ops' from '/workspace/kit/plugin-exl3/vllm_exl3_plugin/ops.py'>
monkeypatch = <_pytest.monkeypatch.MonkeyPatch object at 0x7fd43bdfef30>
tid = 'K5-kproj', m = 17

    @pytest.mark.parametrize("m", [16, 17, 48, 144])
    @pytest.mark.parametrize("tid", list(C.TENSORS))
    def test_routing_mr1(ops, monkeypatch, tid, m):
        """EXL3_MR=1: K3/K5 at 17..144 rows on exl3_gemm_mr, everything else bit-identical to the
        phase-1 route (K2 and K4 stay on exl3_gemm)."""
        import torch
    
        monkeypatch.setattr(ops, "MR_MODE", 1)
        monkeypatch.setattr(ops, "MULTI_ROW_OP", ops.MR_OP)
        monkeypatch.setattr(ops, "MULTI_ROW_MIN", 17)  # the 16/17 boundary (the default is 1)
>       w = weights(tid)
            ^^^^^^^^^^^^

tests/gpu/test_exl3_mr.py:208: 
_ _ _ _ _ _ _ _ _ _ _ _ _ _ _ _ _ _ _ _ _ _ _ _ _ _ _ _ _ _ _ _ _ _ _ _ _ _ _ _ 
tests/gpu/test_exl3_mr.py:69: in weights
    w = C.load(torch, tid)
        ^^^^^^^^^^^^^^^^^^
_ _ _ _ _ _ _ _ _ _ _ _ _ _ _ _ _ _ _ _ _ _ _ _ _ _ _ _ _ _ _ _ _ _ _ _ _ _ _ _ 

torch = <module 'torch' from '/workspace/kit-work/venv-cu13/lib/python3.12/site-packages/torch/__init__.py'>
tid = 'K5-kproj', device = 'cuda'

    def load(torch, tid: str, device="cuda") -> dict:
        """trellis/suh/svh (+ mcg/mul1 flags) of one checkpoint tensor, from the model's index."""
        import json
    
        from safetensors import safe_open
    
        prefix = TENSORS[tid][0]
        wm = json.loads((MODEL / "model.safetensors.index.json").read_text())["weight_map"]
        out = {"mcg": f"{prefix}.mcg" in wm, "mul1": f"{prefix}.mul1" in wm}
        for t in ("trellis", "suh", "svh"):
            with safe_open(str(MODEL / wm[f"{prefix}.{t}"]), framework="pt") as f:
>               out[t] = f.get_tensor(f"{prefix}.{t}").to(device).contiguous()
                         ^^^^^^^^^^^^^^^^^^^^^^^^^^^^^^^^^^^^^^^^
E               torch.OutOfMemoryError: CUDA out of memory. Tried to allocate 20.00 MiB. GPU 0 has a total capacity of 7.66 GiB of which 597.75 MiB is free. Including non-PyTorch memory, this process has 6.46 GiB memory in use. 6.22 GiB allowed; Of the allocated memory 6.21 GiB is allocated by PyTorch, and 2.84 MiB is reserved by PyTorch but unallocated. If reserved but unallocated memory is large try setting PYTORCH_CUDA_ALLOC_CONF=expandable_segments:True to avoid fragmentation.  See documentation for Memory Management  (https://docs.pytorch.org/docs/stable/notes/cuda.html#optimizing-memory-usage-with-pytorch-cuda-alloc-conf)

tests/gpu/exl3_cases.py:84: OutOfMemoryError
________________________ test_routing_mr1[K5-kproj-48] _________________________

ops = <module 'vllm_exl3_plugin.ops' from '/workspace/kit/plugin-exl3/vllm_exl3_plugin/ops.py'>
monkeypatch = <_pytest.monkeypatch.MonkeyPatch object at 0x7fd43bdffaa0>
tid = 'K5-kproj', m = 48

    @pytest.mark.parametrize("m", [16, 17, 48, 144])
    @pytest.mark.parametrize("tid", list(C.TENSORS))
    def test_routing_mr1(ops, monkeypatch, tid, m):
        """EXL3_MR=1: K3/K5 at 17..144 rows on exl3_gemm_mr, everything else bit-identical to the
        phase-1 route (K2 and K4 stay on exl3_gemm)."""
        import torch
    
        monkeypatch.setattr(ops, "MR_MODE", 1)
        monkeypatch.setattr(ops, "MULTI_ROW_OP", ops.MR_OP)
        monkeypatch.setattr(ops, "MULTI_ROW_MIN", 17)  # the 16/17 boundary (the default is 1)
>       w = weights(tid)
            ^^^^^^^^^^^^

tests/gpu/test_exl3_mr.py:208: 
_ _ _ _ _ _ _ _ _ _ _ _ _ _ _ _ _ _ _ _ _ _ _ _ _ _ _ _ _ _ _ _ _ _ _ _ _ _ _ _ 
tests/gpu/test_exl3_mr.py:69: in weights
    w = C.load(torch, tid)
        ^^^^^^^^^^^^^^^^^^
_ _ _ _ _ _ _ _ _ _ _ _ _ _ _ _ _ _ _ _ _ _ _ _ _ _ _ _ _ _ _ _ _ _ _ _ _ _ _ _ 

torch = <module 'torch' from '/workspace/kit-work/venv-cu13/lib/python3.12/site-packages/torch/__init__.py'>
tid = 'K5-kproj', device = 'cuda'

    def load(torch, tid: str, device="cuda") -> dict:
        """trellis/suh/svh (+ mcg/mul1 flags) of one checkpoint tensor, from the model's index."""
        import json
    
        from safetensors import safe_open
    
        prefix = TENSORS[tid][0]
        wm = json.loads((MODEL / "model.safetensors.index.json").read_text())["weight_map"]
        out = {"mcg": f"{prefix}.mcg" in wm, "mul1": f"{prefix}.mul1" in wm}
        for t in ("trellis", "suh", "svh"):
            with safe_open(str(MODEL / wm[f"{prefix}.{t}"]), framework="pt") as f:
>               out[t] = f.get_tensor(f"{prefix}.{t}").to(device).contiguous()
                         ^^^^^^^^^^^^^^^^^^^^^^^^^^^^^^^^^^^^^^^^
E               torch.OutOfMemoryError: CUDA out of memory. Tried to allocate 20.00 MiB. GPU 0 has a total capacity of 7.66 GiB of which 597.75 MiB is free. Including non-PyTorch memory, this process has 6.46 GiB memory in use. 6.22 GiB allowed; Of the allocated memory 6.21 GiB is allocated by PyTorch, and 2.84 MiB is reserved by PyTorch but unallocated. If reserved but unallocated memory is large try setting PYTORCH_CUDA_ALLOC_CONF=expandable_segments:True to avoid fragmentation.  See documentation for Memory Management  (https://docs.pytorch.org/docs/stable/notes/cuda.html#optimizing-memory-usage-with-pytorch-cuda-alloc-conf)

tests/gpu/exl3_cases.py:84: OutOfMemoryError
________________________ test_routing_mr1[K5-kproj-144] ________________________

ops = <module 'vllm_exl3_plugin.ops' from '/workspace/kit/plugin-exl3/vllm_exl3_plugin/ops.py'>
monkeypatch = <_pytest.monkeypatch.MonkeyPatch object at 0x7fd43bdff1a0>
tid = 'K5-kproj', m = 144

    @pytest.mark.parametrize("m", [16, 17, 48, 144])
    @pytest.mark.parametrize("tid", list(C.TENSORS))
    def test_routing_mr1(ops, monkeypatch, tid, m):
        """EXL3_MR=1: K3/K5 at 17..144 rows on exl3_gemm_mr, everything else bit-identical to the
        phase-1 route (K2 and K4 stay on exl3_gemm)."""
        import torch
    
        monkeypatch.setattr(ops, "MR_MODE", 1)
        monkeypatch.setattr(ops, "MULTI_ROW_OP", ops.MR_OP)
        monkeypatch.setattr(ops, "MULTI_ROW_MIN", 17)  # the 16/17 boundary (the default is 1)
>       w = weights(tid)
            ^^^^^^^^^^^^

tests/gpu/test_exl3_mr.py:208: 
_ _ _ _ _ _ _ _ _ _ _ _ _ _ _ _ _ _ _ _ _ _ _ _ _ _ _ _ _ _ _ _ _ _ _ _ _ _ _ _ 
tests/gpu/test_exl3_mr.py:69: in weights
    w = C.load(torch, tid)
        ^^^^^^^^^^^^^^^^^^
_ _ _ _ _ _ _ _ _ _ _ _ _ _ _ _ _ _ _ _ _ _ _ _ _ _ _ _ _ _ _ _ _ _ _ _ _ _ _ _ 

torch = <module 'torch' from '/workspace/kit-work/venv-cu13/lib/python3.12/site-packages/torch/__init__.py'>
tid = 'K5-kproj', device = 'cuda'

    def load(torch, tid: str, device="cuda") -> dict:
        """trellis/suh/svh (+ mcg/mul1 flags) of one checkpoint tensor, from the model's index."""
        import json
    
        from safetensors import safe_open
    
        prefix = TENSORS[tid][0]
        wm = json.loads((MODEL / "model.safetensors.index.json").read_text())["weight_map"]
        out = {"mcg": f"{prefix}.mcg" in wm, "mul1": f"{prefix}.mul1" in wm}
        for t in ("trellis", "suh", "svh"):
            with safe_open(str(MODEL / wm[f"{prefix}.{t}"]), framework="pt") as f:
>               out[t] = f.get_tensor(f"{prefix}.{t}").to(device).contiguous()
                         ^^^^^^^^^^^^^^^^^^^^^^^^^^^^^^^^^^^^^^^^
E               torch.OutOfMemoryError: CUDA out of memory. Tried to allocate 20.00 MiB. GPU 0 has a total capacity of 7.66 GiB of which 597.75 MiB is free. Including non-PyTorch memory, this process has 6.46 GiB memory in use. 6.22 GiB allowed; Of the allocated memory 6.21 GiB is allocated by PyTorch, and 2.84 MiB is reserved by PyTorch but unallocated. If reserved but unallocated memory is large try setting PYTORCH_CUDA_ALLOC_CONF=expandable_segments:True to avoid fragmentation.  See documentation for Memory Management  (https://docs.pytorch.org/docs/stable/notes/cuda.html#optimizing-memory-usage-with-pytorch-cuda-alloc-conf)

tests/gpu/exl3_cases.py:84: OutOfMemoryError
________________________ test_routing_mr1[K4-lmhead-16] ________________________

ops = <module 'vllm_exl3_plugin.ops' from '/workspace/kit/plugin-exl3/vllm_exl3_plugin/ops.py'>
monkeypatch = <_pytest.monkeypatch.MonkeyPatch object at 0x7fd43bdfde80>
tid = 'K4-lmhead', m = 16

    @pytest.mark.parametrize("m", [16, 17, 48, 144])
    @pytest.mark.parametrize("tid", list(C.TENSORS))
    def test_routing_mr1(ops, monkeypatch, tid, m):
        """EXL3_MR=1: K3/K5 at 17..144 rows on exl3_gemm_mr, everything else bit-identical to the
        phase-1 route (K2 and K4 stay on exl3_gemm)."""
        import torch
    
        monkeypatch.setattr(ops, "MR_MODE", 1)
        monkeypatch.setattr(ops, "MULTI_ROW_OP", ops.MR_OP)
        monkeypatch.setattr(ops, "MULTI_ROW_MIN", 17)  # the 16/17 boundary (the default is 1)
>       w = weights(tid)
            ^^^^^^^^^^^^

tests/gpu/test_exl3_mr.py:208: 
_ _ _ _ _ _ _ _ _ _ _ _ _ _ _ _ _ _ _ _ _ _ _ _ _ _ _ _ _ _ _ _ _ _ _ _ _ _ _ _ 
tests/gpu/test_exl3_mr.py:69: in weights
    w = C.load(torch, tid)
        ^^^^^^^^^^^^^^^^^^
_ _ _ _ _ _ _ _ _ _ _ _ _ _ _ _ _ _ _ _ _ _ _ _ _ _ _ _ _ _ _ _ _ _ _ _ _ _ _ _ 

torch = <module 'torch' from '/workspace/kit-work/venv-cu13/lib/python3.12/site-packages/torch/__init__.py'>
tid = 'K4-lmhead', device = 'cuda'

    def load(torch, tid: str, device="cuda") -> dict:
        """trellis/suh/svh (+ mcg/mul1 flags) of one checkpoint tensor, from the model's index."""
        import json
    
        from safetensors import safe_open
    
        prefix = TENSORS[tid][0]
        wm = json.loads((MODEL / "model.safetensors.index.json").read_text())["weight_map"]
        out = {"mcg": f"{prefix}.mcg" in wm, "mul1": f"{prefix}.mul1" in wm}
        for t in ("trellis", "suh", "svh"):
            with safe_open(str(MODEL / wm[f"{prefix}.{t}"]), framework="pt") as f:
>               out[t] = f.get_tensor(f"{prefix}.{t}").to(device).contiguous()
                         ^^^^^^^^^^^^^^^^^^^^^^^^^^^^^^^^^^^^^^^^
E               torch.OutOfMemoryError: CUDA out of memory. Tried to allocate 608.00 MiB. GPU 0 has a total capacity of 7.66 GiB of which 597.75 MiB is free. Including non-PyTorch memory, this process has 6.46 GiB memory in use. 6.22 GiB allowed; Of the allocated memory 6.21 GiB is allocated by PyTorch, and 2.84 MiB is reserved by PyTorch but unallocated. If reserved but unallocated memory is large try setting PYTORCH_CUDA_ALLOC_CONF=expandable_segments:True to avoid fragmentation.  See documentation for Memory Management  (https://docs.pytorch.org/docs/stable/notes/cuda.html#optimizing-memory-usage-with-pytorch-cuda-alloc-conf)

tests/gpu/exl3_cases.py:84: OutOfMemoryError
________________________ test_routing_mr1[K4-lmhead-17] ________________________

ops = <module 'vllm_exl3_plugin.ops' from '/workspace/kit/plugin-exl3/vllm_exl3_plugin/ops.py'>
monkeypatch = <_pytest.monkeypatch.MonkeyPatch object at 0x7fd43bdff320>
tid = 'K4-lmhead', m = 17

    @pytest.mark.parametrize("m", [16, 17, 48, 144])
    @pytest.mark.parametrize("tid", list(C.TENSORS))
    def test_routing_mr1(ops, monkeypatch, tid, m):
        """EXL3_MR=1: K3/K5 at 17..144 rows on exl3_gemm_mr, everything else bit-identical to the
        phase-1 route (K2 and K4 stay on exl3_gemm)."""
        import torch
    
        monkeypatch.setattr(ops, "MR_MODE", 1)
        monkeypatch.setattr(ops, "MULTI_ROW_OP", ops.MR_OP)
        monkeypatch.setattr(ops, "MULTI_ROW_MIN", 17)  # the 16/17 boundary (the default is 1)
>       w = weights(tid)
            ^^^^^^^^^^^^

tests/gpu/test_exl3_mr.py:208: 
_ _ _ _ _ _ _ _ _ _ _ _ _ _ _ _ _ _ _ _ _ _ _ _ _ _ _ _ _ _ _ _ _ _ _ _ _ _ _ _ 
tests/gpu/test_exl3_mr.py:69: in weights
    w = C.load(torch, tid)
        ^^^^^^^^^^^^^^^^^^
_ _ _ _ _ _ _ _ _ _ _ _ _ _ _ _ _ _ _ _ _ _ _ _ _ _ _ _ _ _ _ _ _ _ _ _ _ _ _ _ 

torch = <module 'torch' from '/workspace/kit-work/venv-cu13/lib/python3.12/site-packages/torch/__init__.py'>
tid = 'K4-lmhead', device = 'cuda'

    def load(torch, tid: str, device="cuda") -> dict:
        """trellis/suh/svh (+ mcg/mul1 flags) of one checkpoint tensor, from the model's index."""
        import json
    
        from safetensors import safe_open
    
        prefix = TENSORS[tid][0]
        wm = json.loads((MODEL / "model.safetensors.index.json").read_text())["weight_map"]
        out = {"mcg": f"{prefix}.mcg" in wm, "mul1": f"{prefix}.mul1" in wm}
        for t in ("trellis", "suh", "svh"):
            with safe_open(str(MODEL / wm[f"{prefix}.{t}"]), framework="pt") as f:
>               out[t] = f.get_tensor(f"{prefix}.{t}").to(device).contiguous()
                         ^^^^^^^^^^^^^^^^^^^^^^^^^^^^^^^^^^^^^^^^
E               torch.OutOfMemoryError: CUDA out of memory. Tried to allocate 608.00 MiB. GPU 0 has a total capacity of 7.66 GiB of which 597.75 MiB is free. Including non-PyTorch memory, this process has 6.46 GiB memory in use. 6.22 GiB allowed; Of the allocated memory 6.21 GiB is allocated by PyTorch, and 2.84 MiB is reserved by PyTorch but unallocated. If reserved but unallocated memory is large try setting PYTORCH_CUDA_ALLOC_CONF=expandable_segments:True to avoid fragmentation.  See documentation for Memory Management  (https://docs.pytorch.org/docs/stable/notes/cuda.html#optimizing-memory-usage-with-pytorch-cuda-alloc-conf)

tests/gpu/exl3_cases.py:84: OutOfMemoryError
________________________ test_routing_mr1[K4-lmhead-48] ________________________

ops = <module 'vllm_exl3_plugin.ops' from '/workspace/kit/plugin-exl3/vllm_exl3_plugin/ops.py'>
monkeypatch = <_pytest.monkeypatch.MonkeyPatch object at 0x7fd43bd3ad50>
tid = 'K4-lmhead', m = 48

    @pytest.mark.parametrize("m", [16, 17, 48, 144])
    @pytest.mark.parametrize("tid", list(C.TENSORS))
    def test_routing_mr1(ops, monkeypatch, tid, m):
        """EXL3_MR=1: K3/K5 at 17..144 rows on exl3_gemm_mr, everything else bit-identical to the
        phase-1 route (K2 and K4 stay on exl3_gemm)."""
        import torch
    
        monkeypatch.setattr(ops, "MR_MODE", 1)
        monkeypatch.setattr(ops, "MULTI_ROW_OP", ops.MR_OP)
        monkeypatch.setattr(ops, "MULTI_ROW_MIN", 17)  # the 16/17 boundary (the default is 1)
>       w = weights(tid)
            ^^^^^^^^^^^^

tests/gpu/test_exl3_mr.py:208: 
_ _ _ _ _ _ _ _ _ _ _ _ _ _ _ _ _ _ _ _ _ _ _ _ _ _ _ _ _ _ _ _ _ _ _ _ _ _ _ _ 
tests/gpu/test_exl3_mr.py:69: in weights
    w = C.load(torch, tid)
        ^^^^^^^^^^^^^^^^^^
_ _ _ _ _ _ _ _ _ _ _ _ _ _ _ _ _ _ _ _ _ _ _ _ _ _ _ _ _ _ _ _ _ _ _ _ _ _ _ _ 

torch = <module 'torch' from '/workspace/kit-work/venv-cu13/lib/python3.12/site-packages/torch/__init__.py'>
tid = 'K4-lmhead', device = 'cuda'

    def load(torch, tid: str, device="cuda") -> dict:
        """trellis/suh/svh (+ mcg/mul1 flags) of one checkpoint tensor, from the model's index."""
        import json
    
        from safetensors import safe_open
    
        prefix = TENSORS[tid][0]
        wm = json.loads((MODEL / "model.safetensors.index.json").read_text())["weight_map"]
        out = {"mcg": f"{prefix}.mcg" in wm, "mul1": f"{prefix}.mul1" in wm}
        for t in ("trellis", "suh", "svh"):
            with safe_open(str(MODEL / wm[f"{prefix}.{t}"]), framework="pt") as f:
>               out[t] = f.get_tensor(f"{prefix}.{t}").to(device).contiguous()
                         ^^^^^^^^^^^^^^^^^^^^^^^^^^^^^^^^^^^^^^^^
E               torch.OutOfMemoryError: CUDA out of memory. Tried to allocate 608.00 MiB. GPU 0 has a total capacity of 7.66 GiB of which 597.75 MiB is free. Including non-PyTorch memory, this process has 6.46 GiB memory in use. 6.22 GiB allowed; Of the allocated memory 6.21 GiB is allocated by PyTorch, and 2.84 MiB is reserved by PyTorch but unallocated. If reserved but unallocated memory is large try setting PYTORCH_CUDA_ALLOC_CONF=expandable_segments:True to avoid fragmentation.  See documentation for Memory Management  (https://docs.pytorch.org/docs/stable/notes/cuda.html#optimizing-memory-usage-with-pytorch-cuda-alloc-conf)

tests/gpu/exl3_cases.py:84: OutOfMemoryError
_______________________ test_routing_mr1[K4-lmhead-144] ________________________

ops = <module 'vllm_exl3_plugin.ops' from '/workspace/kit/plugin-exl3/vllm_exl3_plugin/ops.py'>
monkeypatch = <_pytest.monkeypatch.MonkeyPatch object at 0x7fd43bd3b860>
tid = 'K4-lmhead', m = 144

    @pytest.mark.parametrize("m", [16, 17, 48, 144])
    @pytest.mark.parametrize("tid", list(C.TENSORS))
    def test_routing_mr1(ops, monkeypatch, tid, m):
        """EXL3_MR=1: K3/K5 at 17..144 rows on exl3_gemm_mr, everything else bit-identical to the
        phase-1 route (K2 and K4 stay on exl3_gemm)."""
        import torch
    
        monkeypatch.setattr(ops, "MR_MODE", 1)
        monkeypatch.setattr(ops, "MULTI_ROW_OP", ops.MR_OP)
        monkeypatch.setattr(ops, "MULTI_ROW_MIN", 17)  # the 16/17 boundary (the default is 1)
>       w = weights(tid)
            ^^^^^^^^^^^^

tests/gpu/test_exl3_mr.py:208: 
_ _ _ _ _ _ _ _ _ _ _ _ _ _ _ _ _ _ _ _ _ _ _ _ _ _ _ _ _ _ _ _ _ _ _ _ _ _ _ _ 
tests/gpu/test_exl3_mr.py:69: in weights
    w = C.load(torch, tid)
        ^^^^^^^^^^^^^^^^^^
_ _ _ _ _ _ _ _ _ _ _ _ _ _ _ _ _ _ _ _ _ _ _ _ _ _ _ _ _ _ _ _ _ _ _ _ _ _ _ _ 

torch = <module 'torch' from '/workspace/kit-work/venv-cu13/lib/python3.12/site-packages/torch/__init__.py'>
tid = 'K4-lmhead', device = 'cuda'

    def load(torch, tid: str, device="cuda") -> dict:
        """trellis/suh/svh (+ mcg/mul1 flags) of one checkpoint tensor, from the model's index."""
        import json
    
        from safetensors import safe_open
    
        prefix = TENSORS[tid][0]
        wm = json.loads((MODEL / "model.safetensors.index.json").read_text())["weight_map"]
        out = {"mcg": f"{prefix}.mcg" in wm, "mul1": f"{prefix}.mul1" in wm}
        for t in ("trellis", "suh", "svh"):
            with safe_open(str(MODEL / wm[f"{prefix}.{t}"]), framework="pt") as f:
>               out[t] = f.get_tensor(f"{prefix}.{t}").to(device).contiguous()
                         ^^^^^^^^^^^^^^^^^^^^^^^^^^^^^^^^^^^^^^^^
E               torch.OutOfMemoryError: CUDA out of memory. Tried to allocate 608.00 MiB. GPU 0 has a total capacity of 7.66 GiB of which 597.75 MiB is free. Including non-PyTorch memory, this process has 6.46 GiB memory in use. 6.22 GiB allowed; Of the allocated memory 6.21 GiB is allocated by PyTorch, and 2.84 MiB is reserved by PyTorch but unallocated. If reserved but unallocated memory is large try setting PYTORCH_CUDA_ALLOC_CONF=expandable_segments:True to avoid fragmentation.  See documentation for Memory Management  (https://docs.pytorch.org/docs/stable/notes/cuda.html#optimizing-memory-usage-with-pytorch-cuda-alloc-conf)

tests/gpu/exl3_cases.py:84: OutOfMemoryError
______________________ test_routing_repacked[K4-kproj-1] _______________________

ops = <module 'vllm_exl3_plugin.ops' from '/workspace/kit/plugin-exl3/vllm_exl3_plugin/ops.py'>
monkeypatch = <_pytest.monkeypatch.MonkeyPatch object at 0x7fd43bd3af60>
tid = 'K4-kproj', m = 1

    @pytest.mark.parametrize("m", [1, 48, 145, 385, 1024])
    @pytest.mark.parametrize("tid", [t for t in MR_TIDS if BITS[t] == 4])
    def test_routing_repacked(ops, monkeypatch, tid, m):
        """EXL3_MR=2: a repacked K4 runs exl3_gemm_mr to MULTI_ROW_MAX rows (the lm_head, n > 32768, at
        any row count); above, unpack + dequant gives the stored tensor's route bit for bit."""
        import torch
    
        monkeypatch.setattr(ops, "MR_MODE", 2)
        monkeypatch.setattr(ops, "MULTI_ROW_OP", ops.MR_OP)
>       w = weights(tid)
            ^^^^^^^^^^^^

tests/gpu/test_exl3_mr.py:227: 
_ _ _ _ _ _ _ _ _ _ _ _ _ _ _ _ _ _ _ _ _ _ _ _ _ _ _ _ _ _ _ _ _ _ _ _ _ _ _ _ 
tests/gpu/test_exl3_mr.py:69: in weights
    w = C.load(torch, tid)
        ^^^^^^^^^^^^^^^^^^
_ _ _ _ _ _ _ _ _ _ _ _ _ _ _ _ _ _ _ _ _ _ _ _ _ _ _ _ _ _ _ _ _ _ _ _ _ _ _ _ 

torch = <module 'torch' from '/workspace/kit-work/venv-cu13/lib/python3.12/site-packages/torch/__init__.py'>
tid = 'K4-kproj', device = 'cuda'

    def load(torch, tid: str, device="cuda") -> dict:
        """trellis/suh/svh (+ mcg/mul1 flags) of one checkpoint tensor, from the model's index."""
        import json
    
        from safetensors import safe_open
    
        prefix = TENSORS[tid][0]
        wm = json.loads((MODEL / "model.safetensors.index.json").read_text())["weight_map"]
        out = {"mcg": f"{prefix}.mcg" in wm, "mul1": f"{prefix}.mul1" in wm}
        for t in ("trellis", "suh", "svh"):
            with safe_open(str(MODEL / wm[f"{prefix}.{t}"]), framework="pt") as f:
>               out[t] = f.get_tensor(f"{prefix}.{t}").to(device).contiguous()
                         ^^^^^^^^^^^^^^^^^^^^^^^^^^^^^^^^^^^^^^^^
E               torch.OutOfMemoryError: CUDA out of memory. Tried to allocate 20.00 MiB. GPU 0 has a total capacity of 7.66 GiB of which 597.75 MiB is free. Including non-PyTorch memory, this process has 6.46 GiB memory in use. 6.22 GiB allowed; Of the allocated memory 6.21 GiB is allocated by PyTorch, and 2.84 MiB is reserved by PyTorch but unallocated. If reserved but unallocated memory is large try setting PYTORCH_CUDA_ALLOC_CONF=expandable_segments:True to avoid fragmentation.  See documentation for Memory Management  (https://docs.pytorch.org/docs/stable/notes/cuda.html#optimizing-memory-usage-with-pytorch-cuda-alloc-conf)

tests/gpu/exl3_cases.py:84: OutOfMemoryError
______________________ test_routing_repacked[K4-kproj-48] ______________________

ops = <module 'vllm_exl3_plugin.ops' from '/workspace/kit/plugin-exl3/vllm_exl3_plugin/ops.py'>
monkeypatch = <_pytest.monkeypatch.MonkeyPatch object at 0x7fd43bd39ac0>
tid = 'K4-kproj', m = 48

    @pytest.mark.parametrize("m", [1, 48, 145, 385, 1024])
    @pytest.mark.parametrize("tid", [t for t in MR_TIDS if BITS[t] == 4])
    def test_routing_repacked(ops, monkeypatch, tid, m):
        """EXL3_MR=2: a repacked K4 runs exl3_gemm_mr to MULTI_ROW_MAX rows (the lm_head, n > 32768, at
        any row count); above, unpack + dequant gives the stored tensor's route bit for bit."""
        import torch
    
        monkeypatch.setattr(ops, "MR_MODE", 2)
        monkeypatch.setattr(ops, "MULTI_ROW_OP", ops.MR_OP)
>       w = weights(tid)
            ^^^^^^^^^^^^

tests/gpu/test_exl3_mr.py:227: 
_ _ _ _ _ _ _ _ _ _ _ _ _ _ _ _ _ _ _ _ _ _ _ _ _ _ _ _ _ _ _ _ _ _ _ _ _ _ _ _ 
tests/gpu/test_exl3_mr.py:69: in weights
    w = C.load(torch, tid)
        ^^^^^^^^^^^^^^^^^^
_ _ _ _ _ _ _ _ _ _ _ _ _ _ _ _ _ _ _ _ _ _ _ _ _ _ _ _ _ _ _ _ _ _ _ _ _ _ _ _ 

torch = <module 'torch' from '/workspace/kit-work/venv-cu13/lib/python3.12/site-packages/torch/__init__.py'>
tid = 'K4-kproj', device = 'cuda'

    def load(torch, tid: str, device="cuda") -> dict:
        """trellis/suh/svh (+ mcg/mul1 flags) of one checkpoint tensor, from the model's index."""
        import json
    
        from safetensors import safe_open
    
        prefix = TENSORS[tid][0]
        wm = json.loads((MODEL / "model.safetensors.index.json").read_text())["weight_map"]
        out = {"mcg": f"{prefix}.mcg" in wm, "mul1": f"{prefix}.mul1" in wm}
        for t in ("trellis", "suh", "svh"):
            with safe_open(str(MODEL / wm[f"{prefix}.{t}"]), framework="pt") as f:
>               out[t] = f.get_tensor(f"{prefix}.{t}").to(device).contiguous()
                         ^^^^^^^^^^^^^^^^^^^^^^^^^^^^^^^^^^^^^^^^
E               torch.OutOfMemoryError: CUDA out of memory. Tried to allocate 20.00 MiB. GPU 0 has a total capacity of 7.66 GiB of which 597.75 MiB is free. Including non-PyTorch memory, this process has 6.46 GiB memory in use. 6.22 GiB allowed; Of the allocated memory 6.21 GiB is allocated by PyTorch, and 2.84 MiB is reserved by PyTorch but unallocated. If reserved but unallocated memory is large try setting PYTORCH_CUDA_ALLOC_CONF=expandable_segments:True to avoid fragmentation.  See documentation for Memory Management  (https://docs.pytorch.org/docs/stable/notes/cuda.html#optimizing-memory-usage-with-pytorch-cuda-alloc-conf)

tests/gpu/exl3_cases.py:84: OutOfMemoryError
_____________________ test_routing_repacked[K4-kproj-145] ______________________

ops = <module 'vllm_exl3_plugin.ops' from '/workspace/kit/plugin-exl3/vllm_exl3_plugin/ops.py'>
monkeypatch = <_pytest.monkeypatch.MonkeyPatch object at 0x7fd43bd3ad80>
tid = 'K4-kproj', m = 145

    @pytest.mark.parametrize("m", [1, 48, 145, 385, 1024])
    @pytest.mark.parametrize("tid", [t for t in MR_TIDS if BITS[t] == 4])
    def test_routing_repacked(ops, monkeypatch, tid, m):
        """EXL3_MR=2: a repacked K4 runs exl3_gemm_mr to MULTI_ROW_MAX rows (the lm_head, n > 32768, at
        any row count); above, unpack + dequant gives the stored tensor's route bit for bit."""
        import torch
    
        monkeypatch.setattr(ops, "MR_MODE", 2)
        monkeypatch.setattr(ops, "MULTI_ROW_OP", ops.MR_OP)
>       w = weights(tid)
            ^^^^^^^^^^^^

tests/gpu/test_exl3_mr.py:227: 
_ _ _ _ _ _ _ _ _ _ _ _ _ _ _ _ _ _ _ _ _ _ _ _ _ _ _ _ _ _ _ _ _ _ _ _ _ _ _ _ 
tests/gpu/test_exl3_mr.py:69: in weights
    w = C.load(torch, tid)
        ^^^^^^^^^^^^^^^^^^
_ _ _ _ _ _ _ _ _ _ _ _ _ _ _ _ _ _ _ _ _ _ _ _ _ _ _ _ _ _ _ _ _ _ _ _ _ _ _ _ 

torch = <module 'torch' from '/workspace/kit-work/venv-cu13/lib/python3.12/site-packages/torch/__init__.py'>
tid = 'K4-kproj', device = 'cuda'

    def load(torch, tid: str, device="cuda") -> dict:
        """trellis/suh/svh (+ mcg/mul1 flags) of one checkpoint tensor, from the model's index."""
        import json
    
        from safetensors import safe_open
    
        prefix = TENSORS[tid][0]
        wm = json.loads((MODEL / "model.safetensors.index.json").read_text())["weight_map"]
        out = {"mcg": f"{prefix}.mcg" in wm, "mul1": f"{prefix}.mul1" in wm}
        for t in ("trellis", "suh", "svh"):
            with safe_open(str(MODEL / wm[f"{prefix}.{t}"]), framework="pt") as f:
>               out[t] = f.get_tensor(f"{prefix}.{t}").to(device).contiguous()
                         ^^^^^^^^^^^^^^^^^^^^^^^^^^^^^^^^^^^^^^^^
E               torch.OutOfMemoryError: CUDA out of memory. Tried to allocate 20.00 MiB. GPU 0 has a total capacity of 7.66 GiB of which 597.75 MiB is free. Including non-PyTorch memory, this process has 6.46 GiB memory in use. 6.22 GiB allowed; Of the allocated memory 6.21 GiB is allocated by PyTorch, and 2.84 MiB is reserved by PyTorch but unallocated. If reserved but unallocated memory is large try setting PYTORCH_CUDA_ALLOC_CONF=expandable_segments:True to avoid fragmentation.  See documentation for Memory Management  (https://docs.pytorch.org/docs/stable/notes/cuda.html#optimizing-memory-usage-with-pytorch-cuda-alloc-conf)

tests/gpu/exl3_cases.py:84: OutOfMemoryError
_____________________ test_routing_repacked[K4-kproj-385] ______________________

ops = <module 'vllm_exl3_plugin.ops' from '/workspace/kit/plugin-exl3/vllm_exl3_plugin/ops.py'>
monkeypatch = <_pytest.monkeypatch.MonkeyPatch object at 0x7fd43bd52e10>
tid = 'K4-kproj', m = 385

    @pytest.mark.parametrize("m", [1, 48, 145, 385, 1024])
    @pytest.mark.parametrize("tid", [t for t in MR_TIDS if BITS[t] == 4])
    def test_routing_repacked(ops, monkeypatch, tid, m):
        """EXL3_MR=2: a repacked K4 runs exl3_gemm_mr to MULTI_ROW_MAX rows (the lm_head, n > 32768, at
        any row count); above, unpack + dequant gives the stored tensor's route bit for bit."""
        import torch
    
        monkeypatch.setattr(ops, "MR_MODE", 2)
        monkeypatch.setattr(ops, "MULTI_ROW_OP", ops.MR_OP)
>       w = weights(tid)
            ^^^^^^^^^^^^

tests/gpu/test_exl3_mr.py:227: 
_ _ _ _ _ _ _ _ _ _ _ _ _ _ _ _ _ _ _ _ _ _ _ _ _ _ _ _ _ _ _ _ _ _ _ _ _ _ _ _ 
tests/gpu/test_exl3_mr.py:69: in weights
    w = C.load(torch, tid)
        ^^^^^^^^^^^^^^^^^^
_ _ _ _ _ _ _ _ _ _ _ _ _ _ _ _ _ _ _ _ _ _ _ _ _ _ _ _ _ _ _ _ _ _ _ _ _ _ _ _ 

torch = <module 'torch' from '/workspace/kit-work/venv-cu13/lib/python3.12/site-packages/torch/__init__.py'>
tid = 'K4-kproj', device = 'cuda'

    def load(torch, tid: str, device="cuda") -> dict:
        """trellis/suh/svh (+ mcg/mul1 flags) of one checkpoint tensor, from the model's index."""
        import json
    
        from safetensors import safe_open
    
        prefix = TENSORS[tid][0]
        wm = json.loads((MODEL / "model.safetensors.index.json").read_text())["weight_map"]
        out = {"mcg": f"{prefix}.mcg" in wm, "mul1": f"{prefix}.mul1" in wm}
        for t in ("trellis", "suh", "svh"):
            with safe_open(str(MODEL / wm[f"{prefix}.{t}"]), framework="pt") as f:
>               out[t] = f.get_tensor(f"{prefix}.{t}").to(device).contiguous()
                         ^^^^^^^^^^^^^^^^^^^^^^^^^^^^^^^^^^^^^^^^
E               torch.OutOfMemoryError: CUDA out of memory. Tried to allocate 20.00 MiB. GPU 0 has a total capacity of 7.66 GiB of which 597.75 MiB is free. Including non-PyTorch memory, this process has 6.46 GiB memory in use. 6.22 GiB allowed; Of the allocated memory 6.21 GiB is allocated by PyTorch, and 2.84 MiB is reserved by PyTorch but unallocated. If reserved but unallocated memory is large try setting PYTORCH_CUDA_ALLOC_CONF=expandable_segments:True to avoid fragmentation.  See documentation for Memory Management  (https://docs.pytorch.org/docs/stable/notes/cuda.html#optimizing-memory-usage-with-pytorch-cuda-alloc-conf)

tests/gpu/exl3_cases.py:84: OutOfMemoryError
_____________________ test_routing_repacked[K4-kproj-1024] _____________________

ops = <module 'vllm_exl3_plugin.ops' from '/workspace/kit/plugin-exl3/vllm_exl3_plugin/ops.py'>
monkeypatch = <_pytest.monkeypatch.MonkeyPatch object at 0x7fd43bd52d80>
tid = 'K4-kproj', m = 1024

    @pytest.mark.parametrize("m", [1, 48, 145, 385, 1024])
    @pytest.mark.parametrize("tid", [t for t in MR_TIDS if BITS[t] == 4])
    def test_routing_repacked(ops, monkeypatch, tid, m):
        """EXL3_MR=2: a repacked K4 runs exl3_gemm_mr to MULTI_ROW_MAX rows (the lm_head, n > 32768, at
        any row count); above, unpack + dequant gives the stored tensor's route bit for bit."""
        import torch
    
        monkeypatch.setattr(ops, "MR_MODE", 2)
        monkeypatch.setattr(ops, "MULTI_ROW_OP", ops.MR_OP)
>       w = weights(tid)
            ^^^^^^^^^^^^

tests/gpu/test_exl3_mr.py:227: 
_ _ _ _ _ _ _ _ _ _ _ _ _ _ _ _ _ _ _ _ _ _ _ _ _ _ _ _ _ _ _ _ _ _ _ _ _ _ _ _ 
tests/gpu/test_exl3_mr.py:69: in weights
    w = C.load(torch, tid)
        ^^^^^^^^^^^^^^^^^^
_ _ _ _ _ _ _ _ _ _ _ _ _ _ _ _ _ _ _ _ _ _ _ _ _ _ _ _ _ _ _ _ _ _ _ _ _ _ _ _ 

torch = <module 'torch' from '/workspace/kit-work/venv-cu13/lib/python3.12/site-packages/torch/__init__.py'>
tid = 'K4-kproj', device = 'cuda'

    def load(torch, tid: str, device="cuda") -> dict:
        """trellis/suh/svh (+ mcg/mul1 flags) of one checkpoint tensor, from the model's index."""
        import json
    
        from safetensors import safe_open
    
        prefix = TENSORS[tid][0]
        wm = json.loads((MODEL / "model.safetensors.index.json").read_text())["weight_map"]
        out = {"mcg": f"{prefix}.mcg" in wm, "mul1": f"{prefix}.mul1" in wm}
        for t in ("trellis", "suh", "svh"):
            with safe_open(str(MODEL / wm[f"{prefix}.{t}"]), framework="pt") as f:
>               out[t] = f.get_tensor(f"{prefix}.{t}").to(device).contiguous()
                         ^^^^^^^^^^^^^^^^^^^^^^^^^^^^^^^^^^^^^^^^
E               torch.OutOfMemoryError: CUDA out of memory. Tried to allocate 20.00 MiB. GPU 0 has a total capacity of 7.66 GiB of which 597.75 MiB is free. Including non-PyTorch memory, this process has 6.46 GiB memory in use. 6.22 GiB allowed; Of the allocated memory 6.21 GiB is allocated by PyTorch, and 2.84 MiB is reserved by PyTorch but unallocated. If reserved but unallocated memory is large try setting PYTORCH_CUDA_ALLOC_CONF=expandable_segments:True to avoid fragmentation.  See documentation for Memory Management  (https://docs.pytorch.org/docs/stable/notes/cuda.html#optimizing-memory-usage-with-pytorch-cuda-alloc-conf)

tests/gpu/exl3_cases.py:84: OutOfMemoryError
______________________ test_routing_repacked[K4-mtp-up-1] ______________________

ops = <module 'vllm_exl3_plugin.ops' from '/workspace/kit/plugin-exl3/vllm_exl3_plugin/ops.py'>
monkeypatch = <_pytest.monkeypatch.MonkeyPatch object at 0x7fd43bd52d20>
tid = 'K4-mtp-up', m = 1

    @pytest.mark.parametrize("m", [1, 48, 145, 385, 1024])
    @pytest.mark.parametrize("tid", [t for t in MR_TIDS if BITS[t] == 4])
    def test_routing_repacked(ops, monkeypatch, tid, m):
        """EXL3_MR=2: a repacked K4 runs exl3_gemm_mr to MULTI_ROW_MAX rows (the lm_head, n > 32768, at
        any row count); above, unpack + dequant gives the stored tensor's route bit for bit."""
        import torch
    
        monkeypatch.setattr(ops, "MR_MODE", 2)
        monkeypatch.setattr(ops, "MULTI_ROW_OP", ops.MR_OP)
>       w = weights(tid)
            ^^^^^^^^^^^^

tests/gpu/test_exl3_mr.py:227: 
_ _ _ _ _ _ _ _ _ _ _ _ _ _ _ _ _ _ _ _ _ _ _ _ _ _ _ _ _ _ _ _ _ _ _ _ _ _ _ _ 
tests/gpu/test_exl3_mr.py:69: in weights
    w = C.load(torch, tid)
        ^^^^^^^^^^^^^^^^^^
_ _ _ _ _ _ _ _ _ _ _ _ _ _ _ _ _ _ _ _ _ _ _ _ _ _ _ _ _ _ _ _ _ _ _ _ _ _ _ _ 

torch = <module 'torch' from '/workspace/kit-work/venv-cu13/lib/python3.12/site-packages/torch/__init__.py'>
tid = 'K4-mtp-up', device = 'cuda'

    def load(torch, tid: str, device="cuda") -> dict:
        """trellis/suh/svh (+ mcg/mul1 flags) of one checkpoint tensor, from the model's index."""
        import json
    
        from safetensors import safe_open
    
        prefix = TENSORS[tid][0]
        wm = json.loads((MODEL / "model.safetensors.index.json").read_text())["weight_map"]
        out = {"mcg": f"{prefix}.mcg" in wm, "mul1": f"{prefix}.mul1" in wm}
        for t in ("trellis", "suh", "svh"):
            with safe_open(str(MODEL / wm[f"{prefix}.{t}"]), framework="pt") as f:
>               out[t] = f.get_tensor(f"{prefix}.{t}").to(device).contiguous()
                         ^^^^^^^^^^^^^^^^^^^^^^^^^^^^^^^^^^^^^^^^
E               torch.OutOfMemoryError: CUDA out of memory. Tried to allocate 44.00 MiB. GPU 0 has a total capacity of 7.66 GiB of which 597.75 MiB is free. Including non-PyTorch memory, this process has 6.46 GiB memory in use. 6.22 GiB allowed; Of the allocated memory 6.21 GiB is allocated by PyTorch, and 2.84 MiB is reserved by PyTorch but unallocated. If reserved but unallocated memory is large try setting PYTORCH_CUDA_ALLOC_CONF=expandable_segments:True to avoid fragmentation.  See documentation for Memory Management  (https://docs.pytorch.org/docs/stable/notes/cuda.html#optimizing-memory-usage-with-pytorch-cuda-alloc-conf)

tests/gpu/exl3_cases.py:84: OutOfMemoryError
_____________________ test_routing_repacked[K4-mtp-up-48] ______________________

ops = <module 'vllm_exl3_plugin.ops' from '/workspace/kit/plugin-exl3/vllm_exl3_plugin/ops.py'>
monkeypatch = <_pytest.monkeypatch.MonkeyPatch object at 0x7fd43bd53ef0>
tid = 'K4-mtp-up', m = 48

    @pytest.mark.parametrize("m", [1, 48, 145, 385, 1024])
    @pytest.mark.parametrize("tid", [t for t in MR_TIDS if BITS[t] == 4])
    def test_routing_repacked(ops, monkeypatch, tid, m):
        """EXL3_MR=2: a repacked K4 runs exl3_gemm_mr to MULTI_ROW_MAX rows (the lm_head, n > 32768, at
        any row count); above, unpack + dequant gives the stored tensor's route bit for bit."""
        import torch
    
        monkeypatch.setattr(ops, "MR_MODE", 2)
        monkeypatch.setattr(ops, "MULTI_ROW_OP", ops.MR_OP)
>       w = weights(tid)
            ^^^^^^^^^^^^

tests/gpu/test_exl3_mr.py:227: 
_ _ _ _ _ _ _ _ _ _ _ _ _ _ _ _ _ _ _ _ _ _ _ _ _ _ _ _ _ _ _ _ _ _ _ _ _ _ _ _ 
tests/gpu/test_exl3_mr.py:69: in weights
    w = C.load(torch, tid)
        ^^^^^^^^^^^^^^^^^^
_ _ _ _ _ _ _ _ _ _ _ _ _ _ _ _ _ _ _ _ _ _ _ _ _ _ _ _ _ _ _ _ _ _ _ _ _ _ _ _ 

torch = <module 'torch' from '/workspace/kit-work/venv-cu13/lib/python3.12/site-packages/torch/__init__.py'>
tid = 'K4-mtp-up', device = 'cuda'

    def load(torch, tid: str, device="cuda") -> dict:
        """trellis/suh/svh (+ mcg/mul1 flags) of one checkpoint tensor, from the model's index."""
        import json
    
        from safetensors import safe_open
    
        prefix = TENSORS[tid][0]
        wm = json.loads((MODEL / "model.safetensors.index.json").read_text())["weight_map"]
        out = {"mcg": f"{prefix}.mcg" in wm, "mul1": f"{prefix}.mul1" in wm}
        for t in ("trellis", "suh", "svh"):
            with safe_open(str(MODEL / wm[f"{prefix}.{t}"]), framework="pt") as f:
>               out[t] = f.get_tensor(f"{prefix}.{t}").to(device).contiguous()
                         ^^^^^^^^^^^^^^^^^^^^^^^^^^^^^^^^^^^^^^^^
E               torch.OutOfMemoryError: CUDA out of memory. Tried to allocate 44.00 MiB. GPU 0 has a total capacity of 7.66 GiB of which 597.75 MiB is free. Including non-PyTorch memory, this process has 6.46 GiB memory in use. 6.22 GiB allowed; Of the allocated memory 6.21 GiB is allocated by PyTorch, and 2.84 MiB is reserved by PyTorch but unallocated. If reserved but unallocated memory is large try setting PYTORCH_CUDA_ALLOC_CONF=expandable_segments:True to avoid fragmentation.  See documentation for Memory Management  (https://docs.pytorch.org/docs/stable/notes/cuda.html#optimizing-memory-usage-with-pytorch-cuda-alloc-conf)

tests/gpu/exl3_cases.py:84: OutOfMemoryError
_____________________ test_routing_repacked[K4-mtp-up-145] _____________________

ops = <module 'vllm_exl3_plugin.ops' from '/workspace/kit/plugin-exl3/vllm_exl3_plugin/ops.py'>
monkeypatch = <_pytest.monkeypatch.MonkeyPatch object at 0x7fd43bd52780>
tid = 'K4-mtp-up', m = 145

    @pytest.mark.parametrize("m", [1, 48, 145, 385, 1024])
    @pytest.mark.parametrize("tid", [t for t in MR_TIDS if BITS[t] == 4])
    def test_routing_repacked(ops, monkeypatch, tid, m):
        """EXL3_MR=2: a repacked K4 runs exl3_gemm_mr to MULTI_ROW_MAX rows (the lm_head, n > 32768, at
        any row count); above, unpack + dequant gives the stored tensor's route bit for bit."""
        import torch
    
        monkeypatch.setattr(ops, "MR_MODE", 2)
        monkeypatch.setattr(ops, "MULTI_ROW_OP", ops.MR_OP)
>       w = weights(tid)
            ^^^^^^^^^^^^

tests/gpu/test_exl3_mr.py:227: 
_ _ _ _ _ _ _ _ _ _ _ _ _ _ _ _ _ _ _ _ _ _ _ _ _ _ _ _ _ _ _ _ _ _ _ _ _ _ _ _ 
tests/gpu/test_exl3_mr.py:69: in weights
    w = C.load(torch, tid)
        ^^^^^^^^^^^^^^^^^^
_ _ _ _ _ _ _ _ _ _ _ _ _ _ _ _ _ _ _ _ _ _ _ _ _ _ _ _ _ _ _ _ _ _ _ _ _ _ _ _ 

torch = <module 'torch' from '/workspace/kit-work/venv-cu13/lib/python3.12/site-packages/torch/__init__.py'>
tid = 'K4-mtp-up', device = 'cuda'

    def load(torch, tid: str, device="cuda") -> dict:
        """trellis/suh/svh (+ mcg/mul1 flags) of one checkpoint tensor, from the model's index."""
        import json
    
        from safetensors import safe_open
    
        prefix = TENSORS[tid][0]
        wm = json.loads((MODEL / "model.safetensors.index.json").read_text())["weight_map"]
        out = {"mcg": f"{prefix}.mcg" in wm, "mul1": f"{prefix}.mul1" in wm}
        for t in ("trellis", "suh", "svh"):
            with safe_open(str(MODEL / wm[f"{prefix}.{t}"]), framework="pt") as f:
>               out[t] = f.get_tensor(f"{prefix}.{t}").to(device).contiguous()
                         ^^^^^^^^^^^^^^^^^^^^^^^^^^^^^^^^^^^^^^^^
E               torch.OutOfMemoryError: CUDA out of memory. Tried to allocate 44.00 MiB. GPU 0 has a total capacity of 7.66 GiB of which 597.75 MiB is free. Including non-PyTorch memory, this process has 6.46 GiB memory in use. 6.22 GiB allowed; Of the allocated memory 6.21 GiB is allocated by PyTorch, and 2.84 MiB is reserved by PyTorch but unallocated. If reserved but unallocated memory is large try setting PYTORCH_CUDA_ALLOC_CONF=expandable_segments:True to avoid fragmentation.  See documentation for Memory Management  (https://docs.pytorch.org/docs/stable/notes/cuda.html#optimizing-memory-usage-with-pytorch-cuda-alloc-conf)

tests/gpu/exl3_cases.py:84: OutOfMemoryError
_____________________ test_routing_repacked[K4-mtp-up-385] _____________________

ops = <module 'vllm_exl3_plugin.ops' from '/workspace/kit/plugin-exl3/vllm_exl3_plugin/ops.py'>
monkeypatch = <_pytest.monkeypatch.MonkeyPatch object at 0x7fd43bde82f0>
tid = 'K4-mtp-up', m = 385

    @pytest.mark.parametrize("m", [1, 48, 145, 385, 1024])
    @pytest.mark.parametrize("tid", [t for t in MR_TIDS if BITS[t] == 4])
    def test_routing_repacked(ops, monkeypatch, tid, m):
        """EXL3_MR=2: a repacked K4 runs exl3_gemm_mr to MULTI_ROW_MAX rows (the lm_head, n > 32768, at
        any row count); above, unpack + dequant gives the stored tensor's route bit for bit."""
        import torch
    
        monkeypatch.setattr(ops, "MR_MODE", 2)
        monkeypatch.setattr(ops, "MULTI_ROW_OP", ops.MR_OP)
>       w = weights(tid)
            ^^^^^^^^^^^^

tests/gpu/test_exl3_mr.py:227: 
_ _ _ _ _ _ _ _ _ _ _ _ _ _ _ _ _ _ _ _ _ _ _ _ _ _ _ _ _ _ _ _ _ _ _ _ _ _ _ _ 
tests/gpu/test_exl3_mr.py:69: in weights
    w = C.load(torch, tid)
        ^^^^^^^^^^^^^^^^^^
_ _ _ _ _ _ _ _ _ _ _ _ _ _ _ _ _ _ _ _ _ _ _ _ _ _ _ _ _ _ _ _ _ _ _ _ _ _ _ _ 

torch = <module 'torch' from '/workspace/kit-work/venv-cu13/lib/python3.12/site-packages/torch/__init__.py'>
tid = 'K4-mtp-up', device = 'cuda'

    def load(torch, tid: str, device="cuda") -> dict:
        """trellis/suh/svh (+ mcg/mul1 flags) of one checkpoint tensor, from the model's index."""
        import json
    
        from safetensors import safe_open
    
        prefix = TENSORS[tid][0]
        wm = json.loads((MODEL / "model.safetensors.index.json").read_text())["weight_map"]
        out = {"mcg": f"{prefix}.mcg" in wm, "mul1": f"{prefix}.mul1" in wm}
        for t in ("trellis", "suh", "svh"):
            with safe_open(str(MODEL / wm[f"{prefix}.{t}"]), framework="pt") as f:
>               out[t] = f.get_tensor(f"{prefix}.{t}").to(device).contiguous()
                         ^^^^^^^^^^^^^^^^^^^^^^^^^^^^^^^^^^^^^^^^
E               torch.OutOfMemoryError: CUDA out of memory. Tried to allocate 44.00 MiB. GPU 0 has a total capacity of 7.66 GiB of which 597.75 MiB is free. Including non-PyTorch memory, this process has 6.46 GiB memory in use. 6.22 GiB allowed; Of the allocated memory 6.21 GiB is allocated by PyTorch, and 2.84 MiB is reserved by PyTorch but unallocated. If reserved but unallocated memory is large try setting PYTORCH_CUDA_ALLOC_CONF=expandable_segments:True to avoid fragmentation.  See documentation for Memory Management  (https://docs.pytorch.org/docs/stable/notes/cuda.html#optimizing-memory-usage-with-pytorch-cuda-alloc-conf)

tests/gpu/exl3_cases.py:84: OutOfMemoryError
____________________ test_routing_repacked[K4-mtp-up-1024] _____________________

ops = <module 'vllm_exl3_plugin.ops' from '/workspace/kit/plugin-exl3/vllm_exl3_plugin/ops.py'>
monkeypatch = <_pytest.monkeypatch.MonkeyPatch object at 0x7fd43bdeb5f0>
tid = 'K4-mtp-up', m = 1024

    @pytest.mark.parametrize("m", [1, 48, 145, 385, 1024])
    @pytest.mark.parametrize("tid", [t for t in MR_TIDS if BITS[t] == 4])
    def test_routing_repacked(ops, monkeypatch, tid, m):
        """EXL3_MR=2: a repacked K4 runs exl3_gemm_mr to MULTI_ROW_MAX rows (the lm_head, n > 32768, at
        any row count); above, unpack + dequant gives the stored tensor's route bit for bit."""
        import torch
    
        monkeypatch.setattr(ops, "MR_MODE", 2)
        monkeypatch.setattr(ops, "MULTI_ROW_OP", ops.MR_OP)
>       w = weights(tid)
            ^^^^^^^^^^^^

tests/gpu/test_exl3_mr.py:227: 
_ _ _ _ _ _ _ _ _ _ _ _ _ _ _ _ _ _ _ _ _ _ _ _ _ _ _ _ _ _ _ _ _ _ _ _ _ _ _ _ 
tests/gpu/test_exl3_mr.py:69: in weights
    w = C.load(torch, tid)
        ^^^^^^^^^^^^^^^^^^
_ _ _ _ _ _ _ _ _ _ _ _ _ _ _ _ _ _ _ _ _ _ _ _ _ _ _ _ _ _ _ _ _ _ _ _ _ _ _ _ 

torch = <module 'torch' from '/workspace/kit-work/venv-cu13/lib/python3.12/site-packages/torch/__init__.py'>
tid = 'K4-mtp-up', device = 'cuda'

    def load(torch, tid: str, device="cuda") -> dict:
        """trellis/suh/svh (+ mcg/mul1 flags) of one checkpoint tensor, from the model's index."""
        import json
    
        from safetensors import safe_open
    
        prefix = TENSORS[tid][0]
        wm = json.loads((MODEL / "model.safetensors.index.json").read_text())["weight_map"]
        out = {"mcg": f"{prefix}.mcg" in wm, "mul1": f"{prefix}.mul1" in wm}
        for t in ("trellis", "suh", "svh"):
            with safe_open(str(MODEL / wm[f"{prefix}.{t}"]), framework="pt") as f:
>               out[t] = f.get_tensor(f"{prefix}.{t}").to(device).contiguous()
                         ^^^^^^^^^^^^^^^^^^^^^^^^^^^^^^^^^^^^^^^^
E               torch.OutOfMemoryError: CUDA out of memory. Tried to allocate 44.00 MiB. GPU 0 has a total capacity of 7.66 GiB of which 597.75 MiB is free. Including non-PyTorch memory, this process has 6.46 GiB memory in use. 6.22 GiB allowed; Of the allocated memory 6.21 GiB is allocated by PyTorch, and 2.84 MiB is reserved by PyTorch but unallocated. If reserved but unallocated memory is large try setting PYTORCH_CUDA_ALLOC_CONF=expandable_segments:True to avoid fragmentation.  See documentation for Memory Management  (https://docs.pytorch.org/docs/stable/notes/cuda.html#optimizing-memory-usage-with-pytorch-cuda-alloc-conf)

tests/gpu/exl3_cases.py:84: OutOfMemoryError
______________________ test_routing_repacked[K4-oproj-1] _______________________

ops = <module 'vllm_exl3_plugin.ops' from '/workspace/kit/plugin-exl3/vllm_exl3_plugin/ops.py'>
monkeypatch = <_pytest.monkeypatch.MonkeyPatch object at 0x7fd43bdea9c0>
tid = 'K4-oproj', m = 1

    @pytest.mark.parametrize("m", [1, 48, 145, 385, 1024])
    @pytest.mark.parametrize("tid", [t for t in MR_TIDS if BITS[t] == 4])
    def test_routing_repacked(ops, monkeypatch, tid, m):
        """EXL3_MR=2: a repacked K4 runs exl3_gemm_mr to MULTI_ROW_MAX rows (the lm_head, n > 32768, at
        any row count); above, unpack + dequant gives the stored tensor's route bit for bit."""
        import torch
    
        monkeypatch.setattr(ops, "MR_MODE", 2)
        monkeypatch.setattr(ops, "MULTI_ROW_OP", ops.MR_OP)
>       w = weights(tid)
            ^^^^^^^^^^^^

tests/gpu/test_exl3_mr.py:227: 
_ _ _ _ _ _ _ _ _ _ _ _ _ _ _ _ _ _ _ _ _ _ _ _ _ _ _ _ _ _ _ _ _ _ _ _ _ _ _ _ 
tests/gpu/test_exl3_mr.py:69: in weights
    w = C.load(torch, tid)
        ^^^^^^^^^^^^^^^^^^
_ _ _ _ _ _ _ _ _ _ _ _ _ _ _ _ _ _ _ _ _ _ _ _ _ _ _ _ _ _ _ _ _ _ _ _ _ _ _ _ 

torch = <module 'torch' from '/workspace/kit-work/venv-cu13/lib/python3.12/site-packages/torch/__init__.py'>
tid = 'K4-oproj', device = 'cuda'

    def load(torch, tid: str, device="cuda") -> dict:
        """trellis/suh/svh (+ mcg/mul1 flags) of one checkpoint tensor, from the model's index."""
        import json
    
        from safetensors import safe_open
    
        prefix = TENSORS[tid][0]
        wm = json.loads((MODEL / "model.safetensors.index.json").read_text())["weight_map"]
        out = {"mcg": f"{prefix}.mcg" in wm, "mul1": f"{prefix}.mul1" in wm}
        for t in ("trellis", "suh", "svh"):
            with safe_open(str(MODEL / wm[f"{prefix}.{t}"]), framework="pt") as f:
>               out[t] = f.get_tensor(f"{prefix}.{t}").to(device).contiguous()
                         ^^^^^^^^^^^^^^^^^^^^^^^^^^^^^^^^^^^^^^^^
E               torch.OutOfMemoryError: CUDA out of memory. Tried to allocate 16.00 MiB. GPU 0 has a total capacity of 7.66 GiB of which 597.75 MiB is free. Including non-PyTorch memory, this process has 6.46 GiB memory in use. 6.22 GiB allowed; Of the allocated memory 6.21 GiB is allocated by PyTorch, and 2.84 MiB is reserved by PyTorch but unallocated. If reserved but unallocated memory is large try setting PYTORCH_CUDA_ALLOC_CONF=expandable_segments:True to avoid fragmentation.  See documentation for Memory Management  (https://docs.pytorch.org/docs/stable/notes/cuda.html#optimizing-memory-usage-with-pytorch-cuda-alloc-conf)

tests/gpu/exl3_cases.py:84: OutOfMemoryError
______________________ test_routing_repacked[K4-oproj-48] ______________________

ops = <module 'vllm_exl3_plugin.ops' from '/workspace/kit/plugin-exl3/vllm_exl3_plugin/ops.py'>
monkeypatch = <_pytest.monkeypatch.MonkeyPatch object at 0x7fd43bdebc50>
tid = 'K4-oproj', m = 48

    @pytest.mark.parametrize("m", [1, 48, 145, 385, 1024])
    @pytest.mark.parametrize("tid", [t for t in MR_TIDS if BITS[t] == 4])
    def test_routing_repacked(ops, monkeypatch, tid, m):
        """EXL3_MR=2: a repacked K4 runs exl3_gemm_mr to MULTI_ROW_MAX rows (the lm_head, n > 32768, at
        any row count); above, unpack + dequant gives the stored tensor's route bit for bit."""
        import torch
    
        monkeypatch.setattr(ops, "MR_MODE", 2)
        monkeypatch.setattr(ops, "MULTI_ROW_OP", ops.MR_OP)
>       w = weights(tid)
            ^^^^^^^^^^^^

tests/gpu/test_exl3_mr.py:227: 
_ _ _ _ _ _ _ _ _ _ _ _ _ _ _ _ _ _ _ _ _ _ _ _ _ _ _ _ _ _ _ _ _ _ _ _ _ _ _ _ 
tests/gpu/test_exl3_mr.py:69: in weights
    w = C.load(torch, tid)
        ^^^^^^^^^^^^^^^^^^
_ _ _ _ _ _ _ _ _ _ _ _ _ _ _ _ _ _ _ _ _ _ _ _ _ _ _ _ _ _ _ _ _ _ _ _ _ _ _ _ 

torch = <module 'torch' from '/workspace/kit-work/venv-cu13/lib/python3.12/site-packages/torch/__init__.py'>
tid = 'K4-oproj', device = 'cuda'

    def load(torch, tid: str, device="cuda") -> dict:
        """trellis/suh/svh (+ mcg/mul1 flags) of one checkpoint tensor, from the model's index."""
        import json
    
        from safetensors import safe_open
    
        prefix = TENSORS[tid][0]
        wm = json.loads((MODEL / "model.safetensors.index.json").read_text())["weight_map"]
        out = {"mcg": f"{prefix}.mcg" in wm, "mul1": f"{prefix}.mul1" in wm}
        for t in ("trellis", "suh", "svh"):
            with safe_open(str(MODEL / wm[f"{prefix}.{t}"]), framework="pt") as f:
>               out[t] = f.get_tensor(f"{prefix}.{t}").to(device).contiguous()
                         ^^^^^^^^^^^^^^^^^^^^^^^^^^^^^^^^^^^^^^^^
E               torch.OutOfMemoryError: CUDA out of memory. Tried to allocate 16.00 MiB. GPU 0 has a total capacity of 7.66 GiB of which 597.75 MiB is free. Including non-PyTorch memory, this process has 6.46 GiB memory in use. 6.22 GiB allowed; Of the allocated memory 6.21 GiB is allocated by PyTorch, and 2.84 MiB is reserved by PyTorch but unallocated. If reserved but unallocated memory is large try setting PYTORCH_CUDA_ALLOC_CONF=expandable_segments:True to avoid fragmentation.  See documentation for Memory Management  (https://docs.pytorch.org/docs/stable/notes/cuda.html#optimizing-memory-usage-with-pytorch-cuda-alloc-conf)

tests/gpu/exl3_cases.py:84: OutOfMemoryError
_____________________ test_routing_repacked[K4-oproj-145] ______________________

ops = <module 'vllm_exl3_plugin.ops' from '/workspace/kit/plugin-exl3/vllm_exl3_plugin/ops.py'>
monkeypatch = <_pytest.monkeypatch.MonkeyPatch object at 0x7fd43bdea5d0>
tid = 'K4-oproj', m = 145

    @pytest.mark.parametrize("m", [1, 48, 145, 385, 1024])
    @pytest.mark.parametrize("tid", [t for t in MR_TIDS if BITS[t] == 4])
    def test_routing_repacked(ops, monkeypatch, tid, m):
        """EXL3_MR=2: a repacked K4 runs exl3_gemm_mr to MULTI_ROW_MAX rows (the lm_head, n > 32768, at
        any row count); above, unpack + dequant gives the stored tensor's route bit for bit."""
        import torch
    
        monkeypatch.setattr(ops, "MR_MODE", 2)
        monkeypatch.setattr(ops, "MULTI_ROW_OP", ops.MR_OP)
>       w = weights(tid)
            ^^^^^^^^^^^^

tests/gpu/test_exl3_mr.py:227: 
_ _ _ _ _ _ _ _ _ _ _ _ _ _ _ _ _ _ _ _ _ _ _ _ _ _ _ _ _ _ _ _ _ _ _ _ _ _ _ _ 
tests/gpu/test_exl3_mr.py:69: in weights
    w = C.load(torch, tid)
        ^^^^^^^^^^^^^^^^^^
_ _ _ _ _ _ _ _ _ _ _ _ _ _ _ _ _ _ _ _ _ _ _ _ _ _ _ _ _ _ _ _ _ _ _ _ _ _ _ _ 

torch = <module 'torch' from '/workspace/kit-work/venv-cu13/lib/python3.12/site-packages/torch/__init__.py'>
tid = 'K4-oproj', device = 'cuda'

    def load(torch, tid: str, device="cuda") -> dict:
        """trellis/suh/svh (+ mcg/mul1 flags) of one checkpoint tensor, from the model's index."""
        import json
    
        from safetensors import safe_open
    
        prefix = TENSORS[tid][0]
        wm = json.loads((MODEL / "model.safetensors.index.json").read_text())["weight_map"]
        out = {"mcg": f"{prefix}.mcg" in wm, "mul1": f"{prefix}.mul1" in wm}
        for t in ("trellis", "suh", "svh"):
            with safe_open(str(MODEL / wm[f"{prefix}.{t}"]), framework="pt") as f:
>               out[t] = f.get_tensor(f"{prefix}.{t}").to(device).contiguous()
                         ^^^^^^^^^^^^^^^^^^^^^^^^^^^^^^^^^^^^^^^^
E               torch.OutOfMemoryError: CUDA out of memory. Tried to allocate 16.00 MiB. GPU 0 has a total capacity of 7.66 GiB of which 597.75 MiB is free. Including non-PyTorch memory, this process has 6.46 GiB memory in use. 6.22 GiB allowed; Of the allocated memory 6.21 GiB is allocated by PyTorch, and 2.84 MiB is reserved by PyTorch but unallocated. If reserved but unallocated memory is large try setting PYTORCH_CUDA_ALLOC_CONF=expandable_segments:True to avoid fragmentation.  See documentation for Memory Management  (https://docs.pytorch.org/docs/stable/notes/cuda.html#optimizing-memory-usage-with-pytorch-cuda-alloc-conf)

tests/gpu/exl3_cases.py:84: OutOfMemoryError
_____________________ test_routing_repacked[K4-oproj-385] ______________________

ops = <module 'vllm_exl3_plugin.ops' from '/workspace/kit/plugin-exl3/vllm_exl3_plugin/ops.py'>
monkeypatch = <_pytest.monkeypatch.MonkeyPatch object at 0x7fd43bdebf50>
tid = 'K4-oproj', m = 385

    @pytest.mark.parametrize("m", [1, 48, 145, 385, 1024])
    @pytest.mark.parametrize("tid", [t for t in MR_TIDS if BITS[t] == 4])
    def test_routing_repacked(ops, monkeypatch, tid, m):
        """EXL3_MR=2: a repacked K4 runs exl3_gemm_mr to MULTI_ROW_MAX rows (the lm_head, n > 32768, at
        any row count); above, unpack + dequant gives the stored tensor's route bit for bit."""
        import torch
    
        monkeypatch.setattr(ops, "MR_MODE", 2)
        monkeypatch.setattr(ops, "MULTI_ROW_OP", ops.MR_OP)
>       w = weights(tid)
            ^^^^^^^^^^^^

tests/gpu/test_exl3_mr.py:227: 
_ _ _ _ _ _ _ _ _ _ _ _ _ _ _ _ _ _ _ _ _ _ _ _ _ _ _ _ _ _ _ _ _ _ _ _ _ _ _ _ 
tests/gpu/test_exl3_mr.py:69: in weights
    w = C.load(torch, tid)
        ^^^^^^^^^^^^^^^^^^
_ _ _ _ _ _ _ _ _ _ _ _ _ _ _ _ _ _ _ _ _ _ _ _ _ _ _ _ _ _ _ _ _ _ _ _ _ _ _ _ 

torch = <module 'torch' from '/workspace/kit-work/venv-cu13/lib/python3.12/site-packages/torch/__init__.py'>
tid = 'K4-oproj', device = 'cuda'

    def load(torch, tid: str, device="cuda") -> dict:
        """trellis/suh/svh (+ mcg/mul1 flags) of one checkpoint tensor, from the model's index."""
        import json
    
        from safetensors import safe_open
    
        prefix = TENSORS[tid][0]
        wm = json.loads((MODEL / "model.safetensors.index.json").read_text())["weight_map"]
        out = {"mcg": f"{prefix}.mcg" in wm, "mul1": f"{prefix}.mul1" in wm}
        for t in ("trellis", "suh", "svh"):
            with safe_open(str(MODEL / wm[f"{prefix}.{t}"]), framework="pt") as f:
>               out[t] = f.get_tensor(f"{prefix}.{t}").to(device).contiguous()
                         ^^^^^^^^^^^^^^^^^^^^^^^^^^^^^^^^^^^^^^^^
E               torch.OutOfMemoryError: CUDA out of memory. Tried to allocate 16.00 MiB. GPU 0 has a total capacity of 7.66 GiB of which 597.75 MiB is free. Including non-PyTorch memory, this process has 6.46 GiB memory in use. 6.22 GiB allowed; Of the allocated memory 6.21 GiB is allocated by PyTorch, and 2.84 MiB is reserved by PyTorch but unallocated. If reserved but unallocated memory is large try setting PYTORCH_CUDA_ALLOC_CONF=expandable_segments:True to avoid fragmentation.  See documentation for Memory Management  (https://docs.pytorch.org/docs/stable/notes/cuda.html#optimizing-memory-usage-with-pytorch-cuda-alloc-conf)

tests/gpu/exl3_cases.py:84: OutOfMemoryError
_____________________ test_routing_repacked[K4-oproj-1024] _____________________

ops = <module 'vllm_exl3_plugin.ops' from '/workspace/kit/plugin-exl3/vllm_exl3_plugin/ops.py'>
monkeypatch = <_pytest.monkeypatch.MonkeyPatch object at 0x7fd43bc9f1a0>
tid = 'K4-oproj', m = 1024

    @pytest.mark.parametrize("m", [1, 48, 145, 385, 1024])
    @pytest.mark.parametrize("tid", [t for t in MR_TIDS if BITS[t] == 4])
    def test_routing_repacked(ops, monkeypatch, tid, m):
        """EXL3_MR=2: a repacked K4 runs exl3_gemm_mr to MULTI_ROW_MAX rows (the lm_head, n > 32768, at
        any row count); above, unpack + dequant gives the stored tensor's route bit for bit."""
        import torch
    
        monkeypatch.setattr(ops, "MR_MODE", 2)
        monkeypatch.setattr(ops, "MULTI_ROW_OP", ops.MR_OP)
>       w = weights(tid)
            ^^^^^^^^^^^^

tests/gpu/test_exl3_mr.py:227: 
_ _ _ _ _ _ _ _ _ _ _ _ _ _ _ _ _ _ _ _ _ _ _ _ _ _ _ _ _ _ _ _ _ _ _ _ _ _ _ _ 
tests/gpu/test_exl3_mr.py:69: in weights
    w = C.load(torch, tid)
        ^^^^^^^^^^^^^^^^^^
_ _ _ _ _ _ _ _ _ _ _ _ _ _ _ _ _ _ _ _ _ _ _ _ _ _ _ _ _ _ _ _ _ _ _ _ _ _ _ _ 

torch = <module 'torch' from '/workspace/kit-work/venv-cu13/lib/python3.12/site-packages/torch/__init__.py'>
tid = 'K4-oproj', device = 'cuda'

    def load(torch, tid: str, device="cuda") -> dict:
        """trellis/suh/svh (+ mcg/mul1 flags) of one checkpoint tensor, from the model's index."""
        import json
    
        from safetensors import safe_open
    
        prefix = TENSORS[tid][0]
        wm = json.loads((MODEL / "model.safetensors.index.json").read_text())["weight_map"]
        out = {"mcg": f"{prefix}.mcg" in wm, "mul1": f"{prefix}.mul1" in wm}
        for t in ("trellis", "suh", "svh"):
            with safe_open(str(MODEL / wm[f"{prefix}.{t}"]), framework="pt") as f:
>               out[t] = f.get_tensor(f"{prefix}.{t}").to(device).contiguous()
                         ^^^^^^^^^^^^^^^^^^^^^^^^^^^^^^^^^^^^^^^^
E               torch.OutOfMemoryError: CUDA out of memory. Tried to allocate 16.00 MiB. GPU 0 has a total capacity of 7.66 GiB of which 597.75 MiB is free. Including non-PyTorch memory, this process has 6.46 GiB memory in use. 6.22 GiB allowed; Of the allocated memory 6.21 GiB is allocated by PyTorch, and 2.84 MiB is reserved by PyTorch but unallocated. If reserved but unallocated memory is large try setting PYTORCH_CUDA_ALLOC_CONF=expandable_segments:True to avoid fragmentation.  See documentation for Memory Management  (https://docs.pytorch.org/docs/stable/notes/cuda.html#optimizing-memory-usage-with-pytorch-cuda-alloc-conf)

tests/gpu/exl3_cases.py:84: OutOfMemoryError
______________________ test_routing_repacked[K4-lmhead-1] ______________________

ops = <module 'vllm_exl3_plugin.ops' from '/workspace/kit/plugin-exl3/vllm_exl3_plugin/ops.py'>
monkeypatch = <_pytest.monkeypatch.MonkeyPatch object at 0x7fd43bc9c4a0>
tid = 'K4-lmhead', m = 1

    @pytest.mark.parametrize("m", [1, 48, 145, 385, 1024])
    @pytest.mark.parametrize("tid", [t for t in MR_TIDS if BITS[t] == 4])
    def test_routing_repacked(ops, monkeypatch, tid, m):
        """EXL3_MR=2: a repacked K4 runs exl3_gemm_mr to MULTI_ROW_MAX rows (the lm_head, n > 32768, at
        any row count); above, unpack + dequant gives the stored tensor's route bit for bit."""
        import torch
    
        monkeypatch.setattr(ops, "MR_MODE", 2)
        monkeypatch.setattr(ops, "MULTI_ROW_OP", ops.MR_OP)
>       w = weights(tid)
            ^^^^^^^^^^^^

tests/gpu/test_exl3_mr.py:227: 
_ _ _ _ _ _ _ _ _ _ _ _ _ _ _ _ _ _ _ _ _ _ _ _ _ _ _ _ _ _ _ _ _ _ _ _ _ _ _ _ 
tests/gpu/test_exl3_mr.py:69: in weights
    w = C.load(torch, tid)
        ^^^^^^^^^^^^^^^^^^
_ _ _ _ _ _ _ _ _ _ _ _ _ _ _ _ _ _ _ _ _ _ _ _ _ _ _ _ _ _ _ _ _ _ _ _ _ _ _ _ 

torch = <module 'torch' from '/workspace/kit-work/venv-cu13/lib/python3.12/site-packages/torch/__init__.py'>
tid = 'K4-lmhead', device = 'cuda'

    def load(torch, tid: str, device="cuda") -> dict:
        """trellis/suh/svh (+ mcg/mul1 flags) of one checkpoint tensor, from the model's index."""
        import json
    
        from safetensors import safe_open
    
        prefix = TENSORS[tid][0]
        wm = json.loads((MODEL / "model.safetensors.index.json").read_text())["weight_map"]
        out = {"mcg": f"{prefix}.mcg" in wm, "mul1": f"{prefix}.mul1" in wm}
        for t in ("trellis", "suh", "svh"):
            with safe_open(str(MODEL / wm[f"{prefix}.{t}"]), framework="pt") as f:
>               out[t] = f.get_tensor(f"{prefix}.{t}").to(device).contiguous()
                         ^^^^^^^^^^^^^^^^^^^^^^^^^^^^^^^^^^^^^^^^
E               torch.OutOfMemoryError: CUDA out of memory. Tried to allocate 608.00 MiB. GPU 0 has a total capacity of 7.66 GiB of which 597.75 MiB is free. Including non-PyTorch memory, this process has 6.46 GiB memory in use. 6.22 GiB allowed; Of the allocated memory 6.21 GiB is allocated by PyTorch, and 2.84 MiB is reserved by PyTorch but unallocated. If reserved but unallocated memory is large try setting PYTORCH_CUDA_ALLOC_CONF=expandable_segments:True to avoid fragmentation.  See documentation for Memory Management  (https://docs.pytorch.org/docs/stable/notes/cuda.html#optimizing-memory-usage-with-pytorch-cuda-alloc-conf)

tests/gpu/exl3_cases.py:84: OutOfMemoryError
_____________________ test_routing_repacked[K4-lmhead-48] ______________________

ops = <module 'vllm_exl3_plugin.ops' from '/workspace/kit/plugin-exl3/vllm_exl3_plugin/ops.py'>
monkeypatch = <_pytest.monkeypatch.MonkeyPatch object at 0x7fd43bc9f7d0>
tid = 'K4-lmhead', m = 48

    @pytest.mark.parametrize("m", [1, 48, 145, 385, 1024])
    @pytest.mark.parametrize("tid", [t for t in MR_TIDS if BITS[t] == 4])
    def test_routing_repacked(ops, monkeypatch, tid, m):
        """EXL3_MR=2: a repacked K4 runs exl3_gemm_mr to MULTI_ROW_MAX rows (the lm_head, n > 32768, at
        any row count); above, unpack + dequant gives the stored tensor's route bit for bit."""
        import torch
    
        monkeypatch.setattr(ops, "MR_MODE", 2)
        monkeypatch.setattr(ops, "MULTI_ROW_OP", ops.MR_OP)
>       w = weights(tid)
            ^^^^^^^^^^^^

tests/gpu/test_exl3_mr.py:227: 
_ _ _ _ _ _ _ _ _ _ _ _ _ _ _ _ _ _ _ _ _ _ _ _ _ _ _ _ _ _ _ _ _ _ _ _ _ _ _ _ 
tests/gpu/test_exl3_mr.py:69: in weights
    w = C.load(torch, tid)
        ^^^^^^^^^^^^^^^^^^
_ _ _ _ _ _ _ _ _ _ _ _ _ _ _ _ _ _ _ _ _ _ _ _ _ _ _ _ _ _ _ _ _ _ _ _ _ _ _ _ 

torch = <module 'torch' from '/workspace/kit-work/venv-cu13/lib/python3.12/site-packages/torch/__init__.py'>
tid = 'K4-lmhead', device = 'cuda'

    def load(torch, tid: str, device="cuda") -> dict:
        """trellis/suh/svh (+ mcg/mul1 flags) of one checkpoint tensor, from the model's index."""
        import json
    
        from safetensors import safe_open
    
        prefix = TENSORS[tid][0]
        wm = json.loads((MODEL / "model.safetensors.index.json").read_text())["weight_map"]
        out = {"mcg": f"{prefix}.mcg" in wm, "mul1": f"{prefix}.mul1" in wm}
        for t in ("trellis", "suh", "svh"):
            with safe_open(str(MODEL / wm[f"{prefix}.{t}"]), framework="pt") as f:
>               out[t] = f.get_tensor(f"{prefix}.{t}").to(device).contiguous()
                         ^^^^^^^^^^^^^^^^^^^^^^^^^^^^^^^^^^^^^^^^
E               torch.OutOfMemoryError: CUDA out of memory. Tried to allocate 608.00 MiB. GPU 0 has a total capacity of 7.66 GiB of which 597.75 MiB is free. Including non-PyTorch memory, this process has 6.46 GiB memory in use. 6.22 GiB allowed; Of the allocated memory 6.21 GiB is allocated by PyTorch, and 2.84 MiB is reserved by PyTorch but unallocated. If reserved but unallocated memory is large try setting PYTORCH_CUDA_ALLOC_CONF=expandable_segments:True to avoid fragmentation.  See documentation for Memory Management  (https://docs.pytorch.org/docs/stable/notes/cuda.html#optimizing-memory-usage-with-pytorch-cuda-alloc-conf)

tests/gpu/exl3_cases.py:84: OutOfMemoryError
_____________________ test_routing_repacked[K4-lmhead-145] _____________________

ops = <module 'vllm_exl3_plugin.ops' from '/workspace/kit/plugin-exl3/vllm_exl3_plugin/ops.py'>
monkeypatch = <_pytest.monkeypatch.MonkeyPatch object at 0x7fd43bc9cbc0>
tid = 'K4-lmhead', m = 145

    @pytest.mark.parametrize("m", [1, 48, 145, 385, 1024])
    @pytest.mark.parametrize("tid", [t for t in MR_TIDS if BITS[t] == 4])
    def test_routing_repacked(ops, monkeypatch, tid, m):
        """EXL3_MR=2: a repacked K4 runs exl3_gemm_mr to MULTI_ROW_MAX rows (the lm_head, n > 32768, at
        any row count); above, unpack + dequant gives the stored tensor's route bit for bit."""
        import torch
    
        monkeypatch.setattr(ops, "MR_MODE", 2)
        monkeypatch.setattr(ops, "MULTI_ROW_OP", ops.MR_OP)
>       w = weights(tid)
            ^^^^^^^^^^^^

tests/gpu/test_exl3_mr.py:227: 
_ _ _ _ _ _ _ _ _ _ _ _ _ _ _ _ _ _ _ _ _ _ _ _ _ _ _ _ _ _ _ _ _ _ _ _ _ _ _ _ 
tests/gpu/test_exl3_mr.py:69: in weights
    w = C.load(torch, tid)
        ^^^^^^^^^^^^^^^^^^
_ _ _ _ _ _ _ _ _ _ _ _ _ _ _ _ _ _ _ _ _ _ _ _ _ _ _ _ _ _ _ _ _ _ _ _ _ _ _ _ 

torch = <module 'torch' from '/workspace/kit-work/venv-cu13/lib/python3.12/site-packages/torch/__init__.py'>
tid = 'K4-lmhead', device = 'cuda'

    def load(torch, tid: str, device="cuda") -> dict:
        """trellis/suh/svh (+ mcg/mul1 flags) of one checkpoint tensor, from the model's index."""
        import json
    
        from safetensors import safe_open
    
        prefix = TENSORS[tid][0]
        wm = json.loads((MODEL / "model.safetensors.index.json").read_text())["weight_map"]
        out = {"mcg": f"{prefix}.mcg" in wm, "mul1": f"{prefix}.mul1" in wm}
        for t in ("trellis", "suh", "svh"):
            with safe_open(str(MODEL / wm[f"{prefix}.{t}"]), framework="pt") as f:
>               out[t] = f.get_tensor(f"{prefix}.{t}").to(device).contiguous()
                         ^^^^^^^^^^^^^^^^^^^^^^^^^^^^^^^^^^^^^^^^
E               torch.OutOfMemoryError: CUDA out of memory. Tried to allocate 608.00 MiB. GPU 0 has a total capacity of 7.66 GiB of which 597.75 MiB is free. Including non-PyTorch memory, this process has 6.46 GiB memory in use. 6.22 GiB allowed; Of the allocated memory 6.21 GiB is allocated by PyTorch, and 2.84 MiB is reserved by PyTorch but unallocated. If reserved but unallocated memory is large try setting PYTORCH_CUDA_ALLOC_CONF=expandable_segments:True to avoid fragmentation.  See documentation for Memory Management  (https://docs.pytorch.org/docs/stable/notes/cuda.html#optimizing-memory-usage-with-pytorch-cuda-alloc-conf)

tests/gpu/exl3_cases.py:84: OutOfMemoryError
_____________________ test_routing_repacked[K4-lmhead-385] _____________________

ops = <module 'vllm_exl3_plugin.ops' from '/workspace/kit/plugin-exl3/vllm_exl3_plugin/ops.py'>
monkeypatch = <_pytest.monkeypatch.MonkeyPatch object at 0x7fd43bc9fdd0>
tid = 'K4-lmhead', m = 385

    @pytest.mark.parametrize("m", [1, 48, 145, 385, 1024])
    @pytest.mark.parametrize("tid", [t for t in MR_TIDS if BITS[t] == 4])
    def test_routing_repacked(ops, monkeypatch, tid, m):
        """EXL3_MR=2: a repacked K4 runs exl3_gemm_mr to MULTI_ROW_MAX rows (the lm_head, n > 32768, at
        any row count); above, unpack + dequant gives the stored tensor's route bit for bit."""
        import torch
    
        monkeypatch.setattr(ops, "MR_MODE", 2)
        monkeypatch.setattr(ops, "MULTI_ROW_OP", ops.MR_OP)
>       w = weights(tid)
            ^^^^^^^^^^^^

tests/gpu/test_exl3_mr.py:227: 
_ _ _ _ _ _ _ _ _ _ _ _ _ _ _ _ _ _ _ _ _ _ _ _ _ _ _ _ _ _ _ _ _ _ _ _ _ _ _ _ 
tests/gpu/test_exl3_mr.py:69: in weights
    w = C.load(torch, tid)
        ^^^^^^^^^^^^^^^^^^
_ _ _ _ _ _ _ _ _ _ _ _ _ _ _ _ _ _ _ _ _ _ _ _ _ _ _ _ _ _ _ _ _ _ _ _ _ _ _ _ 

torch = <module 'torch' from '/workspace/kit-work/venv-cu13/lib/python3.12/site-packages/torch/__init__.py'>
tid = 'K4-lmhead', device = 'cuda'

    def load(torch, tid: str, device="cuda") -> dict:
        """trellis/suh/svh (+ mcg/mul1 flags) of one checkpoint tensor, from the model's index."""
        import json
    
        from safetensors import safe_open
    
        prefix = TENSORS[tid][0]
        wm = json.loads((MODEL / "model.safetensors.index.json").read_text())["weight_map"]
        out = {"mcg": f"{prefix}.mcg" in wm, "mul1": f"{prefix}.mul1" in wm}
        for t in ("trellis", "suh", "svh"):
            with safe_open(str(MODEL / wm[f"{prefix}.{t}"]), framework="pt") as f:
>               out[t] = f.get_tensor(f"{prefix}.{t}").to(device).contiguous()
                         ^^^^^^^^^^^^^^^^^^^^^^^^^^^^^^^^^^^^^^^^
E               torch.OutOfMemoryError: CUDA out of memory. Tried to allocate 608.00 MiB. GPU 0 has a total capacity of 7.66 GiB of which 597.75 MiB is free. Including non-PyTorch memory, this process has 6.46 GiB memory in use. 6.22 GiB allowed; Of the allocated memory 6.21 GiB is allocated by PyTorch, and 2.84 MiB is reserved by PyTorch but unallocated. If reserved but unallocated memory is large try setting PYTORCH_CUDA_ALLOC_CONF=expandable_segments:True to avoid fragmentation.  See documentation for Memory Management  (https://docs.pytorch.org/docs/stable/notes/cuda.html#optimizing-memory-usage-with-pytorch-cuda-alloc-conf)

tests/gpu/exl3_cases.py:84: OutOfMemoryError
____________________ test_routing_repacked[K4-lmhead-1024] _____________________

ops = <module 'vllm_exl3_plugin.ops' from '/workspace/kit/plugin-exl3/vllm_exl3_plugin/ops.py'>
monkeypatch = <_pytest.monkeypatch.MonkeyPatch object at 0x7fd43bcf7200>
tid = 'K4-lmhead', m = 1024

    @pytest.mark.parametrize("m", [1, 48, 145, 385, 1024])
    @pytest.mark.parametrize("tid", [t for t in MR_TIDS if BITS[t] == 4])
    def test_routing_repacked(ops, monkeypatch, tid, m):
        """EXL3_MR=2: a repacked K4 runs exl3_gemm_mr to MULTI_ROW_MAX rows (the lm_head, n > 32768, at
        any row count); above, unpack + dequant gives the stored tensor's route bit for bit."""
        import torch
    
        monkeypatch.setattr(ops, "MR_MODE", 2)
        monkeypatch.setattr(ops, "MULTI_ROW_OP", ops.MR_OP)
>       w = weights(tid)
            ^^^^^^^^^^^^

tests/gpu/test_exl3_mr.py:227: 
_ _ _ _ _ _ _ _ _ _ _ _ _ _ _ _ _ _ _ _ _ _ _ _ _ _ _ _ _ _ _ _ _ _ _ _ _ _ _ _ 
tests/gpu/test_exl3_mr.py:69: in weights
    w = C.load(torch, tid)
        ^^^^^^^^^^^^^^^^^^
_ _ _ _ _ _ _ _ _ _ _ _ _ _ _ _ _ _ _ _ _ _ _ _ _ _ _ _ _ _ _ _ _ _ _ _ _ _ _ _ 

torch = <module 'torch' from '/workspace/kit-work/venv-cu13/lib/python3.12/site-packages/torch/__init__.py'>
tid = 'K4-lmhead', device = 'cuda'

    def load(torch, tid: str, device="cuda") -> dict:
        """trellis/suh/svh (+ mcg/mul1 flags) of one checkpoint tensor, from the model's index."""
        import json
    
        from safetensors import safe_open
    
        prefix = TENSORS[tid][0]
        wm = json.loads((MODEL / "model.safetensors.index.json").read_text())["weight_map"]
        out = {"mcg": f"{prefix}.mcg" in wm, "mul1": f"{prefix}.mul1" in wm}
        for t in ("trellis", "suh", "svh"):
            with safe_open(str(MODEL / wm[f"{prefix}.{t}"]), framework="pt") as f:
>               out[t] = f.get_tensor(f"{prefix}.{t}").to(device).contiguous()
                         ^^^^^^^^^^^^^^^^^^^^^^^^^^^^^^^^^^^^^^^^
E               torch.OutOfMemoryError: CUDA out of memory. Tried to allocate 608.00 MiB. GPU 0 has a total capacity of 7.66 GiB of which 597.75 MiB is free. Including non-PyTorch memory, this process has 6.46 GiB memory in use. 6.22 GiB allowed; Of the allocated memory 6.21 GiB is allocated by PyTorch, and 2.84 MiB is reserved by PyTorch but unallocated. If reserved but unallocated memory is large try setting PYTORCH_CUDA_ALLOC_CONF=expandable_segments:True to avoid fragmentation.  See documentation for Memory Management  (https://docs.pytorch.org/docs/stable/notes/cuda.html#optimizing-memory-usage-with-pytorch-cuda-alloc-conf)

tests/gpu/exl3_cases.py:84: OutOfMemoryError
________________________ test_graph_replay[K3-down-17] _________________________

ops = <module 'vllm_exl3_plugin.ops' from '/workspace/kit/plugin-exl3/vllm_exl3_plugin/ops.py'>
tid = 'K3-down', m = 17

    @pytest.mark.parametrize("m", [1, 4, 17, 24, 48])
    @pytest.mark.parametrize("tid", ["K3-down", "K4-kproj", "K5-kproj", C.HEAD])
    def test_graph_replay(ops, tid, m):
        import torch
    
        if tid not in MR_TIDS or (BITS[tid] != 4 and m < 17):
            pytest.skip("not routed to exl3_gemm_mr")
>       w = weights(tid)
            ^^^^^^^^^^^^

tests/gpu/test_exl3_mr.py:249: 
_ _ _ _ _ _ _ _ _ _ _ _ _ _ _ _ _ _ _ _ _ _ _ _ _ _ _ _ _ _ _ _ _ _ _ _ _ _ _ _ 
tests/gpu/test_exl3_mr.py:69: in weights
    w = C.load(torch, tid)
        ^^^^^^^^^^^^^^^^^^
_ _ _ _ _ _ _ _ _ _ _ _ _ _ _ _ _ _ _ _ _ _ _ _ _ _ _ _ _ _ _ _ _ _ _ _ _ _ _ _ 

torch = <module 'torch' from '/workspace/kit-work/venv-cu13/lib/python3.12/site-packages/torch/__init__.py'>
tid = 'K3-down', device = 'cuda'

    def load(torch, tid: str, device="cuda") -> dict:
        """trellis/suh/svh (+ mcg/mul1 flags) of one checkpoint tensor, from the model's index."""
        import json
    
        from safetensors import safe_open
    
        prefix = TENSORS[tid][0]
        wm = json.loads((MODEL / "model.safetensors.index.json").read_text())["weight_map"]
        out = {"mcg": f"{prefix}.mcg" in wm, "mul1": f"{prefix}.mul1" in wm}
        for t in ("trellis", "suh", "svh"):
            with safe_open(str(MODEL / wm[f"{prefix}.{t}"]), framework="pt") as f:
>               out[t] = f.get_tensor(f"{prefix}.{t}").to(device).contiguous()
                         ^^^^^^^^^^^^^^^^^^^^^^^^^^^^^^^^^^^^^^^^
E               torch.OutOfMemoryError: CUDA out of memory. Tried to allocate 32.00 MiB. GPU 0 has a total capacity of 7.66 GiB of which 597.75 MiB is free. Including non-PyTorch memory, this process has 6.46 GiB memory in use. 6.22 GiB allowed; Of the allocated memory 6.21 GiB is allocated by PyTorch, and 2.84 MiB is reserved by PyTorch but unallocated. If reserved but unallocated memory is large try setting PYTORCH_CUDA_ALLOC_CONF=expandable_segments:True to avoid fragmentation.  See documentation for Memory Management  (https://docs.pytorch.org/docs/stable/notes/cuda.html#optimizing-memory-usage-with-pytorch-cuda-alloc-conf)

tests/gpu/exl3_cases.py:84: OutOfMemoryError
________________________ test_graph_replay[K3-down-24] _________________________

ops = <module 'vllm_exl3_plugin.ops' from '/workspace/kit/plugin-exl3/vllm_exl3_plugin/ops.py'>
tid = 'K3-down', m = 24

    @pytest.mark.parametrize("m", [1, 4, 17, 24, 48])
    @pytest.mark.parametrize("tid", ["K3-down", "K4-kproj", "K5-kproj", C.HEAD])
    def test_graph_replay(ops, tid, m):
        import torch
    
        if tid not in MR_TIDS or (BITS[tid] != 4 and m < 17):
            pytest.skip("not routed to exl3_gemm_mr")
>       w = weights(tid)
            ^^^^^^^^^^^^

tests/gpu/test_exl3_mr.py:249: 
_ _ _ _ _ _ _ _ _ _ _ _ _ _ _ _ _ _ _ _ _ _ _ _ _ _ _ _ _ _ _ _ _ _ _ _ _ _ _ _ 
tests/gpu/test_exl3_mr.py:69: in weights
    w = C.load(torch, tid)
        ^^^^^^^^^^^^^^^^^^
_ _ _ _ _ _ _ _ _ _ _ _ _ _ _ _ _ _ _ _ _ _ _ _ _ _ _ _ _ _ _ _ _ _ _ _ _ _ _ _ 

torch = <module 'torch' from '/workspace/kit-work/venv-cu13/lib/python3.12/site-packages/torch/__init__.py'>
tid = 'K3-down', device = 'cuda'

    def load(torch, tid: str, device="cuda") -> dict:
        """trellis/suh/svh (+ mcg/mul1 flags) of one checkpoint tensor, from the model's index."""
        import json
    
        from safetensors import safe_open
    
        prefix = TENSORS[tid][0]
        wm = json.loads((MODEL / "model.safetensors.index.json").read_text())["weight_map"]
        out = {"mcg": f"{prefix}.mcg" in wm, "mul1": f"{prefix}.mul1" in wm}
        for t in ("trellis", "suh", "svh"):
            with safe_open(str(MODEL / wm[f"{prefix}.{t}"]), framework="pt") as f:
>               out[t] = f.get_tensor(f"{prefix}.{t}").to(device).contiguous()
                         ^^^^^^^^^^^^^^^^^^^^^^^^^^^^^^^^^^^^^^^^
E               torch.OutOfMemoryError: CUDA out of memory. Tried to allocate 32.00 MiB. GPU 0 has a total capacity of 7.66 GiB of which 597.75 MiB is free. Including non-PyTorch memory, this process has 6.46 GiB memory in use. 6.22 GiB allowed; Of the allocated memory 6.21 GiB is allocated by PyTorch, and 2.84 MiB is reserved by PyTorch but unallocated. If reserved but unallocated memory is large try setting PYTORCH_CUDA_ALLOC_CONF=expandable_segments:True to avoid fragmentation.  See documentation for Memory Management  (https://docs.pytorch.org/docs/stable/notes/cuda.html#optimizing-memory-usage-with-pytorch-cuda-alloc-conf)

tests/gpu/exl3_cases.py:84: OutOfMemoryError
________________________ test_graph_replay[K3-down-48] _________________________

ops = <module 'vllm_exl3_plugin.ops' from '/workspace/kit/plugin-exl3/vllm_exl3_plugin/ops.py'>
tid = 'K3-down', m = 48

    @pytest.mark.parametrize("m", [1, 4, 17, 24, 48])
    @pytest.mark.parametrize("tid", ["K3-down", "K4-kproj", "K5-kproj", C.HEAD])
    def test_graph_replay(ops, tid, m):
        import torch
    
        if tid not in MR_TIDS or (BITS[tid] != 4 and m < 17):
            pytest.skip("not routed to exl3_gemm_mr")
>       w = weights(tid)
            ^^^^^^^^^^^^

tests/gpu/test_exl3_mr.py:249: 
_ _ _ _ _ _ _ _ _ _ _ _ _ _ _ _ _ _ _ _ _ _ _ _ _ _ _ _ _ _ _ _ _ _ _ _ _ _ _ _ 
tests/gpu/test_exl3_mr.py:69: in weights
    w = C.load(torch, tid)
        ^^^^^^^^^^^^^^^^^^
_ _ _ _ _ _ _ _ _ _ _ _ _ _ _ _ _ _ _ _ _ _ _ _ _ _ _ _ _ _ _ _ _ _ _ _ _ _ _ _ 

torch = <module 'torch' from '/workspace/kit-work/venv-cu13/lib/python3.12/site-packages/torch/__init__.py'>
tid = 'K3-down', device = 'cuda'

    def load(torch, tid: str, device="cuda") -> dict:
        """trellis/suh/svh (+ mcg/mul1 flags) of one checkpoint tensor, from the model's index."""
        import json
    
        from safetensors import safe_open
    
        prefix = TENSORS[tid][0]
        wm = json.loads((MODEL / "model.safetensors.index.json").read_text())["weight_map"]
        out = {"mcg": f"{prefix}.mcg" in wm, "mul1": f"{prefix}.mul1" in wm}
        for t in ("trellis", "suh", "svh"):
            with safe_open(str(MODEL / wm[f"{prefix}.{t}"]), framework="pt") as f:
>               out[t] = f.get_tensor(f"{prefix}.{t}").to(device).contiguous()
                         ^^^^^^^^^^^^^^^^^^^^^^^^^^^^^^^^^^^^^^^^
E               torch.OutOfMemoryError: CUDA out of memory. Tried to allocate 32.00 MiB. GPU 0 has a total capacity of 7.66 GiB of which 597.75 MiB is free. Including non-PyTorch memory, this process has 6.46 GiB memory in use. 6.22 GiB allowed; Of the allocated memory 6.21 GiB is allocated by PyTorch, and 2.84 MiB is reserved by PyTorch but unallocated. If reserved but unallocated memory is large try setting PYTORCH_CUDA_ALLOC_CONF=expandable_segments:True to avoid fragmentation.  See documentation for Memory Management  (https://docs.pytorch.org/docs/stable/notes/cuda.html#optimizing-memory-usage-with-pytorch-cuda-alloc-conf)

tests/gpu/exl3_cases.py:84: OutOfMemoryError
________________________ test_graph_replay[K4-kproj-1] _________________________

ops = <module 'vllm_exl3_plugin.ops' from '/workspace/kit/plugin-exl3/vllm_exl3_plugin/ops.py'>
tid = 'K4-kproj', m = 1

    @pytest.mark.parametrize("m", [1, 4, 17, 24, 48])
    @pytest.mark.parametrize("tid", ["K3-down", "K4-kproj", "K5-kproj", C.HEAD])
    def test_graph_replay(ops, tid, m):
        import torch
    
        if tid not in MR_TIDS or (BITS[tid] != 4 and m < 17):
            pytest.skip("not routed to exl3_gemm_mr")
>       w = weights(tid)
            ^^^^^^^^^^^^

tests/gpu/test_exl3_mr.py:249: 
_ _ _ _ _ _ _ _ _ _ _ _ _ _ _ _ _ _ _ _ _ _ _ _ _ _ _ _ _ _ _ _ _ _ _ _ _ _ _ _ 
tests/gpu/test_exl3_mr.py:69: in weights
    w = C.load(torch, tid)
        ^^^^^^^^^^^^^^^^^^
_ _ _ _ _ _ _ _ _ _ _ _ _ _ _ _ _ _ _ _ _ _ _ _ _ _ _ _ _ _ _ _ _ _ _ _ _ _ _ _ 

torch = <module 'torch' from '/workspace/kit-work/venv-cu13/lib/python3.12/site-packages/torch/__init__.py'>
tid = 'K4-kproj', device = 'cuda'

    def load(torch, tid: str, device="cuda") -> dict:
        """trellis/suh/svh (+ mcg/mul1 flags) of one checkpoint tensor, from the model's index."""
        import json
    
        from safetensors import safe_open
    
        prefix = TENSORS[tid][0]
        wm = json.loads((MODEL / "model.safetensors.index.json").read_text())["weight_map"]
        out = {"mcg": f"{prefix}.mcg" in wm, "mul1": f"{prefix}.mul1" in wm}
        for t in ("trellis", "suh", "svh"):
            with safe_open(str(MODEL / wm[f"{prefix}.{t}"]), framework="pt") as f:
>               out[t] = f.get_tensor(f"{prefix}.{t}").to(device).contiguous()
                         ^^^^^^^^^^^^^^^^^^^^^^^^^^^^^^^^^^^^^^^^
E               torch.OutOfMemoryError: CUDA out of memory. Tried to allocate 20.00 MiB. GPU 0 has a total capacity of 7.66 GiB of which 597.75 MiB is free. Including non-PyTorch memory, this process has 6.46 GiB memory in use. 6.22 GiB allowed; Of the allocated memory 6.21 GiB is allocated by PyTorch, and 2.84 MiB is reserved by PyTorch but unallocated. If reserved but unallocated memory is large try setting PYTORCH_CUDA_ALLOC_CONF=expandable_segments:True to avoid fragmentation.  See documentation for Memory Management  (https://docs.pytorch.org/docs/stable/notes/cuda.html#optimizing-memory-usage-with-pytorch-cuda-alloc-conf)

tests/gpu/exl3_cases.py:84: OutOfMemoryError
________________________ test_graph_replay[K4-kproj-4] _________________________

ops = <module 'vllm_exl3_plugin.ops' from '/workspace/kit/plugin-exl3/vllm_exl3_plugin/ops.py'>
tid = 'K4-kproj', m = 4

    @pytest.mark.parametrize("m", [1, 4, 17, 24, 48])
    @pytest.mark.parametrize("tid", ["K3-down", "K4-kproj", "K5-kproj", C.HEAD])
    def test_graph_replay(ops, tid, m):
        import torch
    
        if tid not in MR_TIDS or (BITS[tid] != 4 and m < 17):
            pytest.skip("not routed to exl3_gemm_mr")
>       w = weights(tid)
            ^^^^^^^^^^^^

tests/gpu/test_exl3_mr.py:249: 
_ _ _ _ _ _ _ _ _ _ _ _ _ _ _ _ _ _ _ _ _ _ _ _ _ _ _ _ _ _ _ _ _ _ _ _ _ _ _ _ 
tests/gpu/test_exl3_mr.py:69: in weights
    w = C.load(torch, tid)
        ^^^^^^^^^^^^^^^^^^
_ _ _ _ _ _ _ _ _ _ _ _ _ _ _ _ _ _ _ _ _ _ _ _ _ _ _ _ _ _ _ _ _ _ _ _ _ _ _ _ 

torch = <module 'torch' from '/workspace/kit-work/venv-cu13/lib/python3.12/site-packages/torch/__init__.py'>
tid = 'K4-kproj', device = 'cuda'

    def load(torch, tid: str, device="cuda") -> dict:
        """trellis/suh/svh (+ mcg/mul1 flags) of one checkpoint tensor, from the model's index."""
        import json
    
        from safetensors import safe_open
    
        prefix = TENSORS[tid][0]
        wm = json.loads((MODEL / "model.safetensors.index.json").read_text())["weight_map"]
        out = {"mcg": f"{prefix}.mcg" in wm, "mul1": f"{prefix}.mul1" in wm}
        for t in ("trellis", "suh", "svh"):
            with safe_open(str(MODEL / wm[f"{prefix}.{t}"]), framework="pt") as f:
>               out[t] = f.get_tensor(f"{prefix}.{t}").to(device).contiguous()
                         ^^^^^^^^^^^^^^^^^^^^^^^^^^^^^^^^^^^^^^^^
E               torch.OutOfMemoryError: CUDA out of memory. Tried to allocate 20.00 MiB. GPU 0 has a total capacity of 7.66 GiB of which 597.75 MiB is free. Including non-PyTorch memory, this process has 6.46 GiB memory in use. 6.22 GiB allowed; Of the allocated memory 6.21 GiB is allocated by PyTorch, and 2.84 MiB is reserved by PyTorch but unallocated. If reserved but unallocated memory is large try setting PYTORCH_CUDA_ALLOC_CONF=expandable_segments:True to avoid fragmentation.  See documentation for Memory Management  (https://docs.pytorch.org/docs/stable/notes/cuda.html#optimizing-memory-usage-with-pytorch-cuda-alloc-conf)

tests/gpu/exl3_cases.py:84: OutOfMemoryError
________________________ test_graph_replay[K4-kproj-17] ________________________

ops = <module 'vllm_exl3_plugin.ops' from '/workspace/kit/plugin-exl3/vllm_exl3_plugin/ops.py'>
tid = 'K4-kproj', m = 17

    @pytest.mark.parametrize("m", [1, 4, 17, 24, 48])
    @pytest.mark.parametrize("tid", ["K3-down", "K4-kproj", "K5-kproj", C.HEAD])
    def test_graph_replay(ops, tid, m):
        import torch
    
        if tid not in MR_TIDS or (BITS[tid] != 4 and m < 17):
            pytest.skip("not routed to exl3_gemm_mr")
>       w = weights(tid)
            ^^^^^^^^^^^^

tests/gpu/test_exl3_mr.py:249: 
_ _ _ _ _ _ _ _ _ _ _ _ _ _ _ _ _ _ _ _ _ _ _ _ _ _ _ _ _ _ _ _ _ _ _ _ _ _ _ _ 
tests/gpu/test_exl3_mr.py:69: in weights
    w = C.load(torch, tid)
        ^^^^^^^^^^^^^^^^^^
_ _ _ _ _ _ _ _ _ _ _ _ _ _ _ _ _ _ _ _ _ _ _ _ _ _ _ _ _ _ _ _ _ _ _ _ _ _ _ _ 

torch = <module 'torch' from '/workspace/kit-work/venv-cu13/lib/python3.12/site-packages/torch/__init__.py'>
tid = 'K4-kproj', device = 'cuda'

    def load(torch, tid: str, device="cuda") -> dict:
        """trellis/suh/svh (+ mcg/mul1 flags) of one checkpoint tensor, from the model's index."""
        import json
    
        from safetensors import safe_open
    
        prefix = TENSORS[tid][0]
        wm = json.loads((MODEL / "model.safetensors.index.json").read_text())["weight_map"]
        out = {"mcg": f"{prefix}.mcg" in wm, "mul1": f"{prefix}.mul1" in wm}
        for t in ("trellis", "suh", "svh"):
            with safe_open(str(MODEL / wm[f"{prefix}.{t}"]), framework="pt") as f:
>               out[t] = f.get_tensor(f"{prefix}.{t}").to(device).contiguous()
                         ^^^^^^^^^^^^^^^^^^^^^^^^^^^^^^^^^^^^^^^^
E               torch.OutOfMemoryError: CUDA out of memory. Tried to allocate 20.00 MiB. GPU 0 has a total capacity of 7.66 GiB of which 597.75 MiB is free. Including non-PyTorch memory, this process has 6.46 GiB memory in use. 6.22 GiB allowed; Of the allocated memory 6.21 GiB is allocated by PyTorch, and 2.84 MiB is reserved by PyTorch but unallocated. If reserved but unallocated memory is large try setting PYTORCH_CUDA_ALLOC_CONF=expandable_segments:True to avoid fragmentation.  See documentation for Memory Management  (https://docs.pytorch.org/docs/stable/notes/cuda.html#optimizing-memory-usage-with-pytorch-cuda-alloc-conf)

tests/gpu/exl3_cases.py:84: OutOfMemoryError
________________________ test_graph_replay[K4-kproj-24] ________________________

ops = <module 'vllm_exl3_plugin.ops' from '/workspace/kit/plugin-exl3/vllm_exl3_plugin/ops.py'>
tid = 'K4-kproj', m = 24

    @pytest.mark.parametrize("m", [1, 4, 17, 24, 48])
    @pytest.mark.parametrize("tid", ["K3-down", "K4-kproj", "K5-kproj", C.HEAD])
    def test_graph_replay(ops, tid, m):
        import torch
    
        if tid not in MR_TIDS or (BITS[tid] != 4 and m < 17):
            pytest.skip("not routed to exl3_gemm_mr")
>       w = weights(tid)
            ^^^^^^^^^^^^

tests/gpu/test_exl3_mr.py:249: 
_ _ _ _ _ _ _ _ _ _ _ _ _ _ _ _ _ _ _ _ _ _ _ _ _ _ _ _ _ _ _ _ _ _ _ _ _ _ _ _ 
tests/gpu/test_exl3_mr.py:69: in weights
    w = C.load(torch, tid)
        ^^^^^^^^^^^^^^^^^^
_ _ _ _ _ _ _ _ _ _ _ _ _ _ _ _ _ _ _ _ _ _ _ _ _ _ _ _ _ _ _ _ _ _ _ _ _ _ _ _ 

torch = <module 'torch' from '/workspace/kit-work/venv-cu13/lib/python3.12/site-packages/torch/__init__.py'>
tid = 'K4-kproj', device = 'cuda'

    def load(torch, tid: str, device="cuda") -> dict:
        """trellis/suh/svh (+ mcg/mul1 flags) of one checkpoint tensor, from the model's index."""
        import json
    
        from safetensors import safe_open
    
        prefix = TENSORS[tid][0]
        wm = json.loads((MODEL / "model.safetensors.index.json").read_text())["weight_map"]
        out = {"mcg": f"{prefix}.mcg" in wm, "mul1": f"{prefix}.mul1" in wm}
        for t in ("trellis", "suh", "svh"):
            with safe_open(str(MODEL / wm[f"{prefix}.{t}"]), framework="pt") as f:
>               out[t] = f.get_tensor(f"{prefix}.{t}").to(device).contiguous()
                         ^^^^^^^^^^^^^^^^^^^^^^^^^^^^^^^^^^^^^^^^
E               torch.OutOfMemoryError: CUDA out of memory. Tried to allocate 20.00 MiB. GPU 0 has a total capacity of 7.66 GiB of which 597.75 MiB is free. Including non-PyTorch memory, this process has 6.46 GiB memory in use. 6.22 GiB allowed; Of the allocated memory 6.21 GiB is allocated by PyTorch, and 2.84 MiB is reserved by PyTorch but unallocated. If reserved but unallocated memory is large try setting PYTORCH_CUDA_ALLOC_CONF=expandable_segments:True to avoid fragmentation.  See documentation for Memory Management  (https://docs.pytorch.org/docs/stable/notes/cuda.html#optimizing-memory-usage-with-pytorch-cuda-alloc-conf)

tests/gpu/exl3_cases.py:84: OutOfMemoryError
________________________ test_graph_replay[K4-kproj-48] ________________________

ops = <module 'vllm_exl3_plugin.ops' from '/workspace/kit/plugin-exl3/vllm_exl3_plugin/ops.py'>
tid = 'K4-kproj', m = 48

    @pytest.mark.parametrize("m", [1, 4, 17, 24, 48])
    @pytest.mark.parametrize("tid", ["K3-down", "K4-kproj", "K5-kproj", C.HEAD])
    def test_graph_replay(ops, tid, m):
        import torch
    
        if tid not in MR_TIDS or (BITS[tid] != 4 and m < 17):
            pytest.skip("not routed to exl3_gemm_mr")
>       w = weights(tid)
            ^^^^^^^^^^^^

tests/gpu/test_exl3_mr.py:249: 
_ _ _ _ _ _ _ _ _ _ _ _ _ _ _ _ _ _ _ _ _ _ _ _ _ _ _ _ _ _ _ _ _ _ _ _ _ _ _ _ 
tests/gpu/test_exl3_mr.py:69: in weights
    w = C.load(torch, tid)
        ^^^^^^^^^^^^^^^^^^
_ _ _ _ _ _ _ _ _ _ _ _ _ _ _ _ _ _ _ _ _ _ _ _ _ _ _ _ _ _ _ _ _ _ _ _ _ _ _ _ 

torch = <module 'torch' from '/workspace/kit-work/venv-cu13/lib/python3.12/site-packages/torch/__init__.py'>
tid = 'K4-kproj', device = 'cuda'

    def load(torch, tid: str, device="cuda") -> dict:
        """trellis/suh/svh (+ mcg/mul1 flags) of one checkpoint tensor, from the model's index."""
        import json
    
        from safetensors import safe_open
    
        prefix = TENSORS[tid][0]
        wm = json.loads((MODEL / "model.safetensors.index.json").read_text())["weight_map"]
        out = {"mcg": f"{prefix}.mcg" in wm, "mul1": f"{prefix}.mul1" in wm}
        for t in ("trellis", "suh", "svh"):
            with safe_open(str(MODEL / wm[f"{prefix}.{t}"]), framework="pt") as f:
>               out[t] = f.get_tensor(f"{prefix}.{t}").to(device).contiguous()
                         ^^^^^^^^^^^^^^^^^^^^^^^^^^^^^^^^^^^^^^^^
E               torch.OutOfMemoryError: CUDA out of memory. Tried to allocate 20.00 MiB. GPU 0 has a total capacity of 7.66 GiB of which 597.75 MiB is free. Including non-PyTorch memory, this process has 6.46 GiB memory in use. 6.22 GiB allowed; Of the allocated memory 6.21 GiB is allocated by PyTorch, and 2.84 MiB is reserved by PyTorch but unallocated. If reserved but unallocated memory is large try setting PYTORCH_CUDA_ALLOC_CONF=expandable_segments:True to avoid fragmentation.  See documentation for Memory Management  (https://docs.pytorch.org/docs/stable/notes/cuda.html#optimizing-memory-usage-with-pytorch-cuda-alloc-conf)

tests/gpu/exl3_cases.py:84: OutOfMemoryError
________________________ test_graph_replay[K5-kproj-17] ________________________

ops = <module 'vllm_exl3_plugin.ops' from '/workspace/kit/plugin-exl3/vllm_exl3_plugin/ops.py'>
tid = 'K5-kproj', m = 17

    @pytest.mark.parametrize("m", [1, 4, 17, 24, 48])
    @pytest.mark.parametrize("tid", ["K3-down", "K4-kproj", "K5-kproj", C.HEAD])
    def test_graph_replay(ops, tid, m):
        import torch
    
        if tid not in MR_TIDS or (BITS[tid] != 4 and m < 17):
            pytest.skip("not routed to exl3_gemm_mr")
>       w = weights(tid)
            ^^^^^^^^^^^^

tests/gpu/test_exl3_mr.py:249: 
_ _ _ _ _ _ _ _ _ _ _ _ _ _ _ _ _ _ _ _ _ _ _ _ _ _ _ _ _ _ _ _ _ _ _ _ _ _ _ _ 
tests/gpu/test_exl3_mr.py:69: in weights
    w = C.load(torch, tid)
        ^^^^^^^^^^^^^^^^^^
_ _ _ _ _ _ _ _ _ _ _ _ _ _ _ _ _ _ _ _ _ _ _ _ _ _ _ _ _ _ _ _ _ _ _ _ _ _ _ _ 

torch = <module 'torch' from '/workspace/kit-work/venv-cu13/lib/python3.12/site-packages/torch/__init__.py'>
tid = 'K5-kproj', device = 'cuda'

    def load(torch, tid: str, device="cuda") -> dict:
        """trellis/suh/svh (+ mcg/mul1 flags) of one checkpoint tensor, from the model's index."""
        import json
    
        from safetensors import safe_open
    
        prefix = TENSORS[tid][0]
        wm = json.loads((MODEL / "model.safetensors.index.json").read_text())["weight_map"]
        out = {"mcg": f"{prefix}.mcg" in wm, "mul1": f"{prefix}.mul1" in wm}
        for t in ("trellis", "suh", "svh"):
            with safe_open(str(MODEL / wm[f"{prefix}.{t}"]), framework="pt") as f:
>               out[t] = f.get_tensor(f"{prefix}.{t}").to(device).contiguous()
                         ^^^^^^^^^^^^^^^^^^^^^^^^^^^^^^^^^^^^^^^^
E               torch.OutOfMemoryError: CUDA out of memory. Tried to allocate 20.00 MiB. GPU 0 has a total capacity of 7.66 GiB of which 597.75 MiB is free. Including non-PyTorch memory, this process has 6.46 GiB memory in use. 6.22 GiB allowed; Of the allocated memory 6.21 GiB is allocated by PyTorch, and 2.84 MiB is reserved by PyTorch but unallocated. If reserved but unallocated memory is large try setting PYTORCH_CUDA_ALLOC_CONF=expandable_segments:True to avoid fragmentation.  See documentation for Memory Management  (https://docs.pytorch.org/docs/stable/notes/cuda.html#optimizing-memory-usage-with-pytorch-cuda-alloc-conf)

tests/gpu/exl3_cases.py:84: OutOfMemoryError
________________________ test_graph_replay[K5-kproj-24] ________________________

ops = <module 'vllm_exl3_plugin.ops' from '/workspace/kit/plugin-exl3/vllm_exl3_plugin/ops.py'>
tid = 'K5-kproj', m = 24

    @pytest.mark.parametrize("m", [1, 4, 17, 24, 48])
    @pytest.mark.parametrize("tid", ["K3-down", "K4-kproj", "K5-kproj", C.HEAD])
    def test_graph_replay(ops, tid, m):
        import torch
    
        if tid not in MR_TIDS or (BITS[tid] != 4 and m < 17):
            pytest.skip("not routed to exl3_gemm_mr")
>       w = weights(tid)
            ^^^^^^^^^^^^

tests/gpu/test_exl3_mr.py:249: 
_ _ _ _ _ _ _ _ _ _ _ _ _ _ _ _ _ _ _ _ _ _ _ _ _ _ _ _ _ _ _ _ _ _ _ _ _ _ _ _ 
tests/gpu/test_exl3_mr.py:69: in weights
    w = C.load(torch, tid)
        ^^^^^^^^^^^^^^^^^^
_ _ _ _ _ _ _ _ _ _ _ _ _ _ _ _ _ _ _ _ _ _ _ _ _ _ _ _ _ _ _ _ _ _ _ _ _ _ _ _ 

torch = <module 'torch' from '/workspace/kit-work/venv-cu13/lib/python3.12/site-packages/torch/__init__.py'>
tid = 'K5-kproj', device = 'cuda'

    def load(torch, tid: str, device="cuda") -> dict:
        """trellis/suh/svh (+ mcg/mul1 flags) of one checkpoint tensor, from the model's index."""
        import json
    
        from safetensors import safe_open
    
        prefix = TENSORS[tid][0]
        wm = json.loads((MODEL / "model.safetensors.index.json").read_text())["weight_map"]
        out = {"mcg": f"{prefix}.mcg" in wm, "mul1": f"{prefix}.mul1" in wm}
        for t in ("trellis", "suh", "svh"):
            with safe_open(str(MODEL / wm[f"{prefix}.{t}"]), framework="pt") as f:
>               out[t] = f.get_tensor(f"{prefix}.{t}").to(device).contiguous()
                         ^^^^^^^^^^^^^^^^^^^^^^^^^^^^^^^^^^^^^^^^
E               torch.OutOfMemoryError: CUDA out of memory. Tried to allocate 20.00 MiB. GPU 0 has a total capacity of 7.66 GiB of which 597.75 MiB is free. Including non-PyTorch memory, this process has 6.46 GiB memory in use. 6.22 GiB allowed; Of the allocated memory 6.21 GiB is allocated by PyTorch, and 2.84 MiB is reserved by PyTorch but unallocated. If reserved but unallocated memory is large try setting PYTORCH_CUDA_ALLOC_CONF=expandable_segments:True to avoid fragmentation.  See documentation for Memory Management  (https://docs.pytorch.org/docs/stable/notes/cuda.html#optimizing-memory-usage-with-pytorch-cuda-alloc-conf)

tests/gpu/exl3_cases.py:84: OutOfMemoryError
________________________ test_graph_replay[K5-kproj-48] ________________________

ops = <module 'vllm_exl3_plugin.ops' from '/workspace/kit/plugin-exl3/vllm_exl3_plugin/ops.py'>
tid = 'K5-kproj', m = 48

    @pytest.mark.parametrize("m", [1, 4, 17, 24, 48])
    @pytest.mark.parametrize("tid", ["K3-down", "K4-kproj", "K5-kproj", C.HEAD])
    def test_graph_replay(ops, tid, m):
        import torch
    
        if tid not in MR_TIDS or (BITS[tid] != 4 and m < 17):
            pytest.skip("not routed to exl3_gemm_mr")
>       w = weights(tid)
            ^^^^^^^^^^^^

tests/gpu/test_exl3_mr.py:249: 
_ _ _ _ _ _ _ _ _ _ _ _ _ _ _ _ _ _ _ _ _ _ _ _ _ _ _ _ _ _ _ _ _ _ _ _ _ _ _ _ 
tests/gpu/test_exl3_mr.py:69: in weights
    w = C.load(torch, tid)
        ^^^^^^^^^^^^^^^^^^
_ _ _ _ _ _ _ _ _ _ _ _ _ _ _ _ _ _ _ _ _ _ _ _ _ _ _ _ _ _ _ _ _ _ _ _ _ _ _ _ 

torch = <module 'torch' from '/workspace/kit-work/venv-cu13/lib/python3.12/site-packages/torch/__init__.py'>
tid = 'K5-kproj', device = 'cuda'

    def load(torch, tid: str, device="cuda") -> dict:
        """trellis/suh/svh (+ mcg/mul1 flags) of one checkpoint tensor, from the model's index."""
        import json
    
        from safetensors import safe_open
    
        prefix = TENSORS[tid][0]
        wm = json.loads((MODEL / "model.safetensors.index.json").read_text())["weight_map"]
        out = {"mcg": f"{prefix}.mcg" in wm, "mul1": f"{prefix}.mul1" in wm}
        for t in ("trellis", "suh", "svh"):
            with safe_open(str(MODEL / wm[f"{prefix}.{t}"]), framework="pt") as f:
>               out[t] = f.get_tensor(f"{prefix}.{t}").to(device).contiguous()
                         ^^^^^^^^^^^^^^^^^^^^^^^^^^^^^^^^^^^^^^^^
E               torch.OutOfMemoryError: CUDA out of memory. Tried to allocate 20.00 MiB. GPU 0 has a total capacity of 7.66 GiB of which 597.75 MiB is free. Including non-PyTorch memory, this process has 6.46 GiB memory in use. 6.22 GiB allowed; Of the allocated memory 6.21 GiB is allocated by PyTorch, and 2.84 MiB is reserved by PyTorch but unallocated. If reserved but unallocated memory is large try setting PYTORCH_CUDA_ALLOC_CONF=expandable_segments:True to avoid fragmentation.  See documentation for Memory Management  (https://docs.pytorch.org/docs/stable/notes/cuda.html#optimizing-memory-usage-with-pytorch-cuda-alloc-conf)

tests/gpu/exl3_cases.py:84: OutOfMemoryError
________________________ test_graph_replay[K4-lmhead-1] ________________________

ops = <module 'vllm_exl3_plugin.ops' from '/workspace/kit/plugin-exl3/vllm_exl3_plugin/ops.py'>
tid = 'K4-lmhead', m = 1

    @pytest.mark.parametrize("m", [1, 4, 17, 24, 48])
    @pytest.mark.parametrize("tid", ["K3-down", "K4-kproj", "K5-kproj", C.HEAD])
    def test_graph_replay(ops, tid, m):
        import torch
    
        if tid not in MR_TIDS or (BITS[tid] != 4 and m < 17):
            pytest.skip("not routed to exl3_gemm_mr")
>       w = weights(tid)
            ^^^^^^^^^^^^

tests/gpu/test_exl3_mr.py:249: 
_ _ _ _ _ _ _ _ _ _ _ _ _ _ _ _ _ _ _ _ _ _ _ _ _ _ _ _ _ _ _ _ _ _ _ _ _ _ _ _ 
tests/gpu/test_exl3_mr.py:69: in weights
    w = C.load(torch, tid)
        ^^^^^^^^^^^^^^^^^^
_ _ _ _ _ _ _ _ _ _ _ _ _ _ _ _ _ _ _ _ _ _ _ _ _ _ _ _ _ _ _ _ _ _ _ _ _ _ _ _ 

torch = <module 'torch' from '/workspace/kit-work/venv-cu13/lib/python3.12/site-packages/torch/__init__.py'>
tid = 'K4-lmhead', device = 'cuda'

    def load(torch, tid: str, device="cuda") -> dict:
        """trellis/suh/svh (+ mcg/mul1 flags) of one checkpoint tensor, from the model's index."""
        import json
    
        from safetensors import safe_open
    
        prefix = TENSORS[tid][0]
        wm = json.loads((MODEL / "model.safetensors.index.json").read_text())["weight_map"]
        out = {"mcg": f"{prefix}.mcg" in wm, "mul1": f"{prefix}.mul1" in wm}
        for t in ("trellis", "suh", "svh"):
            with safe_open(str(MODEL / wm[f"{prefix}.{t}"]), framework="pt") as f:
>               out[t] = f.get_tensor(f"{prefix}.{t}").to(device).contiguous()
                         ^^^^^^^^^^^^^^^^^^^^^^^^^^^^^^^^^^^^^^^^
E               torch.OutOfMemoryError: CUDA out of memory. Tried to allocate 608.00 MiB. GPU 0 has a total capacity of 7.66 GiB of which 597.75 MiB is free. Including non-PyTorch memory, this process has 6.46 GiB memory in use. 6.22 GiB allowed; Of the allocated memory 6.21 GiB is allocated by PyTorch, and 2.84 MiB is reserved by PyTorch but unallocated. If reserved but unallocated memory is large try setting PYTORCH_CUDA_ALLOC_CONF=expandable_segments:True to avoid fragmentation.  See documentation for Memory Management  (https://docs.pytorch.org/docs/stable/notes/cuda.html#optimizing-memory-usage-with-pytorch-cuda-alloc-conf)

tests/gpu/exl3_cases.py:84: OutOfMemoryError
________________________ test_graph_replay[K4-lmhead-4] ________________________

ops = <module 'vllm_exl3_plugin.ops' from '/workspace/kit/plugin-exl3/vllm_exl3_plugin/ops.py'>
tid = 'K4-lmhead', m = 4

    @pytest.mark.parametrize("m", [1, 4, 17, 24, 48])
    @pytest.mark.parametrize("tid", ["K3-down", "K4-kproj", "K5-kproj", C.HEAD])
    def test_graph_replay(ops, tid, m):
        import torch
    
        if tid not in MR_TIDS or (BITS[tid] != 4 and m < 17):
            pytest.skip("not routed to exl3_gemm_mr")
>       w = weights(tid)
            ^^^^^^^^^^^^

tests/gpu/test_exl3_mr.py:249: 
_ _ _ _ _ _ _ _ _ _ _ _ _ _ _ _ _ _ _ _ _ _ _ _ _ _ _ _ _ _ _ _ _ _ _ _ _ _ _ _ 
tests/gpu/test_exl3_mr.py:69: in weights
    w = C.load(torch, tid)
        ^^^^^^^^^^^^^^^^^^
_ _ _ _ _ _ _ _ _ _ _ _ _ _ _ _ _ _ _ _ _ _ _ _ _ _ _ _ _ _ _ _ _ _ _ _ _ _ _ _ 

torch = <module 'torch' from '/workspace/kit-work/venv-cu13/lib/python3.12/site-packages/torch/__init__.py'>
tid = 'K4-lmhead', device = 'cuda'

    def load(torch, tid: str, device="cuda") -> dict:
        """trellis/suh/svh (+ mcg/mul1 flags) of one checkpoint tensor, from the model's index."""
        import json
    
        from safetensors import safe_open
    
        prefix = TENSORS[tid][0]
        wm = json.loads((MODEL / "model.safetensors.index.json").read_text())["weight_map"]
        out = {"mcg": f"{prefix}.mcg" in wm, "mul1": f"{prefix}.mul1" in wm}
        for t in ("trellis", "suh", "svh"):
            with safe_open(str(MODEL / wm[f"{prefix}.{t}"]), framework="pt") as f:
>               out[t] = f.get_tensor(f"{prefix}.{t}").to(device).contiguous()
                         ^^^^^^^^^^^^^^^^^^^^^^^^^^^^^^^^^^^^^^^^
E               torch.OutOfMemoryError: CUDA out of memory. Tried to allocate 608.00 MiB. GPU 0 has a total capacity of 7.66 GiB of which 597.75 MiB is free. Including non-PyTorch memory, this process has 6.46 GiB memory in use. 6.22 GiB allowed; Of the allocated memory 6.21 GiB is allocated by PyTorch, and 2.84 MiB is reserved by PyTorch but unallocated. If reserved but unallocated memory is large try setting PYTORCH_CUDA_ALLOC_CONF=expandable_segments:True to avoid fragmentation.  See documentation for Memory Management  (https://docs.pytorch.org/docs/stable/notes/cuda.html#optimizing-memory-usage-with-pytorch-cuda-alloc-conf)

tests/gpu/exl3_cases.py:84: OutOfMemoryError
_______________________ test_graph_replay[K4-lmhead-17] ________________________

ops = <module 'vllm_exl3_plugin.ops' from '/workspace/kit/plugin-exl3/vllm_exl3_plugin/ops.py'>
tid = 'K4-lmhead', m = 17

    @pytest.mark.parametrize("m", [1, 4, 17, 24, 48])
    @pytest.mark.parametrize("tid", ["K3-down", "K4-kproj", "K5-kproj", C.HEAD])
    def test_graph_replay(ops, tid, m):
        import torch
    
        if tid not in MR_TIDS or (BITS[tid] != 4 and m < 17):
            pytest.skip("not routed to exl3_gemm_mr")
>       w = weights(tid)
            ^^^^^^^^^^^^

tests/gpu/test_exl3_mr.py:249: 
_ _ _ _ _ _ _ _ _ _ _ _ _ _ _ _ _ _ _ _ _ _ _ _ _ _ _ _ _ _ _ _ _ _ _ _ _ _ _ _ 
tests/gpu/test_exl3_mr.py:69: in weights
    w = C.load(torch, tid)
        ^^^^^^^^^^^^^^^^^^
_ _ _ _ _ _ _ _ _ _ _ _ _ _ _ _ _ _ _ _ _ _ _ _ _ _ _ _ _ _ _ _ _ _ _ _ _ _ _ _ 

torch = <module 'torch' from '/workspace/kit-work/venv-cu13/lib/python3.12/site-packages/torch/__init__.py'>
tid = 'K4-lmhead', device = 'cuda'

    def load(torch, tid: str, device="cuda") -> dict:
        """trellis/suh/svh (+ mcg/mul1 flags) of one checkpoint tensor, from the model's index."""
        import json
    
        from safetensors import safe_open
    
        prefix = TENSORS[tid][0]
        wm = json.loads((MODEL / "model.safetensors.index.json").read_text())["weight_map"]
        out = {"mcg": f"{prefix}.mcg" in wm, "mul1": f"{prefix}.mul1" in wm}
        for t in ("trellis", "suh", "svh"):
            with safe_open(str(MODEL / wm[f"{prefix}.{t}"]), framework="pt") as f:
>               out[t] = f.get_tensor(f"{prefix}.{t}").to(device).contiguous()
                         ^^^^^^^^^^^^^^^^^^^^^^^^^^^^^^^^^^^^^^^^
E               torch.OutOfMemoryError: CUDA out of memory. Tried to allocate 608.00 MiB. GPU 0 has a total capacity of 7.66 GiB of which 597.75 MiB is free. Including non-PyTorch memory, this process has 6.46 GiB memory in use. 6.22 GiB allowed; Of the allocated memory 6.21 GiB is allocated by PyTorch, and 2.84 MiB is reserved by PyTorch but unallocated. If reserved but unallocated memory is large try setting PYTORCH_CUDA_ALLOC_CONF=expandable_segments:True to avoid fragmentation.  See documentation for Memory Management  (https://docs.pytorch.org/docs/stable/notes/cuda.html#optimizing-memory-usage-with-pytorch-cuda-alloc-conf)

tests/gpu/exl3_cases.py:84: OutOfMemoryError
_______________________ test_graph_replay[K4-lmhead-24] ________________________

ops = <module 'vllm_exl3_plugin.ops' from '/workspace/kit/plugin-exl3/vllm_exl3_plugin/ops.py'>
tid = 'K4-lmhead', m = 24

    @pytest.mark.parametrize("m", [1, 4, 17, 24, 48])
    @pytest.mark.parametrize("tid", ["K3-down", "K4-kproj", "K5-kproj", C.HEAD])
    def test_graph_replay(ops, tid, m):
        import torch
    
        if tid not in MR_TIDS or (BITS[tid] != 4 and m < 17):
            pytest.skip("not routed to exl3_gemm_mr")
>       w = weights(tid)
            ^^^^^^^^^^^^

tests/gpu/test_exl3_mr.py:249: 
_ _ _ _ _ _ _ _ _ _ _ _ _ _ _ _ _ _ _ _ _ _ _ _ _ _ _ _ _ _ _ _ _ _ _ _ _ _ _ _ 
tests/gpu/test_exl3_mr.py:69: in weights
    w = C.load(torch, tid)
        ^^^^^^^^^^^^^^^^^^
_ _ _ _ _ _ _ _ _ _ _ _ _ _ _ _ _ _ _ _ _ _ _ _ _ _ _ _ _ _ _ _ _ _ _ _ _ _ _ _ 

torch = <module 'torch' from '/workspace/kit-work/venv-cu13/lib/python3.12/site-packages/torch/__init__.py'>
tid = 'K4-lmhead', device = 'cuda'

    def load(torch, tid: str, device="cuda") -> dict:
        """trellis/suh/svh (+ mcg/mul1 flags) of one checkpoint tensor, from the model's index."""
        import json
    
        from safetensors import safe_open
    
        prefix = TENSORS[tid][0]
        wm = json.loads((MODEL / "model.safetensors.index.json").read_text())["weight_map"]
        out = {"mcg": f"{prefix}.mcg" in wm, "mul1": f"{prefix}.mul1" in wm}
        for t in ("trellis", "suh", "svh"):
            with safe_open(str(MODEL / wm[f"{prefix}.{t}"]), framework="pt") as f:
>               out[t] = f.get_tensor(f"{prefix}.{t}").to(device).contiguous()
                         ^^^^^^^^^^^^^^^^^^^^^^^^^^^^^^^^^^^^^^^^
E               torch.OutOfMemoryError: CUDA out of memory. Tried to allocate 608.00 MiB. GPU 0 has a total capacity of 7.66 GiB of which 597.75 MiB is free. Including non-PyTorch memory, this process has 6.46 GiB memory in use. 6.22 GiB allowed; Of the allocated memory 6.21 GiB is allocated by PyTorch, and 2.84 MiB is reserved by PyTorch but unallocated. If reserved but unallocated memory is large try setting PYTORCH_CUDA_ALLOC_CONF=expandable_segments:True to avoid fragmentation.  See documentation for Memory Management  (https://docs.pytorch.org/docs/stable/notes/cuda.html#optimizing-memory-usage-with-pytorch-cuda-alloc-conf)

tests/gpu/exl3_cases.py:84: OutOfMemoryError
_______________________ test_graph_replay[K4-lmhead-48] ________________________

ops = <module 'vllm_exl3_plugin.ops' from '/workspace/kit/plugin-exl3/vllm_exl3_plugin/ops.py'>
tid = 'K4-lmhead', m = 48

    @pytest.mark.parametrize("m", [1, 4, 17, 24, 48])
    @pytest.mark.parametrize("tid", ["K3-down", "K4-kproj", "K5-kproj", C.HEAD])
    def test_graph_replay(ops, tid, m):
        import torch
    
        if tid not in MR_TIDS or (BITS[tid] != 4 and m < 17):
            pytest.skip("not routed to exl3_gemm_mr")
>       w = weights(tid)
            ^^^^^^^^^^^^

tests/gpu/test_exl3_mr.py:249: 
_ _ _ _ _ _ _ _ _ _ _ _ _ _ _ _ _ _ _ _ _ _ _ _ _ _ _ _ _ _ _ _ _ _ _ _ _ _ _ _ 
tests/gpu/test_exl3_mr.py:69: in weights
    w = C.load(torch, tid)
        ^^^^^^^^^^^^^^^^^^
_ _ _ _ _ _ _ _ _ _ _ _ _ _ _ _ _ _ _ _ _ _ _ _ _ _ _ _ _ _ _ _ _ _ _ _ _ _ _ _ 

torch = <module 'torch' from '/workspace/kit-work/venv-cu13/lib/python3.12/site-packages/torch/__init__.py'>
tid = 'K4-lmhead', device = 'cuda'

    def load(torch, tid: str, device="cuda") -> dict:
        """trellis/suh/svh (+ mcg/mul1 flags) of one checkpoint tensor, from the model's index."""
        import json
    
        from safetensors import safe_open
    
        prefix = TENSORS[tid][0]
        wm = json.loads((MODEL / "model.safetensors.index.json").read_text())["weight_map"]
        out = {"mcg": f"{prefix}.mcg" in wm, "mul1": f"{prefix}.mul1" in wm}
        for t in ("trellis", "suh", "svh"):
            with safe_open(str(MODEL / wm[f"{prefix}.{t}"]), framework="pt") as f:
>               out[t] = f.get_tensor(f"{prefix}.{t}").to(device).contiguous()
                         ^^^^^^^^^^^^^^^^^^^^^^^^^^^^^^^^^^^^^^^^
E               torch.OutOfMemoryError: CUDA out of memory. Tried to allocate 608.00 MiB. GPU 0 has a total capacity of 7.66 GiB of which 597.75 MiB is free. Including non-PyTorch memory, this process has 6.46 GiB memory in use. 6.22 GiB allowed; Of the allocated memory 6.21 GiB is allocated by PyTorch, and 2.84 MiB is reserved by PyTorch but unallocated. If reserved but unallocated memory is large try setting PYTORCH_CUDA_ALLOC_CONF=expandable_segments:True to avoid fragmentation.  See documentation for Memory Management  (https://docs.pytorch.org/docs/stable/notes/cuda.html#optimizing-memory-usage-with-pytorch-cuda-alloc-conf)

tests/gpu/exl3_cases.py:84: OutOfMemoryError
__________________________ test_embed_host_gather[1] ___________________________

ops = <module 'vllm_exl3_plugin.ops' from '/workspace/kit/plugin-exl3/vllm_exl3_plugin/ops.py'>
rows = 1

    @pytest.mark.parametrize("rows", [1, 6, 48, 2048])
    def test_embed_host_gather(ops, rows):
        """exl3_embed_host on a registered (page-locked) table == F.embedding on the GPU copy, bit for
        bit; out-of-range ids give zero rows; a captured gather replays with new ids."""
        import torch
    
        from vllm_exl3_plugin.quantization.embedding import EXL3HostEmbeddingMethod
    
        torch.manual_seed(rows)
        g = torch.Generator().manual_seed(rows)
        v = 16384  # registered tables live for the process: a small one per case
        layer = torch.nn.Module()
>       layer.weight = torch.nn.Parameter(torch.randn(v, 5120, device="cuda", dtype=torch.bfloat16), requires_grad=False)
                                          ^^^^^^^^^^^^^^^^^^^^^^^^^^^^^^^^^^^^^^^^^^^^^^^^^^^^^^^^^
E       torch.OutOfMemoryError: CUDA out of memory. Tried to allocate 160.00 MiB. GPU 0 has a total capacity of 7.66 GiB of which 597.75 MiB is free. Including non-PyTorch memory, this process has 6.46 GiB memory in use. 6.22 GiB allowed; Of the allocated memory 6.21 GiB is allocated by PyTorch, and 2.84 MiB is reserved by PyTorch but unallocated. If reserved but unallocated memory is large try setting PYTORCH_CUDA_ALLOC_CONF=expandable_segments:True to avoid fragmentation.  See documentation for Memory Management  (https://docs.pytorch.org/docs/stable/notes/cuda.html#optimizing-memory-usage-with-pytorch-cuda-alloc-conf)

tests/gpu/test_exl3_mr.py:282: OutOfMemoryError
__________________________ test_embed_host_gather[6] ___________________________

ops = <module 'vllm_exl3_plugin.ops' from '/workspace/kit/plugin-exl3/vllm_exl3_plugin/ops.py'>
rows = 6

    @pytest.mark.parametrize("rows", [1, 6, 48, 2048])
    def test_embed_host_gather(ops, rows):
        """exl3_embed_host on a registered (page-locked) table == F.embedding on the GPU copy, bit for
        bit; out-of-range ids give zero rows; a captured gather replays with new ids."""
        import torch
    
        from vllm_exl3_plugin.quantization.embedding import EXL3HostEmbeddingMethod
    
        torch.manual_seed(rows)
        g = torch.Generator().manual_seed(rows)
        v = 16384  # registered tables live for the process: a small one per case
        layer = torch.nn.Module()
>       layer.weight = torch.nn.Parameter(torch.randn(v, 5120, device="cuda", dtype=torch.bfloat16), requires_grad=False)
                                          ^^^^^^^^^^^^^^^^^^^^^^^^^^^^^^^^^^^^^^^^^^^^^^^^^^^^^^^^^
E       torch.OutOfMemoryError: CUDA out of memory. Tried to allocate 160.00 MiB. GPU 0 has a total capacity of 7.66 GiB of which 597.75 MiB is free. Including non-PyTorch memory, this process has 6.46 GiB memory in use. 6.22 GiB allowed; Of the allocated memory 6.21 GiB is allocated by PyTorch, and 2.84 MiB is reserved by PyTorch but unallocated. If reserved but unallocated memory is large try setting PYTORCH_CUDA_ALLOC_CONF=expandable_segments:True to avoid fragmentation.  See documentation for Memory Management  (https://docs.pytorch.org/docs/stable/notes/cuda.html#optimizing-memory-usage-with-pytorch-cuda-alloc-conf)

tests/gpu/test_exl3_mr.py:282: OutOfMemoryError
__________________________ test_embed_host_gather[48] __________________________

ops = <module 'vllm_exl3_plugin.ops' from '/workspace/kit/plugin-exl3/vllm_exl3_plugin/ops.py'>
rows = 48

    @pytest.mark.parametrize("rows", [1, 6, 48, 2048])
    def test_embed_host_gather(ops, rows):
        """exl3_embed_host on a registered (page-locked) table == F.embedding on the GPU copy, bit for
        bit; out-of-range ids give zero rows; a captured gather replays with new ids."""
        import torch
    
        from vllm_exl3_plugin.quantization.embedding import EXL3HostEmbeddingMethod
    
        torch.manual_seed(rows)
        g = torch.Generator().manual_seed(rows)
        v = 16384  # registered tables live for the process: a small one per case
        layer = torch.nn.Module()
>       layer.weight = torch.nn.Parameter(torch.randn(v, 5120, device="cuda", dtype=torch.bfloat16), requires_grad=False)
                                          ^^^^^^^^^^^^^^^^^^^^^^^^^^^^^^^^^^^^^^^^^^^^^^^^^^^^^^^^^
E       torch.OutOfMemoryError: CUDA out of memory. Tried to allocate 160.00 MiB. GPU 0 has a total capacity of 7.66 GiB of which 597.75 MiB is free. Including non-PyTorch memory, this process has 6.46 GiB memory in use. 6.22 GiB allowed; Of the allocated memory 6.21 GiB is allocated by PyTorch, and 2.84 MiB is reserved by PyTorch but unallocated. If reserved but unallocated memory is large try setting PYTORCH_CUDA_ALLOC_CONF=expandable_segments:True to avoid fragmentation.  See documentation for Memory Management  (https://docs.pytorch.org/docs/stable/notes/cuda.html#optimizing-memory-usage-with-pytorch-cuda-alloc-conf)

tests/gpu/test_exl3_mr.py:282: OutOfMemoryError
_________________________ test_embed_host_gather[2048] _________________________

ops = <module 'vllm_exl3_plugin.ops' from '/workspace/kit/plugin-exl3/vllm_exl3_plugin/ops.py'>
rows = 2048

    @pytest.mark.parametrize("rows", [1, 6, 48, 2048])
    def test_embed_host_gather(ops, rows):
        """exl3_embed_host on a registered (page-locked) table == F.embedding on the GPU copy, bit for
        bit; out-of-range ids give zero rows; a captured gather replays with new ids."""
        import torch
    
        from vllm_exl3_plugin.quantization.embedding import EXL3HostEmbeddingMethod
    
        torch.manual_seed(rows)
        g = torch.Generator().manual_seed(rows)
        v = 16384  # registered tables live for the process: a small one per case
        layer = torch.nn.Module()
>       layer.weight = torch.nn.Parameter(torch.randn(v, 5120, device="cuda", dtype=torch.bfloat16), requires_grad=False)
                                          ^^^^^^^^^^^^^^^^^^^^^^^^^^^^^^^^^^^^^^^^^^^^^^^^^^^^^^^^^
E       torch.OutOfMemoryError: CUDA out of memory. Tried to allocate 160.00 MiB. GPU 0 has a total capacity of 7.66 GiB of which 597.75 MiB is free. Including non-PyTorch memory, this process has 6.46 GiB memory in use. 6.22 GiB allowed; Of the allocated memory 6.21 GiB is allocated by PyTorch, and 2.84 MiB is reserved by PyTorch but unallocated. If reserved but unallocated memory is large try setting PYTORCH_CUDA_ALLOC_CONF=expandable_segments:True to avoid fragmentation.  See documentation for Memory Management  (https://docs.pytorch.org/docs/stable/notes/cuda.html#optimizing-memory-usage-with-pytorch-cuda-alloc-conf)

tests/gpu/test_exl3_mr.py:282: OutOfMemoryError
______________________ test_lm_head_many_rows_bounded[0] _______________________

ops = <module 'vllm_exl3_plugin.ops' from '/workspace/kit/plugin-exl3/vllm_exl3_plugin/ops.py'>
monkeypatch = <_pytest.monkeypatch.MonkeyPatch object at 0x7fd39a339af0>, mr = 0

    @pytest.mark.parametrize("mr", [0, 2])
    def test_lm_head_many_rows_bounded(ops, monkeypatch, mr):
        """prompt_logprobs regression (job 18: EXL3_MR=0 OOMed inside the lm_head on a 4k-token prompt): the
        lm_head on 2048 rows in bf16 returns bf16 with scratch bounded by one 256-row chunk (peak minus the
        output <= 1.2 GiB), rows equal to a 256-row call on the same rows."""
        import torch
    
        monkeypatch.setattr(ops, "MR_MODE", mr)
        monkeypatch.setattr(ops, "MULTI_ROW_OP", ops.MR_OP if mr else None)
>       w = C.load(torch, C.HEAD)
            ^^^^^^^^^^^^^^^^^^^^^

tests/gpu/test_exl3_mr.py:314: 
_ _ _ _ _ _ _ _ _ _ _ _ _ _ _ _ _ _ _ _ _ _ _ _ _ _ _ _ _ _ _ _ _ _ _ _ _ _ _ _ 

torch = <module 'torch' from '/workspace/kit-work/venv-cu13/lib/python3.12/site-packages/torch/__init__.py'>
tid = 'K4-lmhead', device = 'cuda'

    def load(torch, tid: str, device="cuda") -> dict:
        """trellis/suh/svh (+ mcg/mul1 flags) of one checkpoint tensor, from the model's index."""
        import json
    
        from safetensors import safe_open
    
        prefix = TENSORS[tid][0]
        wm = json.loads((MODEL / "model.safetensors.index.json").read_text())["weight_map"]
        out = {"mcg": f"{prefix}.mcg" in wm, "mul1": f"{prefix}.mul1" in wm}
        for t in ("trellis", "suh", "svh"):
            with safe_open(str(MODEL / wm[f"{prefix}.{t}"]), framework="pt") as f:
>               out[t] = f.get_tensor(f"{prefix}.{t}").to(device).contiguous()
                         ^^^^^^^^^^^^^^^^^^^^^^^^^^^^^^^^^^^^^^^^
E               torch.OutOfMemoryError: CUDA out of memory. Tried to allocate 608.00 MiB. GPU 0 has a total capacity of 7.66 GiB of which 597.75 MiB is free. Including non-PyTorch memory, this process has 6.46 GiB memory in use. 6.22 GiB allowed; Of the allocated memory 6.21 GiB is allocated by PyTorch, and 2.84 MiB is reserved by PyTorch but unallocated. If reserved but unallocated memory is large try setting PYTORCH_CUDA_ALLOC_CONF=expandable_segments:True to avoid fragmentation.  See documentation for Memory Management  (https://docs.pytorch.org/docs/stable/notes/cuda.html#optimizing-memory-usage-with-pytorch-cuda-alloc-conf)

tests/gpu/exl3_cases.py:84: OutOfMemoryError
______________________ test_lm_head_many_rows_bounded[2] _______________________

ops = <module 'vllm_exl3_plugin.ops' from '/workspace/kit/plugin-exl3/vllm_exl3_plugin/ops.py'>
monkeypatch = <_pytest.monkeypatch.MonkeyPatch object at 0x7fd39a33b320>, mr = 2

    @pytest.mark.parametrize("mr", [0, 2])
    def test_lm_head_many_rows_bounded(ops, monkeypatch, mr):
        """prompt_logprobs regression (job 18: EXL3_MR=0 OOMed inside the lm_head on a 4k-token prompt): the
        lm_head on 2048 rows in bf16 returns bf16 with scratch bounded by one 256-row chunk (peak minus the
        output <= 1.2 GiB), rows equal to a 256-row call on the same rows."""
        import torch
    
        monkeypatch.setattr(ops, "MR_MODE", mr)
        monkeypatch.setattr(ops, "MULTI_ROW_OP", ops.MR_OP if mr else None)
>       w = C.load(torch, C.HEAD)
            ^^^^^^^^^^^^^^^^^^^^^

tests/gpu/test_exl3_mr.py:314: 
_ _ _ _ _ _ _ _ _ _ _ _ _ _ _ _ _ _ _ _ _ _ _ _ _ _ _ _ _ _ _ _ _ _ _ _ _ _ _ _ 

torch = <module 'torch' from '/workspace/kit-work/venv-cu13/lib/python3.12/site-packages/torch/__init__.py'>
tid = 'K4-lmhead', device = 'cuda'

    def load(torch, tid: str, device="cuda") -> dict:
        """trellis/suh/svh (+ mcg/mul1 flags) of one checkpoint tensor, from the model's index."""
        import json
    
        from safetensors import safe_open
    
        prefix = TENSORS[tid][0]
        wm = json.loads((MODEL / "model.safetensors.index.json").read_text())["weight_map"]
        out = {"mcg": f"{prefix}.mcg" in wm, "mul1": f"{prefix}.mul1" in wm}
        for t in ("trellis", "suh", "svh"):
            with safe_open(str(MODEL / wm[f"{prefix}.{t}"]), framework="pt") as f:
>               out[t] = f.get_tensor(f"{prefix}.{t}").to(device).contiguous()
                         ^^^^^^^^^^^^^^^^^^^^^^^^^^^^^^^^^^^^^^^^
E               torch.OutOfMemoryError: CUDA out of memory. Tried to allocate 608.00 MiB. GPU 0 has a total capacity of 7.66 GiB of which 597.75 MiB is free. Including non-PyTorch memory, this process has 6.46 GiB memory in use. 6.22 GiB allowed; Of the allocated memory 6.21 GiB is allocated by PyTorch, and 2.84 MiB is reserved by PyTorch but unallocated. If reserved but unallocated memory is large try setting PYTORCH_CUDA_ALLOC_CONF=expandable_segments:True to avoid fragmentation.  See documentation for Memory Management  (https://docs.pytorch.org/docs/stable/notes/cuda.html#optimizing-memory-usage-with-pytorch-cuda-alloc-conf)

tests/gpu/exl3_cases.py:84: OutOfMemoryError
______________ test_padded_rows_in_capture[K2-up-exl3_gemm-9-nan] ______________

ops = <module 'vllm_exl3_plugin.ops' from '/workspace/kit/plugin-exl3/vllm_exl3_plugin/ops.py'>
tid = 'K2-up', op = 'exl3_gemm', n = 9, pad = 'nan'

    @pytest.mark.parametrize("pad", ["nan", "inf", "big"])
    @pytest.mark.parametrize("n", [9, 12, 16])
    @pytest.mark.parametrize("op", ["exl3_gemm", "exl3_gemm_mr"])
    @pytest.mark.parametrize("tid", ["K2-up", "K3-down", "K4-mtp-up", "K5-kproj"])
    def test_padded_rows_in_capture(ops, tid, op, n, pad):
        """The drafter at 9-16 running requests (k=2 tier): a 16-row CUDA graph with n real rows and
        padding rows holding NaN / +-inf / +-65504. The real rows' outputs stay finite and equal the
        eager result on the real rows alone (rel. rms <= 1e-3): no row of a padded batch leaks into another."""
        import torch
    
        if op == "exl3_gemm_mr" and BITS[tid] not in (3, 4, 5):
            pytest.skip("not on exl3_gemm_mr")
        if tid not in C.TENSORS:
            pytest.skip(f"{tid} not in this checkpoint's table")
>       w = C.load(torch, tid)
            ^^^^^^^^^^^^^^^^^^

tests/gpu/test_exl3_mr.py:359: 
_ _ _ _ _ _ _ _ _ _ _ _ _ _ _ _ _ _ _ _ _ _ _ _ _ _ _ _ _ _ _ _ _ _ _ _ _ _ _ _ 

torch = <module 'torch' from '/workspace/kit-work/venv-cu13/lib/python3.12/site-packages/torch/__init__.py'>
tid = 'K2-up', device = 'cuda'

    def load(torch, tid: str, device="cuda") -> dict:
        """trellis/suh/svh (+ mcg/mul1 flags) of one checkpoint tensor, from the model's index."""
        import json
    
        from safetensors import safe_open
    
        prefix = TENSORS[tid][0]
        wm = json.loads((MODEL / "model.safetensors.index.json").read_text())["weight_map"]
        out = {"mcg": f"{prefix}.mcg" in wm, "mul1": f"{prefix}.mul1" in wm}
        for t in ("trellis", "suh", "svh"):
            with safe_open(str(MODEL / wm[f"{prefix}.{t}"]), framework="pt") as f:
>               out[t] = f.get_tensor(f"{prefix}.{t}").to(device).contiguous()
                         ^^^^^^^^^^^^^^^^^^^^^^^^^^^^^^^^^^^^^^^^
E               torch.OutOfMemoryError: CUDA out of memory. Tried to allocate 22.00 MiB. GPU 0 has a total capacity of 7.66 GiB of which 597.75 MiB is free. Including non-PyTorch memory, this process has 6.46 GiB memory in use. 6.22 GiB allowed; Of the allocated memory 6.21 GiB is allocated by PyTorch, and 2.84 MiB is reserved by PyTorch but unallocated. If reserved but unallocated memory is large try setting PYTORCH_CUDA_ALLOC_CONF=expandable_segments:True to avoid fragmentation.  See documentation for Memory Management  (https://docs.pytorch.org/docs/stable/notes/cuda.html#optimizing-memory-usage-with-pytorch-cuda-alloc-conf)

tests/gpu/exl3_cases.py:84: OutOfMemoryError
______________ test_padded_rows_in_capture[K2-up-exl3_gemm-9-inf] ______________

ops = <module 'vllm_exl3_plugin.ops' from '/workspace/kit/plugin-exl3/vllm_exl3_plugin/ops.py'>
tid = 'K2-up', op = 'exl3_gemm', n = 9, pad = 'inf'

    @pytest.mark.parametrize("pad", ["nan", "inf", "big"])
    @pytest.mark.parametrize("n", [9, 12, 16])
    @pytest.mark.parametrize("op", ["exl3_gemm", "exl3_gemm_mr"])
    @pytest.mark.parametrize("tid", ["K2-up", "K3-down", "K4-mtp-up", "K5-kproj"])
    def test_padded_rows_in_capture(ops, tid, op, n, pad):
        """The drafter at 9-16 running requests (k=2 tier): a 16-row CUDA graph with n real rows and
        padding rows holding NaN / +-inf / +-65504. The real rows' outputs stay finite and equal the
        eager result on the real rows alone (rel. rms <= 1e-3): no row of a padded batch leaks into another."""
        import torch
    
        if op == "exl3_gemm_mr" and BITS[tid] not in (3, 4, 5):
            pytest.skip("not on exl3_gemm_mr")
        if tid not in C.TENSORS:
            pytest.skip(f"{tid} not in this checkpoint's table")
>       w = C.load(torch, tid)
            ^^^^^^^^^^^^^^^^^^

tests/gpu/test_exl3_mr.py:359: 
_ _ _ _ _ _ _ _ _ _ _ _ _ _ _ _ _ _ _ _ _ _ _ _ _ _ _ _ _ _ _ _ _ _ _ _ _ _ _ _ 

torch = <module 'torch' from '/workspace/kit-work/venv-cu13/lib/python3.12/site-packages/torch/__init__.py'>
tid = 'K2-up', device = 'cuda'

    def load(torch, tid: str, device="cuda") -> dict:
        """trellis/suh/svh (+ mcg/mul1 flags) of one checkpoint tensor, from the model's index."""
        import json
    
        from safetensors import safe_open
    
        prefix = TENSORS[tid][0]
        wm = json.loads((MODEL / "model.safetensors.index.json").read_text())["weight_map"]
        out = {"mcg": f"{prefix}.mcg" in wm, "mul1": f"{prefix}.mul1" in wm}
        for t in ("trellis", "suh", "svh"):
            with safe_open(str(MODEL / wm[f"{prefix}.{t}"]), framework="pt") as f:
>               out[t] = f.get_tensor(f"{prefix}.{t}").to(device).contiguous()
                         ^^^^^^^^^^^^^^^^^^^^^^^^^^^^^^^^^^^^^^^^
E               torch.OutOfMemoryError: CUDA out of memory. Tried to allocate 22.00 MiB. GPU 0 has a total capacity of 7.66 GiB of which 597.75 MiB is free. Including non-PyTorch memory, this process has 6.46 GiB memory in use. 6.22 GiB allowed; Of the allocated memory 6.21 GiB is allocated by PyTorch, and 2.84 MiB is reserved by PyTorch but unallocated. If reserved but unallocated memory is large try setting PYTORCH_CUDA_ALLOC_CONF=expandable_segments:True to avoid fragmentation.  See documentation for Memory Management  (https://docs.pytorch.org/docs/stable/notes/cuda.html#optimizing-memory-usage-with-pytorch-cuda-alloc-conf)

tests/gpu/exl3_cases.py:84: OutOfMemoryError
______________ test_padded_rows_in_capture[K2-up-exl3_gemm-9-big] ______________

ops = <module 'vllm_exl3_plugin.ops' from '/workspace/kit/plugin-exl3/vllm_exl3_plugin/ops.py'>
tid = 'K2-up', op = 'exl3_gemm', n = 9, pad = 'big'

    @pytest.mark.parametrize("pad", ["nan", "inf", "big"])
    @pytest.mark.parametrize("n", [9, 12, 16])
    @pytest.mark.parametrize("op", ["exl3_gemm", "exl3_gemm_mr"])
    @pytest.mark.parametrize("tid", ["K2-up", "K3-down", "K4-mtp-up", "K5-kproj"])
    def test_padded_rows_in_capture(ops, tid, op, n, pad):
        """The drafter at 9-16 running requests (k=2 tier): a 16-row CUDA graph with n real rows and
        padding rows holding NaN / +-inf / +-65504. The real rows' outputs stay finite and equal the
        eager result on the real rows alone (rel. rms <= 1e-3): no row of a padded batch leaks into another."""
        import torch
    
        if op == "exl3_gemm_mr" and BITS[tid] not in (3, 4, 5):
            pytest.skip("not on exl3_gemm_mr")
        if tid not in C.TENSORS:
            pytest.skip(f"{tid} not in this checkpoint's table")
>       w = C.load(torch, tid)
            ^^^^^^^^^^^^^^^^^^

tests/gpu/test_exl3_mr.py:359: 
_ _ _ _ _ _ _ _ _ _ _ _ _ _ _ _ _ _ _ _ _ _ _ _ _ _ _ _ _ _ _ _ _ _ _ _ _ _ _ _ 

torch = <module 'torch' from '/workspace/kit-work/venv-cu13/lib/python3.12/site-packages/torch/__init__.py'>
tid = 'K2-up', device = 'cuda'

    def load(torch, tid: str, device="cuda") -> dict:
        """trellis/suh/svh (+ mcg/mul1 flags) of one checkpoint tensor, from the model's index."""
        import json
    
        from safetensors import safe_open
    
        prefix = TENSORS[tid][0]
        wm = json.loads((MODEL / "model.safetensors.index.json").read_text())["weight_map"]
        out = {"mcg": f"{prefix}.mcg" in wm, "mul1": f"{prefix}.mul1" in wm}
        for t in ("trellis", "suh", "svh"):
            with safe_open(str(MODEL / wm[f"{prefix}.{t}"]), framework="pt") as f:
>               out[t] = f.get_tensor(f"{prefix}.{t}").to(device).contiguous()
                         ^^^^^^^^^^^^^^^^^^^^^^^^^^^^^^^^^^^^^^^^
E               torch.OutOfMemoryError: CUDA out of memory. Tried to allocate 22.00 MiB. GPU 0 has a total capacity of 7.66 GiB of which 597.75 MiB is free. Including non-PyTorch memory, this process has 6.46 GiB memory in use. 6.22 GiB allowed; Of the allocated memory 6.21 GiB is allocated by PyTorch, and 2.84 MiB is reserved by PyTorch but unallocated. If reserved but unallocated memory is large try setting PYTORCH_CUDA_ALLOC_CONF=expandable_segments:True to avoid fragmentation.  See documentation for Memory Management  (https://docs.pytorch.org/docs/stable/notes/cuda.html#optimizing-memory-usage-with-pytorch-cuda-alloc-conf)

tests/gpu/exl3_cases.py:84: OutOfMemoryError
_____________ test_padded_rows_in_capture[K2-up-exl3_gemm-12-nan] ______________

ops = <module 'vllm_exl3_plugin.ops' from '/workspace/kit/plugin-exl3/vllm_exl3_plugin/ops.py'>
tid = 'K2-up', op = 'exl3_gemm', n = 12, pad = 'nan'

    @pytest.mark.parametrize("pad", ["nan", "inf", "big"])
    @pytest.mark.parametrize("n", [9, 12, 16])
    @pytest.mark.parametrize("op", ["exl3_gemm", "exl3_gemm_mr"])
    @pytest.mark.parametrize("tid", ["K2-up", "K3-down", "K4-mtp-up", "K5-kproj"])
    def test_padded_rows_in_capture(ops, tid, op, n, pad):
        """The drafter at 9-16 running requests (k=2 tier): a 16-row CUDA graph with n real rows and
        padding rows holding NaN / +-inf / +-65504. The real rows' outputs stay finite and equal the
        eager result on the real rows alone (rel. rms <= 1e-3): no row of a padded batch leaks into another."""
        import torch
    
        if op == "exl3_gemm_mr" and BITS[tid] not in (3, 4, 5):
            pytest.skip("not on exl3_gemm_mr")
        if tid not in C.TENSORS:
            pytest.skip(f"{tid} not in this checkpoint's table")
>       w = C.load(torch, tid)
            ^^^^^^^^^^^^^^^^^^

tests/gpu/test_exl3_mr.py:359: 
_ _ _ _ _ _ _ _ _ _ _ _ _ _ _ _ _ _ _ _ _ _ _ _ _ _ _ _ _ _ _ _ _ _ _ _ _ _ _ _ 

torch = <module 'torch' from '/workspace/kit-work/venv-cu13/lib/python3.12/site-packages/torch/__init__.py'>
tid = 'K2-up', device = 'cuda'

    def load(torch, tid: str, device="cuda") -> dict:
        """trellis/suh/svh (+ mcg/mul1 flags) of one checkpoint tensor, from the model's index."""
        import json
    
        from safetensors import safe_open
    
        prefix = TENSORS[tid][0]
        wm = json.loads((MODEL / "model.safetensors.index.json").read_text())["weight_map"]
        out = {"mcg": f"{prefix}.mcg" in wm, "mul1": f"{prefix}.mul1" in wm}
        for t in ("trellis", "suh", "svh"):
            with safe_open(str(MODEL / wm[f"{prefix}.{t}"]), framework="pt") as f:
>               out[t] = f.get_tensor(f"{prefix}.{t}").to(device).contiguous()
                         ^^^^^^^^^^^^^^^^^^^^^^^^^^^^^^^^^^^^^^^^
E               torch.OutOfMemoryError: CUDA out of memory. Tried to allocate 22.00 MiB. GPU 0 has a total capacity of 7.66 GiB of which 597.75 MiB is free. Including non-PyTorch memory, this process has 6.46 GiB memory in use. 6.22 GiB allowed; Of the allocated memory 6.21 GiB is allocated by PyTorch, and 2.84 MiB is reserved by PyTorch but unallocated. If reserved but unallocated memory is large try setting PYTORCH_CUDA_ALLOC_CONF=expandable_segments:True to avoid fragmentation.  See documentation for Memory Management  (https://docs.pytorch.org/docs/stable/notes/cuda.html#optimizing-memory-usage-with-pytorch-cuda-alloc-conf)

tests/gpu/exl3_cases.py:84: OutOfMemoryError
_____________ test_padded_rows_in_capture[K2-up-exl3_gemm-12-inf] ______________

ops = <module 'vllm_exl3_plugin.ops' from '/workspace/kit/plugin-exl3/vllm_exl3_plugin/ops.py'>
tid = 'K2-up', op = 'exl3_gemm', n = 12, pad = 'inf'

    @pytest.mark.parametrize("pad", ["nan", "inf", "big"])
    @pytest.mark.parametrize("n", [9, 12, 16])
    @pytest.mark.parametrize("op", ["exl3_gemm", "exl3_gemm_mr"])
    @pytest.mark.parametrize("tid", ["K2-up", "K3-down", "K4-mtp-up", "K5-kproj"])
    def test_padded_rows_in_capture(ops, tid, op, n, pad):
        """The drafter at 9-16 running requests (k=2 tier): a 16-row CUDA graph with n real rows and
        padding rows holding NaN / +-inf / +-65504. The real rows' outputs stay finite and equal the
        eager result on the real rows alone (rel. rms <= 1e-3): no row of a padded batch leaks into another."""
        import torch
    
        if op == "exl3_gemm_mr" and BITS[tid] not in (3, 4, 5):
            pytest.skip("not on exl3_gemm_mr")
        if tid not in C.TENSORS:
            pytest.skip(f"{tid} not in this checkpoint's table")
>       w = C.load(torch, tid)
            ^^^^^^^^^^^^^^^^^^

tests/gpu/test_exl3_mr.py:359: 
_ _ _ _ _ _ _ _ _ _ _ _ _ _ _ _ _ _ _ _ _ _ _ _ _ _ _ _ _ _ _ _ _ _ _ _ _ _ _ _ 

torch = <module 'torch' from '/workspace/kit-work/venv-cu13/lib/python3.12/site-packages/torch/__init__.py'>
tid = 'K2-up', device = 'cuda'

    def load(torch, tid: str, device="cuda") -> dict:
        """trellis/suh/svh (+ mcg/mul1 flags) of one checkpoint tensor, from the model's index."""
        import json
    
        from safetensors import safe_open
    
        prefix = TENSORS[tid][0]
        wm = json.loads((MODEL / "model.safetensors.index.json").read_text())["weight_map"]
        out = {"mcg": f"{prefix}.mcg" in wm, "mul1": f"{prefix}.mul1" in wm}
        for t in ("trellis", "suh", "svh"):
            with safe_open(str(MODEL / wm[f"{prefix}.{t}"]), framework="pt") as f:
>               out[t] = f.get_tensor(f"{prefix}.{t}").to(device).contiguous()
                         ^^^^^^^^^^^^^^^^^^^^^^^^^^^^^^^^^^^^^^^^
E               torch.OutOfMemoryError: CUDA out of memory. Tried to allocate 22.00 MiB. GPU 0 has a total capacity of 7.66 GiB of which 597.75 MiB is free. Including non-PyTorch memory, this process has 6.46 GiB memory in use. 6.22 GiB allowed; Of the allocated memory 6.21 GiB is allocated by PyTorch, and 2.84 MiB is reserved by PyTorch but unallocated. If reserved but unallocated memory is large try setting PYTORCH_CUDA_ALLOC_CONF=expandable_segments:True to avoid fragmentation.  See documentation for Memory Management  (https://docs.pytorch.org/docs/stable/notes/cuda.html#optimizing-memory-usage-with-pytorch-cuda-alloc-conf)

tests/gpu/exl3_cases.py:84: OutOfMemoryError
_____________ test_padded_rows_in_capture[K2-up-exl3_gemm-12-big] ______________

ops = <module 'vllm_exl3_plugin.ops' from '/workspace/kit/plugin-exl3/vllm_exl3_plugin/ops.py'>
tid = 'K2-up', op = 'exl3_gemm', n = 12, pad = 'big'

    @pytest.mark.parametrize("pad", ["nan", "inf", "big"])
    @pytest.mark.parametrize("n", [9, 12, 16])
    @pytest.mark.parametrize("op", ["exl3_gemm", "exl3_gemm_mr"])
    @pytest.mark.parametrize("tid", ["K2-up", "K3-down", "K4-mtp-up", "K5-kproj"])
    def test_padded_rows_in_capture(ops, tid, op, n, pad):
        """The drafter at 9-16 running requests (k=2 tier): a 16-row CUDA graph with n real rows and
        padding rows holding NaN / +-inf / +-65504. The real rows' outputs stay finite and equal the
        eager result on the real rows alone (rel. rms <= 1e-3): no row of a padded batch leaks into another."""
        import torch
    
        if op == "exl3_gemm_mr" and BITS[tid] not in (3, 4, 5):
            pytest.skip("not on exl3_gemm_mr")
        if tid not in C.TENSORS:
            pytest.skip(f"{tid} not in this checkpoint's table")
>       w = C.load(torch, tid)
            ^^^^^^^^^^^^^^^^^^

tests/gpu/test_exl3_mr.py:359: 
_ _ _ _ _ _ _ _ _ _ _ _ _ _ _ _ _ _ _ _ _ _ _ _ _ _ _ _ _ _ _ _ _ _ _ _ _ _ _ _ 

torch = <module 'torch' from '/workspace/kit-work/venv-cu13/lib/python3.12/site-packages/torch/__init__.py'>
tid = 'K2-up', device = 'cuda'

    def load(torch, tid: str, device="cuda") -> dict:
        """trellis/suh/svh (+ mcg/mul1 flags) of one checkpoint tensor, from the model's index."""
        import json
    
        from safetensors import safe_open
    
        prefix = TENSORS[tid][0]
        wm = json.loads((MODEL / "model.safetensors.index.json").read_text())["weight_map"]
        out = {"mcg": f"{prefix}.mcg" in wm, "mul1": f"{prefix}.mul1" in wm}
        for t in ("trellis", "suh", "svh"):
            with safe_open(str(MODEL / wm[f"{prefix}.{t}"]), framework="pt") as f:
>               out[t] = f.get_tensor(f"{prefix}.{t}").to(device).contiguous()
                         ^^^^^^^^^^^^^^^^^^^^^^^^^^^^^^^^^^^^^^^^
E               torch.OutOfMemoryError: CUDA out of memory. Tried to allocate 22.00 MiB. GPU 0 has a total capacity of 7.66 GiB of which 597.75 MiB is free. Including non-PyTorch memory, this process has 6.46 GiB memory in use. 6.22 GiB allowed; Of the allocated memory 6.21 GiB is allocated by PyTorch, and 2.84 MiB is reserved by PyTorch but unallocated. If reserved but unallocated memory is large try setting PYTORCH_CUDA_ALLOC_CONF=expandable_segments:True to avoid fragmentation.  See documentation for Memory Management  (https://docs.pytorch.org/docs/stable/notes/cuda.html#optimizing-memory-usage-with-pytorch-cuda-alloc-conf)

tests/gpu/exl3_cases.py:84: OutOfMemoryError
_____________ test_padded_rows_in_capture[K2-up-exl3_gemm-16-nan] ______________

ops = <module 'vllm_exl3_plugin.ops' from '/workspace/kit/plugin-exl3/vllm_exl3_plugin/ops.py'>
tid = 'K2-up', op = 'exl3_gemm', n = 16, pad = 'nan'

    @pytest.mark.parametrize("pad", ["nan", "inf", "big"])
    @pytest.mark.parametrize("n", [9, 12, 16])
    @pytest.mark.parametrize("op", ["exl3_gemm", "exl3_gemm_mr"])
    @pytest.mark.parametrize("tid", ["K2-up", "K3-down", "K4-mtp-up", "K5-kproj"])
    def test_padded_rows_in_capture(ops, tid, op, n, pad):
        """The drafter at 9-16 running requests (k=2 tier): a 16-row CUDA graph with n real rows and
        padding rows holding NaN / +-inf / +-65504. The real rows' outputs stay finite and equal the
        eager result on the real rows alone (rel. rms <= 1e-3): no row of a padded batch leaks into another."""
        import torch
    
        if op == "exl3_gemm_mr" and BITS[tid] not in (3, 4, 5):
            pytest.skip("not on exl3_gemm_mr")
        if tid not in C.TENSORS:
            pytest.skip(f"{tid} not in this checkpoint's table")
>       w = C.load(torch, tid)
            ^^^^^^^^^^^^^^^^^^

tests/gpu/test_exl3_mr.py:359: 
_ _ _ _ _ _ _ _ _ _ _ _ _ _ _ _ _ _ _ _ _ _ _ _ _ _ _ _ _ _ _ _ _ _ _ _ _ _ _ _ 

torch = <module 'torch' from '/workspace/kit-work/venv-cu13/lib/python3.12/site-packages/torch/__init__.py'>
tid = 'K2-up', device = 'cuda'

    def load(torch, tid: str, device="cuda") -> dict:
        """trellis/suh/svh (+ mcg/mul1 flags) of one checkpoint tensor, from the model's index."""
        import json
    
        from safetensors import safe_open
    
        prefix = TENSORS[tid][0]
        wm = json.loads((MODEL / "model.safetensors.index.json").read_text())["weight_map"]
        out = {"mcg": f"{prefix}.mcg" in wm, "mul1": f"{prefix}.mul1" in wm}
        for t in ("trellis", "suh", "svh"):
            with safe_open(str(MODEL / wm[f"{prefix}.{t}"]), framework="pt") as f:
>               out[t] = f.get_tensor(f"{prefix}.{t}").to(device).contiguous()
                         ^^^^^^^^^^^^^^^^^^^^^^^^^^^^^^^^^^^^^^^^
E               torch.OutOfMemoryError: CUDA out of memory. Tried to allocate 22.00 MiB. GPU 0 has a total capacity of 7.66 GiB of which 597.75 MiB is free. Including non-PyTorch memory, this process has 6.46 GiB memory in use. 6.22 GiB allowed; Of the allocated memory 6.21 GiB is allocated by PyTorch, and 2.84 MiB is reserved by PyTorch but unallocated. If reserved but unallocated memory is large try setting PYTORCH_CUDA_ALLOC_CONF=expandable_segments:True to avoid fragmentation.  See documentation for Memory Management  (https://docs.pytorch.org/docs/stable/notes/cuda.html#optimizing-memory-usage-with-pytorch-cuda-alloc-conf)

tests/gpu/exl3_cases.py:84: OutOfMemoryError
_____________ test_padded_rows_in_capture[K2-up-exl3_gemm-16-inf] ______________

ops = <module 'vllm_exl3_plugin.ops' from '/workspace/kit/plugin-exl3/vllm_exl3_plugin/ops.py'>
tid = 'K2-up', op = 'exl3_gemm', n = 16, pad = 'inf'

    @pytest.mark.parametrize("pad", ["nan", "inf", "big"])
    @pytest.mark.parametrize("n", [9, 12, 16])
    @pytest.mark.parametrize("op", ["exl3_gemm", "exl3_gemm_mr"])
    @pytest.mark.parametrize("tid", ["K2-up", "K3-down", "K4-mtp-up", "K5-kproj"])
    def test_padded_rows_in_capture(ops, tid, op, n, pad):
        """The drafter at 9-16 running requests (k=2 tier): a 16-row CUDA graph with n real rows and
        padding rows holding NaN / +-inf / +-65504. The real rows' outputs stay finite and equal the
        eager result on the real rows alone (rel. rms <= 1e-3): no row of a padded batch leaks into another."""
        import torch
    
        if op == "exl3_gemm_mr" and BITS[tid] not in (3, 4, 5):
            pytest.skip("not on exl3_gemm_mr")
        if tid not in C.TENSORS:
            pytest.skip(f"{tid} not in this checkpoint's table")
>       w = C.load(torch, tid)
            ^^^^^^^^^^^^^^^^^^

tests/gpu/test_exl3_mr.py:359: 
_ _ _ _ _ _ _ _ _ _ _ _ _ _ _ _ _ _ _ _ _ _ _ _ _ _ _ _ _ _ _ _ _ _ _ _ _ _ _ _ 

torch = <module 'torch' from '/workspace/kit-work/venv-cu13/lib/python3.12/site-packages/torch/__init__.py'>
tid = 'K2-up', device = 'cuda'

    def load(torch, tid: str, device="cuda") -> dict:
        """trellis/suh/svh (+ mcg/mul1 flags) of one checkpoint tensor, from the model's index."""
        import json
    
        from safetensors import safe_open
    
        prefix = TENSORS[tid][0]
        wm = json.loads((MODEL / "model.safetensors.index.json").read_text())["weight_map"]
        out = {"mcg": f"{prefix}.mcg" in wm, "mul1": f"{prefix}.mul1" in wm}
        for t in ("trellis", "suh", "svh"):
            with safe_open(str(MODEL / wm[f"{prefix}.{t}"]), framework="pt") as f:
>               out[t] = f.get_tensor(f"{prefix}.{t}").to(device).contiguous()
                         ^^^^^^^^^^^^^^^^^^^^^^^^^^^^^^^^^^^^^^^^
E               torch.OutOfMemoryError: CUDA out of memory. Tried to allocate 22.00 MiB. GPU 0 has a total capacity of 7.66 GiB of which 597.75 MiB is free. Including non-PyTorch memory, this process has 6.46 GiB memory in use. 6.22 GiB allowed; Of the allocated memory 6.21 GiB is allocated by PyTorch, and 2.84 MiB is reserved by PyTorch but unallocated. If reserved but unallocated memory is large try setting PYTORCH_CUDA_ALLOC_CONF=expandable_segments:True to avoid fragmentation.  See documentation for Memory Management  (https://docs.pytorch.org/docs/stable/notes/cuda.html#optimizing-memory-usage-with-pytorch-cuda-alloc-conf)

tests/gpu/exl3_cases.py:84: OutOfMemoryError
_____________ test_padded_rows_in_capture[K2-up-exl3_gemm-16-big] ______________

ops = <module 'vllm_exl3_plugin.ops' from '/workspace/kit/plugin-exl3/vllm_exl3_plugin/ops.py'>
tid = 'K2-up', op = 'exl3_gemm', n = 16, pad = 'big'

    @pytest.mark.parametrize("pad", ["nan", "inf", "big"])
    @pytest.mark.parametrize("n", [9, 12, 16])
    @pytest.mark.parametrize("op", ["exl3_gemm", "exl3_gemm_mr"])
    @pytest.mark.parametrize("tid", ["K2-up", "K3-down", "K4-mtp-up", "K5-kproj"])
    def test_padded_rows_in_capture(ops, tid, op, n, pad):
        """The drafter at 9-16 running requests (k=2 tier): a 16-row CUDA graph with n real rows and
        padding rows holding NaN / +-inf / +-65504. The real rows' outputs stay finite and equal the
        eager result on the real rows alone (rel. rms <= 1e-3): no row of a padded batch leaks into another."""
        import torch
    
        if op == "exl3_gemm_mr" and BITS[tid] not in (3, 4, 5):
            pytest.skip("not on exl3_gemm_mr")
        if tid not in C.TENSORS:
            pytest.skip(f"{tid} not in this checkpoint's table")
>       w = C.load(torch, tid)
            ^^^^^^^^^^^^^^^^^^

tests/gpu/test_exl3_mr.py:359: 
_ _ _ _ _ _ _ _ _ _ _ _ _ _ _ _ _ _ _ _ _ _ _ _ _ _ _ _ _ _ _ _ _ _ _ _ _ _ _ _ 

torch = <module 'torch' from '/workspace/kit-work/venv-cu13/lib/python3.12/site-packages/torch/__init__.py'>
tid = 'K2-up', device = 'cuda'

    def load(torch, tid: str, device="cuda") -> dict:
        """trellis/suh/svh (+ mcg/mul1 flags) of one checkpoint tensor, from the model's index."""
        import json
    
        from safetensors import safe_open
    
        prefix = TENSORS[tid][0]
        wm = json.loads((MODEL / "model.safetensors.index.json").read_text())["weight_map"]
        out = {"mcg": f"{prefix}.mcg" in wm, "mul1": f"{prefix}.mul1" in wm}
        for t in ("trellis", "suh", "svh"):
            with safe_open(str(MODEL / wm[f"{prefix}.{t}"]), framework="pt") as f:
>               out[t] = f.get_tensor(f"{prefix}.{t}").to(device).contiguous()
                         ^^^^^^^^^^^^^^^^^^^^^^^^^^^^^^^^^^^^^^^^
E               torch.OutOfMemoryError: CUDA out of memory. Tried to allocate 22.00 MiB. GPU 0 has a total capacity of 7.66 GiB of which 597.75 MiB is free. Including non-PyTorch memory, this process has 6.46 GiB memory in use. 6.22 GiB allowed; Of the allocated memory 6.21 GiB is allocated by PyTorch, and 2.84 MiB is reserved by PyTorch but unallocated. If reserved but unallocated memory is large try setting PYTORCH_CUDA_ALLOC_CONF=expandable_segments:True to avoid fragmentation.  See documentation for Memory Management  (https://docs.pytorch.org/docs/stable/notes/cuda.html#optimizing-memory-usage-with-pytorch-cuda-alloc-conf)

tests/gpu/exl3_cases.py:84: OutOfMemoryError
_____________ test_padded_rows_in_capture[K3-down-exl3_gemm-9-nan] _____________

ops = <module 'vllm_exl3_plugin.ops' from '/workspace/kit/plugin-exl3/vllm_exl3_plugin/ops.py'>
tid = 'K3-down', op = 'exl3_gemm', n = 9, pad = 'nan'

    @pytest.mark.parametrize("pad", ["nan", "inf", "big"])
    @pytest.mark.parametrize("n", [9, 12, 16])
    @pytest.mark.parametrize("op", ["exl3_gemm", "exl3_gemm_mr"])
    @pytest.mark.parametrize("tid", ["K2-up", "K3-down", "K4-mtp-up", "K5-kproj"])
    def test_padded_rows_in_capture(ops, tid, op, n, pad):
        """The drafter at 9-16 running requests (k=2 tier): a 16-row CUDA graph with n real rows and
        padding rows holding NaN / +-inf / +-65504. The real rows' outputs stay finite and equal the
        eager result on the real rows alone (rel. rms <= 1e-3): no row of a padded batch leaks into another."""
        import torch
    
        if op == "exl3_gemm_mr" and BITS[tid] not in (3, 4, 5):
            pytest.skip("not on exl3_gemm_mr")
        if tid not in C.TENSORS:
            pytest.skip(f"{tid} not in this checkpoint's table")
>       w = C.load(torch, tid)
            ^^^^^^^^^^^^^^^^^^

tests/gpu/test_exl3_mr.py:359: 
_ _ _ _ _ _ _ _ _ _ _ _ _ _ _ _ _ _ _ _ _ _ _ _ _ _ _ _ _ _ _ _ _ _ _ _ _ _ _ _ 

torch = <module 'torch' from '/workspace/kit-work/venv-cu13/lib/python3.12/site-packages/torch/__init__.py'>
tid = 'K3-down', device = 'cuda'

    def load(torch, tid: str, device="cuda") -> dict:
        """trellis/suh/svh (+ mcg/mul1 flags) of one checkpoint tensor, from the model's index."""
        import json
    
        from safetensors import safe_open
    
        prefix = TENSORS[tid][0]
        wm = json.loads((MODEL / "model.safetensors.index.json").read_text())["weight_map"]
        out = {"mcg": f"{prefix}.mcg" in wm, "mul1": f"{prefix}.mul1" in wm}
        for t in ("trellis", "suh", "svh"):
            with safe_open(str(MODEL / wm[f"{prefix}.{t}"]), framework="pt") as f:
>               out[t] = f.get_tensor(f"{prefix}.{t}").to(device).contiguous()
                         ^^^^^^^^^^^^^^^^^^^^^^^^^^^^^^^^^^^^^^^^
E               torch.OutOfMemoryError: CUDA out of memory. Tried to allocate 32.00 MiB. GPU 0 has a total capacity of 7.66 GiB of which 597.75 MiB is free. Including non-PyTorch memory, this process has 6.46 GiB memory in use. 6.22 GiB allowed; Of the allocated memory 6.21 GiB is allocated by PyTorch, and 2.84 MiB is reserved by PyTorch but unallocated. If reserved but unallocated memory is large try setting PYTORCH_CUDA_ALLOC_CONF=expandable_segments:True to avoid fragmentation.  See documentation for Memory Management  (https://docs.pytorch.org/docs/stable/notes/cuda.html#optimizing-memory-usage-with-pytorch-cuda-alloc-conf)

tests/gpu/exl3_cases.py:84: OutOfMemoryError
_____________ test_padded_rows_in_capture[K3-down-exl3_gemm-9-inf] _____________

ops = <module 'vllm_exl3_plugin.ops' from '/workspace/kit/plugin-exl3/vllm_exl3_plugin/ops.py'>
tid = 'K3-down', op = 'exl3_gemm', n = 9, pad = 'inf'

    @pytest.mark.parametrize("pad", ["nan", "inf", "big"])
    @pytest.mark.parametrize("n", [9, 12, 16])
    @pytest.mark.parametrize("op", ["exl3_gemm", "exl3_gemm_mr"])
    @pytest.mark.parametrize("tid", ["K2-up", "K3-down", "K4-mtp-up", "K5-kproj"])
    def test_padded_rows_in_capture(ops, tid, op, n, pad):
        """The drafter at 9-16 running requests (k=2 tier): a 16-row CUDA graph with n real rows and
        padding rows holding NaN / +-inf / +-65504. The real rows' outputs stay finite and equal the
        eager result on the real rows alone (rel. rms <= 1e-3): no row of a padded batch leaks into another."""
        import torch
    
        if op == "exl3_gemm_mr" and BITS[tid] not in (3, 4, 5):
            pytest.skip("not on exl3_gemm_mr")
        if tid not in C.TENSORS:
            pytest.skip(f"{tid} not in this checkpoint's table")
>       w = C.load(torch, tid)
            ^^^^^^^^^^^^^^^^^^

tests/gpu/test_exl3_mr.py:359: 
_ _ _ _ _ _ _ _ _ _ _ _ _ _ _ _ _ _ _ _ _ _ _ _ _ _ _ _ _ _ _ _ _ _ _ _ _ _ _ _ 

torch = <module 'torch' from '/workspace/kit-work/venv-cu13/lib/python3.12/site-packages/torch/__init__.py'>
tid = 'K3-down', device = 'cuda'

    def load(torch, tid: str, device="cuda") -> dict:
        """trellis/suh/svh (+ mcg/mul1 flags) of one checkpoint tensor, from the model's index."""
        import json
    
        from safetensors import safe_open
    
        prefix = TENSORS[tid][0]
        wm = json.loads((MODEL / "model.safetensors.index.json").read_text())["weight_map"]
        out = {"mcg": f"{prefix}.mcg" in wm, "mul1": f"{prefix}.mul1" in wm}
        for t in ("trellis", "suh", "svh"):
            with safe_open(str(MODEL / wm[f"{prefix}.{t}"]), framework="pt") as f:
>               out[t] = f.get_tensor(f"{prefix}.{t}").to(device).contiguous()
                         ^^^^^^^^^^^^^^^^^^^^^^^^^^^^^^^^^^^^^^^^
E               torch.OutOfMemoryError: CUDA out of memory. Tried to allocate 32.00 MiB. GPU 0 has a total capacity of 7.66 GiB of which 597.75 MiB is free. Including non-PyTorch memory, this process has 6.46 GiB memory in use. 6.22 GiB allowed; Of the allocated memory 6.21 GiB is allocated by PyTorch, and 2.84 MiB is reserved by PyTorch but unallocated. If reserved but unallocated memory is large try setting PYTORCH_CUDA_ALLOC_CONF=expandable_segments:True to avoid fragmentation.  See documentation for Memory Management  (https://docs.pytorch.org/docs/stable/notes/cuda.html#optimizing-memory-usage-with-pytorch-cuda-alloc-conf)

tests/gpu/exl3_cases.py:84: OutOfMemoryError
_____________ test_padded_rows_in_capture[K3-down-exl3_gemm-9-big] _____________

ops = <module 'vllm_exl3_plugin.ops' from '/workspace/kit/plugin-exl3/vllm_exl3_plugin/ops.py'>
tid = 'K3-down', op = 'exl3_gemm', n = 9, pad = 'big'

    @pytest.mark.parametrize("pad", ["nan", "inf", "big"])
    @pytest.mark.parametrize("n", [9, 12, 16])
    @pytest.mark.parametrize("op", ["exl3_gemm", "exl3_gemm_mr"])
    @pytest.mark.parametrize("tid", ["K2-up", "K3-down", "K4-mtp-up", "K5-kproj"])
    def test_padded_rows_in_capture(ops, tid, op, n, pad):
        """The drafter at 9-16 running requests (k=2 tier): a 16-row CUDA graph with n real rows and
        padding rows holding NaN / +-inf / +-65504. The real rows' outputs stay finite and equal the
        eager result on the real rows alone (rel. rms <= 1e-3): no row of a padded batch leaks into another."""
        import torch
    
        if op == "exl3_gemm_mr" and BITS[tid] not in (3, 4, 5):
            pytest.skip("not on exl3_gemm_mr")
        if tid not in C.TENSORS:
            pytest.skip(f"{tid} not in this checkpoint's table")
>       w = C.load(torch, tid)
            ^^^^^^^^^^^^^^^^^^

tests/gpu/test_exl3_mr.py:359: 
_ _ _ _ _ _ _ _ _ _ _ _ _ _ _ _ _ _ _ _ _ _ _ _ _ _ _ _ _ _ _ _ _ _ _ _ _ _ _ _ 

torch = <module 'torch' from '/workspace/kit-work/venv-cu13/lib/python3.12/site-packages/torch/__init__.py'>
tid = 'K3-down', device = 'cuda'

    def load(torch, tid: str, device="cuda") -> dict:
        """trellis/suh/svh (+ mcg/mul1 flags) of one checkpoint tensor, from the model's index."""
        import json
    
        from safetensors import safe_open
    
        prefix = TENSORS[tid][0]
        wm = json.loads((MODEL / "model.safetensors.index.json").read_text())["weight_map"]
        out = {"mcg": f"{prefix}.mcg" in wm, "mul1": f"{prefix}.mul1" in wm}
        for t in ("trellis", "suh", "svh"):
            with safe_open(str(MODEL / wm[f"{prefix}.{t}"]), framework="pt") as f:
>               out[t] = f.get_tensor(f"{prefix}.{t}").to(device).contiguous()
                         ^^^^^^^^^^^^^^^^^^^^^^^^^^^^^^^^^^^^^^^^
E               torch.OutOfMemoryError: CUDA out of memory. Tried to allocate 32.00 MiB. GPU 0 has a total capacity of 7.66 GiB of which 597.75 MiB is free. Including non-PyTorch memory, this process has 6.46 GiB memory in use. 6.22 GiB allowed; Of the allocated memory 6.21 GiB is allocated by PyTorch, and 2.84 MiB is reserved by PyTorch but unallocated. If reserved but unallocated memory is large try setting PYTORCH_CUDA_ALLOC_CONF=expandable_segments:True to avoid fragmentation.  See documentation for Memory Management  (https://docs.pytorch.org/docs/stable/notes/cuda.html#optimizing-memory-usage-with-pytorch-cuda-alloc-conf)

tests/gpu/exl3_cases.py:84: OutOfMemoryError
____________ test_padded_rows_in_capture[K3-down-exl3_gemm-12-nan] _____________

ops = <module 'vllm_exl3_plugin.ops' from '/workspace/kit/plugin-exl3/vllm_exl3_plugin/ops.py'>
tid = 'K3-down', op = 'exl3_gemm', n = 12, pad = 'nan'

    @pytest.mark.parametrize("pad", ["nan", "inf", "big"])
    @pytest.mark.parametrize("n", [9, 12, 16])
    @pytest.mark.parametrize("op", ["exl3_gemm", "exl3_gemm_mr"])
    @pytest.mark.parametrize("tid", ["K2-up", "K3-down", "K4-mtp-up", "K5-kproj"])
    def test_padded_rows_in_capture(ops, tid, op, n, pad):
        """The drafter at 9-16 running requests (k=2 tier): a 16-row CUDA graph with n real rows and
        padding rows holding NaN / +-inf / +-65504. The real rows' outputs stay finite and equal the
        eager result on the real rows alone (rel. rms <= 1e-3): no row of a padded batch leaks into another."""
        import torch
    
        if op == "exl3_gemm_mr" and BITS[tid] not in (3, 4, 5):
            pytest.skip("not on exl3_gemm_mr")
        if tid not in C.TENSORS:
            pytest.skip(f"{tid} not in this checkpoint's table")
>       w = C.load(torch, tid)
            ^^^^^^^^^^^^^^^^^^

tests/gpu/test_exl3_mr.py:359: 
_ _ _ _ _ _ _ _ _ _ _ _ _ _ _ _ _ _ _ _ _ _ _ _ _ _ _ _ _ _ _ _ _ _ _ _ _ _ _ _ 

torch = <module 'torch' from '/workspace/kit-work/venv-cu13/lib/python3.12/site-packages/torch/__init__.py'>
tid = 'K3-down', device = 'cuda'

    def load(torch, tid: str, device="cuda") -> dict:
        """trellis/suh/svh (+ mcg/mul1 flags) of one checkpoint tensor, from the model's index."""
        import json
    
        from safetensors import safe_open
    
        prefix = TENSORS[tid][0]
        wm = json.loads((MODEL / "model.safetensors.index.json").read_text())["weight_map"]
        out = {"mcg": f"{prefix}.mcg" in wm, "mul1": f"{prefix}.mul1" in wm}
        for t in ("trellis", "suh", "svh"):
            with safe_open(str(MODEL / wm[f"{prefix}.{t}"]), framework="pt") as f:
>               out[t] = f.get_tensor(f"{prefix}.{t}").to(device).contiguous()
                         ^^^^^^^^^^^^^^^^^^^^^^^^^^^^^^^^^^^^^^^^
E               torch.OutOfMemoryError: CUDA out of memory. Tried to allocate 32.00 MiB. GPU 0 has a total capacity of 7.66 GiB of which 597.75 MiB is free. Including non-PyTorch memory, this process has 6.46 GiB memory in use. 6.22 GiB allowed; Of the allocated memory 6.21 GiB is allocated by PyTorch, and 2.84 MiB is reserved by PyTorch but unallocated. If reserved but unallocated memory is large try setting PYTORCH_CUDA_ALLOC_CONF=expandable_segments:True to avoid fragmentation.  See documentation for Memory Management  (https://docs.pytorch.org/docs/stable/notes/cuda.html#optimizing-memory-usage-with-pytorch-cuda-alloc-conf)

tests/gpu/exl3_cases.py:84: OutOfMemoryError
____________ test_padded_rows_in_capture[K3-down-exl3_gemm-12-inf] _____________

ops = <module 'vllm_exl3_plugin.ops' from '/workspace/kit/plugin-exl3/vllm_exl3_plugin/ops.py'>
tid = 'K3-down', op = 'exl3_gemm', n = 12, pad = 'inf'

    @pytest.mark.parametrize("pad", ["nan", "inf", "big"])
    @pytest.mark.parametrize("n", [9, 12, 16])
    @pytest.mark.parametrize("op", ["exl3_gemm", "exl3_gemm_mr"])
    @pytest.mark.parametrize("tid", ["K2-up", "K3-down", "K4-mtp-up", "K5-kproj"])
    def test_padded_rows_in_capture(ops, tid, op, n, pad):
        """The drafter at 9-16 running requests (k=2 tier): a 16-row CUDA graph with n real rows and
        padding rows holding NaN / +-inf / +-65504. The real rows' outputs stay finite and equal the
        eager result on the real rows alone (rel. rms <= 1e-3): no row of a padded batch leaks into another."""
        import torch
    
        if op == "exl3_gemm_mr" and BITS[tid] not in (3, 4, 5):
            pytest.skip("not on exl3_gemm_mr")
        if tid not in C.TENSORS:
            pytest.skip(f"{tid} not in this checkpoint's table")
>       w = C.load(torch, tid)
            ^^^^^^^^^^^^^^^^^^

tests/gpu/test_exl3_mr.py:359: 
_ _ _ _ _ _ _ _ _ _ _ _ _ _ _ _ _ _ _ _ _ _ _ _ _ _ _ _ _ _ _ _ _ _ _ _ _ _ _ _ 

torch = <module 'torch' from '/workspace/kit-work/venv-cu13/lib/python3.12/site-packages/torch/__init__.py'>
tid = 'K3-down', device = 'cuda'

    def load(torch, tid: str, device="cuda") -> dict:
        """trellis/suh/svh (+ mcg/mul1 flags) of one checkpoint tensor, from the model's index."""
        import json
    
        from safetensors import safe_open
    
        prefix = TENSORS[tid][0]
        wm = json.loads((MODEL / "model.safetensors.index.json").read_text())["weight_map"]
        out = {"mcg": f"{prefix}.mcg" in wm, "mul1": f"{prefix}.mul1" in wm}
        for t in ("trellis", "suh", "svh"):
            with safe_open(str(MODEL / wm[f"{prefix}.{t}"]), framework="pt") as f:
>               out[t] = f.get_tensor(f"{prefix}.{t}").to(device).contiguous()
                         ^^^^^^^^^^^^^^^^^^^^^^^^^^^^^^^^^^^^^^^^
E               torch.OutOfMemoryError: CUDA out of memory. Tried to allocate 32.00 MiB. GPU 0 has a total capacity of 7.66 GiB of which 597.75 MiB is free. Including non-PyTorch memory, this process has 6.46 GiB memory in use. 6.22 GiB allowed; Of the allocated memory 6.21 GiB is allocated by PyTorch, and 2.84 MiB is reserved by PyTorch but unallocated. If reserved but unallocated memory is large try setting PYTORCH_CUDA_ALLOC_CONF=expandable_segments:True to avoid fragmentation.  See documentation for Memory Management  (https://docs.pytorch.org/docs/stable/notes/cuda.html#optimizing-memory-usage-with-pytorch-cuda-alloc-conf)

tests/gpu/exl3_cases.py:84: OutOfMemoryError
____________ test_padded_rows_in_capture[K3-down-exl3_gemm-12-big] _____________

ops = <module 'vllm_exl3_plugin.ops' from '/workspace/kit/plugin-exl3/vllm_exl3_plugin/ops.py'>
tid = 'K3-down', op = 'exl3_gemm', n = 12, pad = 'big'

    @pytest.mark.parametrize("pad", ["nan", "inf", "big"])
    @pytest.mark.parametrize("n", [9, 12, 16])
    @pytest.mark.parametrize("op", ["exl3_gemm", "exl3_gemm_mr"])
    @pytest.mark.parametrize("tid", ["K2-up", "K3-down", "K4-mtp-up", "K5-kproj"])
    def test_padded_rows_in_capture(ops, tid, op, n, pad):
        """The drafter at 9-16 running requests (k=2 tier): a 16-row CUDA graph with n real rows and
        padding rows holding NaN / +-inf / +-65504. The real rows' outputs stay finite and equal the
        eager result on the real rows alone (rel. rms <= 1e-3): no row of a padded batch leaks into another."""
        import torch
    
        if op == "exl3_gemm_mr" and BITS[tid] not in (3, 4, 5):
            pytest.skip("not on exl3_gemm_mr")
        if tid not in C.TENSORS:
            pytest.skip(f"{tid} not in this checkpoint's table")
>       w = C.load(torch, tid)
            ^^^^^^^^^^^^^^^^^^

tests/gpu/test_exl3_mr.py:359: 
_ _ _ _ _ _ _ _ _ _ _ _ _ _ _ _ _ _ _ _ _ _ _ _ _ _ _ _ _ _ _ _ _ _ _ _ _ _ _ _ 

torch = <module 'torch' from '/workspace/kit-work/venv-cu13/lib/python3.12/site-packages/torch/__init__.py'>
tid = 'K3-down', device = 'cuda'

    def load(torch, tid: str, device="cuda") -> dict:
        """trellis/suh/svh (+ mcg/mul1 flags) of one checkpoint tensor, from the model's index."""
        import json
    
        from safetensors import safe_open
    
        prefix = TENSORS[tid][0]
        wm = json.loads((MODEL / "model.safetensors.index.json").read_text())["weight_map"]
        out = {"mcg": f"{prefix}.mcg" in wm, "mul1": f"{prefix}.mul1" in wm}
        for t in ("trellis", "suh", "svh"):
            with safe_open(str(MODEL / wm[f"{prefix}.{t}"]), framework="pt") as f:
>               out[t] = f.get_tensor(f"{prefix}.{t}").to(device).contiguous()
                         ^^^^^^^^^^^^^^^^^^^^^^^^^^^^^^^^^^^^^^^^
E               torch.OutOfMemoryError: CUDA out of memory. Tried to allocate 32.00 MiB. GPU 0 has a total capacity of 7.66 GiB of which 597.75 MiB is free. Including non-PyTorch memory, this process has 6.46 GiB memory in use. 6.22 GiB allowed; Of the allocated memory 6.21 GiB is allocated by PyTorch, and 2.84 MiB is reserved by PyTorch but unallocated. If reserved but unallocated memory is large try setting PYTORCH_CUDA_ALLOC_CONF=expandable_segments:True to avoid fragmentation.  See documentation for Memory Management  (https://docs.pytorch.org/docs/stable/notes/cuda.html#optimizing-memory-usage-with-pytorch-cuda-alloc-conf)

tests/gpu/exl3_cases.py:84: OutOfMemoryError
____________ test_padded_rows_in_capture[K3-down-exl3_gemm-16-nan] _____________

ops = <module 'vllm_exl3_plugin.ops' from '/workspace/kit/plugin-exl3/vllm_exl3_plugin/ops.py'>
tid = 'K3-down', op = 'exl3_gemm', n = 16, pad = 'nan'

    @pytest.mark.parametrize("pad", ["nan", "inf", "big"])
    @pytest.mark.parametrize("n", [9, 12, 16])
    @pytest.mark.parametrize("op", ["exl3_gemm", "exl3_gemm_mr"])
    @pytest.mark.parametrize("tid", ["K2-up", "K3-down", "K4-mtp-up", "K5-kproj"])
    def test_padded_rows_in_capture(ops, tid, op, n, pad):
        """The drafter at 9-16 running requests (k=2 tier): a 16-row CUDA graph with n real rows and
        padding rows holding NaN / +-inf / +-65504. The real rows' outputs stay finite and equal the
        eager result on the real rows alone (rel. rms <= 1e-3): no row of a padded batch leaks into another."""
        import torch
    
        if op == "exl3_gemm_mr" and BITS[tid] not in (3, 4, 5):
            pytest.skip("not on exl3_gemm_mr")
        if tid not in C.TENSORS:
            pytest.skip(f"{tid} not in this checkpoint's table")
>       w = C.load(torch, tid)
            ^^^^^^^^^^^^^^^^^^

tests/gpu/test_exl3_mr.py:359: 
_ _ _ _ _ _ _ _ _ _ _ _ _ _ _ _ _ _ _ _ _ _ _ _ _ _ _ _ _ _ _ _ _ _ _ _ _ _ _ _ 

torch = <module 'torch' from '/workspace/kit-work/venv-cu13/lib/python3.12/site-packages/torch/__init__.py'>
tid = 'K3-down', device = 'cuda'

    def load(torch, tid: str, device="cuda") -> dict:
        """trellis/suh/svh (+ mcg/mul1 flags) of one checkpoint tensor, from the model's index."""
        import json
    
        from safetensors import safe_open
    
        prefix = TENSORS[tid][0]
        wm = json.loads((MODEL / "model.safetensors.index.json").read_text())["weight_map"]
        out = {"mcg": f"{prefix}.mcg" in wm, "mul1": f"{prefix}.mul1" in wm}
        for t in ("trellis", "suh", "svh"):
            with safe_open(str(MODEL / wm[f"{prefix}.{t}"]), framework="pt") as f:
>               out[t] = f.get_tensor(f"{prefix}.{t}").to(device).contiguous()
                         ^^^^^^^^^^^^^^^^^^^^^^^^^^^^^^^^^^^^^^^^
E               torch.OutOfMemoryError: CUDA out of memory. Tried to allocate 32.00 MiB. GPU 0 has a total capacity of 7.66 GiB of which 597.75 MiB is free. Including non-PyTorch memory, this process has 6.46 GiB memory in use. 6.22 GiB allowed; Of the allocated memory 6.21 GiB is allocated by PyTorch, and 2.84 MiB is reserved by PyTorch but unallocated. If reserved but unallocated memory is large try setting PYTORCH_CUDA_ALLOC_CONF=expandable_segments:True to avoid fragmentation.  See documentation for Memory Management  (https://docs.pytorch.org/docs/stable/notes/cuda.html#optimizing-memory-usage-with-pytorch-cuda-alloc-conf)

tests/gpu/exl3_cases.py:84: OutOfMemoryError
____________ test_padded_rows_in_capture[K3-down-exl3_gemm-16-inf] _____________

ops = <module 'vllm_exl3_plugin.ops' from '/workspace/kit/plugin-exl3/vllm_exl3_plugin/ops.py'>
tid = 'K3-down', op = 'exl3_gemm', n = 16, pad = 'inf'

    @pytest.mark.parametrize("pad", ["nan", "inf", "big"])
    @pytest.mark.parametrize("n", [9, 12, 16])
    @pytest.mark.parametrize("op", ["exl3_gemm", "exl3_gemm_mr"])
    @pytest.mark.parametrize("tid", ["K2-up", "K3-down", "K4-mtp-up", "K5-kproj"])
    def test_padded_rows_in_capture(ops, tid, op, n, pad):
        """The drafter at 9-16 running requests (k=2 tier): a 16-row CUDA graph with n real rows and
        padding rows holding NaN / +-inf / +-65504. The real rows' outputs stay finite and equal the
        eager result on the real rows alone (rel. rms <= 1e-3): no row of a padded batch leaks into another."""
        import torch
    
        if op == "exl3_gemm_mr" and BITS[tid] not in (3, 4, 5):
            pytest.skip("not on exl3_gemm_mr")
        if tid not in C.TENSORS:
            pytest.skip(f"{tid} not in this checkpoint's table")
>       w = C.load(torch, tid)
            ^^^^^^^^^^^^^^^^^^

tests/gpu/test_exl3_mr.py:359: 
_ _ _ _ _ _ _ _ _ _ _ _ _ _ _ _ _ _ _ _ _ _ _ _ _ _ _ _ _ _ _ _ _ _ _ _ _ _ _ _ 

torch = <module 'torch' from '/workspace/kit-work/venv-cu13/lib/python3.12/site-packages/torch/__init__.py'>
tid = 'K3-down', device = 'cuda'

    def load(torch, tid: str, device="cuda") -> dict:
        """trellis/suh/svh (+ mcg/mul1 flags) of one checkpoint tensor, from the model's index."""
        import json
    
        from safetensors import safe_open
    
        prefix = TENSORS[tid][0]
        wm = json.loads((MODEL / "model.safetensors.index.json").read_text())["weight_map"]
        out = {"mcg": f"{prefix}.mcg" in wm, "mul1": f"{prefix}.mul1" in wm}
        for t in ("trellis", "suh", "svh"):
            with safe_open(str(MODEL / wm[f"{prefix}.{t}"]), framework="pt") as f:
>               out[t] = f.get_tensor(f"{prefix}.{t}").to(device).contiguous()
                         ^^^^^^^^^^^^^^^^^^^^^^^^^^^^^^^^^^^^^^^^
E               torch.OutOfMemoryError: CUDA out of memory. Tried to allocate 32.00 MiB. GPU 0 has a total capacity of 7.66 GiB of which 597.75 MiB is free. Including non-PyTorch memory, this process has 6.46 GiB memory in use. 6.22 GiB allowed; Of the allocated memory 6.21 GiB is allocated by PyTorch, and 2.84 MiB is reserved by PyTorch but unallocated. If reserved but unallocated memory is large try setting PYTORCH_CUDA_ALLOC_CONF=expandable_segments:True to avoid fragmentation.  See documentation for Memory Management  (https://docs.pytorch.org/docs/stable/notes/cuda.html#optimizing-memory-usage-with-pytorch-cuda-alloc-conf)

tests/gpu/exl3_cases.py:84: OutOfMemoryError
____________ test_padded_rows_in_capture[K3-down-exl3_gemm-16-big] _____________

ops = <module 'vllm_exl3_plugin.ops' from '/workspace/kit/plugin-exl3/vllm_exl3_plugin/ops.py'>
tid = 'K3-down', op = 'exl3_gemm', n = 16, pad = 'big'

    @pytest.mark.parametrize("pad", ["nan", "inf", "big"])
    @pytest.mark.parametrize("n", [9, 12, 16])
    @pytest.mark.parametrize("op", ["exl3_gemm", "exl3_gemm_mr"])
    @pytest.mark.parametrize("tid", ["K2-up", "K3-down", "K4-mtp-up", "K5-kproj"])
    def test_padded_rows_in_capture(ops, tid, op, n, pad):
        """The drafter at 9-16 running requests (k=2 tier): a 16-row CUDA graph with n real rows and
        padding rows holding NaN / +-inf / +-65504. The real rows' outputs stay finite and equal the
        eager result on the real rows alone (rel. rms <= 1e-3): no row of a padded batch leaks into another."""
        import torch
    
        if op == "exl3_gemm_mr" and BITS[tid] not in (3, 4, 5):
            pytest.skip("not on exl3_gemm_mr")
        if tid not in C.TENSORS:
            pytest.skip(f"{tid} not in this checkpoint's table")
>       w = C.load(torch, tid)
            ^^^^^^^^^^^^^^^^^^

tests/gpu/test_exl3_mr.py:359: 
_ _ _ _ _ _ _ _ _ _ _ _ _ _ _ _ _ _ _ _ _ _ _ _ _ _ _ _ _ _ _ _ _ _ _ _ _ _ _ _ 

torch = <module 'torch' from '/workspace/kit-work/venv-cu13/lib/python3.12/site-packages/torch/__init__.py'>
tid = 'K3-down', device = 'cuda'

    def load(torch, tid: str, device="cuda") -> dict:
        """trellis/suh/svh (+ mcg/mul1 flags) of one checkpoint tensor, from the model's index."""
        import json
    
        from safetensors import safe_open
    
        prefix = TENSORS[tid][0]
        wm = json.loads((MODEL / "model.safetensors.index.json").read_text())["weight_map"]
        out = {"mcg": f"{prefix}.mcg" in wm, "mul1": f"{prefix}.mul1" in wm}
        for t in ("trellis", "suh", "svh"):
            with safe_open(str(MODEL / wm[f"{prefix}.{t}"]), framework="pt") as f:
>               out[t] = f.get_tensor(f"{prefix}.{t}").to(device).contiguous()
                         ^^^^^^^^^^^^^^^^^^^^^^^^^^^^^^^^^^^^^^^^
E               torch.OutOfMemoryError: CUDA out of memory. Tried to allocate 32.00 MiB. GPU 0 has a total capacity of 7.66 GiB of which 597.75 MiB is free. Including non-PyTorch memory, this process has 6.46 GiB memory in use. 6.22 GiB allowed; Of the allocated memory 6.21 GiB is allocated by PyTorch, and 2.84 MiB is reserved by PyTorch but unallocated. If reserved but unallocated memory is large try setting PYTORCH_CUDA_ALLOC_CONF=expandable_segments:True to avoid fragmentation.  See documentation for Memory Management  (https://docs.pytorch.org/docs/stable/notes/cuda.html#optimizing-memory-usage-with-pytorch-cuda-alloc-conf)

tests/gpu/exl3_cases.py:84: OutOfMemoryError
___________ test_padded_rows_in_capture[K3-down-exl3_gemm_mr-9-nan] ____________

ops = <module 'vllm_exl3_plugin.ops' from '/workspace/kit/plugin-exl3/vllm_exl3_plugin/ops.py'>
tid = 'K3-down', op = 'exl3_gemm_mr', n = 9, pad = 'nan'

    @pytest.mark.parametrize("pad", ["nan", "inf", "big"])
    @pytest.mark.parametrize("n", [9, 12, 16])
    @pytest.mark.parametrize("op", ["exl3_gemm", "exl3_gemm_mr"])
    @pytest.mark.parametrize("tid", ["K2-up", "K3-down", "K4-mtp-up", "K5-kproj"])
    def test_padded_rows_in_capture(ops, tid, op, n, pad):
        """The drafter at 9-16 running requests (k=2 tier): a 16-row CUDA graph with n real rows and
        padding rows holding NaN / +-inf / +-65504. The real rows' outputs stay finite and equal the
        eager result on the real rows alone (rel. rms <= 1e-3): no row of a padded batch leaks into another."""
        import torch
    
        if op == "exl3_gemm_mr" and BITS[tid] not in (3, 4, 5):
            pytest.skip("not on exl3_gemm_mr")
        if tid not in C.TENSORS:
            pytest.skip(f"{tid} not in this checkpoint's table")
>       w = C.load(torch, tid)
            ^^^^^^^^^^^^^^^^^^

tests/gpu/test_exl3_mr.py:359: 
_ _ _ _ _ _ _ _ _ _ _ _ _ _ _ _ _ _ _ _ _ _ _ _ _ _ _ _ _ _ _ _ _ _ _ _ _ _ _ _ 

torch = <module 'torch' from '/workspace/kit-work/venv-cu13/lib/python3.12/site-packages/torch/__init__.py'>
tid = 'K3-down', device = 'cuda'

    def load(torch, tid: str, device="cuda") -> dict:
        """trellis/suh/svh (+ mcg/mul1 flags) of one checkpoint tensor, from the model's index."""
        import json
    
        from safetensors import safe_open
    
        prefix = TENSORS[tid][0]
        wm = json.loads((MODEL / "model.safetensors.index.json").read_text())["weight_map"]
        out = {"mcg": f"{prefix}.mcg" in wm, "mul1": f"{prefix}.mul1" in wm}
        for t in ("trellis", "suh", "svh"):
            with safe_open(str(MODEL / wm[f"{prefix}.{t}"]), framework="pt") as f:
>               out[t] = f.get_tensor(f"{prefix}.{t}").to(device).contiguous()
                         ^^^^^^^^^^^^^^^^^^^^^^^^^^^^^^^^^^^^^^^^
E               torch.OutOfMemoryError: CUDA out of memory. Tried to allocate 32.00 MiB. GPU 0 has a total capacity of 7.66 GiB of which 597.75 MiB is free. Including non-PyTorch memory, this process has 6.46 GiB memory in use. 6.22 GiB allowed; Of the allocated memory 6.21 GiB is allocated by PyTorch, and 2.84 MiB is reserved by PyTorch but unallocated. If reserved but unallocated memory is large try setting PYTORCH_CUDA_ALLOC_CONF=expandable_segments:True to avoid fragmentation.  See documentation for Memory Management  (https://docs.pytorch.org/docs/stable/notes/cuda.html#optimizing-memory-usage-with-pytorch-cuda-alloc-conf)

tests/gpu/exl3_cases.py:84: OutOfMemoryError
___________ test_padded_rows_in_capture[K3-down-exl3_gemm_mr-9-inf] ____________

ops = <module 'vllm_exl3_plugin.ops' from '/workspace/kit/plugin-exl3/vllm_exl3_plugin/ops.py'>
tid = 'K3-down', op = 'exl3_gemm_mr', n = 9, pad = 'inf'

    @pytest.mark.parametrize("pad", ["nan", "inf", "big"])
    @pytest.mark.parametrize("n", [9, 12, 16])
    @pytest.mark.parametrize("op", ["exl3_gemm", "exl3_gemm_mr"])
    @pytest.mark.parametrize("tid", ["K2-up", "K3-down", "K4-mtp-up", "K5-kproj"])
    def test_padded_rows_in_capture(ops, tid, op, n, pad):
        """The drafter at 9-16 running requests (k=2 tier): a 16-row CUDA graph with n real rows and
        padding rows holding NaN / +-inf / +-65504. The real rows' outputs stay finite and equal the
        eager result on the real rows alone (rel. rms <= 1e-3): no row of a padded batch leaks into another."""
        import torch
    
        if op == "exl3_gemm_mr" and BITS[tid] not in (3, 4, 5):
            pytest.skip("not on exl3_gemm_mr")
        if tid not in C.TENSORS:
            pytest.skip(f"{tid} not in this checkpoint's table")
>       w = C.load(torch, tid)
            ^^^^^^^^^^^^^^^^^^

tests/gpu/test_exl3_mr.py:359: 
_ _ _ _ _ _ _ _ _ _ _ _ _ _ _ _ _ _ _ _ _ _ _ _ _ _ _ _ _ _ _ _ _ _ _ _ _ _ _ _ 

torch = <module 'torch' from '/workspace/kit-work/venv-cu13/lib/python3.12/site-packages/torch/__init__.py'>
tid = 'K3-down', device = 'cuda'

    def load(torch, tid: str, device="cuda") -> dict:
        """trellis/suh/svh (+ mcg/mul1 flags) of one checkpoint tensor, from the model's index."""
        import json
    
        from safetensors import safe_open
    
        prefix = TENSORS[tid][0]
        wm = json.loads((MODEL / "model.safetensors.index.json").read_text())["weight_map"]
        out = {"mcg": f"{prefix}.mcg" in wm, "mul1": f"{prefix}.mul1" in wm}
        for t in ("trellis", "suh", "svh"):
            with safe_open(str(MODEL / wm[f"{prefix}.{t}"]), framework="pt") as f:
>               out[t] = f.get_tensor(f"{prefix}.{t}").to(device).contiguous()
                         ^^^^^^^^^^^^^^^^^^^^^^^^^^^^^^^^^^^^^^^^
E               torch.OutOfMemoryError: CUDA out of memory. Tried to allocate 32.00 MiB. GPU 0 has a total capacity of 7.66 GiB of which 597.75 MiB is free. Including non-PyTorch memory, this process has 6.46 GiB memory in use. 6.22 GiB allowed; Of the allocated memory 6.21 GiB is allocated by PyTorch, and 2.84 MiB is reserved by PyTorch but unallocated. If reserved but unallocated memory is large try setting PYTORCH_CUDA_ALLOC_CONF=expandable_segments:True to avoid fragmentation.  See documentation for Memory Management  (https://docs.pytorch.org/docs/stable/notes/cuda.html#optimizing-memory-usage-with-pytorch-cuda-alloc-conf)

tests/gpu/exl3_cases.py:84: OutOfMemoryError
___________ test_padded_rows_in_capture[K3-down-exl3_gemm_mr-9-big] ____________

ops = <module 'vllm_exl3_plugin.ops' from '/workspace/kit/plugin-exl3/vllm_exl3_plugin/ops.py'>
tid = 'K3-down', op = 'exl3_gemm_mr', n = 9, pad = 'big'

    @pytest.mark.parametrize("pad", ["nan", "inf", "big"])
    @pytest.mark.parametrize("n", [9, 12, 16])
    @pytest.mark.parametrize("op", ["exl3_gemm", "exl3_gemm_mr"])
    @pytest.mark.parametrize("tid", ["K2-up", "K3-down", "K4-mtp-up", "K5-kproj"])
    def test_padded_rows_in_capture(ops, tid, op, n, pad):
        """The drafter at 9-16 running requests (k=2 tier): a 16-row CUDA graph with n real rows and
        padding rows holding NaN / +-inf / +-65504. The real rows' outputs stay finite and equal the
        eager result on the real rows alone (rel. rms <= 1e-3): no row of a padded batch leaks into another."""
        import torch
    
        if op == "exl3_gemm_mr" and BITS[tid] not in (3, 4, 5):
            pytest.skip("not on exl3_gemm_mr")
        if tid not in C.TENSORS:
            pytest.skip(f"{tid} not in this checkpoint's table")
>       w = C.load(torch, tid)
            ^^^^^^^^^^^^^^^^^^

tests/gpu/test_exl3_mr.py:359: 
_ _ _ _ _ _ _ _ _ _ _ _ _ _ _ _ _ _ _ _ _ _ _ _ _ _ _ _ _ _ _ _ _ _ _ _ _ _ _ _ 

torch = <module 'torch' from '/workspace/kit-work/venv-cu13/lib/python3.12/site-packages/torch/__init__.py'>
tid = 'K3-down', device = 'cuda'

    def load(torch, tid: str, device="cuda") -> dict:
        """trellis/suh/svh (+ mcg/mul1 flags) of one checkpoint tensor, from the model's index."""
        import json
    
        from safetensors import safe_open
    
        prefix = TENSORS[tid][0]
        wm = json.loads((MODEL / "model.safetensors.index.json").read_text())["weight_map"]
        out = {"mcg": f"{prefix}.mcg" in wm, "mul1": f"{prefix}.mul1" in wm}
        for t in ("trellis", "suh", "svh"):
            with safe_open(str(MODEL / wm[f"{prefix}.{t}"]), framework="pt") as f:
>               out[t] = f.get_tensor(f"{prefix}.{t}").to(device).contiguous()
                         ^^^^^^^^^^^^^^^^^^^^^^^^^^^^^^^^^^^^^^^^
E               torch.OutOfMemoryError: CUDA out of memory. Tried to allocate 32.00 MiB. GPU 0 has a total capacity of 7.66 GiB of which 597.75 MiB is free. Including non-PyTorch memory, this process has 6.46 GiB memory in use. 6.22 GiB allowed; Of the allocated memory 6.21 GiB is allocated by PyTorch, and 2.84 MiB is reserved by PyTorch but unallocated. If reserved but unallocated memory is large try setting PYTORCH_CUDA_ALLOC_CONF=expandable_segments:True to avoid fragmentation.  See documentation for Memory Management  (https://docs.pytorch.org/docs/stable/notes/cuda.html#optimizing-memory-usage-with-pytorch-cuda-alloc-conf)

tests/gpu/exl3_cases.py:84: OutOfMemoryError
___________ test_padded_rows_in_capture[K3-down-exl3_gemm_mr-12-nan] ___________

ops = <module 'vllm_exl3_plugin.ops' from '/workspace/kit/plugin-exl3/vllm_exl3_plugin/ops.py'>
tid = 'K3-down', op = 'exl3_gemm_mr', n = 12, pad = 'nan'

    @pytest.mark.parametrize("pad", ["nan", "inf", "big"])
    @pytest.mark.parametrize("n", [9, 12, 16])
    @pytest.mark.parametrize("op", ["exl3_gemm", "exl3_gemm_mr"])
    @pytest.mark.parametrize("tid", ["K2-up", "K3-down", "K4-mtp-up", "K5-kproj"])
    def test_padded_rows_in_capture(ops, tid, op, n, pad):
        """The drafter at 9-16 running requests (k=2 tier): a 16-row CUDA graph with n real rows and
        padding rows holding NaN / +-inf / +-65504. The real rows' outputs stay finite and equal the
        eager result on the real rows alone (rel. rms <= 1e-3): no row of a padded batch leaks into another."""
        import torch
    
        if op == "exl3_gemm_mr" and BITS[tid] not in (3, 4, 5):
            pytest.skip("not on exl3_gemm_mr")
        if tid not in C.TENSORS:
            pytest.skip(f"{tid} not in this checkpoint's table")
>       w = C.load(torch, tid)
            ^^^^^^^^^^^^^^^^^^

tests/gpu/test_exl3_mr.py:359: 
_ _ _ _ _ _ _ _ _ _ _ _ _ _ _ _ _ _ _ _ _ _ _ _ _ _ _ _ _ _ _ _ _ _ _ _ _ _ _ _ 

torch = <module 'torch' from '/workspace/kit-work/venv-cu13/lib/python3.12/site-packages/torch/__init__.py'>
tid = 'K3-down', device = 'cuda'

    def load(torch, tid: str, device="cuda") -> dict:
        """trellis/suh/svh (+ mcg/mul1 flags) of one checkpoint tensor, from the model's index."""
        import json
    
        from safetensors import safe_open
    
        prefix = TENSORS[tid][0]
        wm = json.loads((MODEL / "model.safetensors.index.json").read_text())["weight_map"]
        out = {"mcg": f"{prefix}.mcg" in wm, "mul1": f"{prefix}.mul1" in wm}
        for t in ("trellis", "suh", "svh"):
            with safe_open(str(MODEL / wm[f"{prefix}.{t}"]), framework="pt") as f:
>               out[t] = f.get_tensor(f"{prefix}.{t}").to(device).contiguous()
                         ^^^^^^^^^^^^^^^^^^^^^^^^^^^^^^^^^^^^^^^^
E               torch.OutOfMemoryError: CUDA out of memory. Tried to allocate 32.00 MiB. GPU 0 has a total capacity of 7.66 GiB of which 597.75 MiB is free. Including non-PyTorch memory, this process has 6.46 GiB memory in use. 6.22 GiB allowed; Of the allocated memory 6.21 GiB is allocated by PyTorch, and 2.84 MiB is reserved by PyTorch but unallocated. If reserved but unallocated memory is large try setting PYTORCH_CUDA_ALLOC_CONF=expandable_segments:True to avoid fragmentation.  See documentation for Memory Management  (https://docs.pytorch.org/docs/stable/notes/cuda.html#optimizing-memory-usage-with-pytorch-cuda-alloc-conf)

tests/gpu/exl3_cases.py:84: OutOfMemoryError
___________ test_padded_rows_in_capture[K3-down-exl3_gemm_mr-12-inf] ___________

ops = <module 'vllm_exl3_plugin.ops' from '/workspace/kit/plugin-exl3/vllm_exl3_plugin/ops.py'>
tid = 'K3-down', op = 'exl3_gemm_mr', n = 12, pad = 'inf'

    @pytest.mark.parametrize("pad", ["nan", "inf", "big"])
    @pytest.mark.parametrize("n", [9, 12, 16])
    @pytest.mark.parametrize("op", ["exl3_gemm", "exl3_gemm_mr"])
    @pytest.mark.parametrize("tid", ["K2-up", "K3-down", "K4-mtp-up", "K5-kproj"])
    def test_padded_rows_in_capture(ops, tid, op, n, pad):
        """The drafter at 9-16 running requests (k=2 tier): a 16-row CUDA graph with n real rows and
        padding rows holding NaN / +-inf / +-65504. The real rows' outputs stay finite and equal the
        eager result on the real rows alone (rel. rms <= 1e-3): no row of a padded batch leaks into another."""
        import torch
    
        if op == "exl3_gemm_mr" and BITS[tid] not in (3, 4, 5):
            pytest.skip("not on exl3_gemm_mr")
        if tid not in C.TENSORS:
            pytest.skip(f"{tid} not in this checkpoint's table")
>       w = C.load(torch, tid)
            ^^^^^^^^^^^^^^^^^^

tests/gpu/test_exl3_mr.py:359: 
_ _ _ _ _ _ _ _ _ _ _ _ _ _ _ _ _ _ _ _ _ _ _ _ _ _ _ _ _ _ _ _ _ _ _ _ _ _ _ _ 

torch = <module 'torch' from '/workspace/kit-work/venv-cu13/lib/python3.12/site-packages/torch/__init__.py'>
tid = 'K3-down', device = 'cuda'

    def load(torch, tid: str, device="cuda") -> dict:
        """trellis/suh/svh (+ mcg/mul1 flags) of one checkpoint tensor, from the model's index."""
        import json
    
        from safetensors import safe_open
    
        prefix = TENSORS[tid][0]
        wm = json.loads((MODEL / "model.safetensors.index.json").read_text())["weight_map"]
        out = {"mcg": f"{prefix}.mcg" in wm, "mul1": f"{prefix}.mul1" in wm}
        for t in ("trellis", "suh", "svh"):
            with safe_open(str(MODEL / wm[f"{prefix}.{t}"]), framework="pt") as f:
>               out[t] = f.get_tensor(f"{prefix}.{t}").to(device).contiguous()
                         ^^^^^^^^^^^^^^^^^^^^^^^^^^^^^^^^^^^^^^^^
E               torch.OutOfMemoryError: CUDA out of memory. Tried to allocate 32.00 MiB. GPU 0 has a total capacity of 7.66 GiB of which 597.75 MiB is free. Including non-PyTorch memory, this process has 6.46 GiB memory in use. 6.22 GiB allowed; Of the allocated memory 6.21 GiB is allocated by PyTorch, and 2.84 MiB is reserved by PyTorch but unallocated. If reserved but unallocated memory is large try setting PYTORCH_CUDA_ALLOC_CONF=expandable_segments:True to avoid fragmentation.  See documentation for Memory Management  (https://docs.pytorch.org/docs/stable/notes/cuda.html#optimizing-memory-usage-with-pytorch-cuda-alloc-conf)

tests/gpu/exl3_cases.py:84: OutOfMemoryError
___________ test_padded_rows_in_capture[K3-down-exl3_gemm_mr-12-big] ___________

ops = <module 'vllm_exl3_plugin.ops' from '/workspace/kit/plugin-exl3/vllm_exl3_plugin/ops.py'>
tid = 'K3-down', op = 'exl3_gemm_mr', n = 12, pad = 'big'

    @pytest.mark.parametrize("pad", ["nan", "inf", "big"])
    @pytest.mark.parametrize("n", [9, 12, 16])
    @pytest.mark.parametrize("op", ["exl3_gemm", "exl3_gemm_mr"])
    @pytest.mark.parametrize("tid", ["K2-up", "K3-down", "K4-mtp-up", "K5-kproj"])
    def test_padded_rows_in_capture(ops, tid, op, n, pad):
        """The drafter at 9-16 running requests (k=2 tier): a 16-row CUDA graph with n real rows and
        padding rows holding NaN / +-inf / +-65504. The real rows' outputs stay finite and equal the
        eager result on the real rows alone (rel. rms <= 1e-3): no row of a padded batch leaks into another."""
        import torch
    
        if op == "exl3_gemm_mr" and BITS[tid] not in (3, 4, 5):
            pytest.skip("not on exl3_gemm_mr")
        if tid not in C.TENSORS:
            pytest.skip(f"{tid} not in this checkpoint's table")
>       w = C.load(torch, tid)
            ^^^^^^^^^^^^^^^^^^

tests/gpu/test_exl3_mr.py:359: 
_ _ _ _ _ _ _ _ _ _ _ _ _ _ _ _ _ _ _ _ _ _ _ _ _ _ _ _ _ _ _ _ _ _ _ _ _ _ _ _ 

torch = <module 'torch' from '/workspace/kit-work/venv-cu13/lib/python3.12/site-packages/torch/__init__.py'>
tid = 'K3-down', device = 'cuda'

    def load(torch, tid: str, device="cuda") -> dict:
        """trellis/suh/svh (+ mcg/mul1 flags) of one checkpoint tensor, from the model's index."""
        import json
    
        from safetensors import safe_open
    
        prefix = TENSORS[tid][0]
        wm = json.loads((MODEL / "model.safetensors.index.json").read_text())["weight_map"]
        out = {"mcg": f"{prefix}.mcg" in wm, "mul1": f"{prefix}.mul1" in wm}
        for t in ("trellis", "suh", "svh"):
            with safe_open(str(MODEL / wm[f"{prefix}.{t}"]), framework="pt") as f:
>               out[t] = f.get_tensor(f"{prefix}.{t}").to(device).contiguous()
                         ^^^^^^^^^^^^^^^^^^^^^^^^^^^^^^^^^^^^^^^^
E               torch.OutOfMemoryError: CUDA out of memory. Tried to allocate 32.00 MiB. GPU 0 has a total capacity of 7.66 GiB of which 597.75 MiB is free. Including non-PyTorch memory, this process has 6.46 GiB memory in use. 6.22 GiB allowed; Of the allocated memory 6.21 GiB is allocated by PyTorch, and 2.84 MiB is reserved by PyTorch but unallocated. If reserved but unallocated memory is large try setting PYTORCH_CUDA_ALLOC_CONF=expandable_segments:True to avoid fragmentation.  See documentation for Memory Management  (https://docs.pytorch.org/docs/stable/notes/cuda.html#optimizing-memory-usage-with-pytorch-cuda-alloc-conf)

tests/gpu/exl3_cases.py:84: OutOfMemoryError
___________ test_padded_rows_in_capture[K3-down-exl3_gemm_mr-16-nan] ___________

ops = <module 'vllm_exl3_plugin.ops' from '/workspace/kit/plugin-exl3/vllm_exl3_plugin/ops.py'>
tid = 'K3-down', op = 'exl3_gemm_mr', n = 16, pad = 'nan'

    @pytest.mark.parametrize("pad", ["nan", "inf", "big"])
    @pytest.mark.parametrize("n", [9, 12, 16])
    @pytest.mark.parametrize("op", ["exl3_gemm", "exl3_gemm_mr"])
    @pytest.mark.parametrize("tid", ["K2-up", "K3-down", "K4-mtp-up", "K5-kproj"])
    def test_padded_rows_in_capture(ops, tid, op, n, pad):
        """The drafter at 9-16 running requests (k=2 tier): a 16-row CUDA graph with n real rows and
        padding rows holding NaN / +-inf / +-65504. The real rows' outputs stay finite and equal the
        eager result on the real rows alone (rel. rms <= 1e-3): no row of a padded batch leaks into another."""
        import torch
    
        if op == "exl3_gemm_mr" and BITS[tid] not in (3, 4, 5):
            pytest.skip("not on exl3_gemm_mr")
        if tid not in C.TENSORS:
            pytest.skip(f"{tid} not in this checkpoint's table")
>       w = C.load(torch, tid)
            ^^^^^^^^^^^^^^^^^^

tests/gpu/test_exl3_mr.py:359: 
_ _ _ _ _ _ _ _ _ _ _ _ _ _ _ _ _ _ _ _ _ _ _ _ _ _ _ _ _ _ _ _ _ _ _ _ _ _ _ _ 

torch = <module 'torch' from '/workspace/kit-work/venv-cu13/lib/python3.12/site-packages/torch/__init__.py'>
tid = 'K3-down', device = 'cuda'

    def load(torch, tid: str, device="cuda") -> dict:
        """trellis/suh/svh (+ mcg/mul1 flags) of one checkpoint tensor, from the model's index."""
        import json
    
        from safetensors import safe_open
    
        prefix = TENSORS[tid][0]
        wm = json.loads((MODEL / "model.safetensors.index.json").read_text())["weight_map"]
        out = {"mcg": f"{prefix}.mcg" in wm, "mul1": f"{prefix}.mul1" in wm}
        for t in ("trellis", "suh", "svh"):
            with safe_open(str(MODEL / wm[f"{prefix}.{t}"]), framework="pt") as f:
>               out[t] = f.get_tensor(f"{prefix}.{t}").to(device).contiguous()
                         ^^^^^^^^^^^^^^^^^^^^^^^^^^^^^^^^^^^^^^^^
E               torch.OutOfMemoryError: CUDA out of memory. Tried to allocate 32.00 MiB. GPU 0 has a total capacity of 7.66 GiB of which 597.75 MiB is free. Including non-PyTorch memory, this process has 6.46 GiB memory in use. 6.22 GiB allowed; Of the allocated memory 6.21 GiB is allocated by PyTorch, and 2.84 MiB is reserved by PyTorch but unallocated. If reserved but unallocated memory is large try setting PYTORCH_CUDA_ALLOC_CONF=expandable_segments:True to avoid fragmentation.  See documentation for Memory Management  (https://docs.pytorch.org/docs/stable/notes/cuda.html#optimizing-memory-usage-with-pytorch-cuda-alloc-conf)

tests/gpu/exl3_cases.py:84: OutOfMemoryError
___________ test_padded_rows_in_capture[K3-down-exl3_gemm_mr-16-inf] ___________

ops = <module 'vllm_exl3_plugin.ops' from '/workspace/kit/plugin-exl3/vllm_exl3_plugin/ops.py'>
tid = 'K3-down', op = 'exl3_gemm_mr', n = 16, pad = 'inf'

    @pytest.mark.parametrize("pad", ["nan", "inf", "big"])
    @pytest.mark.parametrize("n", [9, 12, 16])
    @pytest.mark.parametrize("op", ["exl3_gemm", "exl3_gemm_mr"])
    @pytest.mark.parametrize("tid", ["K2-up", "K3-down", "K4-mtp-up", "K5-kproj"])
    def test_padded_rows_in_capture(ops, tid, op, n, pad):
        """The drafter at 9-16 running requests (k=2 tier): a 16-row CUDA graph with n real rows and
        padding rows holding NaN / +-inf / +-65504. The real rows' outputs stay finite and equal the
        eager result on the real rows alone (rel. rms <= 1e-3): no row of a padded batch leaks into another."""
        import torch
    
        if op == "exl3_gemm_mr" and BITS[tid] not in (3, 4, 5):
            pytest.skip("not on exl3_gemm_mr")
        if tid not in C.TENSORS:
            pytest.skip(f"{tid} not in this checkpoint's table")
>       w = C.load(torch, tid)
            ^^^^^^^^^^^^^^^^^^

tests/gpu/test_exl3_mr.py:359: 
_ _ _ _ _ _ _ _ _ _ _ _ _ _ _ _ _ _ _ _ _ _ _ _ _ _ _ _ _ _ _ _ _ _ _ _ _ _ _ _ 

torch = <module 'torch' from '/workspace/kit-work/venv-cu13/lib/python3.12/site-packages/torch/__init__.py'>
tid = 'K3-down', device = 'cuda'

    def load(torch, tid: str, device="cuda") -> dict:
        """trellis/suh/svh (+ mcg/mul1 flags) of one checkpoint tensor, from the model's index."""
        import json
    
        from safetensors import safe_open
    
        prefix = TENSORS[tid][0]
        wm = json.loads((MODEL / "model.safetensors.index.json").read_text())["weight_map"]
        out = {"mcg": f"{prefix}.mcg" in wm, "mul1": f"{prefix}.mul1" in wm}
        for t in ("trellis", "suh", "svh"):
            with safe_open(str(MODEL / wm[f"{prefix}.{t}"]), framework="pt") as f:
>               out[t] = f.get_tensor(f"{prefix}.{t}").to(device).contiguous()
                         ^^^^^^^^^^^^^^^^^^^^^^^^^^^^^^^^^^^^^^^^
E               torch.OutOfMemoryError: CUDA out of memory. Tried to allocate 32.00 MiB. GPU 0 has a total capacity of 7.66 GiB of which 597.75 MiB is free. Including non-PyTorch memory, this process has 6.46 GiB memory in use. 6.22 GiB allowed; Of the allocated memory 6.21 GiB is allocated by PyTorch, and 2.84 MiB is reserved by PyTorch but unallocated. If reserved but unallocated memory is large try setting PYTORCH_CUDA_ALLOC_CONF=expandable_segments:True to avoid fragmentation.  See documentation for Memory Management  (https://docs.pytorch.org/docs/stable/notes/cuda.html#optimizing-memory-usage-with-pytorch-cuda-alloc-conf)

tests/gpu/exl3_cases.py:84: OutOfMemoryError
___________ test_padded_rows_in_capture[K3-down-exl3_gemm_mr-16-big] ___________

ops = <module 'vllm_exl3_plugin.ops' from '/workspace/kit/plugin-exl3/vllm_exl3_plugin/ops.py'>
tid = 'K3-down', op = 'exl3_gemm_mr', n = 16, pad = 'big'

    @pytest.mark.parametrize("pad", ["nan", "inf", "big"])
    @pytest.mark.parametrize("n", [9, 12, 16])
    @pytest.mark.parametrize("op", ["exl3_gemm", "exl3_gemm_mr"])
    @pytest.mark.parametrize("tid", ["K2-up", "K3-down", "K4-mtp-up", "K5-kproj"])
    def test_padded_rows_in_capture(ops, tid, op, n, pad):
        """The drafter at 9-16 running requests (k=2 tier): a 16-row CUDA graph with n real rows and
        padding rows holding NaN / +-inf / +-65504. The real rows' outputs stay finite and equal the
        eager result on the real rows alone (rel. rms <= 1e-3): no row of a padded batch leaks into another."""
        import torch
    
        if op == "exl3_gemm_mr" and BITS[tid] not in (3, 4, 5):
            pytest.skip("not on exl3_gemm_mr")
        if tid not in C.TENSORS:
            pytest.skip(f"{tid} not in this checkpoint's table")
>       w = C.load(torch, tid)
            ^^^^^^^^^^^^^^^^^^

tests/gpu/test_exl3_mr.py:359: 
_ _ _ _ _ _ _ _ _ _ _ _ _ _ _ _ _ _ _ _ _ _ _ _ _ _ _ _ _ _ _ _ _ _ _ _ _ _ _ _ 

torch = <module 'torch' from '/workspace/kit-work/venv-cu13/lib/python3.12/site-packages/torch/__init__.py'>
tid = 'K3-down', device = 'cuda'

    def load(torch, tid: str, device="cuda") -> dict:
        """trellis/suh/svh (+ mcg/mul1 flags) of one checkpoint tensor, from the model's index."""
        import json
    
        from safetensors import safe_open
    
        prefix = TENSORS[tid][0]
        wm = json.loads((MODEL / "model.safetensors.index.json").read_text())["weight_map"]
        out = {"mcg": f"{prefix}.mcg" in wm, "mul1": f"{prefix}.mul1" in wm}
        for t in ("trellis", "suh", "svh"):
            with safe_open(str(MODEL / wm[f"{prefix}.{t}"]), framework="pt") as f:
>               out[t] = f.get_tensor(f"{prefix}.{t}").to(device).contiguous()
                         ^^^^^^^^^^^^^^^^^^^^^^^^^^^^^^^^^^^^^^^^
E               torch.OutOfMemoryError: CUDA out of memory. Tried to allocate 32.00 MiB. GPU 0 has a total capacity of 7.66 GiB of which 597.75 MiB is free. Including non-PyTorch memory, this process has 6.46 GiB memory in use. 6.22 GiB allowed; Of the allocated memory 6.21 GiB is allocated by PyTorch, and 2.84 MiB is reserved by PyTorch but unallocated. If reserved but unallocated memory is large try setting PYTORCH_CUDA_ALLOC_CONF=expandable_segments:True to avoid fragmentation.  See documentation for Memory Management  (https://docs.pytorch.org/docs/stable/notes/cuda.html#optimizing-memory-usage-with-pytorch-cuda-alloc-conf)

tests/gpu/exl3_cases.py:84: OutOfMemoryError
____________ test_padded_rows_in_capture[K4-mtp-up-exl3_gemm-9-nan] ____________

ops = <module 'vllm_exl3_plugin.ops' from '/workspace/kit/plugin-exl3/vllm_exl3_plugin/ops.py'>
tid = 'K4-mtp-up', op = 'exl3_gemm', n = 9, pad = 'nan'

    @pytest.mark.parametrize("pad", ["nan", "inf", "big"])
    @pytest.mark.parametrize("n", [9, 12, 16])
    @pytest.mark.parametrize("op", ["exl3_gemm", "exl3_gemm_mr"])
    @pytest.mark.parametrize("tid", ["K2-up", "K3-down", "K4-mtp-up", "K5-kproj"])
    def test_padded_rows_in_capture(ops, tid, op, n, pad):
        """The drafter at 9-16 running requests (k=2 tier): a 16-row CUDA graph with n real rows and
        padding rows holding NaN / +-inf / +-65504. The real rows' outputs stay finite and equal the
        eager result on the real rows alone (rel. rms <= 1e-3): no row of a padded batch leaks into another."""
        import torch
    
        if op == "exl3_gemm_mr" and BITS[tid] not in (3, 4, 5):
            pytest.skip("not on exl3_gemm_mr")
        if tid not in C.TENSORS:
            pytest.skip(f"{tid} not in this checkpoint's table")
>       w = C.load(torch, tid)
            ^^^^^^^^^^^^^^^^^^

tests/gpu/test_exl3_mr.py:359: 
_ _ _ _ _ _ _ _ _ _ _ _ _ _ _ _ _ _ _ _ _ _ _ _ _ _ _ _ _ _ _ _ _ _ _ _ _ _ _ _ 

torch = <module 'torch' from '/workspace/kit-work/venv-cu13/lib/python3.12/site-packages/torch/__init__.py'>
tid = 'K4-mtp-up', device = 'cuda'

    def load(torch, tid: str, device="cuda") -> dict:
        """trellis/suh/svh (+ mcg/mul1 flags) of one checkpoint tensor, from the model's index."""
        import json
    
        from safetensors import safe_open
    
        prefix = TENSORS[tid][0]
        wm = json.loads((MODEL / "model.safetensors.index.json").read_text())["weight_map"]
        out = {"mcg": f"{prefix}.mcg" in wm, "mul1": f"{prefix}.mul1" in wm}
        for t in ("trellis", "suh", "svh"):
            with safe_open(str(MODEL / wm[f"{prefix}.{t}"]), framework="pt") as f:
>               out[t] = f.get_tensor(f"{prefix}.{t}").to(device).contiguous()
                         ^^^^^^^^^^^^^^^^^^^^^^^^^^^^^^^^^^^^^^^^
E               torch.OutOfMemoryError: CUDA out of memory. Tried to allocate 44.00 MiB. GPU 0 has a total capacity of 7.66 GiB of which 597.75 MiB is free. Including non-PyTorch memory, this process has 6.46 GiB memory in use. 6.22 GiB allowed; Of the allocated memory 6.21 GiB is allocated by PyTorch, and 2.84 MiB is reserved by PyTorch but unallocated. If reserved but unallocated memory is large try setting PYTORCH_CUDA_ALLOC_CONF=expandable_segments:True to avoid fragmentation.  See documentation for Memory Management  (https://docs.pytorch.org/docs/stable/notes/cuda.html#optimizing-memory-usage-with-pytorch-cuda-alloc-conf)

tests/gpu/exl3_cases.py:84: OutOfMemoryError
____________ test_padded_rows_in_capture[K4-mtp-up-exl3_gemm-9-inf] ____________

ops = <module 'vllm_exl3_plugin.ops' from '/workspace/kit/plugin-exl3/vllm_exl3_plugin/ops.py'>
tid = 'K4-mtp-up', op = 'exl3_gemm', n = 9, pad = 'inf'

    @pytest.mark.parametrize("pad", ["nan", "inf", "big"])
    @pytest.mark.parametrize("n", [9, 12, 16])
    @pytest.mark.parametrize("op", ["exl3_gemm", "exl3_gemm_mr"])
    @pytest.mark.parametrize("tid", ["K2-up", "K3-down", "K4-mtp-up", "K5-kproj"])
    def test_padded_rows_in_capture(ops, tid, op, n, pad):
        """The drafter at 9-16 running requests (k=2 tier): a 16-row CUDA graph with n real rows and
        padding rows holding NaN / +-inf / +-65504. The real rows' outputs stay finite and equal the
        eager result on the real rows alone (rel. rms <= 1e-3): no row of a padded batch leaks into another."""
        import torch
    
        if op == "exl3_gemm_mr" and BITS[tid] not in (3, 4, 5):
            pytest.skip("not on exl3_gemm_mr")
        if tid not in C.TENSORS:
            pytest.skip(f"{tid} not in this checkpoint's table")
>       w = C.load(torch, tid)
            ^^^^^^^^^^^^^^^^^^

tests/gpu/test_exl3_mr.py:359: 
_ _ _ _ _ _ _ _ _ _ _ _ _ _ _ _ _ _ _ _ _ _ _ _ _ _ _ _ _ _ _ _ _ _ _ _ _ _ _ _ 

torch = <module 'torch' from '/workspace/kit-work/venv-cu13/lib/python3.12/site-packages/torch/__init__.py'>
tid = 'K4-mtp-up', device = 'cuda'

    def load(torch, tid: str, device="cuda") -> dict:
        """trellis/suh/svh (+ mcg/mul1 flags) of one checkpoint tensor, from the model's index."""
        import json
    
        from safetensors import safe_open
    
        prefix = TENSORS[tid][0]
        wm = json.loads((MODEL / "model.safetensors.index.json").read_text())["weight_map"]
        out = {"mcg": f"{prefix}.mcg" in wm, "mul1": f"{prefix}.mul1" in wm}
        for t in ("trellis", "suh", "svh"):
            with safe_open(str(MODEL / wm[f"{prefix}.{t}"]), framework="pt") as f:
>               out[t] = f.get_tensor(f"{prefix}.{t}").to(device).contiguous()
                         ^^^^^^^^^^^^^^^^^^^^^^^^^^^^^^^^^^^^^^^^
E               torch.OutOfMemoryError: CUDA out of memory. Tried to allocate 44.00 MiB. GPU 0 has a total capacity of 7.66 GiB of which 597.75 MiB is free. Including non-PyTorch memory, this process has 6.46 GiB memory in use. 6.22 GiB allowed; Of the allocated memory 6.21 GiB is allocated by PyTorch, and 2.84 MiB is reserved by PyTorch but unallocated. If reserved but unallocated memory is large try setting PYTORCH_CUDA_ALLOC_CONF=expandable_segments:True to avoid fragmentation.  See documentation for Memory Management  (https://docs.pytorch.org/docs/stable/notes/cuda.html#optimizing-memory-usage-with-pytorch-cuda-alloc-conf)

tests/gpu/exl3_cases.py:84: OutOfMemoryError
____________ test_padded_rows_in_capture[K4-mtp-up-exl3_gemm-9-big] ____________

ops = <module 'vllm_exl3_plugin.ops' from '/workspace/kit/plugin-exl3/vllm_exl3_plugin/ops.py'>
tid = 'K4-mtp-up', op = 'exl3_gemm', n = 9, pad = 'big'

    @pytest.mark.parametrize("pad", ["nan", "inf", "big"])
    @pytest.mark.parametrize("n", [9, 12, 16])
    @pytest.mark.parametrize("op", ["exl3_gemm", "exl3_gemm_mr"])
    @pytest.mark.parametrize("tid", ["K2-up", "K3-down", "K4-mtp-up", "K5-kproj"])
    def test_padded_rows_in_capture(ops, tid, op, n, pad):
        """The drafter at 9-16 running requests (k=2 tier): a 16-row CUDA graph with n real rows and
        padding rows holding NaN / +-inf / +-65504. The real rows' outputs stay finite and equal the
        eager result on the real rows alone (rel. rms <= 1e-3): no row of a padded batch leaks into another."""
        import torch
    
        if op == "exl3_gemm_mr" and BITS[tid] not in (3, 4, 5):
            pytest.skip("not on exl3_gemm_mr")
        if tid not in C.TENSORS:
            pytest.skip(f"{tid} not in this checkpoint's table")
>       w = C.load(torch, tid)
            ^^^^^^^^^^^^^^^^^^

tests/gpu/test_exl3_mr.py:359: 
_ _ _ _ _ _ _ _ _ _ _ _ _ _ _ _ _ _ _ _ _ _ _ _ _ _ _ _ _ _ _ _ _ _ _ _ _ _ _ _ 

torch = <module 'torch' from '/workspace/kit-work/venv-cu13/lib/python3.12/site-packages/torch/__init__.py'>
tid = 'K4-mtp-up', device = 'cuda'

    def load(torch, tid: str, device="cuda") -> dict:
        """trellis/suh/svh (+ mcg/mul1 flags) of one checkpoint tensor, from the model's index."""
        import json
    
        from safetensors import safe_open
    
        prefix = TENSORS[tid][0]
        wm = json.loads((MODEL / "model.safetensors.index.json").read_text())["weight_map"]
        out = {"mcg": f"{prefix}.mcg" in wm, "mul1": f"{prefix}.mul1" in wm}
        for t in ("trellis", "suh", "svh"):
            with safe_open(str(MODEL / wm[f"{prefix}.{t}"]), framework="pt") as f:
>               out[t] = f.get_tensor(f"{prefix}.{t}").to(device).contiguous()
                         ^^^^^^^^^^^^^^^^^^^^^^^^^^^^^^^^^^^^^^^^
E               torch.OutOfMemoryError: CUDA out of memory. Tried to allocate 44.00 MiB. GPU 0 has a total capacity of 7.66 GiB of which 597.75 MiB is free. Including non-PyTorch memory, this process has 6.46 GiB memory in use. 6.22 GiB allowed; Of the allocated memory 6.21 GiB is allocated by PyTorch, and 2.84 MiB is reserved by PyTorch but unallocated. If reserved but unallocated memory is large try setting PYTORCH_CUDA_ALLOC_CONF=expandable_segments:True to avoid fragmentation.  See documentation for Memory Management  (https://docs.pytorch.org/docs/stable/notes/cuda.html#optimizing-memory-usage-with-pytorch-cuda-alloc-conf)

tests/gpu/exl3_cases.py:84: OutOfMemoryError
___________ test_padded_rows_in_capture[K4-mtp-up-exl3_gemm-12-nan] ____________

ops = <module 'vllm_exl3_plugin.ops' from '/workspace/kit/plugin-exl3/vllm_exl3_plugin/ops.py'>
tid = 'K4-mtp-up', op = 'exl3_gemm', n = 12, pad = 'nan'

    @pytest.mark.parametrize("pad", ["nan", "inf", "big"])
    @pytest.mark.parametrize("n", [9, 12, 16])
    @pytest.mark.parametrize("op", ["exl3_gemm", "exl3_gemm_mr"])
    @pytest.mark.parametrize("tid", ["K2-up", "K3-down", "K4-mtp-up", "K5-kproj"])
    def test_padded_rows_in_capture(ops, tid, op, n, pad):
        """The drafter at 9-16 running requests (k=2 tier): a 16-row CUDA graph with n real rows and
        padding rows holding NaN / +-inf / +-65504. The real rows' outputs stay finite and equal the
        eager result on the real rows alone (rel. rms <= 1e-3): no row of a padded batch leaks into another."""
        import torch
    
        if op == "exl3_gemm_mr" and BITS[tid] not in (3, 4, 5):
            pytest.skip("not on exl3_gemm_mr")
        if tid not in C.TENSORS:
            pytest.skip(f"{tid} not in this checkpoint's table")
>       w = C.load(torch, tid)
            ^^^^^^^^^^^^^^^^^^

tests/gpu/test_exl3_mr.py:359: 
_ _ _ _ _ _ _ _ _ _ _ _ _ _ _ _ _ _ _ _ _ _ _ _ _ _ _ _ _ _ _ _ _ _ _ _ _ _ _ _ 

torch = <module 'torch' from '/workspace/kit-work/venv-cu13/lib/python3.12/site-packages/torch/__init__.py'>
tid = 'K4-mtp-up', device = 'cuda'

    def load(torch, tid: str, device="cuda") -> dict:
        """trellis/suh/svh (+ mcg/mul1 flags) of one checkpoint tensor, from the model's index."""
        import json
    
        from safetensors import safe_open
    
        prefix = TENSORS[tid][0]
        wm = json.loads((MODEL / "model.safetensors.index.json").read_text())["weight_map"]
        out = {"mcg": f"{prefix}.mcg" in wm, "mul1": f"{prefix}.mul1" in wm}
        for t in ("trellis", "suh", "svh"):
            with safe_open(str(MODEL / wm[f"{prefix}.{t}"]), framework="pt") as f:
>               out[t] = f.get_tensor(f"{prefix}.{t}").to(device).contiguous()
                         ^^^^^^^^^^^^^^^^^^^^^^^^^^^^^^^^^^^^^^^^
E               torch.OutOfMemoryError: CUDA out of memory. Tried to allocate 44.00 MiB. GPU 0 has a total capacity of 7.66 GiB of which 597.75 MiB is free. Including non-PyTorch memory, this process has 6.46 GiB memory in use. 6.22 GiB allowed; Of the allocated memory 6.21 GiB is allocated by PyTorch, and 2.84 MiB is reserved by PyTorch but unallocated. If reserved but unallocated memory is large try setting PYTORCH_CUDA_ALLOC_CONF=expandable_segments:True to avoid fragmentation.  See documentation for Memory Management  (https://docs.pytorch.org/docs/stable/notes/cuda.html#optimizing-memory-usage-with-pytorch-cuda-alloc-conf)

tests/gpu/exl3_cases.py:84: OutOfMemoryError
___________ test_padded_rows_in_capture[K4-mtp-up-exl3_gemm-12-inf] ____________

ops = <module 'vllm_exl3_plugin.ops' from '/workspace/kit/plugin-exl3/vllm_exl3_plugin/ops.py'>
tid = 'K4-mtp-up', op = 'exl3_gemm', n = 12, pad = 'inf'

    @pytest.mark.parametrize("pad", ["nan", "inf", "big"])
    @pytest.mark.parametrize("n", [9, 12, 16])
    @pytest.mark.parametrize("op", ["exl3_gemm", "exl3_gemm_mr"])
    @pytest.mark.parametrize("tid", ["K2-up", "K3-down", "K4-mtp-up", "K5-kproj"])
    def test_padded_rows_in_capture(ops, tid, op, n, pad):
        """The drafter at 9-16 running requests (k=2 tier): a 16-row CUDA graph with n real rows and
        padding rows holding NaN / +-inf / +-65504. The real rows' outputs stay finite and equal the
        eager result on the real rows alone (rel. rms <= 1e-3): no row of a padded batch leaks into another."""
        import torch
    
        if op == "exl3_gemm_mr" and BITS[tid] not in (3, 4, 5):
            pytest.skip("not on exl3_gemm_mr")
        if tid not in C.TENSORS:
            pytest.skip(f"{tid} not in this checkpoint's table")
>       w = C.load(torch, tid)
            ^^^^^^^^^^^^^^^^^^

tests/gpu/test_exl3_mr.py:359: 
_ _ _ _ _ _ _ _ _ _ _ _ _ _ _ _ _ _ _ _ _ _ _ _ _ _ _ _ _ _ _ _ _ _ _ _ _ _ _ _ 

torch = <module 'torch' from '/workspace/kit-work/venv-cu13/lib/python3.12/site-packages/torch/__init__.py'>
tid = 'K4-mtp-up', device = 'cuda'

    def load(torch, tid: str, device="cuda") -> dict:
        """trellis/suh/svh (+ mcg/mul1 flags) of one checkpoint tensor, from the model's index."""
        import json
    
        from safetensors import safe_open
    
        prefix = TENSORS[tid][0]
        wm = json.loads((MODEL / "model.safetensors.index.json").read_text())["weight_map"]
        out = {"mcg": f"{prefix}.mcg" in wm, "mul1": f"{prefix}.mul1" in wm}
        for t in ("trellis", "suh", "svh"):
            with safe_open(str(MODEL / wm[f"{prefix}.{t}"]), framework="pt") as f:
>               out[t] = f.get_tensor(f"{prefix}.{t}").to(device).contiguous()
                         ^^^^^^^^^^^^^^^^^^^^^^^^^^^^^^^^^^^^^^^^
E               torch.OutOfMemoryError: CUDA out of memory. Tried to allocate 44.00 MiB. GPU 0 has a total capacity of 7.66 GiB of which 597.75 MiB is free. Including non-PyTorch memory, this process has 6.46 GiB memory in use. 6.22 GiB allowed; Of the allocated memory 6.21 GiB is allocated by PyTorch, and 2.84 MiB is reserved by PyTorch but unallocated. If reserved but unallocated memory is large try setting PYTORCH_CUDA_ALLOC_CONF=expandable_segments:True to avoid fragmentation.  See documentation for Memory Management  (https://docs.pytorch.org/docs/stable/notes/cuda.html#optimizing-memory-usage-with-pytorch-cuda-alloc-conf)

tests/gpu/exl3_cases.py:84: OutOfMemoryError
___________ test_padded_rows_in_capture[K4-mtp-up-exl3_gemm-12-big] ____________

ops = <module 'vllm_exl3_plugin.ops' from '/workspace/kit/plugin-exl3/vllm_exl3_plugin/ops.py'>
tid = 'K4-mtp-up', op = 'exl3_gemm', n = 12, pad = 'big'

    @pytest.mark.parametrize("pad", ["nan", "inf", "big"])
    @pytest.mark.parametrize("n", [9, 12, 16])
    @pytest.mark.parametrize("op", ["exl3_gemm", "exl3_gemm_mr"])
    @pytest.mark.parametrize("tid", ["K2-up", "K3-down", "K4-mtp-up", "K5-kproj"])
    def test_padded_rows_in_capture(ops, tid, op, n, pad):
        """The drafter at 9-16 running requests (k=2 tier): a 16-row CUDA graph with n real rows and
        padding rows holding NaN / +-inf / +-65504. The real rows' outputs stay finite and equal the
        eager result on the real rows alone (rel. rms <= 1e-3): no row of a padded batch leaks into another."""
        import torch
    
        if op == "exl3_gemm_mr" and BITS[tid] not in (3, 4, 5):
            pytest.skip("not on exl3_gemm_mr")
        if tid not in C.TENSORS:
            pytest.skip(f"{tid} not in this checkpoint's table")
>       w = C.load(torch, tid)
            ^^^^^^^^^^^^^^^^^^

tests/gpu/test_exl3_mr.py:359: 
_ _ _ _ _ _ _ _ _ _ _ _ _ _ _ _ _ _ _ _ _ _ _ _ _ _ _ _ _ _ _ _ _ _ _ _ _ _ _ _ 

torch = <module 'torch' from '/workspace/kit-work/venv-cu13/lib/python3.12/site-packages/torch/__init__.py'>
tid = 'K4-mtp-up', device = 'cuda'

    def load(torch, tid: str, device="cuda") -> dict:
        """trellis/suh/svh (+ mcg/mul1 flags) of one checkpoint tensor, from the model's index."""
        import json
    
        from safetensors import safe_open
    
        prefix = TENSORS[tid][0]
        wm = json.loads((MODEL / "model.safetensors.index.json").read_text())["weight_map"]
        out = {"mcg": f"{prefix}.mcg" in wm, "mul1": f"{prefix}.mul1" in wm}
        for t in ("trellis", "suh", "svh"):
            with safe_open(str(MODEL / wm[f"{prefix}.{t}"]), framework="pt") as f:
>               out[t] = f.get_tensor(f"{prefix}.{t}").to(device).contiguous()
                         ^^^^^^^^^^^^^^^^^^^^^^^^^^^^^^^^^^^^^^^^
E               torch.OutOfMemoryError: CUDA out of memory. Tried to allocate 44.00 MiB. GPU 0 has a total capacity of 7.66 GiB of which 597.75 MiB is free. Including non-PyTorch memory, this process has 6.46 GiB memory in use. 6.22 GiB allowed; Of the allocated memory 6.21 GiB is allocated by PyTorch, and 2.84 MiB is reserved by PyTorch but unallocated. If reserved but unallocated memory is large try setting PYTORCH_CUDA_ALLOC_CONF=expandable_segments:True to avoid fragmentation.  See documentation for Memory Management  (https://docs.pytorch.org/docs/stable/notes/cuda.html#optimizing-memory-usage-with-pytorch-cuda-alloc-conf)

tests/gpu/exl3_cases.py:84: OutOfMemoryError
___________ test_padded_rows_in_capture[K4-mtp-up-exl3_gemm-16-nan] ____________

ops = <module 'vllm_exl3_plugin.ops' from '/workspace/kit/plugin-exl3/vllm_exl3_plugin/ops.py'>
tid = 'K4-mtp-up', op = 'exl3_gemm', n = 16, pad = 'nan'

    @pytest.mark.parametrize("pad", ["nan", "inf", "big"])
    @pytest.mark.parametrize("n", [9, 12, 16])
    @pytest.mark.parametrize("op", ["exl3_gemm", "exl3_gemm_mr"])
    @pytest.mark.parametrize("tid", ["K2-up", "K3-down", "K4-mtp-up", "K5-kproj"])
    def test_padded_rows_in_capture(ops, tid, op, n, pad):
        """The drafter at 9-16 running requests (k=2 tier): a 16-row CUDA graph with n real rows and
        padding rows holding NaN / +-inf / +-65504. The real rows' outputs stay finite and equal the
        eager result on the real rows alone (rel. rms <= 1e-3): no row of a padded batch leaks into another."""
        import torch
    
        if op == "exl3_gemm_mr" and BITS[tid] not in (3, 4, 5):
            pytest.skip("not on exl3_gemm_mr")
        if tid not in C.TENSORS:
            pytest.skip(f"{tid} not in this checkpoint's table")
>       w = C.load(torch, tid)
            ^^^^^^^^^^^^^^^^^^

tests/gpu/test_exl3_mr.py:359: 
_ _ _ _ _ _ _ _ _ _ _ _ _ _ _ _ _ _ _ _ _ _ _ _ _ _ _ _ _ _ _ _ _ _ _ _ _ _ _ _ 

torch = <module 'torch' from '/workspace/kit-work/venv-cu13/lib/python3.12/site-packages/torch/__init__.py'>
tid = 'K4-mtp-up', device = 'cuda'

    def load(torch, tid: str, device="cuda") -> dict:
        """trellis/suh/svh (+ mcg/mul1 flags) of one checkpoint tensor, from the model's index."""
        import json
    
        from safetensors import safe_open
    
        prefix = TENSORS[tid][0]
        wm = json.loads((MODEL / "model.safetensors.index.json").read_text())["weight_map"]
        out = {"mcg": f"{prefix}.mcg" in wm, "mul1": f"{prefix}.mul1" in wm}
        for t in ("trellis", "suh", "svh"):
            with safe_open(str(MODEL / wm[f"{prefix}.{t}"]), framework="pt") as f:
>               out[t] = f.get_tensor(f"{prefix}.{t}").to(device).contiguous()
                         ^^^^^^^^^^^^^^^^^^^^^^^^^^^^^^^^^^^^^^^^
E               torch.OutOfMemoryError: CUDA out of memory. Tried to allocate 44.00 MiB. GPU 0 has a total capacity of 7.66 GiB of which 597.75 MiB is free. Including non-PyTorch memory, this process has 6.46 GiB memory in use. 6.22 GiB allowed; Of the allocated memory 6.21 GiB is allocated by PyTorch, and 2.84 MiB is reserved by PyTorch but unallocated. If reserved but unallocated memory is large try setting PYTORCH_CUDA_ALLOC_CONF=expandable_segments:True to avoid fragmentation.  See documentation for Memory Management  (https://docs.pytorch.org/docs/stable/notes/cuda.html#optimizing-memory-usage-with-pytorch-cuda-alloc-conf)

tests/gpu/exl3_cases.py:84: OutOfMemoryError
___________ test_padded_rows_in_capture[K4-mtp-up-exl3_gemm-16-inf] ____________

ops = <module 'vllm_exl3_plugin.ops' from '/workspace/kit/plugin-exl3/vllm_exl3_plugin/ops.py'>
tid = 'K4-mtp-up', op = 'exl3_gemm', n = 16, pad = 'inf'

    @pytest.mark.parametrize("pad", ["nan", "inf", "big"])
    @pytest.mark.parametrize("n", [9, 12, 16])
    @pytest.mark.parametrize("op", ["exl3_gemm", "exl3_gemm_mr"])
    @pytest.mark.parametrize("tid", ["K2-up", "K3-down", "K4-mtp-up", "K5-kproj"])
    def test_padded_rows_in_capture(ops, tid, op, n, pad):
        """The drafter at 9-16 running requests (k=2 tier): a 16-row CUDA graph with n real rows and
        padding rows holding NaN / +-inf / +-65504. The real rows' outputs stay finite and equal the
        eager result on the real rows alone (rel. rms <= 1e-3): no row of a padded batch leaks into another."""
        import torch
    
        if op == "exl3_gemm_mr" and BITS[tid] not in (3, 4, 5):
            pytest.skip("not on exl3_gemm_mr")
        if tid not in C.TENSORS:
            pytest.skip(f"{tid} not in this checkpoint's table")
>       w = C.load(torch, tid)
            ^^^^^^^^^^^^^^^^^^

tests/gpu/test_exl3_mr.py:359: 
_ _ _ _ _ _ _ _ _ _ _ _ _ _ _ _ _ _ _ _ _ _ _ _ _ _ _ _ _ _ _ _ _ _ _ _ _ _ _ _ 

torch = <module 'torch' from '/workspace/kit-work/venv-cu13/lib/python3.12/site-packages/torch/__init__.py'>
tid = 'K4-mtp-up', device = 'cuda'

    def load(torch, tid: str, device="cuda") -> dict:
        """trellis/suh/svh (+ mcg/mul1 flags) of one checkpoint tensor, from the model's index."""
        import json
    
        from safetensors import safe_open
    
        prefix = TENSORS[tid][0]
        wm = json.loads((MODEL / "model.safetensors.index.json").read_text())["weight_map"]
        out = {"mcg": f"{prefix}.mcg" in wm, "mul1": f"{prefix}.mul1" in wm}
        for t in ("trellis", "suh", "svh"):
            with safe_open(str(MODEL / wm[f"{prefix}.{t}"]), framework="pt") as f:
>               out[t] = f.get_tensor(f"{prefix}.{t}").to(device).contiguous()
                         ^^^^^^^^^^^^^^^^^^^^^^^^^^^^^^^^^^^^^^^^
E               torch.OutOfMemoryError: CUDA out of memory. Tried to allocate 44.00 MiB. GPU 0 has a total capacity of 7.66 GiB of which 597.75 MiB is free. Including non-PyTorch memory, this process has 6.46 GiB memory in use. 6.22 GiB allowed; Of the allocated memory 6.21 GiB is allocated by PyTorch, and 2.84 MiB is reserved by PyTorch but unallocated. If reserved but unallocated memory is large try setting PYTORCH_CUDA_ALLOC_CONF=expandable_segments:True to avoid fragmentation.  See documentation for Memory Management  (https://docs.pytorch.org/docs/stable/notes/cuda.html#optimizing-memory-usage-with-pytorch-cuda-alloc-conf)

tests/gpu/exl3_cases.py:84: OutOfMemoryError
___________ test_padded_rows_in_capture[K4-mtp-up-exl3_gemm-16-big] ____________

ops = <module 'vllm_exl3_plugin.ops' from '/workspace/kit/plugin-exl3/vllm_exl3_plugin/ops.py'>
tid = 'K4-mtp-up', op = 'exl3_gemm', n = 16, pad = 'big'

    @pytest.mark.parametrize("pad", ["nan", "inf", "big"])
    @pytest.mark.parametrize("n", [9, 12, 16])
    @pytest.mark.parametrize("op", ["exl3_gemm", "exl3_gemm_mr"])
    @pytest.mark.parametrize("tid", ["K2-up", "K3-down", "K4-mtp-up", "K5-kproj"])
    def test_padded_rows_in_capture(ops, tid, op, n, pad):
        """The drafter at 9-16 running requests (k=2 tier): a 16-row CUDA graph with n real rows and
        padding rows holding NaN / +-inf / +-65504. The real rows' outputs stay finite and equal the
        eager result on the real rows alone (rel. rms <= 1e-3): no row of a padded batch leaks into another."""
        import torch
    
        if op == "exl3_gemm_mr" and BITS[tid] not in (3, 4, 5):
            pytest.skip("not on exl3_gemm_mr")
        if tid not in C.TENSORS:
            pytest.skip(f"{tid} not in this checkpoint's table")
>       w = C.load(torch, tid)
            ^^^^^^^^^^^^^^^^^^

tests/gpu/test_exl3_mr.py:359: 
_ _ _ _ _ _ _ _ _ _ _ _ _ _ _ _ _ _ _ _ _ _ _ _ _ _ _ _ _ _ _ _ _ _ _ _ _ _ _ _ 

torch = <module 'torch' from '/workspace/kit-work/venv-cu13/lib/python3.12/site-packages/torch/__init__.py'>
tid = 'K4-mtp-up', device = 'cuda'

    def load(torch, tid: str, device="cuda") -> dict:
        """trellis/suh/svh (+ mcg/mul1 flags) of one checkpoint tensor, from the model's index."""
        import json
    
        from safetensors import safe_open
    
        prefix = TENSORS[tid][0]
        wm = json.loads((MODEL / "model.safetensors.index.json").read_text())["weight_map"]
        out = {"mcg": f"{prefix}.mcg" in wm, "mul1": f"{prefix}.mul1" in wm}
        for t in ("trellis", "suh", "svh"):
            with safe_open(str(MODEL / wm[f"{prefix}.{t}"]), framework="pt") as f:
>               out[t] = f.get_tensor(f"{prefix}.{t}").to(device).contiguous()
                         ^^^^^^^^^^^^^^^^^^^^^^^^^^^^^^^^^^^^^^^^
E               torch.OutOfMemoryError: CUDA out of memory. Tried to allocate 44.00 MiB. GPU 0 has a total capacity of 7.66 GiB of which 597.75 MiB is free. Including non-PyTorch memory, this process has 6.46 GiB memory in use. 6.22 GiB allowed; Of the allocated memory 6.21 GiB is allocated by PyTorch, and 2.84 MiB is reserved by PyTorch but unallocated. If reserved but unallocated memory is large try setting PYTORCH_CUDA_ALLOC_CONF=expandable_segments:True to avoid fragmentation.  See documentation for Memory Management  (https://docs.pytorch.org/docs/stable/notes/cuda.html#optimizing-memory-usage-with-pytorch-cuda-alloc-conf)

tests/gpu/exl3_cases.py:84: OutOfMemoryError
__________ test_padded_rows_in_capture[K4-mtp-up-exl3_gemm_mr-9-nan] ___________

ops = <module 'vllm_exl3_plugin.ops' from '/workspace/kit/plugin-exl3/vllm_exl3_plugin/ops.py'>
tid = 'K4-mtp-up', op = 'exl3_gemm_mr', n = 9, pad = 'nan'

    @pytest.mark.parametrize("pad", ["nan", "inf", "big"])
    @pytest.mark.parametrize("n", [9, 12, 16])
    @pytest.mark.parametrize("op", ["exl3_gemm", "exl3_gemm_mr"])
    @pytest.mark.parametrize("tid", ["K2-up", "K3-down", "K4-mtp-up", "K5-kproj"])
    def test_padded_rows_in_capture(ops, tid, op, n, pad):
        """The drafter at 9-16 running requests (k=2 tier): a 16-row CUDA graph with n real rows and
        padding rows holding NaN / +-inf / +-65504. The real rows' outputs stay finite and equal the
        eager result on the real rows alone (rel. rms <= 1e-3): no row of a padded batch leaks into another."""
        import torch
    
        if op == "exl3_gemm_mr" and BITS[tid] not in (3, 4, 5):
            pytest.skip("not on exl3_gemm_mr")
        if tid not in C.TENSORS:
            pytest.skip(f"{tid} not in this checkpoint's table")
>       w = C.load(torch, tid)
            ^^^^^^^^^^^^^^^^^^

tests/gpu/test_exl3_mr.py:359: 
_ _ _ _ _ _ _ _ _ _ _ _ _ _ _ _ _ _ _ _ _ _ _ _ _ _ _ _ _ _ _ _ _ _ _ _ _ _ _ _ 

torch = <module 'torch' from '/workspace/kit-work/venv-cu13/lib/python3.12/site-packages/torch/__init__.py'>
tid = 'K4-mtp-up', device = 'cuda'

    def load(torch, tid: str, device="cuda") -> dict:
        """trellis/suh/svh (+ mcg/mul1 flags) of one checkpoint tensor, from the model's index."""
        import json
    
        from safetensors import safe_open
    
        prefix = TENSORS[tid][0]
        wm = json.loads((MODEL / "model.safetensors.index.json").read_text())["weight_map"]
        out = {"mcg": f"{prefix}.mcg" in wm, "mul1": f"{prefix}.mul1" in wm}
        for t in ("trellis", "suh", "svh"):
            with safe_open(str(MODEL / wm[f"{prefix}.{t}"]), framework="pt") as f:
>               out[t] = f.get_tensor(f"{prefix}.{t}").to(device).contiguous()
                         ^^^^^^^^^^^^^^^^^^^^^^^^^^^^^^^^^^^^^^^^
E               torch.OutOfMemoryError: CUDA out of memory. Tried to allocate 44.00 MiB. GPU 0 has a total capacity of 7.66 GiB of which 597.75 MiB is free. Including non-PyTorch memory, this process has 6.46 GiB memory in use. 6.22 GiB allowed; Of the allocated memory 6.21 GiB is allocated by PyTorch, and 2.84 MiB is reserved by PyTorch but unallocated. If reserved but unallocated memory is large try setting PYTORCH_CUDA_ALLOC_CONF=expandable_segments:True to avoid fragmentation.  See documentation for Memory Management  (https://docs.pytorch.org/docs/stable/notes/cuda.html#optimizing-memory-usage-with-pytorch-cuda-alloc-conf)

tests/gpu/exl3_cases.py:84: OutOfMemoryError
__________ test_padded_rows_in_capture[K4-mtp-up-exl3_gemm_mr-9-inf] ___________

ops = <module 'vllm_exl3_plugin.ops' from '/workspace/kit/plugin-exl3/vllm_exl3_plugin/ops.py'>
tid = 'K4-mtp-up', op = 'exl3_gemm_mr', n = 9, pad = 'inf'

    @pytest.mark.parametrize("pad", ["nan", "inf", "big"])
    @pytest.mark.parametrize("n", [9, 12, 16])
    @pytest.mark.parametrize("op", ["exl3_gemm", "exl3_gemm_mr"])
    @pytest.mark.parametrize("tid", ["K2-up", "K3-down", "K4-mtp-up", "K5-kproj"])
    def test_padded_rows_in_capture(ops, tid, op, n, pad):
        """The drafter at 9-16 running requests (k=2 tier): a 16-row CUDA graph with n real rows and
        padding rows holding NaN / +-inf / +-65504. The real rows' outputs stay finite and equal the
        eager result on the real rows alone (rel. rms <= 1e-3): no row of a padded batch leaks into another."""
        import torch
    
        if op == "exl3_gemm_mr" and BITS[tid] not in (3, 4, 5):
            pytest.skip("not on exl3_gemm_mr")
        if tid not in C.TENSORS:
            pytest.skip(f"{tid} not in this checkpoint's table")
>       w = C.load(torch, tid)
            ^^^^^^^^^^^^^^^^^^

tests/gpu/test_exl3_mr.py:359: 
_ _ _ _ _ _ _ _ _ _ _ _ _ _ _ _ _ _ _ _ _ _ _ _ _ _ _ _ _ _ _ _ _ _ _ _ _ _ _ _ 

torch = <module 'torch' from '/workspace/kit-work/venv-cu13/lib/python3.12/site-packages/torch/__init__.py'>
tid = 'K4-mtp-up', device = 'cuda'

    def load(torch, tid: str, device="cuda") -> dict:
        """trellis/suh/svh (+ mcg/mul1 flags) of one checkpoint tensor, from the model's index."""
        import json
    
        from safetensors import safe_open
    
        prefix = TENSORS[tid][0]
        wm = json.loads((MODEL / "model.safetensors.index.json").read_text())["weight_map"]
        out = {"mcg": f"{prefix}.mcg" in wm, "mul1": f"{prefix}.mul1" in wm}
        for t in ("trellis", "suh", "svh"):
            with safe_open(str(MODEL / wm[f"{prefix}.{t}"]), framework="pt") as f:
>               out[t] = f.get_tensor(f"{prefix}.{t}").to(device).contiguous()
                         ^^^^^^^^^^^^^^^^^^^^^^^^^^^^^^^^^^^^^^^^
E               torch.OutOfMemoryError: CUDA out of memory. Tried to allocate 44.00 MiB. GPU 0 has a total capacity of 7.66 GiB of which 597.75 MiB is free. Including non-PyTorch memory, this process has 6.46 GiB memory in use. 6.22 GiB allowed; Of the allocated memory 6.21 GiB is allocated by PyTorch, and 2.84 MiB is reserved by PyTorch but unallocated. If reserved but unallocated memory is large try setting PYTORCH_CUDA_ALLOC_CONF=expandable_segments:True to avoid fragmentation.  See documentation for Memory Management  (https://docs.pytorch.org/docs/stable/notes/cuda.html#optimizing-memory-usage-with-pytorch-cuda-alloc-conf)

tests/gpu/exl3_cases.py:84: OutOfMemoryError
__________ test_padded_rows_in_capture[K4-mtp-up-exl3_gemm_mr-9-big] ___________

ops = <module 'vllm_exl3_plugin.ops' from '/workspace/kit/plugin-exl3/vllm_exl3_plugin/ops.py'>
tid = 'K4-mtp-up', op = 'exl3_gemm_mr', n = 9, pad = 'big'

    @pytest.mark.parametrize("pad", ["nan", "inf", "big"])
    @pytest.mark.parametrize("n", [9, 12, 16])
    @pytest.mark.parametrize("op", ["exl3_gemm", "exl3_gemm_mr"])
    @pytest.mark.parametrize("tid", ["K2-up", "K3-down", "K4-mtp-up", "K5-kproj"])
    def test_padded_rows_in_capture(ops, tid, op, n, pad):
        """The drafter at 9-16 running requests (k=2 tier): a 16-row CUDA graph with n real rows and
        padding rows holding NaN / +-inf / +-65504. The real rows' outputs stay finite and equal the
        eager result on the real rows alone (rel. rms <= 1e-3): no row of a padded batch leaks into another."""
        import torch
    
        if op == "exl3_gemm_mr" and BITS[tid] not in (3, 4, 5):
            pytest.skip("not on exl3_gemm_mr")
        if tid not in C.TENSORS:
            pytest.skip(f"{tid} not in this checkpoint's table")
>       w = C.load(torch, tid)
            ^^^^^^^^^^^^^^^^^^

tests/gpu/test_exl3_mr.py:359: 
_ _ _ _ _ _ _ _ _ _ _ _ _ _ _ _ _ _ _ _ _ _ _ _ _ _ _ _ _ _ _ _ _ _ _ _ _ _ _ _ 

torch = <module 'torch' from '/workspace/kit-work/venv-cu13/lib/python3.12/site-packages/torch/__init__.py'>
tid = 'K4-mtp-up', device = 'cuda'

    def load(torch, tid: str, device="cuda") -> dict:
        """trellis/suh/svh (+ mcg/mul1 flags) of one checkpoint tensor, from the model's index."""
        import json
    
        from safetensors import safe_open
    
        prefix = TENSORS[tid][0]
        wm = json.loads((MODEL / "model.safetensors.index.json").read_text())["weight_map"]
        out = {"mcg": f"{prefix}.mcg" in wm, "mul1": f"{prefix}.mul1" in wm}
        for t in ("trellis", "suh", "svh"):
            with safe_open(str(MODEL / wm[f"{prefix}.{t}"]), framework="pt") as f:
>               out[t] = f.get_tensor(f"{prefix}.{t}").to(device).contiguous()
                         ^^^^^^^^^^^^^^^^^^^^^^^^^^^^^^^^^^^^^^^^
E               torch.OutOfMemoryError: CUDA out of memory. Tried to allocate 44.00 MiB. GPU 0 has a total capacity of 7.66 GiB of which 597.75 MiB is free. Including non-PyTorch memory, this process has 6.46 GiB memory in use. 6.22 GiB allowed; Of the allocated memory 6.21 GiB is allocated by PyTorch, and 2.84 MiB is reserved by PyTorch but unallocated. If reserved but unallocated memory is large try setting PYTORCH_CUDA_ALLOC_CONF=expandable_segments:True to avoid fragmentation.  See documentation for Memory Management  (https://docs.pytorch.org/docs/stable/notes/cuda.html#optimizing-memory-usage-with-pytorch-cuda-alloc-conf)

tests/gpu/exl3_cases.py:84: OutOfMemoryError
__________ test_padded_rows_in_capture[K4-mtp-up-exl3_gemm_mr-12-nan] __________

ops = <module 'vllm_exl3_plugin.ops' from '/workspace/kit/plugin-exl3/vllm_exl3_plugin/ops.py'>
tid = 'K4-mtp-up', op = 'exl3_gemm_mr', n = 12, pad = 'nan'

    @pytest.mark.parametrize("pad", ["nan", "inf", "big"])
    @pytest.mark.parametrize("n", [9, 12, 16])
    @pytest.mark.parametrize("op", ["exl3_gemm", "exl3_gemm_mr"])
    @pytest.mark.parametrize("tid", ["K2-up", "K3-down", "K4-mtp-up", "K5-kproj"])
    def test_padded_rows_in_capture(ops, tid, op, n, pad):
        """The drafter at 9-16 running requests (k=2 tier): a 16-row CUDA graph with n real rows and
        padding rows holding NaN / +-inf / +-65504. The real rows' outputs stay finite and equal the
        eager result on the real rows alone (rel. rms <= 1e-3): no row of a padded batch leaks into another."""
        import torch
    
        if op == "exl3_gemm_mr" and BITS[tid] not in (3, 4, 5):
            pytest.skip("not on exl3_gemm_mr")
        if tid not in C.TENSORS:
            pytest.skip(f"{tid} not in this checkpoint's table")
>       w = C.load(torch, tid)
            ^^^^^^^^^^^^^^^^^^

tests/gpu/test_exl3_mr.py:359: 
_ _ _ _ _ _ _ _ _ _ _ _ _ _ _ _ _ _ _ _ _ _ _ _ _ _ _ _ _ _ _ _ _ _ _ _ _ _ _ _ 

torch = <module 'torch' from '/workspace/kit-work/venv-cu13/lib/python3.12/site-packages/torch/__init__.py'>
tid = 'K4-mtp-up', device = 'cuda'

    def load(torch, tid: str, device="cuda") -> dict:
        """trellis/suh/svh (+ mcg/mul1 flags) of one checkpoint tensor, from the model's index."""
        import json
    
        from safetensors import safe_open
    
        prefix = TENSORS[tid][0]
        wm = json.loads((MODEL / "model.safetensors.index.json").read_text())["weight_map"]
        out = {"mcg": f"{prefix}.mcg" in wm, "mul1": f"{prefix}.mul1" in wm}
        for t in ("trellis", "suh", "svh"):
            with safe_open(str(MODEL / wm[f"{prefix}.{t}"]), framework="pt") as f:
>               out[t] = f.get_tensor(f"{prefix}.{t}").to(device).contiguous()
                         ^^^^^^^^^^^^^^^^^^^^^^^^^^^^^^^^^^^^^^^^
E               torch.OutOfMemoryError: CUDA out of memory. Tried to allocate 44.00 MiB. GPU 0 has a total capacity of 7.66 GiB of which 597.75 MiB is free. Including non-PyTorch memory, this process has 6.46 GiB memory in use. 6.22 GiB allowed; Of the allocated memory 6.21 GiB is allocated by PyTorch, and 2.84 MiB is reserved by PyTorch but unallocated. If reserved but unallocated memory is large try setting PYTORCH_CUDA_ALLOC_CONF=expandable_segments:True to avoid fragmentation.  See documentation for Memory Management  (https://docs.pytorch.org/docs/stable/notes/cuda.html#optimizing-memory-usage-with-pytorch-cuda-alloc-conf)

tests/gpu/exl3_cases.py:84: OutOfMemoryError
__________ test_padded_rows_in_capture[K4-mtp-up-exl3_gemm_mr-12-inf] __________

ops = <module 'vllm_exl3_plugin.ops' from '/workspace/kit/plugin-exl3/vllm_exl3_plugin/ops.py'>
tid = 'K4-mtp-up', op = 'exl3_gemm_mr', n = 12, pad = 'inf'

    @pytest.mark.parametrize("pad", ["nan", "inf", "big"])
    @pytest.mark.parametrize("n", [9, 12, 16])
    @pytest.mark.parametrize("op", ["exl3_gemm", "exl3_gemm_mr"])
    @pytest.mark.parametrize("tid", ["K2-up", "K3-down", "K4-mtp-up", "K5-kproj"])
    def test_padded_rows_in_capture(ops, tid, op, n, pad):
        """The drafter at 9-16 running requests (k=2 tier): a 16-row CUDA graph with n real rows and
        padding rows holding NaN / +-inf / +-65504. The real rows' outputs stay finite and equal the
        eager result on the real rows alone (rel. rms <= 1e-3): no row of a padded batch leaks into another."""
        import torch
    
        if op == "exl3_gemm_mr" and BITS[tid] not in (3, 4, 5):
            pytest.skip("not on exl3_gemm_mr")
        if tid not in C.TENSORS:
            pytest.skip(f"{tid} not in this checkpoint's table")
>       w = C.load(torch, tid)
            ^^^^^^^^^^^^^^^^^^

tests/gpu/test_exl3_mr.py:359: 
_ _ _ _ _ _ _ _ _ _ _ _ _ _ _ _ _ _ _ _ _ _ _ _ _ _ _ _ _ _ _ _ _ _ _ _ _ _ _ _ 

torch = <module 'torch' from '/workspace/kit-work/venv-cu13/lib/python3.12/site-packages/torch/__init__.py'>
tid = 'K4-mtp-up', device = 'cuda'

    def load(torch, tid: str, device="cuda") -> dict:
        """trellis/suh/svh (+ mcg/mul1 flags) of one checkpoint tensor, from the model's index."""
        import json
    
        from safetensors import safe_open
    
        prefix = TENSORS[tid][0]
        wm = json.loads((MODEL / "model.safetensors.index.json").read_text())["weight_map"]
        out = {"mcg": f"{prefix}.mcg" in wm, "mul1": f"{prefix}.mul1" in wm}
        for t in ("trellis", "suh", "svh"):
            with safe_open(str(MODEL / wm[f"{prefix}.{t}"]), framework="pt") as f:
>               out[t] = f.get_tensor(f"{prefix}.{t}").to(device).contiguous()
                         ^^^^^^^^^^^^^^^^^^^^^^^^^^^^^^^^^^^^^^^^
E               torch.OutOfMemoryError: CUDA out of memory. Tried to allocate 44.00 MiB. GPU 0 has a total capacity of 7.66 GiB of which 597.75 MiB is free. Including non-PyTorch memory, this process has 6.46 GiB memory in use. 6.22 GiB allowed; Of the allocated memory 6.21 GiB is allocated by PyTorch, and 2.84 MiB is reserved by PyTorch but unallocated. If reserved but unallocated memory is large try setting PYTORCH_CUDA_ALLOC_CONF=expandable_segments:True to avoid fragmentation.  See documentation for Memory Management  (https://docs.pytorch.org/docs/stable/notes/cuda.html#optimizing-memory-usage-with-pytorch-cuda-alloc-conf)

tests/gpu/exl3_cases.py:84: OutOfMemoryError
__________ test_padded_rows_in_capture[K4-mtp-up-exl3_gemm_mr-12-big] __________

ops = <module 'vllm_exl3_plugin.ops' from '/workspace/kit/plugin-exl3/vllm_exl3_plugin/ops.py'>
tid = 'K4-mtp-up', op = 'exl3_gemm_mr', n = 12, pad = 'big'

    @pytest.mark.parametrize("pad", ["nan", "inf", "big"])
    @pytest.mark.parametrize("n", [9, 12, 16])
    @pytest.mark.parametrize("op", ["exl3_gemm", "exl3_gemm_mr"])
    @pytest.mark.parametrize("tid", ["K2-up", "K3-down", "K4-mtp-up", "K5-kproj"])
    def test_padded_rows_in_capture(ops, tid, op, n, pad):
        """The drafter at 9-16 running requests (k=2 tier): a 16-row CUDA graph with n real rows and
        padding rows holding NaN / +-inf / +-65504. The real rows' outputs stay finite and equal the
        eager result on the real rows alone (rel. rms <= 1e-3): no row of a padded batch leaks into another."""
        import torch
    
        if op == "exl3_gemm_mr" and BITS[tid] not in (3, 4, 5):
            pytest.skip("not on exl3_gemm_mr")
        if tid not in C.TENSORS:
            pytest.skip(f"{tid} not in this checkpoint's table")
>       w = C.load(torch, tid)
            ^^^^^^^^^^^^^^^^^^

tests/gpu/test_exl3_mr.py:359: 
_ _ _ _ _ _ _ _ _ _ _ _ _ _ _ _ _ _ _ _ _ _ _ _ _ _ _ _ _ _ _ _ _ _ _ _ _ _ _ _ 

torch = <module 'torch' from '/workspace/kit-work/venv-cu13/lib/python3.12/site-packages/torch/__init__.py'>
tid = 'K4-mtp-up', device = 'cuda'

    def load(torch, tid: str, device="cuda") -> dict:
        """trellis/suh/svh (+ mcg/mul1 flags) of one checkpoint tensor, from the model's index."""
        import json
    
        from safetensors import safe_open
    
        prefix = TENSORS[tid][0]
        wm = json.loads((MODEL / "model.safetensors.index.json").read_text())["weight_map"]
        out = {"mcg": f"{prefix}.mcg" in wm, "mul1": f"{prefix}.mul1" in wm}
        for t in ("trellis", "suh", "svh"):
            with safe_open(str(MODEL / wm[f"{prefix}.{t}"]), framework="pt") as f:
>               out[t] = f.get_tensor(f"{prefix}.{t}").to(device).contiguous()
                         ^^^^^^^^^^^^^^^^^^^^^^^^^^^^^^^^^^^^^^^^
E               torch.OutOfMemoryError: CUDA out of memory. Tried to allocate 44.00 MiB. GPU 0 has a total capacity of 7.66 GiB of which 597.75 MiB is free. Including non-PyTorch memory, this process has 6.46 GiB memory in use. 6.22 GiB allowed; Of the allocated memory 6.21 GiB is allocated by PyTorch, and 2.84 MiB is reserved by PyTorch but unallocated. If reserved but unallocated memory is large try setting PYTORCH_CUDA_ALLOC_CONF=expandable_segments:True to avoid fragmentation.  See documentation for Memory Management  (https://docs.pytorch.org/docs/stable/notes/cuda.html#optimizing-memory-usage-with-pytorch-cuda-alloc-conf)

tests/gpu/exl3_cases.py:84: OutOfMemoryError
__________ test_padded_rows_in_capture[K4-mtp-up-exl3_gemm_mr-16-nan] __________

ops = <module 'vllm_exl3_plugin.ops' from '/workspace/kit/plugin-exl3/vllm_exl3_plugin/ops.py'>
tid = 'K4-mtp-up', op = 'exl3_gemm_mr', n = 16, pad = 'nan'

    @pytest.mark.parametrize("pad", ["nan", "inf", "big"])
    @pytest.mark.parametrize("n", [9, 12, 16])
    @pytest.mark.parametrize("op", ["exl3_gemm", "exl3_gemm_mr"])
    @pytest.mark.parametrize("tid", ["K2-up", "K3-down", "K4-mtp-up", "K5-kproj"])
    def test_padded_rows_in_capture(ops, tid, op, n, pad):
        """The drafter at 9-16 running requests (k=2 tier): a 16-row CUDA graph with n real rows and
        padding rows holding NaN / +-inf / +-65504. The real rows' outputs stay finite and equal the
        eager result on the real rows alone (rel. rms <= 1e-3): no row of a padded batch leaks into another."""
        import torch
    
        if op == "exl3_gemm_mr" and BITS[tid] not in (3, 4, 5):
            pytest.skip("not on exl3_gemm_mr")
        if tid not in C.TENSORS:
            pytest.skip(f"{tid} not in this checkpoint's table")
>       w = C.load(torch, tid)
            ^^^^^^^^^^^^^^^^^^

tests/gpu/test_exl3_mr.py:359: 
_ _ _ _ _ _ _ _ _ _ _ _ _ _ _ _ _ _ _ _ _ _ _ _ _ _ _ _ _ _ _ _ _ _ _ _ _ _ _ _ 

torch = <module 'torch' from '/workspace/kit-work/venv-cu13/lib/python3.12/site-packages/torch/__init__.py'>
tid = 'K4-mtp-up', device = 'cuda'

    def load(torch, tid: str, device="cuda") -> dict:
        """trellis/suh/svh (+ mcg/mul1 flags) of one checkpoint tensor, from the model's index."""
        import json
    
        from safetensors import safe_open
    
        prefix = TENSORS[tid][0]
        wm = json.loads((MODEL / "model.safetensors.index.json").read_text())["weight_map"]
        out = {"mcg": f"{prefix}.mcg" in wm, "mul1": f"{prefix}.mul1" in wm}
        for t in ("trellis", "suh", "svh"):
            with safe_open(str(MODEL / wm[f"{prefix}.{t}"]), framework="pt") as f:
>               out[t] = f.get_tensor(f"{prefix}.{t}").to(device).contiguous()
                         ^^^^^^^^^^^^^^^^^^^^^^^^^^^^^^^^^^^^^^^^
E               torch.OutOfMemoryError: CUDA out of memory. Tried to allocate 44.00 MiB. GPU 0 has a total capacity of 7.66 GiB of which 597.75 MiB is free. Including non-PyTorch memory, this process has 6.46 GiB memory in use. 6.22 GiB allowed; Of the allocated memory 6.21 GiB is allocated by PyTorch, and 2.84 MiB is reserved by PyTorch but unallocated. If reserved but unallocated memory is large try setting PYTORCH_CUDA_ALLOC_CONF=expandable_segments:True to avoid fragmentation.  See documentation for Memory Management  (https://docs.pytorch.org/docs/stable/notes/cuda.html#optimizing-memory-usage-with-pytorch-cuda-alloc-conf)

tests/gpu/exl3_cases.py:84: OutOfMemoryError
__________ test_padded_rows_in_capture[K4-mtp-up-exl3_gemm_mr-16-inf] __________

ops = <module 'vllm_exl3_plugin.ops' from '/workspace/kit/plugin-exl3/vllm_exl3_plugin/ops.py'>
tid = 'K4-mtp-up', op = 'exl3_gemm_mr', n = 16, pad = 'inf'

    @pytest.mark.parametrize("pad", ["nan", "inf", "big"])
    @pytest.mark.parametrize("n", [9, 12, 16])
    @pytest.mark.parametrize("op", ["exl3_gemm", "exl3_gemm_mr"])
    @pytest.mark.parametrize("tid", ["K2-up", "K3-down", "K4-mtp-up", "K5-kproj"])
    def test_padded_rows_in_capture(ops, tid, op, n, pad):
        """The drafter at 9-16 running requests (k=2 tier): a 16-row CUDA graph with n real rows and
        padding rows holding NaN / +-inf / +-65504. The real rows' outputs stay finite and equal the
        eager result on the real rows alone (rel. rms <= 1e-3): no row of a padded batch leaks into another."""
        import torch
    
        if op == "exl3_gemm_mr" and BITS[tid] not in (3, 4, 5):
            pytest.skip("not on exl3_gemm_mr")
        if tid not in C.TENSORS:
            pytest.skip(f"{tid} not in this checkpoint's table")
>       w = C.load(torch, tid)
            ^^^^^^^^^^^^^^^^^^

tests/gpu/test_exl3_mr.py:359: 
_ _ _ _ _ _ _ _ _ _ _ _ _ _ _ _ _ _ _ _ _ _ _ _ _ _ _ _ _ _ _ _ _ _ _ _ _ _ _ _ 

torch = <module 'torch' from '/workspace/kit-work/venv-cu13/lib/python3.12/site-packages/torch/__init__.py'>
tid = 'K4-mtp-up', device = 'cuda'

    def load(torch, tid: str, device="cuda") -> dict:
        """trellis/suh/svh (+ mcg/mul1 flags) of one checkpoint tensor, from the model's index."""
        import json
    
        from safetensors import safe_open
    
        prefix = TENSORS[tid][0]
        wm = json.loads((MODEL / "model.safetensors.index.json").read_text())["weight_map"]
        out = {"mcg": f"{prefix}.mcg" in wm, "mul1": f"{prefix}.mul1" in wm}
        for t in ("trellis", "suh", "svh"):
            with safe_open(str(MODEL / wm[f"{prefix}.{t}"]), framework="pt") as f:
>               out[t] = f.get_tensor(f"{prefix}.{t}").to(device).contiguous()
                         ^^^^^^^^^^^^^^^^^^^^^^^^^^^^^^^^^^^^^^^^
E               torch.OutOfMemoryError: CUDA out of memory. Tried to allocate 44.00 MiB. GPU 0 has a total capacity of 7.66 GiB of which 597.75 MiB is free. Including non-PyTorch memory, this process has 6.46 GiB memory in use. 6.22 GiB allowed; Of the allocated memory 6.21 GiB is allocated by PyTorch, and 2.84 MiB is reserved by PyTorch but unallocated. If reserved but unallocated memory is large try setting PYTORCH_CUDA_ALLOC_CONF=expandable_segments:True to avoid fragmentation.  See documentation for Memory Management  (https://docs.pytorch.org/docs/stable/notes/cuda.html#optimizing-memory-usage-with-pytorch-cuda-alloc-conf)

tests/gpu/exl3_cases.py:84: OutOfMemoryError
__________ test_padded_rows_in_capture[K4-mtp-up-exl3_gemm_mr-16-big] __________

ops = <module 'vllm_exl3_plugin.ops' from '/workspace/kit/plugin-exl3/vllm_exl3_plugin/ops.py'>
tid = 'K4-mtp-up', op = 'exl3_gemm_mr', n = 16, pad = 'big'

    @pytest.mark.parametrize("pad", ["nan", "inf", "big"])
    @pytest.mark.parametrize("n", [9, 12, 16])
    @pytest.mark.parametrize("op", ["exl3_gemm", "exl3_gemm_mr"])
    @pytest.mark.parametrize("tid", ["K2-up", "K3-down", "K4-mtp-up", "K5-kproj"])
    def test_padded_rows_in_capture(ops, tid, op, n, pad):
        """The drafter at 9-16 running requests (k=2 tier): a 16-row CUDA graph with n real rows and
        padding rows holding NaN / +-inf / +-65504. The real rows' outputs stay finite and equal the
        eager result on the real rows alone (rel. rms <= 1e-3): no row of a padded batch leaks into another."""
        import torch
    
        if op == "exl3_gemm_mr" and BITS[tid] not in (3, 4, 5):
            pytest.skip("not on exl3_gemm_mr")
        if tid not in C.TENSORS:
            pytest.skip(f"{tid} not in this checkpoint's table")
>       w = C.load(torch, tid)
            ^^^^^^^^^^^^^^^^^^

tests/gpu/test_exl3_mr.py:359: 
_ _ _ _ _ _ _ _ _ _ _ _ _ _ _ _ _ _ _ _ _ _ _ _ _ _ _ _ _ _ _ _ _ _ _ _ _ _ _ _ 

torch = <module 'torch' from '/workspace/kit-work/venv-cu13/lib/python3.12/site-packages/torch/__init__.py'>
tid = 'K4-mtp-up', device = 'cuda'

    def load(torch, tid: str, device="cuda") -> dict:
        """trellis/suh/svh (+ mcg/mul1 flags) of one checkpoint tensor, from the model's index."""
        import json
    
        from safetensors import safe_open
    
        prefix = TENSORS[tid][0]
        wm = json.loads((MODEL / "model.safetensors.index.json").read_text())["weight_map"]
        out = {"mcg": f"{prefix}.mcg" in wm, "mul1": f"{prefix}.mul1" in wm}
        for t in ("trellis", "suh", "svh"):
            with safe_open(str(MODEL / wm[f"{prefix}.{t}"]), framework="pt") as f:
>               out[t] = f.get_tensor(f"{prefix}.{t}").to(device).contiguous()
                         ^^^^^^^^^^^^^^^^^^^^^^^^^^^^^^^^^^^^^^^^
E               torch.OutOfMemoryError: CUDA out of memory. Tried to allocate 44.00 MiB. GPU 0 has a total capacity of 7.66 GiB of which 597.75 MiB is free. Including non-PyTorch memory, this process has 6.46 GiB memory in use. 6.22 GiB allowed; Of the allocated memory 6.21 GiB is allocated by PyTorch, and 2.84 MiB is reserved by PyTorch but unallocated. If reserved but unallocated memory is large try setting PYTORCH_CUDA_ALLOC_CONF=expandable_segments:True to avoid fragmentation.  See documentation for Memory Management  (https://docs.pytorch.org/docs/stable/notes/cuda.html#optimizing-memory-usage-with-pytorch-cuda-alloc-conf)

tests/gpu/exl3_cases.py:84: OutOfMemoryError
____________ test_padded_rows_in_capture[K5-kproj-exl3_gemm-9-nan] _____________

ops = <module 'vllm_exl3_plugin.ops' from '/workspace/kit/plugin-exl3/vllm_exl3_plugin/ops.py'>
tid = 'K5-kproj', op = 'exl3_gemm', n = 9, pad = 'nan'

    @pytest.mark.parametrize("pad", ["nan", "inf", "big"])
    @pytest.mark.parametrize("n", [9, 12, 16])
    @pytest.mark.parametrize("op", ["exl3_gemm", "exl3_gemm_mr"])
    @pytest.mark.parametrize("tid", ["K2-up", "K3-down", "K4-mtp-up", "K5-kproj"])
    def test_padded_rows_in_capture(ops, tid, op, n, pad):
        """The drafter at 9-16 running requests (k=2 tier): a 16-row CUDA graph with n real rows and
        padding rows holding NaN / +-inf / +-65504. The real rows' outputs stay finite and equal the
        eager result on the real rows alone (rel. rms <= 1e-3): no row of a padded batch leaks into another."""
        import torch
    
        if op == "exl3_gemm_mr" and BITS[tid] not in (3, 4, 5):
            pytest.skip("not on exl3_gemm_mr")
        if tid not in C.TENSORS:
            pytest.skip(f"{tid} not in this checkpoint's table")
>       w = C.load(torch, tid)
            ^^^^^^^^^^^^^^^^^^

tests/gpu/test_exl3_mr.py:359: 
_ _ _ _ _ _ _ _ _ _ _ _ _ _ _ _ _ _ _ _ _ _ _ _ _ _ _ _ _ _ _ _ _ _ _ _ _ _ _ _ 

torch = <module 'torch' from '/workspace/kit-work/venv-cu13/lib/python3.12/site-packages/torch/__init__.py'>
tid = 'K5-kproj', device = 'cuda'

    def load(torch, tid: str, device="cuda") -> dict:
        """trellis/suh/svh (+ mcg/mul1 flags) of one checkpoint tensor, from the model's index."""
        import json
    
        from safetensors import safe_open
    
        prefix = TENSORS[tid][0]
        wm = json.loads((MODEL / "model.safetensors.index.json").read_text())["weight_map"]
        out = {"mcg": f"{prefix}.mcg" in wm, "mul1": f"{prefix}.mul1" in wm}
        for t in ("trellis", "suh", "svh"):
            with safe_open(str(MODEL / wm[f"{prefix}.{t}"]), framework="pt") as f:
>               out[t] = f.get_tensor(f"{prefix}.{t}").to(device).contiguous()
                         ^^^^^^^^^^^^^^^^^^^^^^^^^^^^^^^^^^^^^^^^
E               torch.OutOfMemoryError: CUDA out of memory. Tried to allocate 20.00 MiB. GPU 0 has a total capacity of 7.66 GiB of which 597.75 MiB is free. Including non-PyTorch memory, this process has 6.46 GiB memory in use. 6.22 GiB allowed; Of the allocated memory 6.21 GiB is allocated by PyTorch, and 2.84 MiB is reserved by PyTorch but unallocated. If reserved but unallocated memory is large try setting PYTORCH_CUDA_ALLOC_CONF=expandable_segments:True to avoid fragmentation.  See documentation for Memory Management  (https://docs.pytorch.org/docs/stable/notes/cuda.html#optimizing-memory-usage-with-pytorch-cuda-alloc-conf)

tests/gpu/exl3_cases.py:84: OutOfMemoryError
____________ test_padded_rows_in_capture[K5-kproj-exl3_gemm-9-inf] _____________

ops = <module 'vllm_exl3_plugin.ops' from '/workspace/kit/plugin-exl3/vllm_exl3_plugin/ops.py'>
tid = 'K5-kproj', op = 'exl3_gemm', n = 9, pad = 'inf'

    @pytest.mark.parametrize("pad", ["nan", "inf", "big"])
    @pytest.mark.parametrize("n", [9, 12, 16])
    @pytest.mark.parametrize("op", ["exl3_gemm", "exl3_gemm_mr"])
    @pytest.mark.parametrize("tid", ["K2-up", "K3-down", "K4-mtp-up", "K5-kproj"])
    def test_padded_rows_in_capture(ops, tid, op, n, pad):
        """The drafter at 9-16 running requests (k=2 tier): a 16-row CUDA graph with n real rows and
        padding rows holding NaN / +-inf / +-65504. The real rows' outputs stay finite and equal the
        eager result on the real rows alone (rel. rms <= 1e-3): no row of a padded batch leaks into another."""
        import torch
    
        if op == "exl3_gemm_mr" and BITS[tid] not in (3, 4, 5):
            pytest.skip("not on exl3_gemm_mr")
        if tid not in C.TENSORS:
            pytest.skip(f"{tid} not in this checkpoint's table")
>       w = C.load(torch, tid)
            ^^^^^^^^^^^^^^^^^^

tests/gpu/test_exl3_mr.py:359: 
_ _ _ _ _ _ _ _ _ _ _ _ _ _ _ _ _ _ _ _ _ _ _ _ _ _ _ _ _ _ _ _ _ _ _ _ _ _ _ _ 

torch = <module 'torch' from '/workspace/kit-work/venv-cu13/lib/python3.12/site-packages/torch/__init__.py'>
tid = 'K5-kproj', device = 'cuda'

    def load(torch, tid: str, device="cuda") -> dict:
        """trellis/suh/svh (+ mcg/mul1 flags) of one checkpoint tensor, from the model's index."""
        import json
    
        from safetensors import safe_open
    
        prefix = TENSORS[tid][0]
        wm = json.loads((MODEL / "model.safetensors.index.json").read_text())["weight_map"]
        out = {"mcg": f"{prefix}.mcg" in wm, "mul1": f"{prefix}.mul1" in wm}
        for t in ("trellis", "suh", "svh"):
            with safe_open(str(MODEL / wm[f"{prefix}.{t}"]), framework="pt") as f:
>               out[t] = f.get_tensor(f"{prefix}.{t}").to(device).contiguous()
                         ^^^^^^^^^^^^^^^^^^^^^^^^^^^^^^^^^^^^^^^^
E               torch.OutOfMemoryError: CUDA out of memory. Tried to allocate 20.00 MiB. GPU 0 has a total capacity of 7.66 GiB of which 597.75 MiB is free. Including non-PyTorch memory, this process has 6.46 GiB memory in use. 6.22 GiB allowed; Of the allocated memory 6.21 GiB is allocated by PyTorch, and 2.84 MiB is reserved by PyTorch but unallocated. If reserved but unallocated memory is large try setting PYTORCH_CUDA_ALLOC_CONF=expandable_segments:True to avoid fragmentation.  See documentation for Memory Management  (https://docs.pytorch.org/docs/stable/notes/cuda.html#optimizing-memory-usage-with-pytorch-cuda-alloc-conf)

tests/gpu/exl3_cases.py:84: OutOfMemoryError
____________ test_padded_rows_in_capture[K5-kproj-exl3_gemm-9-big] _____________

ops = <module 'vllm_exl3_plugin.ops' from '/workspace/kit/plugin-exl3/vllm_exl3_plugin/ops.py'>
tid = 'K5-kproj', op = 'exl3_gemm', n = 9, pad = 'big'

    @pytest.mark.parametrize("pad", ["nan", "inf", "big"])
    @pytest.mark.parametrize("n", [9, 12, 16])
    @pytest.mark.parametrize("op", ["exl3_gemm", "exl3_gemm_mr"])
    @pytest.mark.parametrize("tid", ["K2-up", "K3-down", "K4-mtp-up", "K5-kproj"])
    def test_padded_rows_in_capture(ops, tid, op, n, pad):
        """The drafter at 9-16 running requests (k=2 tier): a 16-row CUDA graph with n real rows and
        padding rows holding NaN / +-inf / +-65504. The real rows' outputs stay finite and equal the
        eager result on the real rows alone (rel. rms <= 1e-3): no row of a padded batch leaks into another."""
        import torch
    
        if op == "exl3_gemm_mr" and BITS[tid] not in (3, 4, 5):
            pytest.skip("not on exl3_gemm_mr")
        if tid not in C.TENSORS:
            pytest.skip(f"{tid} not in this checkpoint's table")
>       w = C.load(torch, tid)
            ^^^^^^^^^^^^^^^^^^

tests/gpu/test_exl3_mr.py:359: 
_ _ _ _ _ _ _ _ _ _ _ _ _ _ _ _ _ _ _ _ _ _ _ _ _ _ _ _ _ _ _ _ _ _ _ _ _ _ _ _ 

torch = <module 'torch' from '/workspace/kit-work/venv-cu13/lib/python3.12/site-packages/torch/__init__.py'>
tid = 'K5-kproj', device = 'cuda'

    def load(torch, tid: str, device="cuda") -> dict:
        """trellis/suh/svh (+ mcg/mul1 flags) of one checkpoint tensor, from the model's index."""
        import json
    
        from safetensors import safe_open
    
        prefix = TENSORS[tid][0]
        wm = json.loads((MODEL / "model.safetensors.index.json").read_text())["weight_map"]
        out = {"mcg": f"{prefix}.mcg" in wm, "mul1": f"{prefix}.mul1" in wm}
        for t in ("trellis", "suh", "svh"):
            with safe_open(str(MODEL / wm[f"{prefix}.{t}"]), framework="pt") as f:
>               out[t] = f.get_tensor(f"{prefix}.{t}").to(device).contiguous()
                         ^^^^^^^^^^^^^^^^^^^^^^^^^^^^^^^^^^^^^^^^
E               torch.OutOfMemoryError: CUDA out of memory. Tried to allocate 20.00 MiB. GPU 0 has a total capacity of 7.66 GiB of which 597.75 MiB is free. Including non-PyTorch memory, this process has 6.46 GiB memory in use. 6.22 GiB allowed; Of the allocated memory 6.21 GiB is allocated by PyTorch, and 2.84 MiB is reserved by PyTorch but unallocated. If reserved but unallocated memory is large try setting PYTORCH_CUDA_ALLOC_CONF=expandable_segments:True to avoid fragmentation.  See documentation for Memory Management  (https://docs.pytorch.org/docs/stable/notes/cuda.html#optimizing-memory-usage-with-pytorch-cuda-alloc-conf)

tests/gpu/exl3_cases.py:84: OutOfMemoryError
____________ test_padded_rows_in_capture[K5-kproj-exl3_gemm-12-nan] ____________

ops = <module 'vllm_exl3_plugin.ops' from '/workspace/kit/plugin-exl3/vllm_exl3_plugin/ops.py'>
tid = 'K5-kproj', op = 'exl3_gemm', n = 12, pad = 'nan'

    @pytest.mark.parametrize("pad", ["nan", "inf", "big"])
    @pytest.mark.parametrize("n", [9, 12, 16])
    @pytest.mark.parametrize("op", ["exl3_gemm", "exl3_gemm_mr"])
    @pytest.mark.parametrize("tid", ["K2-up", "K3-down", "K4-mtp-up", "K5-kproj"])
    def test_padded_rows_in_capture(ops, tid, op, n, pad):
        """The drafter at 9-16 running requests (k=2 tier): a 16-row CUDA graph with n real rows and
        padding rows holding NaN / +-inf / +-65504. The real rows' outputs stay finite and equal the
        eager result on the real rows alone (rel. rms <= 1e-3): no row of a padded batch leaks into another."""
        import torch
    
        if op == "exl3_gemm_mr" and BITS[tid] not in (3, 4, 5):
            pytest.skip("not on exl3_gemm_mr")
        if tid not in C.TENSORS:
            pytest.skip(f"{tid} not in this checkpoint's table")
>       w = C.load(torch, tid)
            ^^^^^^^^^^^^^^^^^^

tests/gpu/test_exl3_mr.py:359: 
_ _ _ _ _ _ _ _ _ _ _ _ _ _ _ _ _ _ _ _ _ _ _ _ _ _ _ _ _ _ _ _ _ _ _ _ _ _ _ _ 

torch = <module 'torch' from '/workspace/kit-work/venv-cu13/lib/python3.12/site-packages/torch/__init__.py'>
tid = 'K5-kproj', device = 'cuda'

    def load(torch, tid: str, device="cuda") -> dict:
        """trellis/suh/svh (+ mcg/mul1 flags) of one checkpoint tensor, from the model's index."""
        import json
    
        from safetensors import safe_open
    
        prefix = TENSORS[tid][0]
        wm = json.loads((MODEL / "model.safetensors.index.json").read_text())["weight_map"]
        out = {"mcg": f"{prefix}.mcg" in wm, "mul1": f"{prefix}.mul1" in wm}
        for t in ("trellis", "suh", "svh"):
            with safe_open(str(MODEL / wm[f"{prefix}.{t}"]), framework="pt") as f:
>               out[t] = f.get_tensor(f"{prefix}.{t}").to(device).contiguous()
                         ^^^^^^^^^^^^^^^^^^^^^^^^^^^^^^^^^^^^^^^^
E               torch.OutOfMemoryError: CUDA out of memory. Tried to allocate 20.00 MiB. GPU 0 has a total capacity of 7.66 GiB of which 597.75 MiB is free. Including non-PyTorch memory, this process has 6.46 GiB memory in use. 6.22 GiB allowed; Of the allocated memory 6.21 GiB is allocated by PyTorch, and 2.84 MiB is reserved by PyTorch but unallocated. If reserved but unallocated memory is large try setting PYTORCH_CUDA_ALLOC_CONF=expandable_segments:True to avoid fragmentation.  See documentation for Memory Management  (https://docs.pytorch.org/docs/stable/notes/cuda.html#optimizing-memory-usage-with-pytorch-cuda-alloc-conf)

tests/gpu/exl3_cases.py:84: OutOfMemoryError
____________ test_padded_rows_in_capture[K5-kproj-exl3_gemm-12-inf] ____________

ops = <module 'vllm_exl3_plugin.ops' from '/workspace/kit/plugin-exl3/vllm_exl3_plugin/ops.py'>
tid = 'K5-kproj', op = 'exl3_gemm', n = 12, pad = 'inf'

    @pytest.mark.parametrize("pad", ["nan", "inf", "big"])
    @pytest.mark.parametrize("n", [9, 12, 16])
    @pytest.mark.parametrize("op", ["exl3_gemm", "exl3_gemm_mr"])
    @pytest.mark.parametrize("tid", ["K2-up", "K3-down", "K4-mtp-up", "K5-kproj"])
    def test_padded_rows_in_capture(ops, tid, op, n, pad):
        """The drafter at 9-16 running requests (k=2 tier): a 16-row CUDA graph with n real rows and
        padding rows holding NaN / +-inf / +-65504. The real rows' outputs stay finite and equal the
        eager result on the real rows alone (rel. rms <= 1e-3): no row of a padded batch leaks into another."""
        import torch
    
        if op == "exl3_gemm_mr" and BITS[tid] not in (3, 4, 5):
            pytest.skip("not on exl3_gemm_mr")
        if tid not in C.TENSORS:
            pytest.skip(f"{tid} not in this checkpoint's table")
>       w = C.load(torch, tid)
            ^^^^^^^^^^^^^^^^^^

tests/gpu/test_exl3_mr.py:359: 
_ _ _ _ _ _ _ _ _ _ _ _ _ _ _ _ _ _ _ _ _ _ _ _ _ _ _ _ _ _ _ _ _ _ _ _ _ _ _ _ 

torch = <module 'torch' from '/workspace/kit-work/venv-cu13/lib/python3.12/site-packages/torch/__init__.py'>
tid = 'K5-kproj', device = 'cuda'

    def load(torch, tid: str, device="cuda") -> dict:
        """trellis/suh/svh (+ mcg/mul1 flags) of one checkpoint tensor, from the model's index."""
        import json
    
        from safetensors import safe_open
    
        prefix = TENSORS[tid][0]
        wm = json.loads((MODEL / "model.safetensors.index.json").read_text())["weight_map"]
        out = {"mcg": f"{prefix}.mcg" in wm, "mul1": f"{prefix}.mul1" in wm}
        for t in ("trellis", "suh", "svh"):
            with safe_open(str(MODEL / wm[f"{prefix}.{t}"]), framework="pt") as f:
>               out[t] = f.get_tensor(f"{prefix}.{t}").to(device).contiguous()
                         ^^^^^^^^^^^^^^^^^^^^^^^^^^^^^^^^^^^^^^^^
E               torch.OutOfMemoryError: CUDA out of memory. Tried to allocate 20.00 MiB. GPU 0 has a total capacity of 7.66 GiB of which 597.75 MiB is free. Including non-PyTorch memory, this process has 6.46 GiB memory in use. 6.22 GiB allowed; Of the allocated memory 6.21 GiB is allocated by PyTorch, and 2.84 MiB is reserved by PyTorch but unallocated. If reserved but unallocated memory is large try setting PYTORCH_CUDA_ALLOC_CONF=expandable_segments:True to avoid fragmentation.  See documentation for Memory Management  (https://docs.pytorch.org/docs/stable/notes/cuda.html#optimizing-memory-usage-with-pytorch-cuda-alloc-conf)

tests/gpu/exl3_cases.py:84: OutOfMemoryError
____________ test_padded_rows_in_capture[K5-kproj-exl3_gemm-12-big] ____________

ops = <module 'vllm_exl3_plugin.ops' from '/workspace/kit/plugin-exl3/vllm_exl3_plugin/ops.py'>
tid = 'K5-kproj', op = 'exl3_gemm', n = 12, pad = 'big'

    @pytest.mark.parametrize("pad", ["nan", "inf", "big"])
    @pytest.mark.parametrize("n", [9, 12, 16])
    @pytest.mark.parametrize("op", ["exl3_gemm", "exl3_gemm_mr"])
    @pytest.mark.parametrize("tid", ["K2-up", "K3-down", "K4-mtp-up", "K5-kproj"])
    def test_padded_rows_in_capture(ops, tid, op, n, pad):
        """The drafter at 9-16 running requests (k=2 tier): a 16-row CUDA graph with n real rows and
        padding rows holding NaN / +-inf / +-65504. The real rows' outputs stay finite and equal the
        eager result on the real rows alone (rel. rms <= 1e-3): no row of a padded batch leaks into another."""
        import torch
    
        if op == "exl3_gemm_mr" and BITS[tid] not in (3, 4, 5):
            pytest.skip("not on exl3_gemm_mr")
        if tid not in C.TENSORS:
            pytest.skip(f"{tid} not in this checkpoint's table")
>       w = C.load(torch, tid)
            ^^^^^^^^^^^^^^^^^^

tests/gpu/test_exl3_mr.py:359: 
_ _ _ _ _ _ _ _ _ _ _ _ _ _ _ _ _ _ _ _ _ _ _ _ _ _ _ _ _ _ _ _ _ _ _ _ _ _ _ _ 

torch = <module 'torch' from '/workspace/kit-work/venv-cu13/lib/python3.12/site-packages/torch/__init__.py'>
tid = 'K5-kproj', device = 'cuda'

    def load(torch, tid: str, device="cuda") -> dict:
        """trellis/suh/svh (+ mcg/mul1 flags) of one checkpoint tensor, from the model's index."""
        import json
    
        from safetensors import safe_open
    
        prefix = TENSORS[tid][0]
        wm = json.loads((MODEL / "model.safetensors.index.json").read_text())["weight_map"]
        out = {"mcg": f"{prefix}.mcg" in wm, "mul1": f"{prefix}.mul1" in wm}
        for t in ("trellis", "suh", "svh"):
            with safe_open(str(MODEL / wm[f"{prefix}.{t}"]), framework="pt") as f:
>               out[t] = f.get_tensor(f"{prefix}.{t}").to(device).contiguous()
                         ^^^^^^^^^^^^^^^^^^^^^^^^^^^^^^^^^^^^^^^^
E               torch.OutOfMemoryError: CUDA out of memory. Tried to allocate 20.00 MiB. GPU 0 has a total capacity of 7.66 GiB of which 597.75 MiB is free. Including non-PyTorch memory, this process has 6.46 GiB memory in use. 6.22 GiB allowed; Of the allocated memory 6.21 GiB is allocated by PyTorch, and 2.84 MiB is reserved by PyTorch but unallocated. If reserved but unallocated memory is large try setting PYTORCH_CUDA_ALLOC_CONF=expandable_segments:True to avoid fragmentation.  See documentation for Memory Management  (https://docs.pytorch.org/docs/stable/notes/cuda.html#optimizing-memory-usage-with-pytorch-cuda-alloc-conf)

tests/gpu/exl3_cases.py:84: OutOfMemoryError
____________ test_padded_rows_in_capture[K5-kproj-exl3_gemm-16-nan] ____________

ops = <module 'vllm_exl3_plugin.ops' from '/workspace/kit/plugin-exl3/vllm_exl3_plugin/ops.py'>
tid = 'K5-kproj', op = 'exl3_gemm', n = 16, pad = 'nan'

    @pytest.mark.parametrize("pad", ["nan", "inf", "big"])
    @pytest.mark.parametrize("n", [9, 12, 16])
    @pytest.mark.parametrize("op", ["exl3_gemm", "exl3_gemm_mr"])
    @pytest.mark.parametrize("tid", ["K2-up", "K3-down", "K4-mtp-up", "K5-kproj"])
    def test_padded_rows_in_capture(ops, tid, op, n, pad):
        """The drafter at 9-16 running requests (k=2 tier): a 16-row CUDA graph with n real rows and
        padding rows holding NaN / +-inf / +-65504. The real rows' outputs stay finite and equal the
        eager result on the real rows alone (rel. rms <= 1e-3): no row of a padded batch leaks into another."""
        import torch
    
        if op == "exl3_gemm_mr" and BITS[tid] not in (3, 4, 5):
            pytest.skip("not on exl3_gemm_mr")
        if tid not in C.TENSORS:
            pytest.skip(f"{tid} not in this checkpoint's table")
>       w = C.load(torch, tid)
            ^^^^^^^^^^^^^^^^^^

tests/gpu/test_exl3_mr.py:359: 
_ _ _ _ _ _ _ _ _ _ _ _ _ _ _ _ _ _ _ _ _ _ _ _ _ _ _ _ _ _ _ _ _ _ _ _ _ _ _ _ 

torch = <module 'torch' from '/workspace/kit-work/venv-cu13/lib/python3.12/site-packages/torch/__init__.py'>
tid = 'K5-kproj', device = 'cuda'

    def load(torch, tid: str, device="cuda") -> dict:
        """trellis/suh/svh (+ mcg/mul1 flags) of one checkpoint tensor, from the model's index."""
        import json
    
        from safetensors import safe_open
    
        prefix = TENSORS[tid][0]
        wm = json.loads((MODEL / "model.safetensors.index.json").read_text())["weight_map"]
        out = {"mcg": f"{prefix}.mcg" in wm, "mul1": f"{prefix}.mul1" in wm}
        for t in ("trellis", "suh", "svh"):
            with safe_open(str(MODEL / wm[f"{prefix}.{t}"]), framework="pt") as f:
>               out[t] = f.get_tensor(f"{prefix}.{t}").to(device).contiguous()
                         ^^^^^^^^^^^^^^^^^^^^^^^^^^^^^^^^^^^^^^^^
E               torch.OutOfMemoryError: CUDA out of memory. Tried to allocate 20.00 MiB. GPU 0 has a total capacity of 7.66 GiB of which 597.75 MiB is free. Including non-PyTorch memory, this process has 6.46 GiB memory in use. 6.22 GiB allowed; Of the allocated memory 6.21 GiB is allocated by PyTorch, and 2.84 MiB is reserved by PyTorch but unallocated. If reserved but unallocated memory is large try setting PYTORCH_CUDA_ALLOC_CONF=expandable_segments:True to avoid fragmentation.  See documentation for Memory Management  (https://docs.pytorch.org/docs/stable/notes/cuda.html#optimizing-memory-usage-with-pytorch-cuda-alloc-conf)

tests/gpu/exl3_cases.py:84: OutOfMemoryError
____________ test_padded_rows_in_capture[K5-kproj-exl3_gemm-16-inf] ____________

ops = <module 'vllm_exl3_plugin.ops' from '/workspace/kit/plugin-exl3/vllm_exl3_plugin/ops.py'>
tid = 'K5-kproj', op = 'exl3_gemm', n = 16, pad = 'inf'

    @pytest.mark.parametrize("pad", ["nan", "inf", "big"])
    @pytest.mark.parametrize("n", [9, 12, 16])
    @pytest.mark.parametrize("op", ["exl3_gemm", "exl3_gemm_mr"])
    @pytest.mark.parametrize("tid", ["K2-up", "K3-down", "K4-mtp-up", "K5-kproj"])
    def test_padded_rows_in_capture(ops, tid, op, n, pad):
        """The drafter at 9-16 running requests (k=2 tier): a 16-row CUDA graph with n real rows and
        padding rows holding NaN / +-inf / +-65504. The real rows' outputs stay finite and equal the
        eager result on the real rows alone (rel. rms <= 1e-3): no row of a padded batch leaks into another."""
        import torch
    
        if op == "exl3_gemm_mr" and BITS[tid] not in (3, 4, 5):
            pytest.skip("not on exl3_gemm_mr")
        if tid not in C.TENSORS:
            pytest.skip(f"{tid} not in this checkpoint's table")
>       w = C.load(torch, tid)
            ^^^^^^^^^^^^^^^^^^

tests/gpu/test_exl3_mr.py:359: 
_ _ _ _ _ _ _ _ _ _ _ _ _ _ _ _ _ _ _ _ _ _ _ _ _ _ _ _ _ _ _ _ _ _ _ _ _ _ _ _ 

torch = <module 'torch' from '/workspace/kit-work/venv-cu13/lib/python3.12/site-packages/torch/__init__.py'>
tid = 'K5-kproj', device = 'cuda'

    def load(torch, tid: str, device="cuda") -> dict:
        """trellis/suh/svh (+ mcg/mul1 flags) of one checkpoint tensor, from the model's index."""
        import json
    
        from safetensors import safe_open
    
        prefix = TENSORS[tid][0]
        wm = json.loads((MODEL / "model.safetensors.index.json").read_text())["weight_map"]
        out = {"mcg": f"{prefix}.mcg" in wm, "mul1": f"{prefix}.mul1" in wm}
        for t in ("trellis", "suh", "svh"):
            with safe_open(str(MODEL / wm[f"{prefix}.{t}"]), framework="pt") as f:
>               out[t] = f.get_tensor(f"{prefix}.{t}").to(device).contiguous()
                         ^^^^^^^^^^^^^^^^^^^^^^^^^^^^^^^^^^^^^^^^
E               torch.OutOfMemoryError: CUDA out of memory. Tried to allocate 20.00 MiB. GPU 0 has a total capacity of 7.66 GiB of which 597.75 MiB is free. Including non-PyTorch memory, this process has 6.46 GiB memory in use. 6.22 GiB allowed; Of the allocated memory 6.21 GiB is allocated by PyTorch, and 2.84 MiB is reserved by PyTorch but unallocated. If reserved but unallocated memory is large try setting PYTORCH_CUDA_ALLOC_CONF=expandable_segments:True to avoid fragmentation.  See documentation for Memory Management  (https://docs.pytorch.org/docs/stable/notes/cuda.html#optimizing-memory-usage-with-pytorch-cuda-alloc-conf)

tests/gpu/exl3_cases.py:84: OutOfMemoryError
____________ test_padded_rows_in_capture[K5-kproj-exl3_gemm-16-big] ____________

ops = <module 'vllm_exl3_plugin.ops' from '/workspace/kit/plugin-exl3/vllm_exl3_plugin/ops.py'>
tid = 'K5-kproj', op = 'exl3_gemm', n = 16, pad = 'big'

    @pytest.mark.parametrize("pad", ["nan", "inf", "big"])
    @pytest.mark.parametrize("n", [9, 12, 16])
    @pytest.mark.parametrize("op", ["exl3_gemm", "exl3_gemm_mr"])
    @pytest.mark.parametrize("tid", ["K2-up", "K3-down", "K4-mtp-up", "K5-kproj"])
    def test_padded_rows_in_capture(ops, tid, op, n, pad):
        """The drafter at 9-16 running requests (k=2 tier): a 16-row CUDA graph with n real rows and
        padding rows holding NaN / +-inf / +-65504. The real rows' outputs stay finite and equal the
        eager result on the real rows alone (rel. rms <= 1e-3): no row of a padded batch leaks into another."""
        import torch
    
        if op == "exl3_gemm_mr" and BITS[tid] not in (3, 4, 5):
            pytest.skip("not on exl3_gemm_mr")
        if tid not in C.TENSORS:
            pytest.skip(f"{tid} not in this checkpoint's table")
>       w = C.load(torch, tid)
            ^^^^^^^^^^^^^^^^^^

tests/gpu/test_exl3_mr.py:359: 
_ _ _ _ _ _ _ _ _ _ _ _ _ _ _ _ _ _ _ _ _ _ _ _ _ _ _ _ _ _ _ _ _ _ _ _ _ _ _ _ 

torch = <module 'torch' from '/workspace/kit-work/venv-cu13/lib/python3.12/site-packages/torch/__init__.py'>
tid = 'K5-kproj', device = 'cuda'

    def load(torch, tid: str, device="cuda") -> dict:
        """trellis/suh/svh (+ mcg/mul1 flags) of one checkpoint tensor, from the model's index."""
        import json
    
        from safetensors import safe_open
    
        prefix = TENSORS[tid][0]
        wm = json.loads((MODEL / "model.safetensors.index.json").read_text())["weight_map"]
        out = {"mcg": f"{prefix}.mcg" in wm, "mul1": f"{prefix}.mul1" in wm}
        for t in ("trellis", "suh", "svh"):
            with safe_open(str(MODEL / wm[f"{prefix}.{t}"]), framework="pt") as f:
>               out[t] = f.get_tensor(f"{prefix}.{t}").to(device).contiguous()
                         ^^^^^^^^^^^^^^^^^^^^^^^^^^^^^^^^^^^^^^^^
E               torch.OutOfMemoryError: CUDA out of memory. Tried to allocate 20.00 MiB. GPU 0 has a total capacity of 7.66 GiB of which 597.75 MiB is free. Including non-PyTorch memory, this process has 6.46 GiB memory in use. 6.22 GiB allowed; Of the allocated memory 6.21 GiB is allocated by PyTorch, and 2.84 MiB is reserved by PyTorch but unallocated. If reserved but unallocated memory is large try setting PYTORCH_CUDA_ALLOC_CONF=expandable_segments:True to avoid fragmentation.  See documentation for Memory Management  (https://docs.pytorch.org/docs/stable/notes/cuda.html#optimizing-memory-usage-with-pytorch-cuda-alloc-conf)

tests/gpu/exl3_cases.py:84: OutOfMemoryError
___________ test_padded_rows_in_capture[K5-kproj-exl3_gemm_mr-9-nan] ___________

ops = <module 'vllm_exl3_plugin.ops' from '/workspace/kit/plugin-exl3/vllm_exl3_plugin/ops.py'>
tid = 'K5-kproj', op = 'exl3_gemm_mr', n = 9, pad = 'nan'

    @pytest.mark.parametrize("pad", ["nan", "inf", "big"])
    @pytest.mark.parametrize("n", [9, 12, 16])
    @pytest.mark.parametrize("op", ["exl3_gemm", "exl3_gemm_mr"])
    @pytest.mark.parametrize("tid", ["K2-up", "K3-down", "K4-mtp-up", "K5-kproj"])
    def test_padded_rows_in_capture(ops, tid, op, n, pad):
        """The drafter at 9-16 running requests (k=2 tier): a 16-row CUDA graph with n real rows and
        padding rows holding NaN / +-inf / +-65504. The real rows' outputs stay finite and equal the
        eager result on the real rows alone (rel. rms <= 1e-3): no row of a padded batch leaks into another."""
        import torch
    
        if op == "exl3_gemm_mr" and BITS[tid] not in (3, 4, 5):
            pytest.skip("not on exl3_gemm_mr")
        if tid not in C.TENSORS:
            pytest.skip(f"{tid} not in this checkpoint's table")
>       w = C.load(torch, tid)
            ^^^^^^^^^^^^^^^^^^

tests/gpu/test_exl3_mr.py:359: 
_ _ _ _ _ _ _ _ _ _ _ _ _ _ _ _ _ _ _ _ _ _ _ _ _ _ _ _ _ _ _ _ _ _ _ _ _ _ _ _ 

torch = <module 'torch' from '/workspace/kit-work/venv-cu13/lib/python3.12/site-packages/torch/__init__.py'>
tid = 'K5-kproj', device = 'cuda'

    def load(torch, tid: str, device="cuda") -> dict:
        """trellis/suh/svh (+ mcg/mul1 flags) of one checkpoint tensor, from the model's index."""
        import json
    
        from safetensors import safe_open
    
        prefix = TENSORS[tid][0]
        wm = json.loads((MODEL / "model.safetensors.index.json").read_text())["weight_map"]
        out = {"mcg": f"{prefix}.mcg" in wm, "mul1": f"{prefix}.mul1" in wm}
        for t in ("trellis", "suh", "svh"):
            with safe_open(str(MODEL / wm[f"{prefix}.{t}"]), framework="pt") as f:
>               out[t] = f.get_tensor(f"{prefix}.{t}").to(device).contiguous()
                         ^^^^^^^^^^^^^^^^^^^^^^^^^^^^^^^^^^^^^^^^
E               torch.OutOfMemoryError: CUDA out of memory. Tried to allocate 20.00 MiB. GPU 0 has a total capacity of 7.66 GiB of which 597.75 MiB is free. Including non-PyTorch memory, this process has 6.46 GiB memory in use. 6.22 GiB allowed; Of the allocated memory 6.21 GiB is allocated by PyTorch, and 2.84 MiB is reserved by PyTorch but unallocated. If reserved but unallocated memory is large try setting PYTORCH_CUDA_ALLOC_CONF=expandable_segments:True to avoid fragmentation.  See documentation for Memory Management  (https://docs.pytorch.org/docs/stable/notes/cuda.html#optimizing-memory-usage-with-pytorch-cuda-alloc-conf)

tests/gpu/exl3_cases.py:84: OutOfMemoryError
___________ test_padded_rows_in_capture[K5-kproj-exl3_gemm_mr-9-inf] ___________

ops = <module 'vllm_exl3_plugin.ops' from '/workspace/kit/plugin-exl3/vllm_exl3_plugin/ops.py'>
tid = 'K5-kproj', op = 'exl3_gemm_mr', n = 9, pad = 'inf'

    @pytest.mark.parametrize("pad", ["nan", "inf", "big"])
    @pytest.mark.parametrize("n", [9, 12, 16])
    @pytest.mark.parametrize("op", ["exl3_gemm", "exl3_gemm_mr"])
    @pytest.mark.parametrize("tid", ["K2-up", "K3-down", "K4-mtp-up", "K5-kproj"])
    def test_padded_rows_in_capture(ops, tid, op, n, pad):
        """The drafter at 9-16 running requests (k=2 tier): a 16-row CUDA graph with n real rows and
        padding rows holding NaN / +-inf / +-65504. The real rows' outputs stay finite and equal the
        eager result on the real rows alone (rel. rms <= 1e-3): no row of a padded batch leaks into another."""
        import torch
    
        if op == "exl3_gemm_mr" and BITS[tid] not in (3, 4, 5):
            pytest.skip("not on exl3_gemm_mr")
        if tid not in C.TENSORS:
            pytest.skip(f"{tid} not in this checkpoint's table")
>       w = C.load(torch, tid)
            ^^^^^^^^^^^^^^^^^^

tests/gpu/test_exl3_mr.py:359: 
_ _ _ _ _ _ _ _ _ _ _ _ _ _ _ _ _ _ _ _ _ _ _ _ _ _ _ _ _ _ _ _ _ _ _ _ _ _ _ _ 

torch = <module 'torch' from '/workspace/kit-work/venv-cu13/lib/python3.12/site-packages/torch/__init__.py'>
tid = 'K5-kproj', device = 'cuda'

    def load(torch, tid: str, device="cuda") -> dict:
        """trellis/suh/svh (+ mcg/mul1 flags) of one checkpoint tensor, from the model's index."""
        import json
    
        from safetensors import safe_open
    
        prefix = TENSORS[tid][0]
        wm = json.loads((MODEL / "model.safetensors.index.json").read_text())["weight_map"]
        out = {"mcg": f"{prefix}.mcg" in wm, "mul1": f"{prefix}.mul1" in wm}
        for t in ("trellis", "suh", "svh"):
            with safe_open(str(MODEL / wm[f"{prefix}.{t}"]), framework="pt") as f:
>               out[t] = f.get_tensor(f"{prefix}.{t}").to(device).contiguous()
                         ^^^^^^^^^^^^^^^^^^^^^^^^^^^^^^^^^^^^^^^^
E               torch.OutOfMemoryError: CUDA out of memory. Tried to allocate 20.00 MiB. GPU 0 has a total capacity of 7.66 GiB of which 597.75 MiB is free. Including non-PyTorch memory, this process has 6.46 GiB memory in use. 6.22 GiB allowed; Of the allocated memory 6.21 GiB is allocated by PyTorch, and 2.84 MiB is reserved by PyTorch but unallocated. If reserved but unallocated memory is large try setting PYTORCH_CUDA_ALLOC_CONF=expandable_segments:True to avoid fragmentation.  See documentation for Memory Management  (https://docs.pytorch.org/docs/stable/notes/cuda.html#optimizing-memory-usage-with-pytorch-cuda-alloc-conf)

tests/gpu/exl3_cases.py:84: OutOfMemoryError
___________ test_padded_rows_in_capture[K5-kproj-exl3_gemm_mr-9-big] ___________

ops = <module 'vllm_exl3_plugin.ops' from '/workspace/kit/plugin-exl3/vllm_exl3_plugin/ops.py'>
tid = 'K5-kproj', op = 'exl3_gemm_mr', n = 9, pad = 'big'

    @pytest.mark.parametrize("pad", ["nan", "inf", "big"])
    @pytest.mark.parametrize("n", [9, 12, 16])
    @pytest.mark.parametrize("op", ["exl3_gemm", "exl3_gemm_mr"])
    @pytest.mark.parametrize("tid", ["K2-up", "K3-down", "K4-mtp-up", "K5-kproj"])
    def test_padded_rows_in_capture(ops, tid, op, n, pad):
        """The drafter at 9-16 running requests (k=2 tier): a 16-row CUDA graph with n real rows and
        padding rows holding NaN / +-inf / +-65504. The real rows' outputs stay finite and equal the
        eager result on the real rows alone (rel. rms <= 1e-3): no row of a padded batch leaks into another."""
        import torch
    
        if op == "exl3_gemm_mr" and BITS[tid] not in (3, 4, 5):
            pytest.skip("not on exl3_gemm_mr")
        if tid not in C.TENSORS:
            pytest.skip(f"{tid} not in this checkpoint's table")
>       w = C.load(torch, tid)
            ^^^^^^^^^^^^^^^^^^

tests/gpu/test_exl3_mr.py:359: 
_ _ _ _ _ _ _ _ _ _ _ _ _ _ _ _ _ _ _ _ _ _ _ _ _ _ _ _ _ _ _ _ _ _ _ _ _ _ _ _ 

torch = <module 'torch' from '/workspace/kit-work/venv-cu13/lib/python3.12/site-packages/torch/__init__.py'>
tid = 'K5-kproj', device = 'cuda'

    def load(torch, tid: str, device="cuda") -> dict:
        """trellis/suh/svh (+ mcg/mul1 flags) of one checkpoint tensor, from the model's index."""
        import json
    
        from safetensors import safe_open
    
        prefix = TENSORS[tid][0]
        wm = json.loads((MODEL / "model.safetensors.index.json").read_text())["weight_map"]
        out = {"mcg": f"{prefix}.mcg" in wm, "mul1": f"{prefix}.mul1" in wm}
        for t in ("trellis", "suh", "svh"):
            with safe_open(str(MODEL / wm[f"{prefix}.{t}"]), framework="pt") as f:
>               out[t] = f.get_tensor(f"{prefix}.{t}").to(device).contiguous()
                         ^^^^^^^^^^^^^^^^^^^^^^^^^^^^^^^^^^^^^^^^
E               torch.OutOfMemoryError: CUDA out of memory. Tried to allocate 20.00 MiB. GPU 0 has a total capacity of 7.66 GiB of which 597.75 MiB is free. Including non-PyTorch memory, this process has 6.46 GiB memory in use. 6.22 GiB allowed; Of the allocated memory 6.21 GiB is allocated by PyTorch, and 2.84 MiB is reserved by PyTorch but unallocated. If reserved but unallocated memory is large try setting PYTORCH_CUDA_ALLOC_CONF=expandable_segments:True to avoid fragmentation.  See documentation for Memory Management  (https://docs.pytorch.org/docs/stable/notes/cuda.html#optimizing-memory-usage-with-pytorch-cuda-alloc-conf)

tests/gpu/exl3_cases.py:84: OutOfMemoryError
__________ test_padded_rows_in_capture[K5-kproj-exl3_gemm_mr-12-nan] ___________

ops = <module 'vllm_exl3_plugin.ops' from '/workspace/kit/plugin-exl3/vllm_exl3_plugin/ops.py'>
tid = 'K5-kproj', op = 'exl3_gemm_mr', n = 12, pad = 'nan'

    @pytest.mark.parametrize("pad", ["nan", "inf", "big"])
    @pytest.mark.parametrize("n", [9, 12, 16])
    @pytest.mark.parametrize("op", ["exl3_gemm", "exl3_gemm_mr"])
    @pytest.mark.parametrize("tid", ["K2-up", "K3-down", "K4-mtp-up", "K5-kproj"])
    def test_padded_rows_in_capture(ops, tid, op, n, pad):
        """The drafter at 9-16 running requests (k=2 tier): a 16-row CUDA graph with n real rows and
        padding rows holding NaN / +-inf / +-65504. The real rows' outputs stay finite and equal the
        eager result on the real rows alone (rel. rms <= 1e-3): no row of a padded batch leaks into another."""
        import torch
    
        if op == "exl3_gemm_mr" and BITS[tid] not in (3, 4, 5):
            pytest.skip("not on exl3_gemm_mr")
        if tid not in C.TENSORS:
            pytest.skip(f"{tid} not in this checkpoint's table")
>       w = C.load(torch, tid)
            ^^^^^^^^^^^^^^^^^^

tests/gpu/test_exl3_mr.py:359: 
_ _ _ _ _ _ _ _ _ _ _ _ _ _ _ _ _ _ _ _ _ _ _ _ _ _ _ _ _ _ _ _ _ _ _ _ _ _ _ _ 

torch = <module 'torch' from '/workspace/kit-work/venv-cu13/lib/python3.12/site-packages/torch/__init__.py'>
tid = 'K5-kproj', device = 'cuda'

    def load(torch, tid: str, device="cuda") -> dict:
        """trellis/suh/svh (+ mcg/mul1 flags) of one checkpoint tensor, from the model's index."""
        import json
    
        from safetensors import safe_open
    
        prefix = TENSORS[tid][0]
        wm = json.loads((MODEL / "model.safetensors.index.json").read_text())["weight_map"]
        out = {"mcg": f"{prefix}.mcg" in wm, "mul1": f"{prefix}.mul1" in wm}
        for t in ("trellis", "suh", "svh"):
            with safe_open(str(MODEL / wm[f"{prefix}.{t}"]), framework="pt") as f:
>               out[t] = f.get_tensor(f"{prefix}.{t}").to(device).contiguous()
                         ^^^^^^^^^^^^^^^^^^^^^^^^^^^^^^^^^^^^^^^^
E               torch.OutOfMemoryError: CUDA out of memory. Tried to allocate 20.00 MiB. GPU 0 has a total capacity of 7.66 GiB of which 597.75 MiB is free. Including non-PyTorch memory, this process has 6.46 GiB memory in use. 6.22 GiB allowed; Of the allocated memory 6.21 GiB is allocated by PyTorch, and 2.84 MiB is reserved by PyTorch but unallocated. If reserved but unallocated memory is large try setting PYTORCH_CUDA_ALLOC_CONF=expandable_segments:True to avoid fragmentation.  See documentation for Memory Management  (https://docs.pytorch.org/docs/stable/notes/cuda.html#optimizing-memory-usage-with-pytorch-cuda-alloc-conf)

tests/gpu/exl3_cases.py:84: OutOfMemoryError
__________ test_padded_rows_in_capture[K5-kproj-exl3_gemm_mr-12-inf] ___________

ops = <module 'vllm_exl3_plugin.ops' from '/workspace/kit/plugin-exl3/vllm_exl3_plugin/ops.py'>
tid = 'K5-kproj', op = 'exl3_gemm_mr', n = 12, pad = 'inf'

    @pytest.mark.parametrize("pad", ["nan", "inf", "big"])
    @pytest.mark.parametrize("n", [9, 12, 16])
    @pytest.mark.parametrize("op", ["exl3_gemm", "exl3_gemm_mr"])
    @pytest.mark.parametrize("tid", ["K2-up", "K3-down", "K4-mtp-up", "K5-kproj"])
    def test_padded_rows_in_capture(ops, tid, op, n, pad):
        """The drafter at 9-16 running requests (k=2 tier): a 16-row CUDA graph with n real rows and
        padding rows holding NaN / +-inf / +-65504. The real rows' outputs stay finite and equal the
        eager result on the real rows alone (rel. rms <= 1e-3): no row of a padded batch leaks into another."""
        import torch
    
        if op == "exl3_gemm_mr" and BITS[tid] not in (3, 4, 5):
            pytest.skip("not on exl3_gemm_mr")
        if tid not in C.TENSORS:
            pytest.skip(f"{tid} not in this checkpoint's table")
>       w = C.load(torch, tid)
            ^^^^^^^^^^^^^^^^^^

tests/gpu/test_exl3_mr.py:359: 
_ _ _ _ _ _ _ _ _ _ _ _ _ _ _ _ _ _ _ _ _ _ _ _ _ _ _ _ _ _ _ _ _ _ _ _ _ _ _ _ 

torch = <module 'torch' from '/workspace/kit-work/venv-cu13/lib/python3.12/site-packages/torch/__init__.py'>
tid = 'K5-kproj', device = 'cuda'

    def load(torch, tid: str, device="cuda") -> dict:
        """trellis/suh/svh (+ mcg/mul1 flags) of one checkpoint tensor, from the model's index."""
        import json
    
        from safetensors import safe_open
    
        prefix = TENSORS[tid][0]
        wm = json.loads((MODEL / "model.safetensors.index.json").read_text())["weight_map"]
        out = {"mcg": f"{prefix}.mcg" in wm, "mul1": f"{prefix}.mul1" in wm}
        for t in ("trellis", "suh", "svh"):
            with safe_open(str(MODEL / wm[f"{prefix}.{t}"]), framework="pt") as f:
>               out[t] = f.get_tensor(f"{prefix}.{t}").to(device).contiguous()
                         ^^^^^^^^^^^^^^^^^^^^^^^^^^^^^^^^^^^^^^^^
E               torch.OutOfMemoryError: CUDA out of memory. Tried to allocate 20.00 MiB. GPU 0 has a total capacity of 7.66 GiB of which 597.75 MiB is free. Including non-PyTorch memory, this process has 6.46 GiB memory in use. 6.22 GiB allowed; Of the allocated memory 6.21 GiB is allocated by PyTorch, and 2.84 MiB is reserved by PyTorch but unallocated. If reserved but unallocated memory is large try setting PYTORCH_CUDA_ALLOC_CONF=expandable_segments:True to avoid fragmentation.  See documentation for Memory Management  (https://docs.pytorch.org/docs/stable/notes/cuda.html#optimizing-memory-usage-with-pytorch-cuda-alloc-conf)

tests/gpu/exl3_cases.py:84: OutOfMemoryError
__________ test_padded_rows_in_capture[K5-kproj-exl3_gemm_mr-12-big] ___________

ops = <module 'vllm_exl3_plugin.ops' from '/workspace/kit/plugin-exl3/vllm_exl3_plugin/ops.py'>
tid = 'K5-kproj', op = 'exl3_gemm_mr', n = 12, pad = 'big'

    @pytest.mark.parametrize("pad", ["nan", "inf", "big"])
    @pytest.mark.parametrize("n", [9, 12, 16])
    @pytest.mark.parametrize("op", ["exl3_gemm", "exl3_gemm_mr"])
    @pytest.mark.parametrize("tid", ["K2-up", "K3-down", "K4-mtp-up", "K5-kproj"])
    def test_padded_rows_in_capture(ops, tid, op, n, pad):
        """The drafter at 9-16 running requests (k=2 tier): a 16-row CUDA graph with n real rows and
        padding rows holding NaN / +-inf / +-65504. The real rows' outputs stay finite and equal the
        eager result on the real rows alone (rel. rms <= 1e-3): no row of a padded batch leaks into another."""
        import torch
    
        if op == "exl3_gemm_mr" and BITS[tid] not in (3, 4, 5):
            pytest.skip("not on exl3_gemm_mr")
        if tid not in C.TENSORS:
            pytest.skip(f"{tid} not in this checkpoint's table")
>       w = C.load(torch, tid)
            ^^^^^^^^^^^^^^^^^^

tests/gpu/test_exl3_mr.py:359: 
_ _ _ _ _ _ _ _ _ _ _ _ _ _ _ _ _ _ _ _ _ _ _ _ _ _ _ _ _ _ _ _ _ _ _ _ _ _ _ _ 

torch = <module 'torch' from '/workspace/kit-work/venv-cu13/lib/python3.12/site-packages/torch/__init__.py'>
tid = 'K5-kproj', device = 'cuda'

    def load(torch, tid: str, device="cuda") -> dict:
        """trellis/suh/svh (+ mcg/mul1 flags) of one checkpoint tensor, from the model's index."""
        import json
    
        from safetensors import safe_open
    
        prefix = TENSORS[tid][0]
        wm = json.loads((MODEL / "model.safetensors.index.json").read_text())["weight_map"]
        out = {"mcg": f"{prefix}.mcg" in wm, "mul1": f"{prefix}.mul1" in wm}
        for t in ("trellis", "suh", "svh"):
            with safe_open(str(MODEL / wm[f"{prefix}.{t}"]), framework="pt") as f:
>               out[t] = f.get_tensor(f"{prefix}.{t}").to(device).contiguous()
                         ^^^^^^^^^^^^^^^^^^^^^^^^^^^^^^^^^^^^^^^^
E               torch.OutOfMemoryError: CUDA out of memory. Tried to allocate 20.00 MiB. GPU 0 has a total capacity of 7.66 GiB of which 597.75 MiB is free. Including non-PyTorch memory, this process has 6.46 GiB memory in use. 6.22 GiB allowed; Of the allocated memory 6.21 GiB is allocated by PyTorch, and 2.84 MiB is reserved by PyTorch but unallocated. If reserved but unallocated memory is large try setting PYTORCH_CUDA_ALLOC_CONF=expandable_segments:True to avoid fragmentation.  See documentation for Memory Management  (https://docs.pytorch.org/docs/stable/notes/cuda.html#optimizing-memory-usage-with-pytorch-cuda-alloc-conf)

tests/gpu/exl3_cases.py:84: OutOfMemoryError
__________ test_padded_rows_in_capture[K5-kproj-exl3_gemm_mr-16-nan] ___________

ops = <module 'vllm_exl3_plugin.ops' from '/workspace/kit/plugin-exl3/vllm_exl3_plugin/ops.py'>
tid = 'K5-kproj', op = 'exl3_gemm_mr', n = 16, pad = 'nan'

    @pytest.mark.parametrize("pad", ["nan", "inf", "big"])
    @pytest.mark.parametrize("n", [9, 12, 16])
    @pytest.mark.parametrize("op", ["exl3_gemm", "exl3_gemm_mr"])
    @pytest.mark.parametrize("tid", ["K2-up", "K3-down", "K4-mtp-up", "K5-kproj"])
    def test_padded_rows_in_capture(ops, tid, op, n, pad):
        """The drafter at 9-16 running requests (k=2 tier): a 16-row CUDA graph with n real rows and
        padding rows holding NaN / +-inf / +-65504. The real rows' outputs stay finite and equal the
        eager result on the real rows alone (rel. rms <= 1e-3): no row of a padded batch leaks into another."""
        import torch
    
        if op == "exl3_gemm_mr" and BITS[tid] not in (3, 4, 5):
            pytest.skip("not on exl3_gemm_mr")
        if tid not in C.TENSORS:
            pytest.skip(f"{tid} not in this checkpoint's table")
>       w = C.load(torch, tid)
            ^^^^^^^^^^^^^^^^^^

tests/gpu/test_exl3_mr.py:359: 
_ _ _ _ _ _ _ _ _ _ _ _ _ _ _ _ _ _ _ _ _ _ _ _ _ _ _ _ _ _ _ _ _ _ _ _ _ _ _ _ 

torch = <module 'torch' from '/workspace/kit-work/venv-cu13/lib/python3.12/site-packages/torch/__init__.py'>
tid = 'K5-kproj', device = 'cuda'

    def load(torch, tid: str, device="cuda") -> dict:
        """trellis/suh/svh (+ mcg/mul1 flags) of one checkpoint tensor, from the model's index."""
        import json
    
        from safetensors import safe_open
    
        prefix = TENSORS[tid][0]
        wm = json.loads((MODEL / "model.safetensors.index.json").read_text())["weight_map"]
        out = {"mcg": f"{prefix}.mcg" in wm, "mul1": f"{prefix}.mul1" in wm}
        for t in ("trellis", "suh", "svh"):
            with safe_open(str(MODEL / wm[f"{prefix}.{t}"]), framework="pt") as f:
>               out[t] = f.get_tensor(f"{prefix}.{t}").to(device).contiguous()
                         ^^^^^^^^^^^^^^^^^^^^^^^^^^^^^^^^^^^^^^^^
E               torch.OutOfMemoryError: CUDA out of memory. Tried to allocate 20.00 MiB. GPU 0 has a total capacity of 7.66 GiB of which 597.75 MiB is free. Including non-PyTorch memory, this process has 6.46 GiB memory in use. 6.22 GiB allowed; Of the allocated memory 6.21 GiB is allocated by PyTorch, and 2.84 MiB is reserved by PyTorch but unallocated. If reserved but unallocated memory is large try setting PYTORCH_CUDA_ALLOC_CONF=expandable_segments:True to avoid fragmentation.  See documentation for Memory Management  (https://docs.pytorch.org/docs/stable/notes/cuda.html#optimizing-memory-usage-with-pytorch-cuda-alloc-conf)

tests/gpu/exl3_cases.py:84: OutOfMemoryError
__________ test_padded_rows_in_capture[K5-kproj-exl3_gemm_mr-16-inf] ___________

ops = <module 'vllm_exl3_plugin.ops' from '/workspace/kit/plugin-exl3/vllm_exl3_plugin/ops.py'>
tid = 'K5-kproj', op = 'exl3_gemm_mr', n = 16, pad = 'inf'

    @pytest.mark.parametrize("pad", ["nan", "inf", "big"])
    @pytest.mark.parametrize("n", [9, 12, 16])
    @pytest.mark.parametrize("op", ["exl3_gemm", "exl3_gemm_mr"])
    @pytest.mark.parametrize("tid", ["K2-up", "K3-down", "K4-mtp-up", "K5-kproj"])
    def test_padded_rows_in_capture(ops, tid, op, n, pad):
        """The drafter at 9-16 running requests (k=2 tier): a 16-row CUDA graph with n real rows and
        padding rows holding NaN / +-inf / +-65504. The real rows' outputs stay finite and equal the
        eager result on the real rows alone (rel. rms <= 1e-3): no row of a padded batch leaks into another."""
        import torch
    
        if op == "exl3_gemm_mr" and BITS[tid] not in (3, 4, 5):
            pytest.skip("not on exl3_gemm_mr")
        if tid not in C.TENSORS:
            pytest.skip(f"{tid} not in this checkpoint's table")
>       w = C.load(torch, tid)
            ^^^^^^^^^^^^^^^^^^

tests/gpu/test_exl3_mr.py:359: 
_ _ _ _ _ _ _ _ _ _ _ _ _ _ _ _ _ _ _ _ _ _ _ _ _ _ _ _ _ _ _ _ _ _ _ _ _ _ _ _ 

torch = <module 'torch' from '/workspace/kit-work/venv-cu13/lib/python3.12/site-packages/torch/__init__.py'>
tid = 'K5-kproj', device = 'cuda'

    def load(torch, tid: str, device="cuda") -> dict:
        """trellis/suh/svh (+ mcg/mul1 flags) of one checkpoint tensor, from the model's index."""
        import json
    
        from safetensors import safe_open
    
        prefix = TENSORS[tid][0]
        wm = json.loads((MODEL / "model.safetensors.index.json").read_text())["weight_map"]
        out = {"mcg": f"{prefix}.mcg" in wm, "mul1": f"{prefix}.mul1" in wm}
        for t in ("trellis", "suh", "svh"):
            with safe_open(str(MODEL / wm[f"{prefix}.{t}"]), framework="pt") as f:
>               out[t] = f.get_tensor(f"{prefix}.{t}").to(device).contiguous()
                         ^^^^^^^^^^^^^^^^^^^^^^^^^^^^^^^^^^^^^^^^
E               torch.OutOfMemoryError: CUDA out of memory. Tried to allocate 20.00 MiB. GPU 0 has a total capacity of 7.66 GiB of which 597.75 MiB is free. Including non-PyTorch memory, this process has 6.46 GiB memory in use. 6.22 GiB allowed; Of the allocated memory 6.21 GiB is allocated by PyTorch, and 2.84 MiB is reserved by PyTorch but unallocated. If reserved but unallocated memory is large try setting PYTORCH_CUDA_ALLOC_CONF=expandable_segments:True to avoid fragmentation.  See documentation for Memory Management  (https://docs.pytorch.org/docs/stable/notes/cuda.html#optimizing-memory-usage-with-pytorch-cuda-alloc-conf)

tests/gpu/exl3_cases.py:84: OutOfMemoryError
__________ test_padded_rows_in_capture[K5-kproj-exl3_gemm_mr-16-big] ___________

ops = <module 'vllm_exl3_plugin.ops' from '/workspace/kit/plugin-exl3/vllm_exl3_plugin/ops.py'>
tid = 'K5-kproj', op = 'exl3_gemm_mr', n = 16, pad = 'big'

    @pytest.mark.parametrize("pad", ["nan", "inf", "big"])
    @pytest.mark.parametrize("n", [9, 12, 16])
    @pytest.mark.parametrize("op", ["exl3_gemm", "exl3_gemm_mr"])
    @pytest.mark.parametrize("tid", ["K2-up", "K3-down", "K4-mtp-up", "K5-kproj"])
    def test_padded_rows_in_capture(ops, tid, op, n, pad):
        """The drafter at 9-16 running requests (k=2 tier): a 16-row CUDA graph with n real rows and
        padding rows holding NaN / +-inf / +-65504. The real rows' outputs stay finite and equal the
        eager result on the real rows alone (rel. rms <= 1e-3): no row of a padded batch leaks into another."""
        import torch
    
        if op == "exl3_gemm_mr" and BITS[tid] not in (3, 4, 5):
            pytest.skip("not on exl3_gemm_mr")
        if tid not in C.TENSORS:
            pytest.skip(f"{tid} not in this checkpoint's table")
>       w = C.load(torch, tid)
            ^^^^^^^^^^^^^^^^^^

tests/gpu/test_exl3_mr.py:359: 
_ _ _ _ _ _ _ _ _ _ _ _ _ _ _ _ _ _ _ _ _ _ _ _ _ _ _ _ _ _ _ _ _ _ _ _ _ _ _ _ 

torch = <module 'torch' from '/workspace/kit-work/venv-cu13/lib/python3.12/site-packages/torch/__init__.py'>
tid = 'K5-kproj', device = 'cuda'

    def load(torch, tid: str, device="cuda") -> dict:
        """trellis/suh/svh (+ mcg/mul1 flags) of one checkpoint tensor, from the model's index."""
        import json
    
        from safetensors import safe_open
    
        prefix = TENSORS[tid][0]
        wm = json.loads((MODEL / "model.safetensors.index.json").read_text())["weight_map"]
        out = {"mcg": f"{prefix}.mcg" in wm, "mul1": f"{prefix}.mul1" in wm}
        for t in ("trellis", "suh", "svh"):
            with safe_open(str(MODEL / wm[f"{prefix}.{t}"]), framework="pt") as f:
>               out[t] = f.get_tensor(f"{prefix}.{t}").to(device).contiguous()
                         ^^^^^^^^^^^^^^^^^^^^^^^^^^^^^^^^^^^^^^^^
E               torch.OutOfMemoryError: CUDA out of memory. Tried to allocate 20.00 MiB. GPU 0 has a total capacity of 7.66 GiB of which 597.75 MiB is free. Including non-PyTorch memory, this process has 6.46 GiB memory in use. 6.22 GiB allowed; Of the allocated memory 6.21 GiB is allocated by PyTorch, and 2.84 MiB is reserved by PyTorch but unallocated. If reserved but unallocated memory is large try setting PYTORCH_CUDA_ALLOC_CONF=expandable_segments:True to avoid fragmentation.  See documentation for Memory Management  (https://docs.pytorch.org/docs/stable/notes/cuda.html#optimizing-memory-usage-with-pytorch-cuda-alloc-conf)

tests/gpu/exl3_cases.py:84: OutOfMemoryError
____________________________ test_draft_head_fp8[1] ____________________________

ops = <module 'vllm_exl3_plugin.ops' from '/workspace/kit/plugin-exl3/vllm_exl3_plugin/ops.py'>
rows = 1

    @pytest.mark.parametrize("rows", [1, 4, 8])
    def test_draft_head_fp8(ops, rows):
        """The fp8 draft head (Marlin) vs the bf16 head on the same rows: logits within e4m3's error
        (rel. rms <= 4 %); argmax kept for >= 90 % of rows (random logits have near-ties: 0.94-0.95
        measured; the real gate is MTP acceptance on the ladder)."""
        import torch
    
        from vllm_exl3_plugin.quantization.draft_head import EXL3DraftHeadFp8Method
    
        torch.manual_seed(rows)
>       w = (torch.randn(40960, 5120, device="cuda") * 0.02).to(torch.bfloat16)
             ^^^^^^^^^^^^^^^^^^^^^^^^^^^^^^^^^^^^^^^
E       torch.OutOfMemoryError: CUDA out of memory. Tried to allocate 800.00 MiB. GPU 0 has a total capacity of 7.66 GiB of which 597.75 MiB is free. Including non-PyTorch memory, this process has 6.46 GiB memory in use. 6.22 GiB allowed; Of the allocated memory 6.21 GiB is allocated by PyTorch, and 2.84 MiB is reserved by PyTorch but unallocated. If reserved but unallocated memory is large try setting PYTORCH_CUDA_ALLOC_CONF=expandable_segments:True to avoid fragmentation.  See documentation for Memory Management  (https://docs.pytorch.org/docs/stable/notes/cuda.html#optimizing-memory-usage-with-pytorch-cuda-alloc-conf)

tests/gpu/test_exl3_mr.py:398: OutOfMemoryError
____________________________ test_draft_head_fp8[4] ____________________________

ops = <module 'vllm_exl3_plugin.ops' from '/workspace/kit/plugin-exl3/vllm_exl3_plugin/ops.py'>
rows = 4

    @pytest.mark.parametrize("rows", [1, 4, 8])
    def test_draft_head_fp8(ops, rows):
        """The fp8 draft head (Marlin) vs the bf16 head on the same rows: logits within e4m3's error
        (rel. rms <= 4 %); argmax kept for >= 90 % of rows (random logits have near-ties: 0.94-0.95
        measured; the real gate is MTP acceptance on the ladder)."""
        import torch
    
        from vllm_exl3_plugin.quantization.draft_head import EXL3DraftHeadFp8Method
    
        torch.manual_seed(rows)
>       w = (torch.randn(40960, 5120, device="cuda") * 0.02).to(torch.bfloat16)
             ^^^^^^^^^^^^^^^^^^^^^^^^^^^^^^^^^^^^^^^
E       torch.OutOfMemoryError: CUDA out of memory. Tried to allocate 800.00 MiB. GPU 0 has a total capacity of 7.66 GiB of which 597.75 MiB is free. Including non-PyTorch memory, this process has 6.46 GiB memory in use. 6.22 GiB allowed; Of the allocated memory 6.21 GiB is allocated by PyTorch, and 2.84 MiB is reserved by PyTorch but unallocated. If reserved but unallocated memory is large try setting PYTORCH_CUDA_ALLOC_CONF=expandable_segments:True to avoid fragmentation.  See documentation for Memory Management  (https://docs.pytorch.org/docs/stable/notes/cuda.html#optimizing-memory-usage-with-pytorch-cuda-alloc-conf)

tests/gpu/test_exl3_mr.py:398: OutOfMemoryError
____________________________ test_draft_head_fp8[8] ____________________________

ops = <module 'vllm_exl3_plugin.ops' from '/workspace/kit/plugin-exl3/vllm_exl3_plugin/ops.py'>
rows = 8

    @pytest.mark.parametrize("rows", [1, 4, 8])
    def test_draft_head_fp8(ops, rows):
        """The fp8 draft head (Marlin) vs the bf16 head on the same rows: logits within e4m3's error
        (rel. rms <= 4 %); argmax kept for >= 90 % of rows (random logits have near-ties: 0.94-0.95
        measured; the real gate is MTP acceptance on the ladder)."""
        import torch
    
        from vllm_exl3_plugin.quantization.draft_head import EXL3DraftHeadFp8Method
    
        torch.manual_seed(rows)
>       w = (torch.randn(40960, 5120, device="cuda") * 0.02).to(torch.bfloat16)
             ^^^^^^^^^^^^^^^^^^^^^^^^^^^^^^^^^^^^^^^
E       torch.OutOfMemoryError: CUDA out of memory. Tried to allocate 800.00 MiB. GPU 0 has a total capacity of 7.66 GiB of which 597.75 MiB is free. Including non-PyTorch memory, this process has 6.46 GiB memory in use. 6.22 GiB allowed; Of the allocated memory 6.21 GiB is allocated by PyTorch, and 2.84 MiB is reserved by PyTorch but unallocated. If reserved but unallocated memory is large try setting PYTORCH_CUDA_ALLOC_CONF=expandable_segments:True to avoid fragmentation.  See documentation for Memory Management  (https://docs.pytorch.org/docs/stable/notes/cuda.html#optimizing-memory-usage-with-pytorch-cuda-alloc-conf)

tests/gpu/test_exl3_mr.py:398: OutOfMemoryError
=============================== warnings summary ===============================
tests/gpu/test_exl3_mr.py: 14 warnings
  /workspace/kit-work/venv-cu13/lib/python3.12/site-packages/torch/jit/_script.py:365: DeprecationWarning: `torch.jit.script_method` is deprecated. Please switch to `torch.compile` or `torch.export`.
    warnings.warn(

-- Docs: https://docs.pytest.org/en/stable/how-to/capture-warnings.html
- generated xml file: /workspace/kit/kit/results/torn-gpu-rtx3070-2026-10-04/tier1/parity-exl3.xml -
=========================== short test summary info ============================
FAILED tests/gpu/test_exl3_kernels.py::test_gemm_vs_fp64[K4-lmhead-1024-fp32]
FAILED tests/gpu/test_exl3_kernels.py::test_gemm_vs_fp64[K4-lmhead-1024-fp16]
FAILED tests/gpu/test_exl3_kernels.py::test_fp32_fp16_outputs_agree[K3-down-16]
FAILED tests/gpu/test_exl3_kernels.py::test_fp32_fp16_outputs_agree[K3-down-48]
FAILED tests/gpu/test_exl3_mr.py::test_decode_exact[K4-lmhead] - torch.OutOfM...
FAILED tests/gpu/test_exl3_mr.py::test_gemm_vs_fp64[K3-down-17-bf16model] - t...
FAILED tests/gpu/test_exl3_mr.py::test_gemm_vs_fp64[K3-down-17-fp16model] - t...
FAILED tests/gpu/test_exl3_mr.py::test_gemm_vs_fp64[K3-down-24-bf16model] - t...
FAILED tests/gpu/test_exl3_mr.py::test_gemm_vs_fp64[K3-down-24-fp16model] - t...
FAILED tests/gpu/test_exl3_mr.py::test_gemm_vs_fp64[K3-down-32-bf16model] - t...
FAILED tests/gpu/test_exl3_mr.py::test_gemm_vs_fp64[K3-down-32-fp16model] - t...
FAILED tests/gpu/test_exl3_mr.py::test_gemm_vs_fp64[K3-down-48-bf16model] - t...
FAILED tests/gpu/test_exl3_mr.py::test_gemm_vs_fp64[K3-down-48-fp16model] - t...
FAILED tests/gpu/test_exl3_mr.py::test_gemm_vs_fp64[K3-down-64-bf16model] - t...
FAILED tests/gpu/test_exl3_mr.py::test_gemm_vs_fp64[K3-down-64-fp16model] - t...
FAILED tests/gpu/test_exl3_mr.py::test_gemm_vs_fp64[K3-down-96-bf16model] - t...
FAILED tests/gpu/test_exl3_mr.py::test_gemm_vs_fp64[K3-down-96-fp16model] - t...
FAILED tests/gpu/test_exl3_mr.py::test_gemm_vs_fp64[K3-down-144-bf16model] - ...
FAILED tests/gpu/test_exl3_mr.py::test_gemm_vs_fp64[K3-down-144-fp16model] - ...
FAILED tests/gpu/test_exl3_mr.py::test_gemm_vs_fp64[K3-down-192-bf16model] - ...
FAILED tests/gpu/test_exl3_mr.py::test_gemm_vs_fp64[K3-down-192-fp16model] - ...
FAILED tests/gpu/test_exl3_mr.py::test_gemm_vs_fp64[K3-down-384-bf16model] - ...
FAILED tests/gpu/test_exl3_mr.py::test_gemm_vs_fp64[K3-down-384-fp16model] - ...
FAILED tests/gpu/test_exl3_mr.py::test_gemm_vs_fp64[K3-up-17-bf16model] - tor...
FAILED tests/gpu/test_exl3_mr.py::test_gemm_vs_fp64[K3-up-17-fp16model] - tor...
FAILED tests/gpu/test_exl3_mr.py::test_gemm_vs_fp64[K3-up-24-bf16model] - tor...
FAILED tests/gpu/test_exl3_mr.py::test_gemm_vs_fp64[K3-up-24-fp16model] - tor...
FAILED tests/gpu/test_exl3_mr.py::test_gemm_vs_fp64[K3-up-32-bf16model] - tor...
FAILED tests/gpu/test_exl3_mr.py::test_gemm_vs_fp64[K3-up-32-fp16model] - tor...
FAILED tests/gpu/test_exl3_mr.py::test_gemm_vs_fp64[K3-up-48-bf16model] - tor...
FAILED tests/gpu/test_exl3_mr.py::test_gemm_vs_fp64[K3-up-48-fp16model] - tor...
FAILED tests/gpu/test_exl3_mr.py::test_gemm_vs_fp64[K3-up-64-bf16model] - tor...
FAILED tests/gpu/test_exl3_mr.py::test_gemm_vs_fp64[K3-up-64-fp16model] - tor...
FAILED tests/gpu/test_exl3_mr.py::test_gemm_vs_fp64[K3-up-96-bf16model] - tor...
FAILED tests/gpu/test_exl3_mr.py::test_gemm_vs_fp64[K3-up-96-fp16model] - tor...
FAILED tests/gpu/test_exl3_mr.py::test_gemm_vs_fp64[K3-up-144-bf16model] - to...
FAILED tests/gpu/test_exl3_mr.py::test_gemm_vs_fp64[K3-up-144-fp16model] - to...
FAILED tests/gpu/test_exl3_mr.py::test_gemm_vs_fp64[K3-up-192-bf16model] - to...
FAILED tests/gpu/test_exl3_mr.py::test_gemm_vs_fp64[K3-up-192-fp16model] - to...
FAILED tests/gpu/test_exl3_mr.py::test_gemm_vs_fp64[K3-up-384-bf16model] - to...
FAILED tests/gpu/test_exl3_mr.py::test_gemm_vs_fp64[K3-up-384-fp16model] - to...
FAILED tests/gpu/test_exl3_mr.py::test_gemm_vs_fp64[K4-kproj-17-bf16model] - ...
FAILED tests/gpu/test_exl3_mr.py::test_gemm_vs_fp64[K4-kproj-17-fp16model] - ...
FAILED tests/gpu/test_exl3_mr.py::test_gemm_vs_fp64[K4-kproj-24-bf16model] - ...
FAILED tests/gpu/test_exl3_mr.py::test_gemm_vs_fp64[K4-kproj-24-fp16model] - ...
FAILED tests/gpu/test_exl3_mr.py::test_gemm_vs_fp64[K4-kproj-32-bf16model] - ...
FAILED tests/gpu/test_exl3_mr.py::test_gemm_vs_fp64[K4-kproj-32-fp16model] - ...
FAILED tests/gpu/test_exl3_mr.py::test_gemm_vs_fp64[K4-kproj-48-bf16model] - ...
FAILED tests/gpu/test_exl3_mr.py::test_gemm_vs_fp64[K4-kproj-48-fp16model] - ...
FAILED tests/gpu/test_exl3_mr.py::test_gemm_vs_fp64[K4-kproj-64-bf16model] - ...
FAILED tests/gpu/test_exl3_mr.py::test_gemm_vs_fp64[K4-kproj-64-fp16model] - ...
FAILED tests/gpu/test_exl3_mr.py::test_gemm_vs_fp64[K4-kproj-96-bf16model] - ...
FAILED tests/gpu/test_exl3_mr.py::test_gemm_vs_fp64[K4-kproj-96-fp16model] - ...
FAILED tests/gpu/test_exl3_mr.py::test_gemm_vs_fp64[K4-kproj-144-bf16model]
FAILED tests/gpu/test_exl3_mr.py::test_gemm_vs_fp64[K4-kproj-144-fp16model]
FAILED tests/gpu/test_exl3_mr.py::test_gemm_vs_fp64[K4-kproj-192-bf16model]
FAILED tests/gpu/test_exl3_mr.py::test_gemm_vs_fp64[K4-kproj-192-fp16model]
FAILED tests/gpu/test_exl3_mr.py::test_gemm_vs_fp64[K4-kproj-384-bf16model]
FAILED tests/gpu/test_exl3_mr.py::test_gemm_vs_fp64[K4-kproj-384-fp16model]
FAILED tests/gpu/test_exl3_mr.py::test_gemm_vs_fp64[K4-kproj-1-bf16model] - t...
FAILED tests/gpu/test_exl3_mr.py::test_gemm_vs_fp64[K4-kproj-1-fp16model] - t...
FAILED tests/gpu/test_exl3_mr.py::test_gemm_vs_fp64[K4-kproj-8-bf16model] - t...
FAILED tests/gpu/test_exl3_mr.py::test_gemm_vs_fp64[K4-kproj-8-fp16model] - t...
FAILED tests/gpu/test_exl3_mr.py::test_gemm_vs_fp64[K4-kproj-16-bf16model] - ...
FAILED tests/gpu/test_exl3_mr.py::test_gemm_vs_fp64[K4-kproj-16-fp16model] - ...
FAILED tests/gpu/test_exl3_mr.py::test_gemm_vs_fp64[K4-mtp-up-17-bf16model]
FAILED tests/gpu/test_exl3_mr.py::test_gemm_vs_fp64[K4-mtp-up-17-fp16model]
FAILED tests/gpu/test_exl3_mr.py::test_gemm_vs_fp64[K4-mtp-up-24-bf16model]
FAILED tests/gpu/test_exl3_mr.py::test_gemm_vs_fp64[K4-mtp-up-24-fp16model]
FAILED tests/gpu/test_exl3_mr.py::test_gemm_vs_fp64[K4-mtp-up-32-bf16model]
FAILED tests/gpu/test_exl3_mr.py::test_gemm_vs_fp64[K4-mtp-up-32-fp16model]
FAILED tests/gpu/test_exl3_mr.py::test_gemm_vs_fp64[K4-mtp-up-48-bf16model]
FAILED tests/gpu/test_exl3_mr.py::test_gemm_vs_fp64[K4-mtp-up-48-fp16model]
FAILED tests/gpu/test_exl3_mr.py::test_gemm_vs_fp64[K4-mtp-up-64-bf16model]
FAILED tests/gpu/test_exl3_mr.py::test_gemm_vs_fp64[K4-mtp-up-64-fp16model]
FAILED tests/gpu/test_exl3_mr.py::test_gemm_vs_fp64[K4-mtp-up-96-bf16model]
FAILED tests/gpu/test_exl3_mr.py::test_gemm_vs_fp64[K4-mtp-up-96-fp16model]
FAILED tests/gpu/test_exl3_mr.py::test_gemm_vs_fp64[K4-mtp-up-144-bf16model]
FAILED tests/gpu/test_exl3_mr.py::test_gemm_vs_fp64[K4-mtp-up-144-fp16model]
FAILED tests/gpu/test_exl3_mr.py::test_gemm_vs_fp64[K4-mtp-up-192-bf16model]
FAILED tests/gpu/test_exl3_mr.py::test_gemm_vs_fp64[K4-mtp-up-192-fp16model]
FAILED tests/gpu/test_exl3_mr.py::test_gemm_vs_fp64[K4-mtp-up-384-bf16model]
FAILED tests/gpu/test_exl3_mr.py::test_gemm_vs_fp64[K4-mtp-up-384-fp16model]
FAILED tests/gpu/test_exl3_mr.py::test_gemm_vs_fp64[K4-mtp-up-1-bf16model] - ...
FAILED tests/gpu/test_exl3_mr.py::test_gemm_vs_fp64[K4-mtp-up-1-fp16model] - ...
FAILED tests/gpu/test_exl3_mr.py::test_gemm_vs_fp64[K4-mtp-up-8-bf16model] - ...
FAILED tests/gpu/test_exl3_mr.py::test_gemm_vs_fp64[K4-mtp-up-8-fp16model] - ...
FAILED tests/gpu/test_exl3_mr.py::test_gemm_vs_fp64[K4-mtp-up-16-bf16model]
FAILED tests/gpu/test_exl3_mr.py::test_gemm_vs_fp64[K4-mtp-up-16-fp16model]
FAILED tests/gpu/test_exl3_mr.py::test_gemm_vs_fp64[K4-oproj-17-bf16model] - ...
FAILED tests/gpu/test_exl3_mr.py::test_gemm_vs_fp64[K4-oproj-17-fp16model] - ...
FAILED tests/gpu/test_exl3_mr.py::test_gemm_vs_fp64[K4-oproj-24-bf16model] - ...
FAILED tests/gpu/test_exl3_mr.py::test_gemm_vs_fp64[K4-oproj-24-fp16model] - ...
FAILED tests/gpu/test_exl3_mr.py::test_gemm_vs_fp64[K4-oproj-32-bf16model] - ...
FAILED tests/gpu/test_exl3_mr.py::test_gemm_vs_fp64[K4-oproj-32-fp16model] - ...
FAILED tests/gpu/test_exl3_mr.py::test_gemm_vs_fp64[K4-oproj-48-bf16model] - ...
FAILED tests/gpu/test_exl3_mr.py::test_gemm_vs_fp64[K4-oproj-48-fp16model] - ...
FAILED tests/gpu/test_exl3_mr.py::test_gemm_vs_fp64[K4-oproj-64-bf16model] - ...
FAILED tests/gpu/test_exl3_mr.py::test_gemm_vs_fp64[K4-oproj-64-fp16model] - ...
FAILED tests/gpu/test_exl3_mr.py::test_gemm_vs_fp64[K4-oproj-96-bf16model] - ...
FAILED tests/gpu/test_exl3_mr.py::test_gemm_vs_fp64[K4-oproj-96-fp16model] - ...
FAILED tests/gpu/test_exl3_mr.py::test_gemm_vs_fp64[K4-oproj-144-bf16model]
FAILED tests/gpu/test_exl3_mr.py::test_gemm_vs_fp64[K4-oproj-144-fp16model]
FAILED tests/gpu/test_exl3_mr.py::test_gemm_vs_fp64[K4-oproj-192-bf16model]
FAILED tests/gpu/test_exl3_mr.py::test_gemm_vs_fp64[K4-oproj-192-fp16model]
FAILED tests/gpu/test_exl3_mr.py::test_gemm_vs_fp64[K4-oproj-384-bf16model]
FAILED tests/gpu/test_exl3_mr.py::test_gemm_vs_fp64[K4-oproj-384-fp16model]
FAILED tests/gpu/test_exl3_mr.py::test_gemm_vs_fp64[K4-oproj-1-bf16model] - t...
FAILED tests/gpu/test_exl3_mr.py::test_gemm_vs_fp64[K4-oproj-1-fp16model] - t...
FAILED tests/gpu/test_exl3_mr.py::test_gemm_vs_fp64[K4-oproj-8-bf16model] - t...
FAILED tests/gpu/test_exl3_mr.py::test_gemm_vs_fp64[K4-oproj-8-fp16model] - t...
FAILED tests/gpu/test_exl3_mr.py::test_gemm_vs_fp64[K4-oproj-16-bf16model] - ...
FAILED tests/gpu/test_exl3_mr.py::test_gemm_vs_fp64[K4-oproj-16-fp16model] - ...
FAILED tests/gpu/test_exl3_mr.py::test_gemm_vs_fp64[K5-kproj-17-bf16model] - ...
FAILED tests/gpu/test_exl3_mr.py::test_gemm_vs_fp64[K5-kproj-17-fp16model] - ...
FAILED tests/gpu/test_exl3_mr.py::test_gemm_vs_fp64[K5-kproj-24-bf16model] - ...
FAILED tests/gpu/test_exl3_mr.py::test_gemm_vs_fp64[K5-kproj-24-fp16model] - ...
FAILED tests/gpu/test_exl3_mr.py::test_gemm_vs_fp64[K5-kproj-32-bf16model] - ...
FAILED tests/gpu/test_exl3_mr.py::test_gemm_vs_fp64[K5-kproj-32-fp16model] - ...
FAILED tests/gpu/test_exl3_mr.py::test_gemm_vs_fp64[K5-kproj-48-bf16model] - ...
FAILED tests/gpu/test_exl3_mr.py::test_gemm_vs_fp64[K5-kproj-48-fp16model] - ...
FAILED tests/gpu/test_exl3_mr.py::test_gemm_vs_fp64[K5-kproj-64-bf16model] - ...
FAILED tests/gpu/test_exl3_mr.py::test_gemm_vs_fp64[K5-kproj-64-fp16model] - ...
FAILED tests/gpu/test_exl3_mr.py::test_gemm_vs_fp64[K5-kproj-96-bf16model] - ...
FAILED tests/gpu/test_exl3_mr.py::test_gemm_vs_fp64[K5-kproj-96-fp16model] - ...
FAILED tests/gpu/test_exl3_mr.py::test_gemm_vs_fp64[K5-kproj-144-bf16model]
FAILED tests/gpu/test_exl3_mr.py::test_gemm_vs_fp64[K5-kproj-144-fp16model]
FAILED tests/gpu/test_exl3_mr.py::test_gemm_vs_fp64[K5-kproj-192-bf16model]
FAILED tests/gpu/test_exl3_mr.py::test_gemm_vs_fp64[K5-kproj-192-fp16model]
FAILED tests/gpu/test_exl3_mr.py::test_gemm_vs_fp64[K5-kproj-384-bf16model]
FAILED tests/gpu/test_exl3_mr.py::test_gemm_vs_fp64[K5-kproj-384-fp16model]
FAILED tests/gpu/test_exl3_mr.py::test_gemm_vs_fp64[K4-lmhead-17-bf16model]
FAILED tests/gpu/test_exl3_mr.py::test_gemm_vs_fp64[K4-lmhead-17-fp16model]
FAILED tests/gpu/test_exl3_mr.py::test_gemm_vs_fp64[K4-lmhead-24-bf16model]
FAILED tests/gpu/test_exl3_mr.py::test_gemm_vs_fp64[K4-lmhead-24-fp16model]
FAILED tests/gpu/test_exl3_mr.py::test_gemm_vs_fp64[K4-lmhead-32-bf16model]
FAILED tests/gpu/test_exl3_mr.py::test_gemm_vs_fp64[K4-lmhead-32-fp16model]
FAILED tests/gpu/test_exl3_mr.py::test_gemm_vs_fp64[K4-lmhead-48-bf16model]
FAILED tests/gpu/test_exl3_mr.py::test_gemm_vs_fp64[K4-lmhead-48-fp16model]
FAILED tests/gpu/test_exl3_mr.py::test_gemm_vs_fp64[K4-lmhead-64-bf16model]
FAILED tests/gpu/test_exl3_mr.py::test_gemm_vs_fp64[K4-lmhead-64-fp16model]
FAILED tests/gpu/test_exl3_mr.py::test_gemm_vs_fp64[K4-lmhead-96-bf16model]
FAILED tests/gpu/test_exl3_mr.py::test_gemm_vs_fp64[K4-lmhead-96-fp16model]
FAILED tests/gpu/test_exl3_mr.py::test_gemm_vs_fp64[K4-lmhead-144-bf16model]
FAILED tests/gpu/test_exl3_mr.py::test_gemm_vs_fp64[K4-lmhead-144-fp16model]
FAILED tests/gpu/test_exl3_mr.py::test_gemm_vs_fp64[K4-lmhead-192-bf16model]
FAILED tests/gpu/test_exl3_mr.py::test_gemm_vs_fp64[K4-lmhead-192-fp16model]
FAILED tests/gpu/test_exl3_mr.py::test_gemm_vs_fp64[K4-lmhead-384-bf16model]
FAILED tests/gpu/test_exl3_mr.py::test_gemm_vs_fp64[K4-lmhead-384-fp16model]
FAILED tests/gpu/test_exl3_mr.py::test_gemm_vs_fp64[K4-lmhead-1-bf16model] - ...
FAILED tests/gpu/test_exl3_mr.py::test_gemm_vs_fp64[K4-lmhead-1-fp16model] - ...
FAILED tests/gpu/test_exl3_mr.py::test_gemm_vs_fp64[K4-lmhead-8-bf16model] - ...
FAILED tests/gpu/test_exl3_mr.py::test_gemm_vs_fp64[K4-lmhead-8-fp16model] - ...
FAILED tests/gpu/test_exl3_mr.py::test_gemm_vs_fp64[K4-lmhead-16-bf16model]
FAILED tests/gpu/test_exl3_mr.py::test_gemm_vs_fp64[K4-lmhead-16-fp16model]
FAILED tests/gpu/test_exl3_mr.py::test_bf16_io_same_bits[K3-down-17] - torch....
FAILED tests/gpu/test_exl3_mr.py::test_bf16_io_same_bits[K3-down-48] - torch....
FAILED tests/gpu/test_exl3_mr.py::test_bf16_io_same_bits[K3-down-144] - torch...
FAILED tests/gpu/test_exl3_mr.py::test_bf16_io_same_bits[K3-up-17] - torch.Ou...
FAILED tests/gpu/test_exl3_mr.py::test_bf16_io_same_bits[K3-up-48] - torch.Ou...
FAILED tests/gpu/test_exl3_mr.py::test_bf16_io_same_bits[K3-up-144] - torch.O...
FAILED tests/gpu/test_exl3_mr.py::test_bf16_io_same_bits[K4-kproj-1] - torch....
FAILED tests/gpu/test_exl3_mr.py::test_bf16_io_same_bits[K4-kproj-8] - torch....
FAILED tests/gpu/test_exl3_mr.py::test_bf16_io_same_bits[K4-kproj-17] - torch...
FAILED tests/gpu/test_exl3_mr.py::test_bf16_io_same_bits[K4-kproj-48] - torch...
FAILED tests/gpu/test_exl3_mr.py::test_bf16_io_same_bits[K4-kproj-144] - torc...
FAILED tests/gpu/test_exl3_mr.py::test_bf16_io_same_bits[K4-mtp-up-1] - torch...
FAILED tests/gpu/test_exl3_mr.py::test_bf16_io_same_bits[K4-mtp-up-8] - torch...
FAILED tests/gpu/test_exl3_mr.py::test_bf16_io_same_bits[K4-mtp-up-17] - torc...
FAILED tests/gpu/test_exl3_mr.py::test_bf16_io_same_bits[K4-mtp-up-48] - torc...
FAILED tests/gpu/test_exl3_mr.py::test_bf16_io_same_bits[K4-mtp-up-144] - tor...
FAILED tests/gpu/test_exl3_mr.py::test_bf16_io_same_bits[K4-oproj-1] - torch....
FAILED tests/gpu/test_exl3_mr.py::test_bf16_io_same_bits[K4-oproj-8] - torch....
FAILED tests/gpu/test_exl3_mr.py::test_bf16_io_same_bits[K4-oproj-17] - torch...
FAILED tests/gpu/test_exl3_mr.py::test_bf16_io_same_bits[K4-oproj-48] - torch...
FAILED tests/gpu/test_exl3_mr.py::test_bf16_io_same_bits[K4-oproj-144] - torc...
FAILED tests/gpu/test_exl3_mr.py::test_bf16_io_same_bits[K5-kproj-17] - torch...
FAILED tests/gpu/test_exl3_mr.py::test_bf16_io_same_bits[K5-kproj-48] - torch...
FAILED tests/gpu/test_exl3_mr.py::test_bf16_io_same_bits[K5-kproj-144] - torc...
FAILED tests/gpu/test_exl3_mr.py::test_bf16_io_same_bits[K4-lmhead-1] - torch...
FAILED tests/gpu/test_exl3_mr.py::test_bf16_io_same_bits[K4-lmhead-8] - torch...
FAILED tests/gpu/test_exl3_mr.py::test_bf16_io_same_bits[K4-lmhead-17] - torc...
FAILED tests/gpu/test_exl3_mr.py::test_bf16_io_same_bits[K4-lmhead-48] - torc...
FAILED tests/gpu/test_exl3_mr.py::test_bf16_io_same_bits[K4-lmhead-144] - tor...
FAILED tests/gpu/test_exl3_mr.py::test_linear_parts_same_bits[1] - torch.OutO...
FAILED tests/gpu/test_exl3_mr.py::test_linear_parts_same_bits[6] - torch.OutO...
FAILED tests/gpu/test_exl3_mr.py::test_linear_parts_same_bits[24] - torch.Out...
FAILED tests/gpu/test_exl3_mr.py::test_linear_parts_same_bits[48] - torch.Out...
FAILED tests/gpu/test_exl3_mr.py::test_gemm_mr_multi[1] - torch.OutOfMemoryEr...
FAILED tests/gpu/test_exl3_mr.py::test_gemm_mr_multi[6] - torch.OutOfMemoryEr...
FAILED tests/gpu/test_exl3_mr.py::test_gemm_mr_multi[24] - torch.OutOfMemoryE...
FAILED tests/gpu/test_exl3_mr.py::test_gemm_mr_multi[48] - torch.OutOfMemoryE...
FAILED tests/gpu/test_exl3_mr.py::test_gemm_mr_multi[144] - torch.OutOfMemory...
FAILED tests/gpu/test_exl3_mr.py::test_deterministic[K3-down] - torch.OutOfMe...
FAILED tests/gpu/test_exl3_mr.py::test_deterministic[K3-up] - torch.OutOfMemo...
FAILED tests/gpu/test_exl3_mr.py::test_deterministic[K4-kproj] - torch.OutOfM...
FAILED tests/gpu/test_exl3_mr.py::test_deterministic[K4-mtp-up] - torch.OutOf...
FAILED tests/gpu/test_exl3_mr.py::test_deterministic[K4-oproj] - torch.OutOfM...
FAILED tests/gpu/test_exl3_mr.py::test_deterministic[K5-kproj] - torch.OutOfM...
FAILED tests/gpu/test_exl3_mr.py::test_deterministic[K4-lmhead] - torch.OutOf...
FAILED tests/gpu/test_exl3_mr.py::test_routing_mr1[K2-up-16] - torch.OutOfMem...
FAILED tests/gpu/test_exl3_mr.py::test_routing_mr1[K2-up-17] - torch.OutOfMem...
FAILED tests/gpu/test_exl3_mr.py::test_routing_mr1[K2-up-48] - torch.OutOfMem...
FAILED tests/gpu/test_exl3_mr.py::test_routing_mr1[K2-up-144] - torch.OutOfMe...
FAILED tests/gpu/test_exl3_mr.py::test_routing_mr1[K3-down-16] - torch.OutOfM...
FAILED tests/gpu/test_exl3_mr.py::test_routing_mr1[K3-down-17] - torch.OutOfM...
FAILED tests/gpu/test_exl3_mr.py::test_routing_mr1[K3-down-48] - torch.OutOfM...
FAILED tests/gpu/test_exl3_mr.py::test_routing_mr1[K3-down-144] - torch.OutOf...
FAILED tests/gpu/test_exl3_mr.py::test_routing_mr1[K3-up-16] - torch.OutOfMem...
FAILED tests/gpu/test_exl3_mr.py::test_routing_mr1[K3-up-17] - torch.OutOfMem...
FAILED tests/gpu/test_exl3_mr.py::test_routing_mr1[K3-up-48] - torch.OutOfMem...
FAILED tests/gpu/test_exl3_mr.py::test_routing_mr1[K3-up-144] - torch.OutOfMe...
FAILED tests/gpu/test_exl3_mr.py::test_routing_mr1[K4-kproj-16] - torch.OutOf...
FAILED tests/gpu/test_exl3_mr.py::test_routing_mr1[K4-kproj-17] - torch.OutOf...
FAILED tests/gpu/test_exl3_mr.py::test_routing_mr1[K4-kproj-48] - torch.OutOf...
FAILED tests/gpu/test_exl3_mr.py::test_routing_mr1[K4-kproj-144] - torch.OutO...
FAILED tests/gpu/test_exl3_mr.py::test_routing_mr1[K4-mtp-up-16] - torch.OutO...
FAILED tests/gpu/test_exl3_mr.py::test_routing_mr1[K4-mtp-up-17] - torch.OutO...
FAILED tests/gpu/test_exl3_mr.py::test_routing_mr1[K4-mtp-up-48] - torch.OutO...
FAILED tests/gpu/test_exl3_mr.py::test_routing_mr1[K4-mtp-up-144] - torch.Out...
FAILED tests/gpu/test_exl3_mr.py::test_routing_mr1[K4-oproj-16] - torch.OutOf...
FAILED tests/gpu/test_exl3_mr.py::test_routing_mr1[K4-oproj-17] - torch.OutOf...
FAILED tests/gpu/test_exl3_mr.py::test_routing_mr1[K4-oproj-48] - torch.OutOf...
FAILED tests/gpu/test_exl3_mr.py::test_routing_mr1[K4-oproj-144] - torch.OutO...
FAILED tests/gpu/test_exl3_mr.py::test_routing_mr1[K5-kproj-16] - torch.OutOf...
FAILED tests/gpu/test_exl3_mr.py::test_routing_mr1[K5-kproj-17] - torch.OutOf...
FAILED tests/gpu/test_exl3_mr.py::test_routing_mr1[K5-kproj-48] - torch.OutOf...
FAILED tests/gpu/test_exl3_mr.py::test_routing_mr1[K5-kproj-144] - torch.OutO...
FAILED tests/gpu/test_exl3_mr.py::test_routing_mr1[K4-lmhead-16] - torch.OutO...
FAILED tests/gpu/test_exl3_mr.py::test_routing_mr1[K4-lmhead-17] - torch.OutO...
FAILED tests/gpu/test_exl3_mr.py::test_routing_mr1[K4-lmhead-48] - torch.OutO...
FAILED tests/gpu/test_exl3_mr.py::test_routing_mr1[K4-lmhead-144] - torch.Out...
FAILED tests/gpu/test_exl3_mr.py::test_routing_repacked[K4-kproj-1] - torch.O...
FAILED tests/gpu/test_exl3_mr.py::test_routing_repacked[K4-kproj-48] - torch....
FAILED tests/gpu/test_exl3_mr.py::test_routing_repacked[K4-kproj-145] - torch...
FAILED tests/gpu/test_exl3_mr.py::test_routing_repacked[K4-kproj-385] - torch...
FAILED tests/gpu/test_exl3_mr.py::test_routing_repacked[K4-kproj-1024] - torc...
FAILED tests/gpu/test_exl3_mr.py::test_routing_repacked[K4-mtp-up-1] - torch....
FAILED tests/gpu/test_exl3_mr.py::test_routing_repacked[K4-mtp-up-48] - torch...
FAILED tests/gpu/test_exl3_mr.py::test_routing_repacked[K4-mtp-up-145] - torc...
FAILED tests/gpu/test_exl3_mr.py::test_routing_repacked[K4-mtp-up-385] - torc...
FAILED tests/gpu/test_exl3_mr.py::test_routing_repacked[K4-mtp-up-1024] - tor...
FAILED tests/gpu/test_exl3_mr.py::test_routing_repacked[K4-oproj-1] - torch.O...
FAILED tests/gpu/test_exl3_mr.py::test_routing_repacked[K4-oproj-48] - torch....
FAILED tests/gpu/test_exl3_mr.py::test_routing_repacked[K4-oproj-145] - torch...
FAILED tests/gpu/test_exl3_mr.py::test_routing_repacked[K4-oproj-385] - torch...
FAILED tests/gpu/test_exl3_mr.py::test_routing_repacked[K4-oproj-1024] - torc...
FAILED tests/gpu/test_exl3_mr.py::test_routing_repacked[K4-lmhead-1] - torch....
FAILED tests/gpu/test_exl3_mr.py::test_routing_repacked[K4-lmhead-48] - torch...
FAILED tests/gpu/test_exl3_mr.py::test_routing_repacked[K4-lmhead-145] - torc...
FAILED tests/gpu/test_exl3_mr.py::test_routing_repacked[K4-lmhead-385] - torc...
FAILED tests/gpu/test_exl3_mr.py::test_routing_repacked[K4-lmhead-1024] - tor...
FAILED tests/gpu/test_exl3_mr.py::test_graph_replay[K3-down-17] - torch.OutOf...
FAILED tests/gpu/test_exl3_mr.py::test_graph_replay[K3-down-24] - torch.OutOf...
FAILED tests/gpu/test_exl3_mr.py::test_graph_replay[K3-down-48] - torch.OutOf...
FAILED tests/gpu/test_exl3_mr.py::test_graph_replay[K4-kproj-1] - torch.OutOf...
FAILED tests/gpu/test_exl3_mr.py::test_graph_replay[K4-kproj-4] - torch.OutOf...
FAILED tests/gpu/test_exl3_mr.py::test_graph_replay[K4-kproj-17] - torch.OutO...
FAILED tests/gpu/test_exl3_mr.py::test_graph_replay[K4-kproj-24] - torch.OutO...
FAILED tests/gpu/test_exl3_mr.py::test_graph_replay[K4-kproj-48] - torch.OutO...
FAILED tests/gpu/test_exl3_mr.py::test_graph_replay[K5-kproj-17] - torch.OutO...
FAILED tests/gpu/test_exl3_mr.py::test_graph_replay[K5-kproj-24] - torch.OutO...
FAILED tests/gpu/test_exl3_mr.py::test_graph_replay[K5-kproj-48] - torch.OutO...
FAILED tests/gpu/test_exl3_mr.py::test_graph_replay[K4-lmhead-1] - torch.OutO...
FAILED tests/gpu/test_exl3_mr.py::test_graph_replay[K4-lmhead-4] - torch.OutO...
FAILED tests/gpu/test_exl3_mr.py::test_graph_replay[K4-lmhead-17] - torch.Out...
FAILED tests/gpu/test_exl3_mr.py::test_graph_replay[K4-lmhead-24] - torch.Out...
FAILED tests/gpu/test_exl3_mr.py::test_graph_replay[K4-lmhead-48] - torch.Out...
FAILED tests/gpu/test_exl3_mr.py::test_embed_host_gather[1] - torch.OutOfMemo...
FAILED tests/gpu/test_exl3_mr.py::test_embed_host_gather[6] - torch.OutOfMemo...
FAILED tests/gpu/test_exl3_mr.py::test_embed_host_gather[48] - torch.OutOfMem...
FAILED tests/gpu/test_exl3_mr.py::test_embed_host_gather[2048] - torch.OutOfM...
FAILED tests/gpu/test_exl3_mr.py::test_lm_head_many_rows_bounded[0] - torch.O...
FAILED tests/gpu/test_exl3_mr.py::test_lm_head_many_rows_bounded[2] - torch.O...
FAILED tests/gpu/test_exl3_mr.py::test_padded_rows_in_capture[K2-up-exl3_gemm-9-nan]
FAILED tests/gpu/test_exl3_mr.py::test_padded_rows_in_capture[K2-up-exl3_gemm-9-inf]
FAILED tests/gpu/test_exl3_mr.py::test_padded_rows_in_capture[K2-up-exl3_gemm-9-big]
FAILED tests/gpu/test_exl3_mr.py::test_padded_rows_in_capture[K2-up-exl3_gemm-12-nan]
FAILED tests/gpu/test_exl3_mr.py::test_padded_rows_in_capture[K2-up-exl3_gemm-12-inf]
FAILED tests/gpu/test_exl3_mr.py::test_padded_rows_in_capture[K2-up-exl3_gemm-12-big]
FAILED tests/gpu/test_exl3_mr.py::test_padded_rows_in_capture[K2-up-exl3_gemm-16-nan]
FAILED tests/gpu/test_exl3_mr.py::test_padded_rows_in_capture[K2-up-exl3_gemm-16-inf]
FAILED tests/gpu/test_exl3_mr.py::test_padded_rows_in_capture[K2-up-exl3_gemm-16-big]
FAILED tests/gpu/test_exl3_mr.py::test_padded_rows_in_capture[K3-down-exl3_gemm-9-nan]
FAILED tests/gpu/test_exl3_mr.py::test_padded_rows_in_capture[K3-down-exl3_gemm-9-inf]
FAILED tests/gpu/test_exl3_mr.py::test_padded_rows_in_capture[K3-down-exl3_gemm-9-big]
FAILED tests/gpu/test_exl3_mr.py::test_padded_rows_in_capture[K3-down-exl3_gemm-12-nan]
FAILED tests/gpu/test_exl3_mr.py::test_padded_rows_in_capture[K3-down-exl3_gemm-12-inf]
FAILED tests/gpu/test_exl3_mr.py::test_padded_rows_in_capture[K3-down-exl3_gemm-12-big]
FAILED tests/gpu/test_exl3_mr.py::test_padded_rows_in_capture[K3-down-exl3_gemm-16-nan]
FAILED tests/gpu/test_exl3_mr.py::test_padded_rows_in_capture[K3-down-exl3_gemm-16-inf]
FAILED tests/gpu/test_exl3_mr.py::test_padded_rows_in_capture[K3-down-exl3_gemm-16-big]
FAILED tests/gpu/test_exl3_mr.py::test_padded_rows_in_capture[K3-down-exl3_gemm_mr-9-nan]
FAILED tests/gpu/test_exl3_mr.py::test_padded_rows_in_capture[K3-down-exl3_gemm_mr-9-inf]
FAILED tests/gpu/test_exl3_mr.py::test_padded_rows_in_capture[K3-down-exl3_gemm_mr-9-big]
FAILED tests/gpu/test_exl3_mr.py::test_padded_rows_in_capture[K3-down-exl3_gemm_mr-12-nan]
FAILED tests/gpu/test_exl3_mr.py::test_padded_rows_in_capture[K3-down-exl3_gemm_mr-12-inf]
FAILED tests/gpu/test_exl3_mr.py::test_padded_rows_in_capture[K3-down-exl3_gemm_mr-12-big]
FAILED tests/gpu/test_exl3_mr.py::test_padded_rows_in_capture[K3-down-exl3_gemm_mr-16-nan]
FAILED tests/gpu/test_exl3_mr.py::test_padded_rows_in_capture[K3-down-exl3_gemm_mr-16-inf]
FAILED tests/gpu/test_exl3_mr.py::test_padded_rows_in_capture[K3-down-exl3_gemm_mr-16-big]
FAILED tests/gpu/test_exl3_mr.py::test_padded_rows_in_capture[K4-mtp-up-exl3_gemm-9-nan]
FAILED tests/gpu/test_exl3_mr.py::test_padded_rows_in_capture[K4-mtp-up-exl3_gemm-9-inf]
FAILED tests/gpu/test_exl3_mr.py::test_padded_rows_in_capture[K4-mtp-up-exl3_gemm-9-big]
FAILED tests/gpu/test_exl3_mr.py::test_padded_rows_in_capture[K4-mtp-up-exl3_gemm-12-nan]
FAILED tests/gpu/test_exl3_mr.py::test_padded_rows_in_capture[K4-mtp-up-exl3_gemm-12-inf]
FAILED tests/gpu/test_exl3_mr.py::test_padded_rows_in_capture[K4-mtp-up-exl3_gemm-12-big]
FAILED tests/gpu/test_exl3_mr.py::test_padded_rows_in_capture[K4-mtp-up-exl3_gemm-16-nan]
FAILED tests/gpu/test_exl3_mr.py::test_padded_rows_in_capture[K4-mtp-up-exl3_gemm-16-inf]
FAILED tests/gpu/test_exl3_mr.py::test_padded_rows_in_capture[K4-mtp-up-exl3_gemm-16-big]
FAILED tests/gpu/test_exl3_mr.py::test_padded_rows_in_capture[K4-mtp-up-exl3_gemm_mr-9-nan]
FAILED tests/gpu/test_exl3_mr.py::test_padded_rows_in_capture[K4-mtp-up-exl3_gemm_mr-9-inf]
FAILED tests/gpu/test_exl3_mr.py::test_padded_rows_in_capture[K4-mtp-up-exl3_gemm_mr-9-big]
FAILED tests/gpu/test_exl3_mr.py::test_padded_rows_in_capture[K4-mtp-up-exl3_gemm_mr-12-nan]
FAILED tests/gpu/test_exl3_mr.py::test_padded_rows_in_capture[K4-mtp-up-exl3_gemm_mr-12-inf]
FAILED tests/gpu/test_exl3_mr.py::test_padded_rows_in_capture[K4-mtp-up-exl3_gemm_mr-12-big]
FAILED tests/gpu/test_exl3_mr.py::test_padded_rows_in_capture[K4-mtp-up-exl3_gemm_mr-16-nan]
FAILED tests/gpu/test_exl3_mr.py::test_padded_rows_in_capture[K4-mtp-up-exl3_gemm_mr-16-inf]
FAILED tests/gpu/test_exl3_mr.py::test_padded_rows_in_capture[K4-mtp-up-exl3_gemm_mr-16-big]
FAILED tests/gpu/test_exl3_mr.py::test_padded_rows_in_capture[K5-kproj-exl3_gemm-9-nan]
FAILED tests/gpu/test_exl3_mr.py::test_padded_rows_in_capture[K5-kproj-exl3_gemm-9-inf]
FAILED tests/gpu/test_exl3_mr.py::test_padded_rows_in_capture[K5-kproj-exl3_gemm-9-big]
FAILED tests/gpu/test_exl3_mr.py::test_padded_rows_in_capture[K5-kproj-exl3_gemm-12-nan]
FAILED tests/gpu/test_exl3_mr.py::test_padded_rows_in_capture[K5-kproj-exl3_gemm-12-inf]
FAILED tests/gpu/test_exl3_mr.py::test_padded_rows_in_capture[K5-kproj-exl3_gemm-12-big]
FAILED tests/gpu/test_exl3_mr.py::test_padded_rows_in_capture[K5-kproj-exl3_gemm-16-nan]
FAILED tests/gpu/test_exl3_mr.py::test_padded_rows_in_capture[K5-kproj-exl3_gemm-16-inf]
FAILED tests/gpu/test_exl3_mr.py::test_padded_rows_in_capture[K5-kproj-exl3_gemm-16-big]
FAILED tests/gpu/test_exl3_mr.py::test_padded_rows_in_capture[K5-kproj-exl3_gemm_mr-9-nan]
FAILED tests/gpu/test_exl3_mr.py::test_padded_rows_in_capture[K5-kproj-exl3_gemm_mr-9-inf]
FAILED tests/gpu/test_exl3_mr.py::test_padded_rows_in_capture[K5-kproj-exl3_gemm_mr-9-big]
FAILED tests/gpu/test_exl3_mr.py::test_padded_rows_in_capture[K5-kproj-exl3_gemm_mr-12-nan]
FAILED tests/gpu/test_exl3_mr.py::test_padded_rows_in_capture[K5-kproj-exl3_gemm_mr-12-inf]
FAILED tests/gpu/test_exl3_mr.py::test_padded_rows_in_capture[K5-kproj-exl3_gemm_mr-12-big]
FAILED tests/gpu/test_exl3_mr.py::test_padded_rows_in_capture[K5-kproj-exl3_gemm_mr-16-nan]
FAILED tests/gpu/test_exl3_mr.py::test_padded_rows_in_capture[K5-kproj-exl3_gemm_mr-16-inf]
FAILED tests/gpu/test_exl3_mr.py::test_padded_rows_in_capture[K5-kproj-exl3_gemm_mr-16-big]
FAILED tests/gpu/test_exl3_mr.py::test_draft_head_fp8[1] - torch.OutOfMemoryE...
FAILED tests/gpu/test_exl3_mr.py::test_draft_head_fp8[4] - torch.OutOfMemoryE...
FAILED tests/gpu/test_exl3_mr.py::test_draft_head_fp8[8] - torch.OutOfMemoryE...
340 failed, 398 passed, 373 skipped, 14 warnings in 98.46s (0:01:38)
