type	rows	K	main	mtp	n	variant	is_route	us	GBps	eff	graph_exact	note
IQ1_M	17408	5120	1	0	1	stock_mmvq	0	54.89	355	0.422	1	
IQ1_M	17408	5120	1	0	1	lcpp_mmvq	1	50.05	390	0.463	1	
IQ1_M	17408	5120	1	0	2	stock_mmvq	0	97.97	199	0.236	1	
IQ1_M	17408	5120	1	0	2	lcpp_mmvq	1	58.80	332	0.394	1	
IQ1_M	17408	5120	1	0	4	stock_mmvq	0	198.12	98	0.117	1	
IQ1_M	17408	5120	1	0	4	lcpp_mmvq	1	82.35	237	0.281	1	
IQ1_M	17408	5120	1	0	6	stock_mmvq	0	295.63	66	0.078	1	
IQ1_M	17408	5120	1	0	6	lcpp_mmvq	1	107.60	181	0.215	1	
IQ1_M	17408	5120	1	0	8	stock_mmvq	0	388.84	50	0.060	1	
IQ1_M	17408	5120	1	0	8	lcpp_mmvq	1	125.93	155	0.184	1	
IQ1_M	17408	5120	1	0	12	stock_mmvq	0	584.66	33	0.040	1	
IQ1_M	17408	5120	1	0	12	lcpp_mmvq_chunked8	1	207.26	94	0.112	1	
IQ1_M	17408	5120	1	0	16	stock_mmvq	0	780.10	25	0.030	1	
IQ1_M	17408	5120	1	0	16	stock_dq	0	498.30	39	0.046	1	
IQ1_M	17408	5120	1	0	16	lcpp_mmvq_chunked8	1	240.33	81	0.096	1	
IQ1_M	17408	5120	1	0	24	stock_dq	0	509.11	38	0.045	1	
IQ1_M	17408	5120	1	0	24	lcpp_mmvq_chunked8	1	359.47	54	0.064	1	
IQ1_M	17408	5120	1	0	32	stock_dq	0	535.91	36	0.043	1	
IQ1_M	17408	5120	1	0	32	lcpp_mmvq_chunked8	1	475.79	41	0.049	1	
IQ1_M	17408	5120	1	0	48	stock_dq	1	598.22	33	0.039	1	
IQ1_M	17408	5120	1	0	64	stock_dq	1	589.57	33	0.039	1	
IQ1_M	17408	5120	1	0	128	stock_dq	1	632.29	31	0.037	1	
IQ2_S	1024	5120	1	0	1	stock_mmvq	0	8.88	189	0.225	1	
IQ2_S	1024	5120	1	0	1	lcpp_mmvq	1	9.11	184	0.219	1	
IQ2_S	1024	5120	1	0	1	lcpp_mmq	0	14.98	112	0.133	1	
IQ2_S	1024	5120	1	0	1	own_vec	0	9.96	169	0.200	1	
IQ2_S	1024	5120	1	0	1	mma_k	0	12.34	136	0.162	1	
IQ2_S	1024	5120	1	0	2	stock_mmvq	0	12.19	138	0.164	1	
IQ2_S	1024	5120	1	0	2	lcpp_mmvq	1	9.52	176	0.210	1	
IQ2_S	1024	5120	1	0	2	lcpp_mmq	0	14.51	116	0.137	1	
IQ2_S	1024	5120	1	0	2	own_vec	0	15.56	108	0.128	1	
IQ2_S	1024	5120	1	0	2	mma_k	0	12.31	136	0.162	1	
IQ2_S	1024	5120	1	0	4	stock_mmvq	0	17.28	97	0.115	1	
IQ2_S	1024	5120	1	0	4	lcpp_mmvq	1	10.52	160	0.190	1	
IQ2_S	1024	5120	1	0	4	lcpp_mmq	0	14.41	117	0.138	1	
IQ2_S	1024	5120	1	0	4	own_vec	0	11.55	145	0.173	1	
IQ2_S	1024	5120	1	0	4	mma_k	0	12.13	138	0.165	1	
IQ2_S	1024	5120	1	0	6	stock_mmvq	0	23.14	73	0.086	1	
IQ2_S	1024	5120	1	0	6	lcpp_mmvq	1	12.70	132	0.157	1	
IQ2_S	1024	5120	1	0	6	lcpp_mmq	0	14.56	115	0.137	1	
IQ2_S	1024	5120	1	0	6	own_vec	0	15.49	108	0.129	1	
IQ2_S	1024	5120	1	0	6	mma_k	0	13.62	123	0.146	1	
IQ2_S	1024	5120	1	0	8	stock_mmvq	0	29.16	58	0.068	1	
IQ2_S	1024	5120	1	0	8	lcpp_mmvq	0	13.88	121	0.144	1	
IQ2_S	1024	5120	1	0	8	lcpp_mmq	1	14.57	115	0.137	1	
IQ2_S	1024	5120	1	0	8	own_vec	0	15.54	108	0.128	1	
IQ2_S	1024	5120	1	0	8	mma_k	0	13.64	123	0.146	1	
IQ2_S	1024	5120	1	0	12	stock_mmvq	0	40.86	41	0.049	1	
IQ2_S	1024	5120	1	0	12	lcpp_mmq	1	15.72	107	0.127	1	
IQ2_S	1024	5120	1	0	12	mma_k	0	15.15	111	0.132	1	
IQ2_S	1024	5120	1	0	16	stock_mmvq	0	52.71	32	0.038	1	
IQ2_S	1024	5120	1	0	16	stock_dq	0	43.03	39	0.046	1	
IQ2_S	1024	5120	1	0	16	lcpp_mmq	1	16.25	103	0.123	1	
IQ2_S	1024	5120	1	0	16	mma_k	0	16.84	100	0.118	1	
IQ2_S	1024	5120	1	0	24	stock_dq	0	67.28	25	0.030	1	
IQ2_S	1024	5120	1	0	24	lcpp_mmq	1	17.20	98	0.116	1	
IQ2_S	1024	5120	1	0	24	mma_k	0	21.76	77	0.092	1	
IQ2_S	1024	5120	1	0	32	stock_dq	0	66.84	25	0.030	1	
IQ2_S	1024	5120	1	0	32	lcpp_mmq	1	18.53	91	0.108	1	
IQ2_S	1024	5120	1	0	32	mma_k	0	24.63	68	0.081	1	
IQ2_S	1024	5120	1	0	48	stock_dq	0	43.39	39	0.046	1	
IQ2_S	1024	5120	1	0	48	lcpp_mmq	1	21.14	79	0.094	1	
IQ2_S	1024	5120	1	0	48	mma_k	0	36.12	46	0.055	1	
IQ2_S	1024	5120	1	0	64	stock_dq	0	39.16	43	0.051	1	
IQ2_S	1024	5120	1	0	64	lcpp_mmq	1	26.16	64	0.076	1	
IQ2_S	1024	5120	1	0	64	mma_k	0	42.24	40	0.047	1	
IQ2_S	1024	5120	1	0	128	stock_dq	0	43.85	38	0.045	1	
IQ2_S	1024	5120	1	0	128	lcpp_mmq	1	53.68	31	0.037	1	
IQ2_S	1024	5120	1	0	128	mma_k_chunked64	0	85.99	20	0.023	1	
IQ2_S	5120	17408	4	0	1	stock_mmvq	0	59.60	479	0.569	1	
IQ2_S	5120	17408	4	0	1	lcpp_mmvq	0	51.45	555	0.659	1	
IQ2_S	5120	17408	4	0	1	lcpp_mmq	0	99.99	286	0.339	1	
IQ2_S	5120	17408	4	0	1	own_vec	1	43.26	660	0.784	1	
IQ2_S	5120	17408	4	0	1	mma_k	0	82.27	347	0.412	1	
IQ2_S	5120	17408	4	0	2	stock_mmvq	0	121.01	236	0.280	1	
IQ2_S	5120	17408	4	0	2	lcpp_mmvq	0	59.83	477	0.567	1	
IQ2_S	5120	17408	4	0	2	lcpp_mmq	0	107.32	266	0.316	1	
IQ2_S	5120	17408	4	0	2	own_vec	1	56.40	506	0.601	1	
IQ2_S	5120	17408	4	0	2	mma_k	0	82.02	348	0.413	1	
IQ2_S	5120	17408	4	0	4	stock_mmvq	0	230.06	124	0.147	1	
IQ2_S	5120	17408	4	0	4	lcpp_mmvq	0	86.04	332	0.394	1	
IQ2_S	5120	17408	4	0	4	lcpp_mmq	0	110.05	259	0.308	1	
IQ2_S	5120	17408	4	0	4	own_vec	1	56.42	506	0.601	1	
IQ2_S	5120	17408	4	0	4	mma_k	0	83.78	341	0.405	1	
IQ2_S	5120	17408	4	0	6	stock_mmvq	0	351.12	81	0.097	1	
IQ2_S	5120	17408	4	0	6	lcpp_mmvq	0	112.67	253	0.301	1	
IQ2_S	5120	17408	4	0	6	lcpp_mmq	0	110.13	259	0.308	1	
IQ2_S	5120	17408	4	0	6	own_vec	1	79.33	360	0.428	1	
IQ2_S	5120	17408	4	0	6	mma_k	0	84.92	336	0.399	1	
IQ2_S	5120	17408	4	0	8	stock_mmvq	0	460.79	62	0.074	1	
IQ2_S	5120	17408	4	0	8	lcpp_mmvq	0	135.48	211	0.250	1	
IQ2_S	5120	17408	4	0	8	lcpp_mmq	0	110.30	259	0.307	1	
IQ2_S	5120	17408	4	0	8	own_vec	1	88.42	323	0.384	1	
IQ2_S	5120	17408	4	0	8	mma_k	0	86.26	331	0.393	1	
IQ2_S	5120	17408	4	0	12	stock_mmvq	0	703.06	41	0.048	1	
IQ2_S	5120	17408	4	0	12	lcpp_mmq	0	121.22	236	0.280	1	
IQ2_S	5120	17408	4	0	12	mma_k	1	87.37	327	0.388	1	
IQ2_S	5120	17408	4	0	16	stock_mmvq	0	958.02	30	0.035	1	
IQ2_S	5120	17408	4	0	16	stock_dq	0	549.42	52	0.062	1	
IQ2_S	5120	17408	4	0	16	lcpp_mmq	0	112.05	255	0.303	1	
IQ2_S	5120	17408	4	0	16	mma_k	1	86.27	331	0.393	1	
IQ2_S	5120	17408	4	0	24	stock_dq	0	554.14	52	0.061	1	
IQ2_S	5120	17408	4	0	24	lcpp_mmq	0	123.95	230	0.274	1	
IQ2_S	5120	17408	4	0	24	mma_k	1	115.35	247	0.294	1	
IQ2_S	5120	17408	4	0	32	stock_dq	0	552.14	52	0.061	1	
IQ2_S	5120	17408	4	0	32	lcpp_mmq	0	139.96	204	0.242	1	
IQ2_S	5120	17408	4	0	32	mma_k	1	115.34	248	0.294	1	
IQ2_S	5120	17408	4	0	48	stock_dq	0	588.90	48	0.058	1	
IQ2_S	5120	17408	4	0	48	lcpp_mmq	1	156.66	182	0.216	1	
IQ2_S	5120	17408	4	0	48	mma_k	0	191.08	149	0.177	1	
IQ2_S	5120	17408	4	0	64	stock_dq	0	558.05	51	0.061	1	
IQ2_S	5120	17408	4	0	64	lcpp_mmq	1	190.31	150	0.178	1	
IQ2_S	5120	17408	4	0	64	mma_k	0	200.04	143	0.170	1	
IQ2_S	5120	17408	4	0	128	stock_dq	0	663.99	43	0.051	1	
IQ2_S	5120	17408	4	0	128	lcpp_mmq	1	300.01	95	0.113	1	
IQ2_S	5120	17408	4	0	128	mma_k_chunked64	0	405.02	70	0.084	1	
IQ2_S	6144	5120	2	0	1	stock_mmvq	0	28.65	352	0.418	1	
IQ2_S	6144	5120	2	0	1	lcpp_mmvq	0	25.01	403	0.479	1	
IQ2_S	6144	5120	2	0	1	lcpp_mmq	0	42.72	236	0.280	1	
IQ2_S	6144	5120	2	0	1	own_vec	1	19.93	505	0.600	1	
IQ2_S	6144	5120	2	0	1	mma_k	0	34.69	290	0.345	1	
IQ2_S	6144	5120	2	0	2	stock_mmvq	0	45.77	220	0.262	1	
IQ2_S	6144	5120	2	0	2	lcpp_mmvq	0	27.32	369	0.438	1	
IQ2_S	6144	5120	2	0	2	lcpp_mmq	0	41.98	240	0.285	1	
IQ2_S	6144	5120	2	0	2	own_vec	1	22.42	449	0.534	1	
IQ2_S	6144	5120	2	0	2	mma_k	0	34.94	288	0.343	1	
IQ2_S	6144	5120	2	0	4	stock_mmvq	0	84.12	120	0.142	1	
IQ2_S	6144	5120	2	0	4	lcpp_mmvq	0	35.46	284	0.338	1	
IQ2_S	6144	5120	2	0	4	lcpp_mmq	0	44.13	228	0.271	1	
IQ2_S	6144	5120	2	0	4	own_vec	1	29.11	346	0.411	1	
IQ2_S	6144	5120	2	0	4	mma_k	0	35.60	283	0.336	1	
IQ2_S	6144	5120	2	0	6	stock_mmvq	0	125.62	80	0.095	1	
IQ2_S	6144	5120	2	0	6	lcpp_mmvq	0	43.90	230	0.273	1	
IQ2_S	6144	5120	2	0	6	lcpp_mmq	0	45.67	221	0.262	1	
IQ2_S	6144	5120	2	0	6	own_vec	1	38.78	260	0.309	1	
IQ2_S	6144	5120	2	0	6	mma_k	0	37.02	272	0.323	1	
IQ2_S	6144	5120	2	0	8	stock_mmvq	0	163.97	61	0.073	1	
IQ2_S	6144	5120	2	0	8	lcpp_mmvq	0	53.27	189	0.225	1	
IQ2_S	6144	5120	2	0	8	lcpp_mmq	0	45.44	222	0.263	1	
IQ2_S	6144	5120	2	0	8	own_vec	1	39.29	256	0.305	1	
IQ2_S	6144	5120	2	0	8	mma_k	0	37.14	271	0.322	1	
IQ2_S	6144	5120	2	0	12	stock_mmvq	0	246.19	41	0.049	1	
IQ2_S	6144	5120	2	0	12	lcpp_mmq	0	50.71	199	0.236	1	
IQ2_S	6144	5120	2	0	12	mma_k	1	39.65	254	0.302	1	
IQ2_S	6144	5120	2	0	16	stock_mmvq	0	332.65	30	0.036	1	
IQ2_S	6144	5120	2	0	16	stock_dq	0	206.87	49	0.058	1	
IQ2_S	6144	5120	2	0	16	lcpp_mmq	0	47.64	211	0.251	1	
IQ2_S	6144	5120	2	0	16	mma_k	1	38.48	262	0.311	1	
IQ2_S	6144	5120	2	0	24	stock_dq	0	209.10	48	0.057	1	
IQ2_S	6144	5120	2	0	24	lcpp_mmq	0	51.45	196	0.233	1	
IQ2_S	6144	5120	2	0	24	mma_k	1	48.31	209	0.248	1	
IQ2_S	6144	5120	2	0	32	stock_dq	0	211.73	48	0.057	1	
IQ2_S	6144	5120	2	0	32	lcpp_mmq	0	57.78	174	0.207	1	
IQ2_S	6144	5120	2	0	32	mma_k	1	50.78	198	0.236	1	
IQ2_S	6144	5120	2	0	48	stock_dq	0	211.76	48	0.057	1	
IQ2_S	6144	5120	2	0	48	lcpp_mmq	1	65.97	153	0.181	1	
IQ2_S	6144	5120	2	0	48	mma_k	0	75.39	134	0.159	1	
IQ2_S	6144	5120	2	0	64	stock_dq	0	215.40	47	0.056	1	
IQ2_S	6144	5120	2	0	64	lcpp_mmq	1	81.05	124	0.148	1	
IQ2_S	6144	5120	2	0	64	mma_k	0	81.02	124	0.148	1	
IQ2_S	6144	5120	2	0	128	stock_dq	0	256.38	39	0.047	1	
IQ2_S	6144	5120	2	0	128	lcpp_mmq	1	132.89	76	0.090	1	
IQ2_S	6144	5120	2	0	128	mma_k_chunked64	0	165.12	61	0.072	1	
IQ2_S	17408	5120	9	0	1	stock_mmvq	0	59.90	477	0.566	1	
IQ2_S	17408	5120	9	0	1	lcpp_mmvq	0	55.65	513	0.609	1	
IQ2_S	17408	5120	9	0	1	lcpp_mmq	0	105.60	270	0.321	1	
IQ2_S	17408	5120	9	0	1	own_vec	1	43.41	658	0.781	1	
IQ2_S	17408	5120	9	0	1	mma_k	0	83.40	342	0.407	1	
IQ2_S	17408	5120	9	0	2	stock_mmvq	0	121.90	234	0.278	1	
IQ2_S	17408	5120	9	0	2	lcpp_mmvq	0	67.86	421	0.500	1	
IQ2_S	17408	5120	9	0	2	lcpp_mmq	0	108.90	262	0.311	1	
IQ2_S	17408	5120	9	0	2	own_vec	1	49.86	573	0.680	1	
IQ2_S	17408	5120	9	0	2	mma_k	0	83.89	340	0.404	1	
IQ2_S	17408	5120	9	0	4	stock_mmvq	0	237.08	120	0.143	1	
IQ2_S	17408	5120	9	0	4	lcpp_mmvq	0	94.52	302	0.359	1	
IQ2_S	17408	5120	9	0	4	lcpp_mmq	0	108.05	264	0.314	1	
IQ2_S	17408	5120	9	0	4	own_vec	1	60.29	474	0.563	1	
IQ2_S	17408	5120	9	0	4	mma_k	0	84.51	338	0.401	1	
IQ2_S	17408	5120	9	0	6	stock_mmvq	0	357.52	80	0.095	1	
IQ2_S	17408	5120	9	0	6	lcpp_mmvq	0	116.86	244	0.290	1	
IQ2_S	17408	5120	9	0	6	lcpp_mmq	0	108.26	264	0.313	1	
IQ2_S	17408	5120	9	0	6	own_vec	1	79.85	358	0.425	1	
IQ2_S	17408	5120	9	0	6	mma_k	0	84.12	339	0.403	1	
IQ2_S	17408	5120	9	0	8	stock_mmvq	0	472.14	60	0.072	1	
IQ2_S	17408	5120	9	0	8	lcpp_mmvq	0	139.13	205	0.244	1	
IQ2_S	17408	5120	9	0	8	lcpp_mmq	0	108.52	263	0.313	1	
IQ2_S	17408	5120	9	0	8	own_vec	1	91.24	313	0.372	1	
IQ2_S	17408	5120	9	0	8	mma_k	0	85.35	335	0.397	1	
IQ2_S	17408	5120	9	0	12	stock_mmvq	0	714.67	40	0.047	1	
IQ2_S	17408	5120	9	0	12	lcpp_mmq	0	119.96	238	0.283	1	
IQ2_S	17408	5120	9	0	12	mma_k	1	88.29	323	0.384	1	
IQ2_S	17408	5120	9	0	16	stock_mmvq	0	968.12	29	0.035	1	
IQ2_S	17408	5120	9	0	16	stock_dq	0	558.72	51	0.061	1	
IQ2_S	17408	5120	9	0	16	lcpp_mmq	0	111.02	257	0.305	1	
IQ2_S	17408	5120	9	0	16	mma_k	1	85.98	332	0.394	1	
IQ2_S	17408	5120	9	0	24	stock_dq	0	565.34	50	0.060	1	
IQ2_S	17408	5120	9	0	24	lcpp_mmq	0	123.39	231	0.275	1	
IQ2_S	17408	5120	9	0	24	mma_k	1	111.69	256	0.304	1	
IQ2_S	17408	5120	9	0	32	stock_dq	0	625.89	46	0.054	1	
IQ2_S	17408	5120	9	0	32	lcpp_mmq	0	138.60	206	0.245	1	
IQ2_S	17408	5120	9	0	32	mma_k	1	109.74	260	0.309	1	
IQ2_S	17408	5120	9	0	48	stock_dq	0	634.95	45	0.053	1	
IQ2_S	17408	5120	9	0	48	lcpp_mmq	1	158.72	180	0.214	1	
IQ2_S	17408	5120	9	0	48	mma_k	0	191.56	149	0.177	1	
IQ2_S	17408	5120	9	0	64	stock_dq	0	648.50	44	0.052	1	
IQ2_S	17408	5120	9	0	64	lcpp_mmq	1	192.26	148	0.176	1	
IQ2_S	17408	5120	9	0	64	mma_k	0	198.84	144	0.171	1	
IQ2_S	17408	5120	9	0	128	stock_dq	0	713.83	40	0.048	1	
IQ2_S	17408	5120	9	0	128	lcpp_mmq	1	304.74	94	0.111	1	
IQ2_S	17408	5120	9	0	128	mma_k_chunked64	0	409.04	70	0.083	1	
IQ2_XS	5120	17408	3	0	1	stock_mmvq	0	93.34	276	0.328	1	
IQ2_XS	5120	17408	3	0	1	lcpp_mmvq	1	47.25	545	0.648	1	
IQ2_XS	5120	17408	3	0	1	lcpp_mmq	0	104.50	247	0.293	1	
IQ2_XS	5120	17408	3	0	2	stock_mmvq	0	186.98	138	0.164	1	
IQ2_XS	5120	17408	3	0	2	lcpp_mmvq	1	57.45	448	0.533	1	
IQ2_XS	5120	17408	3	0	2	lcpp_mmq	0	106.21	243	0.288	1	
IQ2_XS	5120	17408	3	0	4	stock_mmvq	0	364.46	71	0.084	1	
IQ2_XS	5120	17408	3	0	4	lcpp_mmvq	1	82.58	312	0.371	1	
IQ2_XS	5120	17408	3	0	4	lcpp_mmq	0	106.27	242	0.288	1	
IQ2_XS	5120	17408	3	0	6	stock_mmvq	0	545.75	47	0.056	1	
IQ2_XS	5120	17408	3	0	6	lcpp_mmvq	1	108.44	238	0.282	1	
IQ2_XS	5120	17408	3	0	6	lcpp_mmq	0	108.31	238	0.283	1	
IQ2_XS	5120	17408	3	0	8	stock_mmvq	0	726.21	35	0.042	1	
IQ2_XS	5120	17408	3	0	8	lcpp_mmvq	0	133.35	193	0.230	1	
IQ2_XS	5120	17408	3	0	8	lcpp_mmq	1	108.13	238	0.283	1	
IQ2_XS	5120	17408	3	0	12	stock_mmvq	0	1103.58	23	0.028	1	
IQ2_XS	5120	17408	3	0	12	lcpp_mmq	1	124.06	208	0.247	1	
IQ2_XS	5120	17408	3	0	16	stock_mmvq	0	1476.66	17	0.021	1	
IQ2_XS	5120	17408	3	0	16	stock_dq	0	524.00	49	0.058	1	
IQ2_XS	5120	17408	3	0	16	lcpp_mmq	1	115.00	224	0.266	1	
IQ2_XS	5120	17408	3	0	24	stock_dq	0	516.08	50	0.059	1	
IQ2_XS	5120	17408	3	0	24	lcpp_mmq	1	129.74	199	0.236	1	
IQ2_XS	5120	17408	3	0	32	stock_dq	0	517.03	50	0.059	1	
IQ2_XS	5120	17408	3	0	32	lcpp_mmq	1	144.48	178	0.212	1	
IQ2_XS	5120	17408	3	0	48	stock_dq	0	559.63	46	0.055	1	
IQ2_XS	5120	17408	3	0	48	lcpp_mmq	1	167.37	154	0.183	1	
IQ2_XS	5120	17408	3	0	64	stock_dq	0	527.45	49	0.058	1	
IQ2_XS	5120	17408	3	0	64	lcpp_mmq	1	193.89	133	0.158	1	
IQ2_XS	5120	17408	3	0	128	stock_dq	0	620.83	41	0.049	1	
IQ2_XS	5120	17408	3	0	128	lcpp_mmq	1	305.08	84	0.100	1	
IQ2_XS	10240	5120	1	0	1	stock_mmvq	0	59.44	255	0.303	1	
IQ2_XS	10240	5120	1	0	1	lcpp_mmvq	1	33.02	459	0.545	1	
IQ2_XS	10240	5120	1	0	1	lcpp_mmq	0	60.11	252	0.300	1	
IQ2_XS	10240	5120	1	0	2	stock_mmvq	0	109.13	139	0.165	1	
IQ2_XS	10240	5120	1	0	2	lcpp_mmvq	1	41.22	368	0.437	1	
IQ2_XS	10240	5120	1	0	2	lcpp_mmq	0	64.15	236	0.281	1	
IQ2_XS	10240	5120	1	0	4	stock_mmvq	0	214.73	71	0.084	1	
IQ2_XS	10240	5120	1	0	4	lcpp_mmvq	1	57.47	264	0.313	1	
IQ2_XS	10240	5120	1	0	4	lcpp_mmq	0	64.92	233	0.277	1	
IQ2_XS	10240	5120	1	0	6	stock_mmvq	0	321.35	47	0.056	1	
IQ2_XS	10240	5120	1	0	6	lcpp_mmvq	1	70.57	215	0.255	1	
IQ2_XS	10240	5120	1	0	6	lcpp_mmq	0	66.23	229	0.272	1	
IQ2_XS	10240	5120	1	0	8	stock_mmvq	0	428.68	35	0.042	1	
IQ2_XS	10240	5120	1	0	8	lcpp_mmvq	0	79.84	190	0.225	1	
IQ2_XS	10240	5120	1	0	8	lcpp_mmq	1	67.53	224	0.267	1	
IQ2_XS	10240	5120	1	0	12	stock_mmvq	0	641.20	24	0.028	1	
IQ2_XS	10240	5120	1	0	12	lcpp_mmq	1	76.93	197	0.234	1	
IQ2_XS	10240	5120	1	0	16	stock_mmvq	0	867.07	17	0.021	1	
IQ2_XS	10240	5120	1	0	16	stock_dq	0	313.63	48	0.057	1	
IQ2_XS	10240	5120	1	0	16	lcpp_mmq	1	70.48	215	0.255	1	
IQ2_XS	10240	5120	1	0	24	stock_dq	0	317.91	48	0.057	1	
IQ2_XS	10240	5120	1	0	24	lcpp_mmq	1	76.54	198	0.235	1	
IQ2_XS	10240	5120	1	0	32	stock_dq	0	309.91	49	0.058	1	
IQ2_XS	10240	5120	1	0	32	lcpp_mmq	1	85.34	178	0.211	1	
IQ2_XS	10240	5120	1	0	48	stock_dq	0	309.84	49	0.058	1	
IQ2_XS	10240	5120	1	0	48	lcpp_mmq	1	97.77	155	0.184	1	
IQ2_XS	10240	5120	1	0	64	stock_dq	0	311.37	49	0.058	1	
IQ2_XS	10240	5120	1	0	64	lcpp_mmq	1	111.92	135	0.161	1	
IQ2_XS	10240	5120	1	0	128	stock_dq	0	372.01	41	0.048	1	
IQ2_XS	10240	5120	1	0	128	lcpp_mmq	1	172.42	88	0.104	1	
IQ2_XS	17408	5120	5	0	1	stock_mmvq	0	92.26	279	0.332	1	
IQ2_XS	17408	5120	5	0	1	lcpp_mmvq	1	52.12	494	0.587	1	
IQ2_XS	17408	5120	5	0	1	lcpp_mmq	0	104.60	246	0.293	1	
IQ2_XS	17408	5120	5	0	2	stock_mmvq	0	184.83	139	0.166	1	
IQ2_XS	17408	5120	5	0	2	lcpp_mmvq	1	66.87	385	0.458	1	
IQ2_XS	17408	5120	5	0	2	lcpp_mmq	0	105.52	244	0.290	1	
IQ2_XS	17408	5120	5	0	4	stock_mmvq	0	367.44	70	0.083	1	
IQ2_XS	17408	5120	5	0	4	lcpp_mmvq	1	91.16	283	0.336	1	
IQ2_XS	17408	5120	5	0	4	lcpp_mmq	0	106.67	242	0.287	1	
IQ2_XS	17408	5120	5	0	6	stock_mmvq	0	549.94	47	0.056	1	
IQ2_XS	17408	5120	5	0	6	lcpp_mmvq	1	112.87	228	0.271	1	
IQ2_XS	17408	5120	5	0	6	lcpp_mmq	0	104.76	246	0.292	1	
IQ2_XS	17408	5120	5	0	8	stock_mmvq	0	730.20	35	0.042	1	
IQ2_XS	17408	5120	5	0	8	lcpp_mmvq	0	129.77	199	0.236	1	
IQ2_XS	17408	5120	5	0	8	lcpp_mmq	1	107.29	240	0.285	1	
IQ2_XS	17408	5120	5	0	12	stock_mmvq	0	1108.26	23	0.028	1	
IQ2_XS	17408	5120	5	0	12	lcpp_mmq	1	122.83	210	0.249	1	
IQ2_XS	17408	5120	5	0	16	stock_mmvq	0	1496.45	17	0.020	1	
IQ2_XS	17408	5120	5	0	16	stock_dq	0	533.96	48	0.057	1	
IQ2_XS	17408	5120	5	0	16	lcpp_mmq	1	113.64	227	0.269	1	
IQ2_XS	17408	5120	5	0	24	stock_dq	0	538.52	48	0.057	1	
IQ2_XS	17408	5120	5	0	24	lcpp_mmq	1	125.64	205	0.244	1	
IQ2_XS	17408	5120	5	0	32	stock_dq	0	599.53	43	0.051	1	
IQ2_XS	17408	5120	5	0	32	lcpp_mmq	1	138.60	186	0.221	1	
IQ2_XS	17408	5120	5	0	48	stock_dq	0	605.38	43	0.051	1	
IQ2_XS	17408	5120	5	0	48	lcpp_mmq	1	158.95	162	0.193	1	
IQ2_XS	17408	5120	5	0	64	stock_dq	0	618.98	42	0.049	1	
IQ2_XS	17408	5120	5	0	64	lcpp_mmq	1	186.83	138	0.164	1	
IQ2_XS	17408	5120	5	0	128	stock_dq	0	684.24	38	0.045	1	
IQ2_XS	17408	5120	5	0	128	lcpp_mmq	1	307.07	84	0.100	1	
IQ2_XXS	10240	5120	1	0	1	stock_mmvq	0	55.19	245	0.291	1	
IQ2_XXS	10240	5120	1	0	1	lcpp_mmvq	1	32.67	414	0.492	1	
IQ2_XXS	10240	5120	1	0	1	lcpp_mmq	0	53.27	254	0.301	1	
IQ2_XXS	10240	5120	1	0	2	stock_mmvq	0	99.40	136	0.162	1	
IQ2_XXS	10240	5120	1	0	2	lcpp_mmvq	1	35.99	376	0.446	1	
IQ2_XXS	10240	5120	1	0	2	lcpp_mmq	0	56.88	238	0.282	1	
IQ2_XXS	10240	5120	1	0	4	stock_mmvq	0	201.86	67	0.080	1	
IQ2_XXS	10240	5120	1	0	4	lcpp_mmvq	1	58.39	231	0.275	1	
IQ2_XXS	10240	5120	1	0	4	lcpp_mmq	0	59.11	229	0.272	1	
IQ2_XXS	10240	5120	1	0	6	stock_mmvq	0	303.87	44	0.053	1	
IQ2_XXS	10240	5120	1	0	6	lcpp_mmvq	1	66.10	204	0.243	1	
IQ2_XXS	10240	5120	1	0	6	lcpp_mmq	0	58.80	230	0.273	1	
IQ2_XXS	10240	5120	1	0	8	stock_mmvq	0	402.33	34	0.040	1	
IQ2_XXS	10240	5120	1	0	8	lcpp_mmvq	0	78.23	173	0.205	1	
IQ2_XXS	10240	5120	1	0	8	lcpp_mmq	1	58.16	232	0.276	1	
IQ2_XXS	10240	5120	1	0	12	stock_mmvq	0	598.49	23	0.027	1	
IQ2_XXS	10240	5120	1	0	12	lcpp_mmq	1	64.92	208	0.247	1	
IQ2_XXS	10240	5120	1	0	16	stock_mmvq	0	812.95	17	0.020	1	
IQ2_XXS	10240	5120	1	0	16	stock_dq	0	303.41	45	0.053	1	
IQ2_XXS	10240	5120	1	0	16	lcpp_mmq	1	59.69	226	0.269	1	
IQ2_XXS	10240	5120	1	0	24	stock_dq	0	309.04	44	0.052	1	
IQ2_XXS	10240	5120	1	0	24	lcpp_mmq	1	66.79	202	0.240	1	
IQ2_XXS	10240	5120	1	0	32	stock_dq	0	300.70	45	0.053	1	
IQ2_XXS	10240	5120	1	0	32	lcpp_mmq	1	72.01	188	0.223	1	
IQ2_XXS	10240	5120	1	0	48	stock_dq	0	302.00	45	0.053	1	
IQ2_XXS	10240	5120	1	0	48	lcpp_mmq	1	78.11	173	0.206	1	
IQ2_XXS	10240	5120	1	0	64	stock_dq	0	302.51	45	0.053	1	
IQ2_XXS	10240	5120	1	0	64	lcpp_mmq	1	89.39	151	0.180	1	
IQ2_XXS	10240	5120	1	0	128	stock_dq	0	363.73	37	0.044	1	
IQ2_XXS	10240	5120	1	0	128	lcpp_mmq	1	132.94	102	0.121	1	
IQ2_XXS	12288	5120	1	0	1	stock_mmvq	0	63.25	256	0.305	1	
IQ2_XXS	12288	5120	1	0	1	lcpp_mmvq	1	38.47	422	0.501	1	
IQ2_XXS	12288	5120	1	0	1	lcpp_mmq	0	66.18	245	0.291	1	
IQ2_XXS	12288	5120	1	0	2	stock_mmvq	0	120.57	135	0.160	1	
IQ2_XXS	12288	5120	1	0	2	lcpp_mmvq	1	43.96	369	0.438	1	
IQ2_XXS	12288	5120	1	0	2	lcpp_mmq	0	69.48	233	0.277	1	
IQ2_XXS	12288	5120	1	0	4	stock_mmvq	0	240.87	67	0.080	1	
IQ2_XXS	12288	5120	1	0	4	lcpp_mmvq	1	67.20	241	0.287	1	
IQ2_XXS	12288	5120	1	0	4	lcpp_mmq	0	70.22	231	0.274	1	
IQ2_XXS	12288	5120	1	0	6	stock_mmvq	0	358.20	45	0.054	1	
IQ2_XXS	12288	5120	1	0	6	lcpp_mmvq	1	77.21	210	0.250	1	
IQ2_XXS	12288	5120	1	0	6	lcpp_mmq	0	70.24	231	0.274	1	
IQ2_XXS	12288	5120	1	0	8	stock_mmvq	0	478.25	34	0.040	1	
IQ2_XXS	12288	5120	1	0	8	lcpp_mmvq	0	92.47	175	0.208	1	
IQ2_XXS	12288	5120	1	0	8	lcpp_mmq	1	70.55	230	0.273	1	
IQ2_XXS	12288	5120	1	0	12	stock_mmvq	0	722.50	22	0.027	1	
IQ2_XXS	12288	5120	1	0	12	lcpp_mmq	1	80.23	202	0.240	1	
IQ2_XXS	12288	5120	1	0	16	stock_mmvq	0	985.68	16	0.020	1	
IQ2_XXS	12288	5120	1	0	16	stock_dq	0	368.38	44	0.052	1	
IQ2_XXS	12288	5120	1	0	16	lcpp_mmq	1	74.32	218	0.259	1	
IQ2_XXS	12288	5120	1	0	24	stock_dq	0	371.42	44	0.052	1	
IQ2_XXS	12288	5120	1	0	24	lcpp_mmq	1	81.56	199	0.236	1	
IQ2_XXS	12288	5120	1	0	32	stock_dq	0	418.58	39	0.046	1	
IQ2_XXS	12288	5120	1	0	32	lcpp_mmq	1	87.70	185	0.220	1	
IQ2_XXS	12288	5120	1	0	48	stock_dq	0	422.11	38	0.046	1	
IQ2_XXS	12288	5120	1	0	48	lcpp_mmq	1	98.20	165	0.196	1	
IQ2_XXS	12288	5120	1	0	64	stock_dq	0	423.35	38	0.046	1	
IQ2_XXS	12288	5120	1	0	64	lcpp_mmq	1	113.96	142	0.169	1	
IQ2_XXS	12288	5120	1	0	128	stock_dq	0	462.18	35	0.042	1	
IQ2_XXS	12288	5120	1	0	128	lcpp_mmq	1	178.38	91	0.108	1	
IQ2_XXS	17408	5120	3	0	1	stock_mmvq	0	85.88	268	0.318	1	
IQ2_XXS	17408	5120	3	0	1	lcpp_mmvq	1	52.09	441	0.524	1	
IQ2_XXS	17408	5120	3	0	1	lcpp_mmq	0	90.47	254	0.302	1	
IQ2_XXS	17408	5120	3	0	2	stock_mmvq	0	169.50	136	0.161	1	
IQ2_XXS	17408	5120	3	0	2	lcpp_mmvq	1	60.31	381	0.453	1	
IQ2_XXS	17408	5120	3	0	2	lcpp_mmq	0	94.23	244	0.290	1	
IQ2_XXS	17408	5120	3	0	4	stock_mmvq	0	341.04	67	0.080	1	
IQ2_XXS	17408	5120	3	0	4	lcpp_mmvq	1	92.08	250	0.296	1	
IQ2_XXS	17408	5120	3	0	4	lcpp_mmq	0	93.67	245	0.291	1	
IQ2_XXS	17408	5120	3	0	6	stock_mmvq	0	509.15	45	0.054	1	
IQ2_XXS	17408	5120	3	0	6	lcpp_mmvq	1	105.49	218	0.259	1	
IQ2_XXS	17408	5120	3	0	6	lcpp_mmq	0	94.13	244	0.290	1	
IQ2_XXS	17408	5120	3	0	8	stock_mmvq	0	677.51	34	0.040	1	
IQ2_XXS	17408	5120	3	0	8	lcpp_mmvq	0	123.01	187	0.222	1	
IQ2_XXS	17408	5120	3	0	8	lcpp_mmq	1	93.28	246	0.293	1	
IQ2_XXS	17408	5120	3	0	12	stock_mmvq	0	1037.66	22	0.026	1	
IQ2_XXS	17408	5120	3	0	12	lcpp_mmq	1	107.83	213	0.253	1	
IQ2_XXS	17408	5120	3	0	16	stock_mmvq	0	1401.70	16	0.019	1	
IQ2_XXS	17408	5120	3	0	16	stock_dq	0	513.18	45	0.053	1	
IQ2_XXS	17408	5120	3	0	16	lcpp_mmq	1	96.72	238	0.282	1	
IQ2_XXS	17408	5120	3	0	24	stock_dq	0	512.67	45	0.053	1	
IQ2_XXS	17408	5120	3	0	24	lcpp_mmq	1	109.67	210	0.249	1	
IQ2_XXS	17408	5120	3	0	32	stock_dq	0	580.53	40	0.047	1	
IQ2_XXS	17408	5120	3	0	32	lcpp_mmq	1	117.81	195	0.232	1	
IQ2_XXS	17408	5120	3	0	48	stock_dq	0	585.52	39	0.047	1	
IQ2_XXS	17408	5120	3	0	48	lcpp_mmq	1	131.35	175	0.208	1	
IQ2_XXS	17408	5120	3	0	64	stock_dq	0	606.16	38	0.045	1	
IQ2_XXS	17408	5120	3	0	64	lcpp_mmq	1	154.65	149	0.177	1	
IQ2_XXS	17408	5120	3	0	128	stock_dq	0	668.52	34	0.041	1	
IQ2_XXS	17408	5120	3	0	128	lcpp_mmq	1	238.31	96	0.115	1	
IQ3_S	1024	5120	7	0	1	stock_mmvq	0	9.47	238	0.283	1	
IQ3_S	1024	5120	7	0	1	lcpp_mmvq	0	9.83	229	0.272	1	
IQ3_S	1024	5120	7	0	1	lcpp_mmq	0	16.67	135	0.161	1	
IQ3_S	1024	5120	7	0	1	iq3_vec	0	13.62	165	0.197	1	
IQ3_S	1024	5120	7	0	1	iq3_vec_mma	0	11.60	194	0.231	1	
IQ3_S	1024	5120	7	0	1	iq3_vec_mma_packed	1	8.96	251	0.299	1	
IQ3_S	1024	5120	7	0	1	iq3_tiled_packed	0	16.59	136	0.161	1	
IQ3_S	1024	5120	7	0	2	stock_mmvq	0	13.26	170	0.202	1	
IQ3_S	1024	5120	7	0	2	lcpp_mmvq	0	10.04	224	0.267	1	
IQ3_S	1024	5120	7	0	2	lcpp_mmq	0	15.41	146	0.174	1	
IQ3_S	1024	5120	7	0	2	iq3_vec	0	12.75	177	0.210	1	
IQ3_S	1024	5120	7	0	2	iq3_vec_mma	0	11.32	199	0.237	1	
IQ3_S	1024	5120	7	0	2	iq3_vec_mma_packed	1	8.80	256	0.304	1	
IQ3_S	1024	5120	7	0	2	iq3_tiled_packed	0	16.90	133	0.158	1	
IQ3_S	1024	5120	7	0	4	stock_mmvq	0	18.38	123	0.146	1	
IQ3_S	1024	5120	7	0	4	lcpp_mmvq	0	10.88	207	0.246	1	
IQ3_S	1024	5120	7	0	4	lcpp_mmq	0	15.23	148	0.176	1	
IQ3_S	1024	5120	7	0	4	iq3_vec	0	13.00	173	0.206	1	
IQ3_S	1024	5120	7	0	4	iq3_vec_mma	0	11.31	199	0.237	1	
IQ3_S	1024	5120	7	0	4	iq3_vec_mma_packed	1	9.01	250	0.297	1	
IQ3_S	1024	5120	7	0	4	iq3_tiled_packed	0	18.56	121	0.144	1	
IQ3_S	1024	5120	7	0	6	stock_mmvq	0	24.75	91	0.108	1	
IQ3_S	1024	5120	7	0	6	lcpp_mmvq	0	13.00	173	0.206	1	
IQ3_S	1024	5120	7	0	6	lcpp_mmq	0	15.41	146	0.174	1	
IQ3_S	1024	5120	7	0	6	iq3_vec	0	16.10	140	0.166	1	
IQ3_S	1024	5120	7	0	6	iq3_vec_mma	0	11.75	192	0.228	1	
IQ3_S	1024	5120	7	0	6	iq3_vec_mma_packed	1	9.55	236	0.280	1	
IQ3_S	1024	5120	7	0	6	iq3_tiled_packed	0	20.12	112	0.133	1	
IQ3_S	1024	5120	7	0	8	stock_mmvq	0	31.13	72	0.086	1	
IQ3_S	1024	5120	7	0	8	lcpp_mmvq	0	14.69	153	0.182	1	
IQ3_S	1024	5120	7	0	8	lcpp_mmq	0	15.33	147	0.175	1	
IQ3_S	1024	5120	7	0	8	iq3_vec	0	15.64	144	0.171	1	
IQ3_S	1024	5120	7	0	8	iq3_vec_mma	0	11.85	190	0.226	1	
IQ3_S	1024	5120	7	0	8	iq3_vec_mma_packed	1	9.96	226	0.269	1	
IQ3_S	1024	5120	7	0	8	iq3_tiled_packed	0	21.66	104	0.124	1	
IQ3_S	1024	5120	7	0	12	stock_mmvq	0	43.90	51	0.061	1	
IQ3_S	1024	5120	7	0	12	lcpp_mmq	0	16.64	135	0.161	1	
IQ3_S	1024	5120	7	0	12	iq3_vec_mma_packed	0	11.57	195	0.231	1	
IQ3_S	1024	5120	7	0	12	iq3_tiled_packed	1	24.73	91	0.108	1	
IQ3_S	1024	5120	7	0	16	stock_mmvq	0	56.83	40	0.047	1	
IQ3_S	1024	5120	7	0	16	stock_dq	0	41.24	55	0.065	1	
IQ3_S	1024	5120	7	0	16	lcpp_mmq	0	16.79	134	0.159	1	
IQ3_S	1024	5120	7	0	16	iq3_vec_mma_packed	0	12.26	184	0.218	1	
IQ3_S	1024	5120	7	0	16	iq3_tiled_packed	1	28.21	80	0.095	1	
IQ3_S	1024	5120	7	0	24	stock_dq	0	65.66	34	0.041	1	
IQ3_S	1024	5120	7	0	24	lcpp_mmq	0	17.77	127	0.151	1	
IQ3_S	1024	5120	7	0	24	iq3_vec_mma_packed	0	16.18	139	0.165	1	
IQ3_S	1024	5120	7	0	24	iq3_tiled_packed	1	24.99	90	0.107	1	
IQ3_S	1024	5120	7	0	32	stock_dq	0	65.36	34	0.041	1	
IQ3_S	1024	5120	7	0	32	lcpp_mmq	0	19.45	116	0.138	1	
IQ3_S	1024	5120	7	0	32	iq3_vec_mma_packed	0	17.72	127	0.151	1	
IQ3_S	1024	5120	7	0	32	iq3_tiled_packed	1	25.11	90	0.107	1	
IQ3_S	1024	5120	7	0	48	stock_dq	0	41.52	54	0.064	1	
IQ3_S	1024	5120	7	0	48	lcpp_mmq	0	20.94	108	0.128	1	
IQ3_S	1024	5120	7	0	48	iq3_tiled_packed	1	26.72	84	0.100	1	
IQ3_S	1024	5120	7	0	64	stock_dq	0	37.79	60	0.071	1	
IQ3_S	1024	5120	7	0	64	lcpp_mmq	0	24.27	93	0.110	1	
IQ3_S	1024	5120	7	0	64	iq3_tiled_packed	1	25.91	87	0.103	1	
IQ3_S	1024	5120	7	0	128	stock_dq	0	42.37	53	0.063	1	
IQ3_S	1024	5120	7	0	128	lcpp_mmq	0	51.07	44	0.052	1	
IQ3_S	1024	5120	7	0	128	iq3_tiled_packed	1	35.58	63	0.075	1	
IQ3_S	5120	6144	32	0	1	stock_mmvq	0	26.13	517	0.614	1	
IQ3_S	5120	6144	32	0	1	lcpp_mmvq	0	24.42	553	0.657	1	
IQ3_S	5120	6144	32	0	1	lcpp_mmq	0	45.16	299	0.356	1	
IQ3_S	5120	6144	32	0	1	iq3_vec	0	22.35	605	0.718	1	
IQ3_S	5120	6144	32	0	1	iq3_vec_mma	0	27.46	492	0.585	1	
IQ3_S	5120	6144	32	0	1	iq3_vec_mma_packed	1	22.65	597	0.709	1	
IQ3_S	5120	6144	32	0	1	iq3_tiled_packed	0	29.03	466	0.553	1	
IQ3_S	5120	6144	32	0	2	stock_mmvq	0	47.51	284	0.338	1	
IQ3_S	5120	6144	32	0	2	lcpp_mmvq	0	27.75	487	0.579	1	
IQ3_S	5120	6144	32	0	2	lcpp_mmq	0	45.88	295	0.350	1	
IQ3_S	5120	6144	32	0	2	iq3_vec	0	25.34	533	0.634	1	
IQ3_S	5120	6144	32	0	2	iq3_vec_mma	0	29.24	462	0.549	1	
IQ3_S	5120	6144	32	0	2	iq3_vec_mma_packed	1	23.22	582	0.692	1	
IQ3_S	5120	6144	32	0	2	iq3_tiled_packed	0	29.75	454	0.540	1	
IQ3_S	5120	6144	32	0	4	stock_mmvq	0	89.78	151	0.179	1	
IQ3_S	5120	6144	32	0	4	lcpp_mmvq	0	35.25	383	0.456	1	
IQ3_S	5120	6144	32	0	4	lcpp_mmq	0	46.82	289	0.343	1	
IQ3_S	5120	6144	32	0	4	iq3_vec	0	29.08	465	0.552	1	
IQ3_S	5120	6144	32	0	4	iq3_vec_mma	0	30.64	441	0.524	1	
IQ3_S	5120	6144	32	0	4	iq3_vec_mma_packed	1	23.53	575	0.683	1	
IQ3_S	5120	6144	32	0	4	iq3_tiled_packed	0	31.10	435	0.516	1	
IQ3_S	5120	6144	32	0	6	stock_mmvq	0	131.46	103	0.122	1	
IQ3_S	5120	6144	32	0	6	lcpp_mmvq	0	44.72	302	0.359	1	
IQ3_S	5120	6144	32	0	6	lcpp_mmq	0	50.04	270	0.321	1	
IQ3_S	5120	6144	32	0	6	iq3_vec	0	35.71	379	0.450	1	
IQ3_S	5120	6144	32	0	6	iq3_vec_mma	0	31.39	431	0.512	1	
IQ3_S	5120	6144	32	0	6	iq3_vec_mma_packed	1	23.96	564	0.670	1	
IQ3_S	5120	6144	32	0	6	iq3_tiled_packed	0	32.28	419	0.497	1	
IQ3_S	5120	6144	32	0	8	stock_mmvq	0	174.72	77	0.092	1	
IQ3_S	5120	6144	32	0	8	lcpp_mmvq	0	53.70	252	0.299	1	
IQ3_S	5120	6144	32	0	8	lcpp_mmq	0	49.66	272	0.323	1	
IQ3_S	5120	6144	32	0	8	iq3_vec	0	36.68	368	0.438	1	
IQ3_S	5120	6144	32	0	8	iq3_vec_mma	0	33.02	409	0.486	1	
IQ3_S	5120	6144	32	0	8	iq3_vec_mma_packed	1	25.04	540	0.641	1	
IQ3_S	5120	6144	32	0	8	iq3_tiled_packed	0	33.28	406	0.482	1	
IQ3_S	5120	6144	32	0	12	stock_mmvq	0	258.35	52	0.062	1	
IQ3_S	5120	6144	32	0	12	lcpp_mmq	0	55.17	245	0.291	1	
IQ3_S	5120	6144	32	0	12	iq3_vec_mma_packed	0	34.63	390	0.464	1	
IQ3_S	5120	6144	32	0	12	iq3_tiled_packed	1	35.50	381	0.452	1	
IQ3_S	5120	6144	32	0	16	stock_mmvq	0	352.18	38	0.046	1	
IQ3_S	5120	6144	32	0	16	stock_dq	0	191.44	71	0.084	1	
IQ3_S	5120	6144	32	0	16	lcpp_mmq	0	51.87	261	0.310	1	
IQ3_S	5120	6144	32	0	16	iq3_vec_mma_packed	0	34.97	387	0.459	1	
IQ3_S	5120	6144	32	0	16	iq3_tiled_packed	1	36.58	369	0.439	1	
IQ3_S	5120	6144	32	0	24	stock_dq	0	187.16	72	0.086	1	
IQ3_S	5120	6144	32	0	24	lcpp_mmq	0	54.60	248	0.294	1	
IQ3_S	5120	6144	32	0	24	iq3_vec_mma_packed	0	51.99	260	0.309	1	
IQ3_S	5120	6144	32	0	24	iq3_tiled_packed	1	44.70	302	0.359	1	
IQ3_S	5120	6144	32	0	32	stock_dq	0	187.05	72	0.086	1	
IQ3_S	5120	6144	32	0	32	lcpp_mmq	0	62.05	218	0.259	1	
IQ3_S	5120	6144	32	0	32	iq3_vec_mma_packed	0	59.28	228	0.271	1	
IQ3_S	5120	6144	32	0	32	iq3_tiled_packed	1	48.56	278	0.331	1	
IQ3_S	5120	6144	32	0	48	stock_dq	0	201.55	67	0.080	1	
IQ3_S	5120	6144	32	0	48	lcpp_mmq	0	67.20	201	0.239	1	
IQ3_S	5120	6144	32	0	48	iq3_tiled_packed	1	62.64	216	0.256	1	
IQ3_S	5120	6144	32	0	64	stock_dq	0	188.98	72	0.085	1	
IQ3_S	5120	6144	32	0	64	lcpp_mmq	0	74.85	181	0.215	1	
IQ3_S	5120	6144	32	0	64	iq3_tiled_packed	1	63.69	212	0.252	1	
IQ3_S	5120	6144	32	0	128	stock_dq	0	219.65	62	0.073	1	
IQ3_S	5120	6144	32	0	128	lcpp_mmq	0	118.73	114	0.135	1	
IQ3_S	5120	6144	32	0	128	iq3_tiled_packed	1	81.97	165	0.196	1	
IQ3_S	5120	17408	22	0	1	stock_mmvq	0	66.48	576	0.684	1	
IQ3_S	5120	17408	22	0	1	lcpp_mmvq	0	55.88	685	0.814	1	
IQ3_S	5120	17408	22	0	1	lcpp_mmq	0	129.82	295	0.350	1	
IQ3_S	5120	17408	22	0	1	iq3_vec	0	55.40	691	0.821	1	
IQ3_S	5120	17408	22	0	1	iq3_vec_mma	0	67.05	571	0.679	1	
IQ3_S	5120	17408	22	0	1	iq3_vec_mma_packed	1	51.99	737	0.875	1	
IQ3_S	5120	17408	22	0	1	iq3_tiled_packed	0	60.52	633	0.752	1	
IQ3_S	5120	17408	22	0	2	stock_mmvq	0	130.74	293	0.348	1	
IQ3_S	5120	17408	22	0	2	lcpp_mmvq	0	63.17	606	0.720	1	
IQ3_S	5120	17408	22	0	2	lcpp_mmq	0	130.33	294	0.349	1	
IQ3_S	5120	17408	22	0	2	iq3_vec	0	61.29	625	0.742	1	
IQ3_S	5120	17408	22	0	2	iq3_vec_mma	0	68.68	558	0.662	1	
IQ3_S	5120	17408	22	0	2	iq3_vec_mma_packed	1	52.15	734	0.872	1	
IQ3_S	5120	17408	22	0	2	iq3_tiled_packed	0	61.11	627	0.745	1	
IQ3_S	5120	17408	22	0	4	stock_mmvq	0	248.09	154	0.183	1	
IQ3_S	5120	17408	22	0	4	lcpp_mmvq	0	91.44	419	0.498	1	
IQ3_S	5120	17408	22	0	4	lcpp_mmq	0	130.82	293	0.348	1	
IQ3_S	5120	17408	22	0	4	iq3_vec	0	72.24	530	0.630	1	
IQ3_S	5120	17408	22	0	4	iq3_vec_mma	0	70.63	542	0.644	1	
IQ3_S	5120	17408	22	0	4	iq3_vec_mma_packed	1	52.76	726	0.862	1	
IQ3_S	5120	17408	22	0	4	iq3_tiled_packed	0	62.44	613	0.729	1	
IQ3_S	5120	17408	22	0	6	stock_mmvq	0	372.77	103	0.122	1	
IQ3_S	5120	17408	22	0	6	lcpp_mmvq	0	119.07	322	0.382	1	
IQ3_S	5120	17408	22	0	6	lcpp_mmq	0	131.43	291	0.346	1	
IQ3_S	5120	17408	22	0	6	iq3_vec	0	85.40	448	0.533	1	
IQ3_S	5120	17408	22	0	6	iq3_vec_mma	0	73.16	523	0.622	1	
IQ3_S	5120	17408	22	0	6	iq3_vec_mma_packed	1	54.53	702	0.834	1	
IQ3_S	5120	17408	22	0	6	iq3_tiled_packed	0	63.36	604	0.718	1	
IQ3_S	5120	17408	22	0	8	stock_mmvq	0	494.42	77	0.092	1	
IQ3_S	5120	17408	22	0	8	lcpp_mmvq	0	142.87	268	0.318	1	
IQ3_S	5120	17408	22	0	8	lcpp_mmq	0	131.89	290	0.345	1	
IQ3_S	5120	17408	22	0	8	iq3_vec	0	87.68	437	0.519	1	
IQ3_S	5120	17408	22	0	8	iq3_vec_mma	0	77.74	493	0.585	1	
IQ3_S	5120	17408	22	0	8	iq3_vec_mma_packed	1	58.06	660	0.784	1	
IQ3_S	5120	17408	22	0	8	iq3_tiled_packed	0	64.64	592	0.704	1	
IQ3_S	5120	17408	22	0	12	stock_mmvq	0	768.65	50	0.059	1	
IQ3_S	5120	17408	22	0	12	lcpp_mmq	0	141.98	270	0.320	1	
IQ3_S	5120	17408	22	0	12	iq3_vec_mma_packed	0	80.38	476	0.566	1	
IQ3_S	5120	17408	22	0	12	iq3_tiled_packed	1	66.79	573	0.681	1	
IQ3_S	5120	17408	22	0	16	stock_mmvq	0	1014.79	38	0.045	1	
IQ3_S	5120	17408	22	0	16	stock_dq	0	517.02	74	0.088	1	
IQ3_S	5120	17408	22	0	16	lcpp_mmq	0	141.26	271	0.322	1	
IQ3_S	5120	17408	22	0	16	iq3_vec_mma_packed	0	87.91	436	0.518	1	
IQ3_S	5120	17408	22	0	16	iq3_tiled_packed	1	68.61	558	0.663	1	
IQ3_S	5120	17408	22	0	24	stock_dq	0	511.90	75	0.089	1	
IQ3_S	5120	17408	22	0	24	lcpp_mmq	0	144.33	265	0.315	1	
IQ3_S	5120	17408	22	0	24	iq3_vec_mma_packed	0	132.58	289	0.343	1	
IQ3_S	5120	17408	22	0	24	iq3_tiled_packed	1	81.15	472	0.561	1	
IQ3_S	5120	17408	22	0	32	stock_dq	0	517.50	74	0.088	1	
IQ3_S	5120	17408	22	0	32	lcpp_mmq	0	168.78	227	0.270	1	
IQ3_S	5120	17408	22	0	32	iq3_vec_mma_packed	0	158.13	242	0.288	1	
IQ3_S	5120	17408	22	0	32	iq3_tiled_packed	1	86.07	445	0.529	1	
IQ3_S	5120	17408	22	0	48	stock_dq	0	555.80	69	0.082	1	
IQ3_S	5120	17408	22	0	48	lcpp_mmq	0	178.02	215	0.256	1	
IQ3_S	5120	17408	22	0	48	iq3_tiled_packed	1	109.11	351	0.417	1	
IQ3_S	5120	17408	22	0	64	stock_dq	0	517.84	74	0.088	1	
IQ3_S	5120	17408	22	0	64	lcpp_mmq	0	183.99	208	0.247	1	
IQ3_S	5120	17408	22	0	64	iq3_tiled_packed	1	133.81	286	0.340	1	
IQ3_S	5120	17408	22	0	128	stock_dq	0	611.02	63	0.074	1	
IQ3_S	5120	17408	22	0	128	lcpp_mmq	0	259.83	147	0.175	1	
IQ3_S	5120	17408	22	0	128	iq3_tiled_packed	1	234.65	163	0.194	1	
IQ3_S	6144	5120	18	0	1	stock_mmvq	0	28.54	474	0.563	1	
IQ3_S	6144	5120	18	0	1	lcpp_mmvq	0	27.19	497	0.591	1	
IQ3_S	6144	5120	18	0	1	lcpp_mmq	0	47.51	284	0.338	1	
IQ3_S	6144	5120	18	0	1	iq3_vec	0	21.81	620	0.736	1	
IQ3_S	6144	5120	18	0	1	iq3_vec_mma	0	29.29	462	0.548	1	
IQ3_S	6144	5120	18	0	1	iq3_vec_mma_packed	1	23.60	573	0.680	1	
IQ3_S	6144	5120	18	0	1	iq3_tiled_packed	0	28.98	466	0.554	1	
IQ3_S	6144	5120	18	0	2	stock_mmvq	0	47.18	286	0.340	1	
IQ3_S	6144	5120	18	0	2	lcpp_mmvq	0	28.98	466	0.554	1	
IQ3_S	6144	5120	18	0	2	lcpp_mmq	0	46.90	288	0.342	1	
IQ3_S	6144	5120	18	0	2	iq3_vec	0	25.00	541	0.642	1	
IQ3_S	6144	5120	18	0	2	iq3_vec_mma	0	30.28	446	0.530	1	
IQ3_S	6144	5120	18	0	2	iq3_vec_mma_packed	1	23.96	564	0.670	1	
IQ3_S	6144	5120	18	0	2	iq3_tiled_packed	0	29.72	455	0.540	1	
IQ3_S	6144	5120	18	0	4	stock_mmvq	0	88.78	152	0.181	1	
IQ3_S	6144	5120	18	0	4	lcpp_mmvq	0	36.53	370	0.440	1	
IQ3_S	6144	5120	18	0	4	lcpp_mmq	0	50.86	266	0.316	1	
IQ3_S	6144	5120	18	0	4	iq3_vec	0	29.95	451	0.536	1	
IQ3_S	6144	5120	18	0	4	iq3_vec_mma	0	31.51	429	0.510	1	
IQ3_S	6144	5120	18	0	4	iq3_vec_mma_packed	1	24.58	550	0.653	1	
IQ3_S	6144	5120	18	0	4	iq3_tiled_packed	0	31.05	435	0.517	1	
IQ3_S	6144	5120	18	0	6	stock_mmvq	0	135.04	100	0.119	1	
IQ3_S	6144	5120	18	0	6	lcpp_mmvq	0	45.26	299	0.355	1	
IQ3_S	6144	5120	18	0	6	lcpp_mmq	0	51.71	261	0.311	1	
IQ3_S	6144	5120	18	0	6	iq3_vec	0	34.99	386	0.459	1	
IQ3_S	6144	5120	18	0	6	iq3_vec_mma	0	32.87	411	0.489	1	
IQ3_S	6144	5120	18	0	6	iq3_vec_mma_packed	1	25.16	537	0.638	1	
IQ3_S	6144	5120	18	0	6	iq3_tiled_packed	0	32.18	420	0.499	1	
IQ3_S	6144	5120	18	0	8	stock_mmvq	0	175.39	77	0.092	1	
IQ3_S	6144	5120	18	0	8	lcpp_mmvq	0	59.98	225	0.268	1	
IQ3_S	6144	5120	18	0	8	lcpp_mmq	0	51.89	260	0.309	1	
IQ3_S	6144	5120	18	0	8	iq3_vec	0	42.39	319	0.379	1	
IQ3_S	6144	5120	18	0	8	iq3_vec_mma	0	33.38	405	0.481	1	
IQ3_S	6144	5120	18	0	8	iq3_vec_mma_packed	1	25.75	525	0.623	1	
IQ3_S	6144	5120	18	0	8	iq3_tiled_packed	0	33.40	405	0.481	1	
IQ3_S	6144	5120	18	0	12	stock_mmvq	0	259.99	52	0.062	1	
IQ3_S	6144	5120	18	0	12	lcpp_mmq	0	56.86	238	0.282	1	
IQ3_S	6144	5120	18	0	12	iq3_vec_mma_packed	0	34.61	391	0.464	1	
IQ3_S	6144	5120	18	0	12	iq3_tiled_packed	1	36.99	365	0.434	1	
IQ3_S	6144	5120	18	0	16	stock_mmvq	0	355.11	38	0.045	1	
IQ3_S	6144	5120	18	0	16	stock_dq	0	195.00	69	0.082	1	
IQ3_S	6144	5120	18	0	16	lcpp_mmq	0	53.79	251	0.299	1	
IQ3_S	6144	5120	18	0	16	iq3_vec_mma_packed	0	33.51	403	0.479	1	
IQ3_S	6144	5120	18	0	16	iq3_tiled_packed	1	37.58	360	0.427	1	
IQ3_S	6144	5120	18	0	24	stock_dq	0	198.40	68	0.081	1	
IQ3_S	6144	5120	18	0	24	lcpp_mmq	0	55.81	242	0.288	1	
IQ3_S	6144	5120	18	0	24	iq3_vec_mma_packed	0	52.19	259	0.308	1	
IQ3_S	6144	5120	18	0	24	iq3_tiled_packed	1	45.88	295	0.350	1	
IQ3_S	6144	5120	18	0	32	stock_dq	0	198.19	68	0.081	1	
IQ3_S	6144	5120	18	0	32	lcpp_mmq	0	62.31	217	0.258	1	
IQ3_S	6144	5120	18	0	32	iq3_vec_mma_packed	0	60.41	224	0.266	1	
IQ3_S	6144	5120	18	0	32	iq3_tiled_packed	1	50.61	267	0.317	1	
IQ3_S	6144	5120	18	0	48	stock_dq	0	198.12	68	0.081	1	
IQ3_S	6144	5120	18	0	48	lcpp_mmq	0	66.99	202	0.240	1	
IQ3_S	6144	5120	18	0	48	iq3_tiled_packed	1	52.71	256	0.305	1	
IQ3_S	6144	5120	18	0	64	stock_dq	0	200.31	67	0.080	1	
IQ3_S	6144	5120	18	0	64	lcpp_mmq	0	74.65	181	0.215	1	
IQ3_S	6144	5120	18	0	64	iq3_tiled_packed	1	70.07	193	0.229	1	
IQ3_S	6144	5120	18	0	128	stock_dq	0	243.64	55	0.066	1	
IQ3_S	6144	5120	18	0	128	lcpp_mmq	0	113.79	119	0.141	1	
IQ3_S	6144	5120	18	0	128	iq3_tiled_packed	1	84.99	159	0.189	1	
IQ3_S	10240	5120	22	0	1	stock_mmvq	0	41.14	548	0.651	1	
IQ3_S	10240	5120	22	0	1	lcpp_mmvq	0	38.01	593	0.704	1	
IQ3_S	10240	5120	22	0	1	lcpp_mmq	0	72.91	309	0.367	1	
IQ3_S	10240	5120	22	0	1	iq3_vec	0	32.30	697	0.828	1	
IQ3_S	10240	5120	22	0	1	iq3_vec_mma	0	43.62	516	0.614	1	
IQ3_S	10240	5120	22	0	1	iq3_vec_mma_packed	1	33.66	669	0.795	1	
IQ3_S	10240	5120	22	0	1	iq3_tiled_packed	0	40.52	556	0.660	1	
IQ3_S	10240	5120	22	0	2	stock_mmvq	0	75.85	297	0.353	1	
IQ3_S	10240	5120	22	0	2	lcpp_mmvq	0	45.31	497	0.591	1	
IQ3_S	10240	5120	22	0	2	lcpp_mmq	0	74.65	302	0.359	1	
IQ3_S	10240	5120	22	0	2	iq3_vec	0	37.71	597	0.710	1	
IQ3_S	10240	5120	22	0	2	iq3_vec_mma	0	44.49	506	0.601	1	
IQ3_S	10240	5120	22	0	2	iq3_vec_mma_packed	1	33.87	665	0.790	1	
IQ3_S	10240	5120	22	0	2	iq3_tiled_packed	0	41.06	549	0.652	1	
IQ3_S	10240	5120	22	0	4	stock_mmvq	0	146.53	154	0.183	1	
IQ3_S	10240	5120	22	0	4	lcpp_mmvq	0	62.95	358	0.425	1	
IQ3_S	10240	5120	22	0	4	lcpp_mmq	0	77.08	292	0.347	1	
IQ3_S	10240	5120	22	0	4	iq3_vec	0	44.90	502	0.596	1	
IQ3_S	10240	5120	22	0	4	iq3_vec_mma	0	46.15	488	0.580	1	
IQ3_S	10240	5120	22	0	4	iq3_vec_mma_packed	1	34.36	656	0.779	1	
IQ3_S	10240	5120	22	0	4	iq3_tiled_packed	0	42.55	529	0.629	1	
IQ3_S	10240	5120	22	0	6	stock_mmvq	0	218.23	103	0.123	1	
IQ3_S	10240	5120	22	0	6	lcpp_mmvq	0	76.85	293	0.348	1	
IQ3_S	10240	5120	22	0	6	lcpp_mmq	0	76.93	293	0.348	1	
IQ3_S	10240	5120	22	0	6	iq3_vec	0	53.58	420	0.499	1	
IQ3_S	10240	5120	22	0	6	iq3_vec_mma	0	47.48	474	0.564	1	
IQ3_S	10240	5120	22	0	6	iq3_vec_mma_packed	1	35.02	643	0.764	1	
IQ3_S	10240	5120	22	0	6	iq3_tiled_packed	0	43.78	515	0.611	1	
IQ3_S	10240	5120	22	0	8	stock_mmvq	0	291.32	77	0.092	1	
IQ3_S	10240	5120	22	0	8	lcpp_mmvq	0	92.36	244	0.290	1	
IQ3_S	10240	5120	22	0	8	lcpp_mmq	0	75.59	298	0.354	1	
IQ3_S	10240	5120	22	0	8	iq3_vec	0	56.22	401	0.476	1	
IQ3_S	10240	5120	22	0	8	iq3_vec_mma	0	48.72	462	0.549	1	
IQ3_S	10240	5120	22	0	8	iq3_vec_mma_packed	1	37.83	595	0.707	1	
IQ3_S	10240	5120	22	0	8	iq3_tiled_packed	0	45.00	501	0.595	1	
IQ3_S	10240	5120	22	0	12	stock_mmvq	0	434.25	52	0.062	1	
IQ3_S	10240	5120	22	0	12	lcpp_mmq	0	83.48	270	0.321	1	
IQ3_S	10240	5120	22	0	12	iq3_vec_mma_packed	0	47.62	473	0.562	1	
IQ3_S	10240	5120	22	0	12	iq3_tiled_packed	1	47.92	470	0.559	1	
IQ3_S	10240	5120	22	0	16	stock_mmvq	0	591.70	38	0.045	1	
IQ3_S	10240	5120	22	0	16	stock_dq	0	308.09	73	0.087	1	
IQ3_S	10240	5120	22	0	16	lcpp_mmq	0	78.59	287	0.341	1	
IQ3_S	10240	5120	22	0	16	iq3_vec_mma_packed	0	46.75	482	0.573	1	
IQ3_S	10240	5120	22	0	16	iq3_tiled_packed	1	49.46	455	0.541	1	
IQ3_S	10240	5120	22	0	24	stock_dq	0	315.43	71	0.085	1	
IQ3_S	10240	5120	22	0	24	lcpp_mmq	0	84.12	268	0.318	1	
IQ3_S	10240	5120	22	0	24	iq3_vec_mma_packed	0	79.77	282	0.335	1	
IQ3_S	10240	5120	22	0	24	iq3_tiled_packed	1	54.50	413	0.491	1	
IQ3_S	10240	5120	22	0	32	stock_dq	0	307.92	73	0.087	1	
IQ3_S	10240	5120	22	0	32	lcpp_mmq	0	92.36	244	0.290	1	
IQ3_S	10240	5120	22	0	32	iq3_vec_mma_packed	0	89.70	251	0.298	1	
IQ3_S	10240	5120	22	0	32	iq3_tiled_packed	1	55.26	408	0.484	1	
IQ3_S	10240	5120	22	0	48	stock_dq	0	307.38	73	0.087	1	
IQ3_S	10240	5120	22	0	48	lcpp_mmq	0	96.25	234	0.278	1	
IQ3_S	10240	5120	22	0	48	iq3_tiled_packed	1	66.94	337	0.400	1	
IQ3_S	10240	5120	22	0	64	stock_dq	0	308.86	73	0.087	1	
IQ3_S	10240	5120	22	0	64	lcpp_mmq	0	101.89	221	0.263	1	
IQ3_S	10240	5120	22	0	64	iq3_tiled_packed	1	68.50	329	0.391	1	
IQ3_S	10240	5120	22	0	128	stock_dq	0	376.63	60	0.071	1	
IQ3_S	10240	5120	22	0	128	lcpp_mmq	0	145.59	155	0.184	1	
IQ3_S	10240	5120	22	0	128	iq3_tiled_packed	1	105.73	213	0.253	1	
IQ3_S	12288	5120	3	0	1	stock_mmvq	0	49.56	545	0.648	1	
IQ3_S	12288	5120	3	0	1	lcpp_mmvq	0	45.49	594	0.706	1	
IQ3_S	12288	5120	3	0	1	lcpp_mmq	0	88.68	305	0.362	1	
IQ3_S	12288	5120	3	0	1	iq3_vec	0	44.21	611	0.726	1	
IQ3_S	12288	5120	3	0	1	iq3_vec_mma	0	53.21	508	0.603	1	
IQ3_S	12288	5120	3	0	1	iq3_vec_mma_packed	1	39.29	688	0.817	1	
IQ3_S	12288	5120	3	0	1	iq3_tiled_packed	0	45.77	591	0.702	1	
IQ3_S	12288	5120	3	0	2	stock_mmvq	0	89.65	302	0.358	1	
IQ3_S	12288	5120	3	0	2	lcpp_mmvq	0	51.17	528	0.628	1	
IQ3_S	12288	5120	3	0	2	lcpp_mmq	0	92.39	293	0.348	1	
IQ3_S	12288	5120	3	0	2	iq3_vec	0	48.76	554	0.659	1	
IQ3_S	12288	5120	3	0	2	iq3_vec_mma	0	55.16	490	0.582	1	
IQ3_S	12288	5120	3	0	2	iq3_vec_mma_packed	1	39.78	680	0.807	1	
IQ3_S	12288	5120	3	0	2	iq3_tiled_packed	0	46.72	579	0.687	1	
IQ3_S	12288	5120	3	0	4	stock_mmvq	0	175.68	154	0.183	1	
IQ3_S	12288	5120	3	0	4	lcpp_mmvq	0	72.47	373	0.443	1	
IQ3_S	12288	5120	3	0	4	lcpp_mmq	0	92.85	291	0.346	1	
IQ3_S	12288	5120	3	0	4	iq3_vec	0	51.20	528	0.627	1	
IQ3_S	12288	5120	3	0	4	iq3_vec_mma	0	56.58	478	0.568	1	
IQ3_S	12288	5120	3	0	4	iq3_vec_mma_packed	1	40.40	669	0.795	1	
IQ3_S	12288	5120	3	0	4	iq3_tiled_packed	0	48.13	562	0.667	1	
IQ3_S	12288	5120	3	0	6	stock_mmvq	0	260.56	104	0.123	1	
IQ3_S	12288	5120	3	0	6	lcpp_mmvq	0	89.70	301	0.358	1	
IQ3_S	12288	5120	3	0	6	lcpp_mmq	0	93.29	290	0.344	1	
IQ3_S	12288	5120	3	0	6	iq3_vec	0	59.85	452	0.537	1	
IQ3_S	12288	5120	3	0	6	iq3_vec_mma	0	57.16	473	0.562	1	
IQ3_S	12288	5120	3	0	6	iq3_vec_mma_packed	1	41.19	656	0.780	1	
IQ3_S	12288	5120	3	0	6	iq3_tiled_packed	0	49.28	549	0.652	1	
IQ3_S	12288	5120	3	0	8	stock_mmvq	0	350.93	77	0.092	1	
IQ3_S	12288	5120	3	0	8	lcpp_mmvq	0	108.64	249	0.296	1	
IQ3_S	12288	5120	3	0	8	lcpp_mmq	0	92.29	293	0.348	1	
IQ3_S	12288	5120	3	0	8	iq3_vec	0	66.25	408	0.485	1	
IQ3_S	12288	5120	3	0	8	iq3_vec_mma	0	58.47	462	0.549	1	
IQ3_S	12288	5120	3	0	8	iq3_vec_mma_packed	1	44.88	602	0.716	1	
IQ3_S	12288	5120	3	0	8	iq3_tiled_packed	0	50.78	532	0.632	1	
IQ3_S	12288	5120	3	0	12	stock_mmvq	0	528.64	51	0.061	1	
IQ3_S	12288	5120	3	0	12	lcpp_mmq	0	101.96	265	0.315	1	
IQ3_S	12288	5120	3	0	12	iq3_vec_mma_packed	0	57.98	466	0.554	1	
IQ3_S	12288	5120	3	0	12	iq3_tiled_packed	1	53.11	509	0.605	1	
IQ3_S	12288	5120	3	0	16	stock_mmvq	0	715.07	38	0.045	1	
IQ3_S	12288	5120	3	0	16	stock_dq	0	375.12	72	0.086	1	
IQ3_S	12288	5120	3	0	16	lcpp_mmq	0	98.12	276	0.327	1	
IQ3_S	12288	5120	3	0	16	iq3_vec_mma_packed	0	55.96	483	0.574	1	
IQ3_S	12288	5120	3	0	16	iq3_tiled_packed	1	54.94	492	0.585	1	
IQ3_S	12288	5120	3	0	24	stock_dq	0	381.44	71	0.084	1	
IQ3_S	12288	5120	3	0	24	lcpp_mmq	0	103.73	261	0.310	1	
IQ3_S	12288	5120	3	0	24	iq3_vec_mma_packed	0	96.21	281	0.334	1	
IQ3_S	12288	5120	3	0	24	iq3_tiled_packed	1	66.48	407	0.483	1	
IQ3_S	12288	5120	3	0	32	stock_dq	0	430.10	63	0.075	1	
IQ3_S	12288	5120	3	0	32	lcpp_mmq	0	114.51	236	0.280	1	
IQ3_S	12288	5120	3	0	32	iq3_vec_mma_packed	0	107.31	252	0.299	1	
IQ3_S	12288	5120	3	0	32	iq3_tiled_packed	1	71.39	379	0.450	1	
IQ3_S	12288	5120	3	0	48	stock_dq	0	429.82	63	0.075	1	
IQ3_S	12288	5120	3	0	48	lcpp_mmq	0	116.40	232	0.276	1	
IQ3_S	12288	5120	3	0	48	iq3_tiled_packed	1	93.74	288	0.343	1	
IQ3_S	12288	5120	3	0	64	stock_dq	0	430.92	63	0.075	1	
IQ3_S	12288	5120	3	0	64	lcpp_mmq	0	129.59	209	0.248	1	
IQ3_S	12288	5120	3	0	64	iq3_tiled_packed	1	119.51	226	0.269	1	
IQ3_S	12288	5120	3	0	128	stock_dq	0	472.70	57	0.068	1	
IQ3_S	12288	5120	3	0	128	lcpp_mmq	0	188.08	144	0.171	1	
IQ3_S	12288	5120	3	0	128	iq3_tiled_packed	1	192.08	141	0.167	1	
IQ3_S	17408	5120	40	0	1	stock_mmvq	0	63.00	608	0.722	1	
IQ3_S	17408	5120	40	0	1	lcpp_mmvq	0	60.42	634	0.753	1	
IQ3_S	17408	5120	40	0	1	lcpp_mmq	0	123.93	309	0.367	1	
IQ3_S	17408	5120	40	0	1	iq3_vec	0	53.68	713	0.847	1	
IQ3_S	17408	5120	40	0	1	iq3_vec_mma	0	72.35	529	0.629	1	
IQ3_S	17408	5120	40	0	1	iq3_vec_mma_packed	1	53.04	722	0.858	1	
IQ3_S	17408	5120	40	0	1	iq3_tiled_packed	0	55.53	690	0.819	1	
IQ3_S	17408	5120	40	0	2	stock_mmvq	0	127.08	301	0.358	1	
IQ3_S	17408	5120	40	0	2	lcpp_mmvq	0	71.15	538	0.639	1	
IQ3_S	17408	5120	40	0	2	lcpp_mmq	0	126.21	303	0.360	1	
IQ3_S	17408	5120	40	0	2	iq3_vec	0	59.52	643	0.764	1	
IQ3_S	17408	5120	40	0	2	iq3_vec_mma	0	74.57	514	0.610	1	
IQ3_S	17408	5120	40	0	2	iq3_vec_mma_packed	1	53.25	719	0.854	1	
IQ3_S	17408	5120	40	0	2	iq3_tiled_packed	0	55.96	684	0.813	1	
IQ3_S	17408	5120	40	0	4	stock_mmvq	0	247.91	154	0.184	1	
IQ3_S	17408	5120	40	0	4	lcpp_mmvq	0	100.10	383	0.455	1	
IQ3_S	17408	5120	40	0	4	lcpp_mmq	0	125.64	305	0.362	1	
IQ3_S	17408	5120	40	0	4	iq3_vec	0	66.92	572	0.680	1	
IQ3_S	17408	5120	40	0	4	iq3_vec_mma	0	76.26	502	0.597	1	
IQ3_S	17408	5120	40	0	4	iq3_vec_mma_packed	1	54.30	705	0.838	1	
IQ3_S	17408	5120	40	0	4	iq3_tiled_packed	0	57.22	669	0.795	1	
IQ3_S	17408	5120	40	0	6	stock_mmvq	0	376.13	102	0.121	1	
IQ3_S	17408	5120	40	0	6	lcpp_mmvq	0	122.06	314	0.373	1	
IQ3_S	17408	5120	40	0	6	lcpp_mmq	0	125.70	305	0.362	1	
IQ3_S	17408	5120	40	0	6	iq3_vec	0	80.87	474	0.563	1	
IQ3_S	17408	5120	40	0	6	iq3_vec_mma	0	77.47	494	0.587	1	
IQ3_S	17408	5120	40	0	6	iq3_vec_mma_packed	1	56.63	676	0.803	1	
IQ3_S	17408	5120	40	0	6	iq3_tiled_packed	0	57.04	671	0.798	1	
IQ3_S	17408	5120	40	0	8	stock_mmvq	0	503.58	76	0.090	1	
IQ3_S	17408	5120	40	0	8	lcpp_mmvq	0	149.61	256	0.304	1	
IQ3_S	17408	5120	40	0	8	lcpp_mmq	0	125.29	306	0.363	1	
IQ3_S	17408	5120	40	0	8	iq3_vec	0	89.45	428	0.509	1	
IQ3_S	17408	5120	40	0	8	iq3_vec_mma	0	81.08	472	0.561	1	
IQ3_S	17408	5120	40	0	8	iq3_vec_mma_packed	1	59.16	647	0.769	1	
IQ3_S	17408	5120	40	0	8	iq3_tiled_packed	0	58.11	659	0.783	1	
IQ3_S	17408	5120	40	0	12	stock_mmvq	0	787.27	49	0.058	1	
IQ3_S	17408	5120	40	0	12	lcpp_mmq	0	139.08	275	0.327	1	
IQ3_S	17408	5120	40	0	12	iq3_vec_mma_packed	0	74.65	513	0.609	1	
IQ3_S	17408	5120	40	0	12	iq3_tiled_packed	1	58.14	659	0.783	1	
IQ3_S	17408	5120	40	0	16	stock_mmvq	0	1044.97	37	0.044	1	
IQ3_S	17408	5120	40	0	16	stock_dq	0	523.16	73	0.087	1	
IQ3_S	17408	5120	40	0	16	lcpp_mmq	0	133.99	286	0.340	1	
IQ3_S	17408	5120	40	0	16	iq3_vec_mma_packed	0	73.96	518	0.615	1	
IQ3_S	17408	5120	40	0	16	iq3_tiled_packed	1	56.11	683	0.811	1	
IQ3_S	17408	5120	40	0	24	stock_dq	0	533.66	72	0.085	1	
IQ3_S	17408	5120	40	0	24	lcpp_mmq	0	140.21	273	0.324	1	
IQ3_S	17408	5120	40	0	24	iq3_vec_mma_packed	0	134.25	285	0.339	1	
IQ3_S	17408	5120	40	0	24	iq3_tiled_packed	1	70.36	544	0.647	1	
IQ3_S	17408	5120	40	0	32	stock_dq	0	566.37	68	0.080	1	
IQ3_S	17408	5120	40	0	32	lcpp_mmq	0	155.70	246	0.292	1	
IQ3_S	17408	5120	40	0	32	iq3_vec_mma_packed	0	154.41	248	0.295	1	
IQ3_S	17408	5120	40	0	32	iq3_tiled_packed	1	72.21	530	0.630	1	
IQ3_S	17408	5120	40	0	48	stock_dq	0	591.79	65	0.077	1	
IQ3_S	17408	5120	40	0	48	lcpp_mmq	0	158.18	242	0.288	1	
IQ3_S	17408	5120	40	0	48	iq3_tiled_packed	1	86.84	441	0.524	1	
IQ3_S	17408	5120	40	0	64	stock_dq	0	604.65	63	0.075	1	
IQ3_S	17408	5120	40	0	64	lcpp_mmq	0	174.51	219	0.261	1	
IQ3_S	17408	5120	40	0	64	iq3_tiled_packed	1	110.75	346	0.411	1	
IQ3_S	17408	5120	40	0	128	stock_dq	0	679.17	56	0.067	1	
IQ3_S	17408	5120	40	0	128	lcpp_mmq	0	255.62	150	0.178	1	
IQ3_S	17408	5120	40	0	128	iq3_tiled_packed	1	207.59	184	0.219	1	
IQ3_XXS	1024	5120	2	0	1	stock_mmvq	0	9.42	213	0.253	1	
IQ3_XXS	1024	5120	2	0	1	lcpp_mmvq	0	9.13	220	0.261	1	
IQ3_XXS	1024	5120	2	0	1	lcpp_mmq	0	14.69	137	0.162	1	
IQ3_XXS	1024	5120	2	0	1	iq3_vec	0	13.62	147	0.175	1	
IQ3_XXS	1024	5120	2	0	1	iq3_vec_mma	0	11.34	177	0.210	1	
IQ3_XXS	1024	5120	2	0	1	iq3_vec_mma_packed	1	9.55	210	0.250	1	
IQ3_XXS	1024	5120	2	0	1	iq3_tiled_packed	0	16.67	120	0.143	1	
IQ3_XXS	1024	5120	2	0	2	stock_mmvq	0	12.49	161	0.191	1	
IQ3_XXS	1024	5120	2	0	2	lcpp_mmvq	0	9.29	216	0.257	1	
IQ3_XXS	1024	5120	2	0	2	lcpp_mmq	0	14.21	141	0.168	1	
IQ3_XXS	1024	5120	2	0	2	iq3_vec	0	13.58	148	0.176	1	
IQ3_XXS	1024	5120	2	0	2	iq3_vec_mma	0	10.80	186	0.221	1	
IQ3_XXS	1024	5120	2	0	2	iq3_vec_mma_packed	1	9.16	219	0.260	1	
IQ3_XXS	1024	5120	2	0	2	iq3_tiled_packed	0	17.08	118	0.140	1	
IQ3_XXS	1024	5120	2	0	4	stock_mmvq	0	18.10	111	0.132	1	
IQ3_XXS	1024	5120	2	0	4	lcpp_mmvq	0	10.44	192	0.228	1	
IQ3_XXS	1024	5120	2	0	4	lcpp_mmq	0	13.90	144	0.172	1	
IQ3_XXS	1024	5120	2	0	4	iq3_vec	0	15.21	132	0.157	1	
IQ3_XXS	1024	5120	2	0	4	iq3_vec_mma	0	10.83	185	0.220	1	
IQ3_XXS	1024	5120	2	0	4	iq3_vec_mma_packed	1	9.29	216	0.257	1	
IQ3_XXS	1024	5120	2	0	4	iq3_tiled_packed	0	18.61	108	0.128	1	
IQ3_XXS	1024	5120	2	0	6	stock_mmvq	0	24.58	82	0.097	1	
IQ3_XXS	1024	5120	2	0	6	lcpp_mmvq	0	11.96	168	0.199	1	
IQ3_XXS	1024	5120	2	0	6	lcpp_mmq	0	14.05	143	0.170	1	
IQ3_XXS	1024	5120	2	0	6	iq3_vec	0	18.76	107	0.127	1	
IQ3_XXS	1024	5120	2	0	6	iq3_vec_mma	0	11.14	180	0.214	1	
IQ3_XXS	1024	5120	2	0	6	iq3_vec_mma_packed	1	9.75	206	0.244	1	
IQ3_XXS	1024	5120	2	0	6	iq3_tiled_packed	0	20.22	99	0.118	1	
IQ3_XXS	1024	5120	2	0	8	stock_mmvq	0	30.98	65	0.077	1	
IQ3_XXS	1024	5120	2	0	8	lcpp_mmvq	0	13.67	147	0.174	1	
IQ3_XXS	1024	5120	2	0	8	lcpp_mmq	0	14.08	143	0.169	1	
IQ3_XXS	1024	5120	2	0	8	iq3_vec	0	15.97	126	0.149	1	
IQ3_XXS	1024	5120	2	0	8	iq3_vec_mma	0	11.16	180	0.214	1	
IQ3_XXS	1024	5120	2	0	8	iq3_vec_mma_packed	1	9.91	203	0.241	1	
IQ3_XXS	1024	5120	2	0	8	iq3_tiled_packed	0	21.73	92	0.110	1	
IQ3_XXS	1024	5120	2	0	12	stock_mmvq	0	44.11	46	0.054	1	
IQ3_XXS	1024	5120	2	0	12	lcpp_mmq	0	15.46	130	0.154	1	
IQ3_XXS	1024	5120	2	0	12	iq3_vec_mma_packed	0	11.65	172	0.205	1	
IQ3_XXS	1024	5120	2	0	12	iq3_tiled_packed	1	24.72	81	0.096	1	
IQ3_XXS	1024	5120	2	0	16	stock_mmvq	0	57.14	35	0.042	1	
IQ3_XXS	1024	5120	2	0	16	stock_dq	0	41.22	49	0.058	1	
IQ3_XXS	1024	5120	2	0	16	lcpp_mmq	0	15.77	127	0.151	1	
IQ3_XXS	1024	5120	2	0	16	iq3_vec_mma_packed	0	12.41	162	0.192	1	
IQ3_XXS	1024	5120	2	0	16	iq3_tiled_packed	1	28.08	71	0.085	1	
IQ3_XXS	1024	5120	2	0	24	stock_dq	0	65.23	31	0.037	1	
IQ3_XXS	1024	5120	2	0	24	lcpp_mmq	0	16.54	121	0.144	1	
IQ3_XXS	1024	5120	2	0	24	iq3_vec_mma_packed	0	16.49	122	0.145	1	
IQ3_XXS	1024	5120	2	0	24	iq3_tiled_packed	1	25.21	80	0.095	1	
IQ3_XXS	1024	5120	2	0	32	stock_dq	0	65.33	31	0.036	1	
IQ3_XXS	1024	5120	2	0	32	lcpp_mmq	0	18.07	111	0.132	1	
IQ3_XXS	1024	5120	2	0	32	iq3_vec_mma_packed	0	18.18	110	0.131	1	
IQ3_XXS	1024	5120	2	0	32	iq3_tiled_packed	1	25.32	79	0.094	1	
IQ3_XXS	1024	5120	2	0	48	stock_dq	0	41.73	48	0.057	1	
IQ3_XXS	1024	5120	2	0	48	lcpp_mmq	0	20.20	99	0.118	1	
IQ3_XXS	1024	5120	2	0	48	iq3_tiled_packed	1	26.82	75	0.089	1	
IQ3_XXS	1024	5120	2	0	64	stock_dq	0	37.81	53	0.063	1	
IQ3_XXS	1024	5120	2	0	64	lcpp_mmq	0	23.73	85	0.100	1	
IQ3_XXS	1024	5120	2	0	64	iq3_tiled_packed	1	26.11	77	0.091	1	
IQ3_XXS	1024	5120	2	0	128	stock_dq	0	42.50	47	0.056	1	
IQ3_XXS	1024	5120	2	0	128	lcpp_mmq	0	50.27	40	0.047	1	
IQ3_XXS	1024	5120	2	0	128	iq3_tiled_packed	1	35.64	56	0.067	1	
IQ3_XXS	5120	6144	5	0	1	stock_mmvq	0	25.98	463	0.551	1	
IQ3_XXS	5120	6144	5	0	1	lcpp_mmvq	0	22.70	530	0.630	1	
IQ3_XXS	5120	6144	5	0	1	lcpp_mmq	0	39.83	302	0.359	1	
IQ3_XXS	5120	6144	5	0	1	iq3_vec	0	21.73	554	0.658	1	
IQ3_XXS	5120	6144	5	0	1	iq3_vec_mma	0	26.20	460	0.546	1	
IQ3_XXS	5120	6144	5	0	1	iq3_vec_mma_packed	1	20.97	574	0.682	1	
IQ3_XXS	5120	6144	5	0	1	iq3_tiled_packed	0	27.37	440	0.523	1	
IQ3_XXS	5120	6144	5	0	2	stock_mmvq	0	46.36	260	0.309	1	
IQ3_XXS	5120	6144	5	0	2	lcpp_mmvq	0	25.19	478	0.568	1	
IQ3_XXS	5120	6144	5	0	2	lcpp_mmq	0	40.39	298	0.354	1	
IQ3_XXS	5120	6144	5	0	2	iq3_vec	0	25.26	477	0.566	1	
IQ3_XXS	5120	6144	5	0	2	iq3_vec_mma	0	28.08	429	0.509	1	
IQ3_XXS	5120	6144	5	0	2	iq3_vec_mma_packed	1	21.56	559	0.664	1	
IQ3_XXS	5120	6144	5	0	2	iq3_tiled_packed	0	28.11	428	0.509	1	
IQ3_XXS	5120	6144	5	0	4	stock_mmvq	0	88.52	136	0.162	1	
IQ3_XXS	5120	6144	5	0	4	lcpp_mmvq	0	33.46	360	0.428	1	
IQ3_XXS	5120	6144	5	0	4	lcpp_mmq	0	41.18	292	0.347	1	
IQ3_XXS	5120	6144	5	0	4	iq3_vec	0	30.41	396	0.470	1	
IQ3_XXS	5120	6144	5	0	4	iq3_vec_mma	0	29.64	406	0.483	1	
IQ3_XXS	5120	6144	5	0	4	iq3_vec_mma_packed	1	21.99	548	0.651	1	
IQ3_XXS	5120	6144	5	0	4	iq3_tiled_packed	0	29.29	411	0.488	1	
IQ3_XXS	5120	6144	5	0	6	stock_mmvq	0	129.66	93	0.110	1	
IQ3_XXS	5120	6144	5	0	6	lcpp_mmvq	0	41.13	293	0.348	1	
IQ3_XXS	5120	6144	5	0	6	lcpp_mmq	0	43.88	274	0.326	1	
IQ3_XXS	5120	6144	5	0	6	iq3_vec	0	36.33	332	0.394	1	
IQ3_XXS	5120	6144	5	0	6	iq3_vec_mma	0	30.69	392	0.466	1	
IQ3_XXS	5120	6144	5	0	6	iq3_vec_mma_packed	1	22.83	528	0.627	1	
IQ3_XXS	5120	6144	5	0	6	iq3_tiled_packed	0	30.33	397	0.472	1	
IQ3_XXS	5120	6144	5	0	8	stock_mmvq	0	172.16	70	0.083	1	
IQ3_XXS	5120	6144	5	0	8	lcpp_mmvq	0	49.15	245	0.291	1	
IQ3_XXS	5120	6144	5	0	8	lcpp_mmq	0	44.19	273	0.324	1	
IQ3_XXS	5120	6144	5	0	8	iq3_vec	0	37.45	322	0.382	1	
IQ3_XXS	5120	6144	5	0	8	iq3_vec_mma	0	31.26	385	0.458	1	
IQ3_XXS	5120	6144	5	0	8	iq3_vec_mma_packed	1	24.08	500	0.594	1	
IQ3_XXS	5120	6144	5	0	8	iq3_tiled_packed	0	31.43	383	0.455	1	
IQ3_XXS	5120	6144	5	0	12	stock_mmvq	0	258.92	47	0.055	1	
IQ3_XXS	5120	6144	5	0	12	lcpp_mmq	0	51.83	232	0.276	1	
IQ3_XXS	5120	6144	5	0	12	iq3_vec_mma_packed	0	33.66	358	0.425	1	
IQ3_XXS	5120	6144	5	0	12	iq3_tiled_packed	1	33.69	357	0.425	1	
IQ3_XXS	5120	6144	5	0	16	stock_mmvq	0	347.94	35	0.041	1	
IQ3_XXS	5120	6144	5	0	16	stock_dq	0	188.21	64	0.076	1	
IQ3_XXS	5120	6144	5	0	16	lcpp_mmq	0	49.97	241	0.286	1	
IQ3_XXS	5120	6144	5	0	16	iq3_vec_mma_packed	0	35.89	336	0.399	1	
IQ3_XXS	5120	6144	5	0	16	iq3_tiled_packed	1	34.66	347	0.413	1	
IQ3_XXS	5120	6144	5	0	24	stock_dq	0	186.37	65	0.077	1	
IQ3_XXS	5120	6144	5	0	24	lcpp_mmq	0	52.56	229	0.272	1	
IQ3_XXS	5120	6144	5	0	24	iq3_vec_mma_packed	0	53.40	226	0.268	1	
IQ3_XXS	5120	6144	5	0	24	iq3_tiled_packed	1	44.08	273	0.325	1	
IQ3_XXS	5120	6144	5	0	32	stock_dq	0	186.39	65	0.077	1	
IQ3_XXS	5120	6144	5	0	32	lcpp_mmq	0	58.57	206	0.244	1	
IQ3_XXS	5120	6144	5	0	32	iq3_vec_mma_packed	0	59.13	204	0.242	1	
IQ3_XXS	5120	6144	5	0	32	iq3_tiled_packed	1	48.03	251	0.298	1	
IQ3_XXS	5120	6144	5	0	48	stock_dq	0	200.52	60	0.071	1	
IQ3_XXS	5120	6144	5	0	48	lcpp_mmq	0	62.77	192	0.228	1	
IQ3_XXS	5120	6144	5	0	48	iq3_tiled_packed	1	61.82	195	0.231	1	
IQ3_XXS	5120	6144	5	0	64	stock_dq	0	187.62	64	0.076	1	
IQ3_XXS	5120	6144	5	0	64	lcpp_mmq	0	72.45	166	0.197	1	
IQ3_XXS	5120	6144	5	0	64	iq3_tiled_packed	1	64.00	188	0.224	1	
IQ3_XXS	5120	6144	5	0	128	stock_dq	0	218.32	55	0.066	1	
IQ3_XXS	5120	6144	5	0	128	lcpp_mmq	0	116.10	104	0.123	1	
IQ3_XXS	5120	6144	5	0	128	iq3_tiled_packed	1	81.72	147	0.175	1	
IQ3_XXS	5120	17408	7	0	1	stock_mmvq	0	64.82	526	0.625	1	
IQ3_XXS	5120	17408	7	0	1	lcpp_mmvq	0	48.94	697	0.828	1	
IQ3_XXS	5120	17408	7	0	1	lcpp_mmq	0	109.75	311	0.369	1	
IQ3_XXS	5120	17408	7	0	1	iq3_vec	0	53.56	637	0.757	1	
IQ3_XXS	5120	17408	7	0	1	iq3_vec_mma	0	66.28	515	0.612	1	
IQ3_XXS	5120	17408	7	0	1	iq3_vec_mma_packed	1	47.20	723	0.859	1	
IQ3_XXS	5120	17408	7	0	1	iq3_tiled_packed	0	55.58	614	0.729	1	
IQ3_XXS	5120	17408	7	0	2	stock_mmvq	0	128.87	265	0.315	1	
IQ3_XXS	5120	17408	7	0	2	lcpp_mmvq	0	56.91	600	0.712	1	
IQ3_XXS	5120	17408	7	0	2	lcpp_mmq	0	111.46	306	0.364	1	
IQ3_XXS	5120	17408	7	0	2	iq3_vec	0	59.01	578	0.687	1	
IQ3_XXS	5120	17408	7	0	2	iq3_vec_mma	0	68.45	498	0.592	1	
IQ3_XXS	5120	17408	7	0	2	iq3_vec_mma_packed	1	47.58	717	0.852	1	
IQ3_XXS	5120	17408	7	0	2	iq3_tiled_packed	0	56.50	604	0.717	1	
IQ3_XXS	5120	17408	7	0	4	stock_mmvq	0	250.45	136	0.162	1	
IQ3_XXS	5120	17408	7	0	4	lcpp_mmvq	0	81.33	420	0.498	1	
IQ3_XXS	5120	17408	7	0	4	lcpp_mmq	0	112.65	303	0.360	1	
IQ3_XXS	5120	17408	7	0	4	iq3_vec	0	71.68	476	0.565	1	
IQ3_XXS	5120	17408	7	0	4	iq3_vec_mma	0	70.91	481	0.572	1	
IQ3_XXS	5120	17408	7	0	4	iq3_vec_mma_packed	1	48.92	697	0.829	1	
IQ3_XXS	5120	17408	7	0	4	iq3_tiled_packed	0	57.75	591	0.702	1	
IQ3_XXS	5120	17408	7	0	6	stock_mmvq	0	377.39	90	0.107	1	
IQ3_XXS	5120	17408	7	0	6	lcpp_mmvq	0	106.26	321	0.381	1	
IQ3_XXS	5120	17408	7	0	6	lcpp_mmq	0	112.23	304	0.361	1	
IQ3_XXS	5120	17408	7	0	6	iq3_vec	0	89.29	382	0.454	1	
IQ3_XXS	5120	17408	7	0	6	iq3_vec_mma	0	71.42	478	0.567	1	
IQ3_XXS	5120	17408	7	0	6	iq3_vec_mma_packed	1	50.84	671	0.797	1	
IQ3_XXS	5120	17408	7	0	6	iq3_tiled_packed	0	58.87	580	0.689	1	
IQ3_XXS	5120	17408	7	0	8	stock_mmvq	0	502.38	68	0.081	1	
IQ3_XXS	5120	17408	7	0	8	lcpp_mmvq	0	129.56	263	0.313	1	
IQ3_XXS	5120	17408	7	0	8	lcpp_mmq	0	113.72	300	0.356	1	
IQ3_XXS	5120	17408	7	0	8	iq3_vec	0	90.52	377	0.448	1	
IQ3_XXS	5120	17408	7	0	8	iq3_vec_mma	0	75.52	452	0.537	1	
IQ3_XXS	5120	17408	7	0	8	iq3_vec_mma_packed	1	56.24	607	0.721	1	
IQ3_XXS	5120	17408	7	0	8	iq3_tiled_packed	0	60.47	564	0.670	1	
IQ3_XXS	5120	17408	7	0	12	stock_mmvq	0	754.98	45	0.054	1	
IQ3_XXS	5120	17408	7	0	12	lcpp_mmq	0	135.04	253	0.300	1	
IQ3_XXS	5120	17408	7	0	12	iq3_vec_mma_packed	0	81.51	419	0.497	1	
IQ3_XXS	5120	17408	7	0	12	iq3_tiled_packed	1	62.23	548	0.651	1	
IQ3_XXS	5120	17408	7	0	16	stock_mmvq	0	996.00	34	0.041	1	
IQ3_XXS	5120	17408	7	0	16	stock_dq	0	512.20	67	0.079	1	
IQ3_XXS	5120	17408	7	0	16	lcpp_mmq	0	130.17	262	0.311	1	
IQ3_XXS	5120	17408	7	0	16	iq3_vec_mma_packed	0	88.27	387	0.459	1	
IQ3_XXS	5120	17408	7	0	16	iq3_tiled_packed	1	63.49	537	0.638	1	
IQ3_XXS	5120	17408	7	0	24	stock_dq	0	514.48	66	0.079	1	
IQ3_XXS	5120	17408	7	0	24	lcpp_mmq	0	133.20	256	0.304	1	
IQ3_XXS	5120	17408	7	0	24	iq3_vec_mma_packed	0	133.69	255	0.303	1	
IQ3_XXS	5120	17408	7	0	24	iq3_tiled_packed	1	80.67	423	0.502	1	
IQ3_XXS	5120	17408	7	0	32	stock_dq	0	510.87	67	0.079	1	
IQ3_XXS	5120	17408	7	0	32	lcpp_mmq	0	149.09	229	0.272	1	
IQ3_XXS	5120	17408	7	0	32	iq3_vec_mma_packed	0	159.77	214	0.254	1	
IQ3_XXS	5120	17408	7	0	32	iq3_tiled_packed	1	86.43	395	0.469	1	
IQ3_XXS	5120	17408	7	0	48	stock_dq	0	551.53	62	0.073	1	
IQ3_XXS	5120	17408	7	0	48	lcpp_mmq	0	155.05	220	0.261	1	
IQ3_XXS	5120	17408	7	0	48	iq3_tiled_packed	1	107.42	318	0.377	1	
IQ3_XXS	5120	17408	7	0	64	stock_dq	0	515.28	66	0.079	1	
IQ3_XXS	5120	17408	7	0	64	lcpp_mmq	0	175.15	195	0.231	1	
IQ3_XXS	5120	17408	7	0	64	iq3_tiled_packed	1	136.93	249	0.296	1	
IQ3_XXS	5120	17408	7	0	128	stock_dq	0	608.64	56	0.067	1	
IQ3_XXS	5120	17408	7	0	128	lcpp_mmq	0	256.18	133	0.158	1	
IQ3_XXS	5120	17408	7	0	128	iq3_tiled_packed	1	239.23	143	0.169	1	
IQ3_XXS	6144	5120	9	0	1	stock_mmvq	0	28.49	423	0.502	1	
IQ3_XXS	6144	5120	9	0	1	lcpp_mmvq	0	25.70	469	0.557	1	
IQ3_XXS	6144	5120	9	0	1	lcpp_mmq	0	41.60	289	0.344	1	
IQ3_XXS	6144	5120	9	0	1	iq3_vec	0	20.98	574	0.682	1	
IQ3_XXS	6144	5120	9	0	1	iq3_vec_mma	0	28.21	427	0.507	1	
IQ3_XXS	6144	5120	9	0	1	iq3_vec_mma_packed	1	22.20	543	0.645	1	
IQ3_XXS	6144	5120	9	0	1	iq3_tiled_packed	0	27.62	436	0.518	1	
IQ3_XXS	6144	5120	9	0	2	stock_mmvq	0	47.05	256	0.304	1	
IQ3_XXS	6144	5120	9	0	2	lcpp_mmvq	0	26.65	452	0.537	1	
IQ3_XXS	6144	5120	9	0	2	lcpp_mmq	0	41.19	292	0.347	1	
IQ3_XXS	6144	5120	9	0	2	iq3_vec	0	24.06	501	0.595	1	
IQ3_XXS	6144	5120	9	0	2	iq3_vec_mma	0	28.67	420	0.499	1	
IQ3_XXS	6144	5120	9	0	2	iq3_vec_mma_packed	1	22.43	537	0.638	1	
IQ3_XXS	6144	5120	9	0	2	iq3_tiled_packed	0	28.16	428	0.508	1	
IQ3_XXS	6144	5120	9	0	4	stock_mmvq	0	87.99	137	0.163	1	
IQ3_XXS	6144	5120	9	0	4	lcpp_mmvq	0	34.41	350	0.416	1	
IQ3_XXS	6144	5120	9	0	4	lcpp_mmq	0	42.65	282	0.335	1	
IQ3_XXS	6144	5120	9	0	4	iq3_vec	0	28.88	417	0.495	1	
IQ3_XXS	6144	5120	9	0	4	iq3_vec_mma	0	29.85	403	0.479	1	
IQ3_XXS	6144	5120	9	0	4	iq3_vec_mma_packed	1	23.01	523	0.622	1	
IQ3_XXS	6144	5120	9	0	4	iq3_tiled_packed	0	29.74	405	0.481	1	
IQ3_XXS	6144	5120	9	0	6	stock_mmvq	0	132.17	91	0.108	1	
IQ3_XXS	6144	5120	9	0	6	lcpp_mmvq	0	42.73	282	0.335	1	
IQ3_XXS	6144	5120	9	0	6	lcpp_mmq	0	43.83	275	0.326	1	
IQ3_XXS	6144	5120	9	0	6	iq3_vec	0	36.35	331	0.394	1	
IQ3_XXS	6144	5120	9	0	6	iq3_vec_mma	0	30.31	397	0.472	1	
IQ3_XXS	6144	5120	9	0	6	iq3_vec_mma_packed	1	23.47	513	0.609	1	
IQ3_XXS	6144	5120	9	0	6	iq3_tiled_packed	0	30.69	392	0.466	1	
IQ3_XXS	6144	5120	9	0	8	stock_mmvq	0	174.05	69	0.082	1	
IQ3_XXS	6144	5120	9	0	8	lcpp_mmvq	0	51.49	234	0.278	1	
IQ3_XXS	6144	5120	9	0	8	lcpp_mmq	0	45.16	267	0.317	1	
IQ3_XXS	6144	5120	9	0	8	iq3_vec	0	37.83	318	0.378	1	
IQ3_XXS	6144	5120	9	0	8	iq3_vec_mma	0	31.92	377	0.448	1	
IQ3_XXS	6144	5120	9	0	8	iq3_vec_mma_packed	1	24.78	486	0.577	1	
IQ3_XXS	6144	5120	9	0	8	iq3_tiled_packed	0	31.97	377	0.447	1	
IQ3_XXS	6144	5120	9	0	12	stock_mmvq	0	258.15	47	0.055	1	
IQ3_XXS	6144	5120	9	0	12	lcpp_mmq	0	51.43	234	0.278	1	
IQ3_XXS	6144	5120	9	0	12	iq3_vec_mma_packed	0	34.92	345	0.410	1	
IQ3_XXS	6144	5120	9	0	12	iq3_tiled_packed	1	34.64	348	0.413	1	
IQ3_XXS	6144	5120	9	0	16	stock_mmvq	0	350.43	34	0.041	1	
IQ3_XXS	6144	5120	9	0	16	stock_dq	0	191.82	63	0.075	1	
IQ3_XXS	6144	5120	9	0	16	lcpp_mmq	0	50.25	240	0.285	1	
IQ3_XXS	6144	5120	9	0	16	iq3_vec_mma_packed	0	34.53	349	0.414	1	
IQ3_XXS	6144	5120	9	0	16	iq3_tiled_packed	1	35.92	335	0.398	1	
IQ3_XXS	6144	5120	9	0	24	stock_dq	0	197.40	61	0.072	1	
IQ3_XXS	6144	5120	9	0	24	lcpp_mmq	0	51.94	232	0.275	1	
IQ3_XXS	6144	5120	9	0	24	iq3_vec_mma_packed	0	53.30	226	0.268	1	
IQ3_XXS	6144	5120	9	0	24	iq3_tiled_packed	1	44.85	268	0.319	1	
IQ3_XXS	6144	5120	9	0	32	stock_dq	0	197.81	61	0.072	1	
IQ3_XXS	6144	5120	9	0	32	lcpp_mmq	0	56.99	211	0.251	1	
IQ3_XXS	6144	5120	9	0	32	iq3_vec_mma_packed	0	59.67	202	0.240	1	
IQ3_XXS	6144	5120	9	0	32	iq3_tiled_packed	1	50.30	239	0.284	1	
IQ3_XXS	6144	5120	9	0	48	stock_dq	0	197.81	61	0.072	1	
IQ3_XXS	6144	5120	9	0	48	lcpp_mmq	0	63.10	191	0.227	1	
IQ3_XXS	6144	5120	9	0	48	iq3_tiled_packed	1	52.89	228	0.270	1	
IQ3_XXS	6144	5120	9	0	64	stock_dq	0	198.71	61	0.072	1	
IQ3_XXS	6144	5120	9	0	64	lcpp_mmq	0	71.99	167	0.199	1	
IQ3_XXS	6144	5120	9	0	64	iq3_tiled_packed	1	69.20	174	0.207	1	
IQ3_XXS	6144	5120	9	0	128	stock_dq	0	242.05	50	0.059	1	
IQ3_XXS	6144	5120	9	0	128	lcpp_mmq	0	111.36	108	0.128	1	
IQ3_XXS	6144	5120	9	0	128	iq3_tiled_packed	1	85.91	140	0.167	1	
IQ3_XXS	10240	5120	13	0	1	stock_mmvq	0	40.40	497	0.590	1	
IQ3_XXS	10240	5120	13	0	1	lcpp_mmvq	0	36.07	556	0.661	1	
IQ3_XXS	10240	5120	13	0	1	lcpp_mmq	0	62.87	319	0.379	1	
IQ3_XXS	10240	5120	13	0	1	iq3_vec	0	29.72	675	0.802	1	
IQ3_XXS	10240	5120	13	0	1	iq3_vec_mma	0	43.29	464	0.551	1	
IQ3_XXS	10240	5120	13	0	1	iq3_vec_mma_packed	1	31.07	646	0.767	1	
IQ3_XXS	10240	5120	13	0	1	iq3_tiled_packed	0	38.34	523	0.622	1	
IQ3_XXS	10240	5120	13	0	2	stock_mmvq	0	75.93	264	0.314	1	
IQ3_XXS	10240	5120	13	0	2	lcpp_mmvq	0	40.40	497	0.590	1	
IQ3_XXS	10240	5120	13	0	2	lcpp_mmq	0	64.66	310	0.369	1	
IQ3_XXS	10240	5120	13	0	2	iq3_vec	0	34.53	581	0.690	1	
IQ3_XXS	10240	5120	13	0	2	iq3_vec_mma	0	44.47	451	0.536	1	
IQ3_XXS	10240	5120	13	0	2	iq3_vec_mma_packed	1	31.44	638	0.758	1	
IQ3_XXS	10240	5120	13	0	2	iq3_tiled_packed	0	39.19	512	0.608	1	
IQ3_XXS	10240	5120	13	0	4	stock_mmvq	0	147.12	136	0.162	1	
IQ3_XXS	10240	5120	13	0	4	lcpp_mmvq	0	56.99	352	0.418	1	
IQ3_XXS	10240	5120	13	0	4	lcpp_mmq	0	68.10	295	0.350	1	
IQ3_XXS	10240	5120	13	0	4	iq3_vec	0	45.82	438	0.520	1	
IQ3_XXS	10240	5120	13	0	4	iq3_vec_mma	0	45.44	442	0.525	1	
IQ3_XXS	10240	5120	13	0	4	iq3_vec_mma_packed	1	31.92	629	0.747	1	
IQ3_XXS	10240	5120	13	0	4	iq3_tiled_packed	0	40.45	496	0.589	1	
IQ3_XXS	10240	5120	13	0	6	stock_mmvq	0	219.03	92	0.109	1	
IQ3_XXS	10240	5120	13	0	6	lcpp_mmvq	0	68.40	293	0.349	1	
IQ3_XXS	10240	5120	13	0	6	lcpp_mmq	0	68.04	295	0.350	1	
IQ3_XXS	10240	5120	13	0	6	iq3_vec	0	56.24	357	0.424	1	
IQ3_XXS	10240	5120	13	0	6	iq3_vec_mma	0	46.54	431	0.512	1	
IQ3_XXS	10240	5120	13	0	6	iq3_vec_mma_packed	1	33.33	602	0.715	1	
IQ3_XXS	10240	5120	13	0	6	iq3_tiled_packed	0	41.80	480	0.570	1	
IQ3_XXS	10240	5120	13	0	8	stock_mmvq	0	290.61	69	0.082	1	
IQ3_XXS	10240	5120	13	0	8	lcpp_mmvq	0	81.56	246	0.292	1	
IQ3_XXS	10240	5120	13	0	8	lcpp_mmq	0	67.73	296	0.352	1	
IQ3_XXS	10240	5120	13	0	8	iq3_vec	0	55.63	361	0.429	1	
IQ3_XXS	10240	5120	13	0	8	iq3_vec_mma	0	47.72	421	0.500	1	
IQ3_XXS	10240	5120	13	0	8	iq3_vec_mma_packed	1	35.21	570	0.677	1	
IQ3_XXS	10240	5120	13	0	8	iq3_tiled_packed	0	43.34	463	0.550	1	
IQ3_XXS	10240	5120	13	0	12	stock_mmvq	0	439.89	46	0.054	1	
IQ3_XXS	10240	5120	13	0	12	lcpp_mmq	0	78.69	255	0.303	1	
IQ3_XXS	10240	5120	13	0	12	iq3_vec_mma_packed	0	48.87	411	0.488	1	
IQ3_XXS	10240	5120	13	0	12	iq3_tiled_packed	1	45.77	438	0.521	1	
IQ3_XXS	10240	5120	13	0	16	stock_mmvq	0	587.13	34	0.041	1	
IQ3_XXS	10240	5120	13	0	16	stock_dq	0	305.00	66	0.078	1	
IQ3_XXS	10240	5120	13	0	16	lcpp_mmq	0	75.16	267	0.317	1	
IQ3_XXS	10240	5120	13	0	16	iq3_vec_mma_packed	0	49.10	409	0.486	1	
IQ3_XXS	10240	5120	13	0	16	iq3_tiled_packed	1	46.92	428	0.508	1	
IQ3_XXS	10240	5120	13	0	24	stock_dq	0	313.39	64	0.076	1	
IQ3_XXS	10240	5120	13	0	24	lcpp_mmq	0	76.44	263	0.312	1	
IQ3_XXS	10240	5120	13	0	24	iq3_vec_mma_packed	0	82.00	245	0.291	1	
IQ3_XXS	10240	5120	13	0	24	iq3_tiled_packed	1	55.25	363	0.432	1	
IQ3_XXS	10240	5120	13	0	32	stock_dq	0	304.87	66	0.078	1	
IQ3_XXS	10240	5120	13	0	32	lcpp_mmq	0	84.91	236	0.281	1	
IQ3_XXS	10240	5120	13	0	32	iq3_vec_mma_packed	0	90.90	221	0.262	1	
IQ3_XXS	10240	5120	13	0	32	iq3_tiled_packed	1	55.44	362	0.430	1	
IQ3_XXS	10240	5120	13	0	48	stock_dq	0	305.41	66	0.078	1	
IQ3_XXS	10240	5120	13	0	48	lcpp_mmq	0	91.06	220	0.262	1	
IQ3_XXS	10240	5120	13	0	48	iq3_tiled_packed	1	67.46	298	0.353	1	
IQ3_XXS	10240	5120	13	0	64	stock_dq	0	305.95	66	0.078	1	
IQ3_XXS	10240	5120	13	0	64	lcpp_mmq	0	96.33	208	0.248	1	
IQ3_XXS	10240	5120	13	0	64	iq3_tiled_packed	1	68.14	295	0.350	1	
IQ3_XXS	10240	5120	13	0	128	stock_dq	0	372.33	54	0.064	1	
IQ3_XXS	10240	5120	13	0	128	lcpp_mmq	0	142.11	141	0.168	1	
IQ3_XXS	10240	5120	13	0	128	iq3_tiled_packed	1	109.14	184	0.218	1	
IQ3_XXS	12288	5120	3	0	1	stock_mmvq	0	48.36	498	0.592	1	
IQ3_XXS	12288	5120	3	0	1	lcpp_mmvq	0	41.65	578	0.687	1	
IQ3_XXS	12288	5120	3	0	1	lcpp_mmq	0	75.44	319	0.379	1	
IQ3_XXS	12288	5120	3	0	1	iq3_vec	0	42.80	563	0.668	1	
IQ3_XXS	12288	5120	3	0	1	iq3_vec_mma	0	52.25	461	0.548	1	
IQ3_XXS	12288	5120	3	0	1	iq3_vec_mma_packed	1	36.79	655	0.778	1	
IQ3_XXS	12288	5120	3	0	1	iq3_tiled_packed	0	43.16	558	0.663	1	
IQ3_XXS	12288	5120	3	0	2	stock_mmvq	0	90.50	266	0.316	1	
IQ3_XXS	12288	5120	3	0	2	lcpp_mmvq	0	47.23	510	0.606	1	
IQ3_XXS	12288	5120	3	0	2	lcpp_mmq	0	78.07	308	0.366	1	
IQ3_XXS	12288	5120	3	0	2	iq3_vec	0	44.29	544	0.646	1	
IQ3_XXS	12288	5120	3	0	2	iq3_vec_mma	0	53.84	447	0.531	1	
IQ3_XXS	12288	5120	3	0	2	iq3_vec_mma_packed	1	37.15	648	0.770	1	
IQ3_XXS	12288	5120	3	0	2	iq3_tiled_packed	0	43.97	548	0.651	1	
IQ3_XXS	12288	5120	3	0	4	stock_mmvq	0	176.38	137	0.162	1	
IQ3_XXS	12288	5120	3	0	4	lcpp_mmvq	0	64.69	372	0.442	1	
IQ3_XXS	12288	5120	3	0	4	lcpp_mmq	0	80.46	299	0.356	1	
IQ3_XXS	12288	5120	3	0	4	iq3_vec	0	49.95	482	0.573	1	
IQ3_XXS	12288	5120	3	0	4	iq3_vec_mma	0	55.35	435	0.517	1	
IQ3_XXS	12288	5120	3	0	4	iq3_vec_mma_packed	1	37.79	637	0.757	1	
IQ3_XXS	12288	5120	3	0	4	iq3_tiled_packed	0	45.49	529	0.629	1	
IQ3_XXS	12288	5120	3	0	6	stock_mmvq	0	266.06	91	0.108	1	
IQ3_XXS	12288	5120	3	0	6	lcpp_mmvq	0	80.47	299	0.356	1	
IQ3_XXS	12288	5120	3	0	6	lcpp_mmq	0	81.13	297	0.353	1	
IQ3_XXS	12288	5120	3	0	6	iq3_vec	0	61.88	389	0.462	1	
IQ3_XXS	12288	5120	3	0	6	iq3_vec_mma	0	56.29	428	0.508	1	
IQ3_XXS	12288	5120	3	0	6	iq3_vec_mma_packed	1	39.52	609	0.724	1	
IQ3_XXS	12288	5120	3	0	6	iq3_tiled_packed	0	46.79	515	0.611	1	
IQ3_XXS	12288	5120	3	0	8	stock_mmvq	0	352.26	68	0.081	1	
IQ3_XXS	12288	5120	3	0	8	lcpp_mmvq	0	97.08	248	0.295	1	
IQ3_XXS	12288	5120	3	0	8	lcpp_mmq	0	81.74	295	0.350	1	
IQ3_XXS	12288	5120	3	0	8	iq3_vec	0	66.12	364	0.433	1	
IQ3_XXS	12288	5120	3	0	8	iq3_vec_mma	0	58.29	413	0.491	1	
IQ3_XXS	12288	5120	3	0	8	iq3_vec_mma_packed	1	42.55	566	0.672	1	
IQ3_XXS	12288	5120	3	0	8	iq3_tiled_packed	0	48.18	500	0.594	1	
IQ3_XXS	12288	5120	3	0	12	stock_mmvq	0	526.38	46	0.054	1	
IQ3_XXS	12288	5120	3	0	12	lcpp_mmq	0	94.49	255	0.303	1	
IQ3_XXS	12288	5120	3	0	12	iq3_vec_mma_packed	0	57.82	417	0.495	1	
IQ3_XXS	12288	5120	3	0	12	iq3_tiled_packed	1	50.35	478	0.568	1	
IQ3_XXS	12288	5120	3	0	16	stock_mmvq	0	705.07	34	0.041	1	
IQ3_XXS	12288	5120	3	0	16	stock_dq	0	371.23	65	0.077	1	
IQ3_XXS	12288	5120	3	0	16	lcpp_mmq	0	90.93	265	0.315	1	
IQ3_XXS	12288	5120	3	0	16	iq3_vec_mma_packed	0	58.44	412	0.490	1	
IQ3_XXS	12288	5120	3	0	16	iq3_tiled_packed	1	52.37	460	0.546	1	
IQ3_XXS	12288	5120	3	0	24	stock_dq	0	378.77	64	0.076	1	
IQ3_XXS	12288	5120	3	0	24	lcpp_mmq	0	93.05	259	0.307	1	
IQ3_XXS	12288	5120	3	0	24	iq3_vec_mma_packed	0	97.36	247	0.294	1	
IQ3_XXS	12288	5120	3	0	24	iq3_tiled_packed	1	65.13	370	0.439	1	
IQ3_XXS	12288	5120	3	0	32	stock_dq	0	423.96	57	0.067	1	
IQ3_XXS	12288	5120	3	0	32	lcpp_mmq	0	103.91	232	0.275	1	
IQ3_XXS	12288	5120	3	0	32	iq3_vec_mma_packed	0	107.01	225	0.267	1	
IQ3_XXS	12288	5120	3	0	32	iq3_tiled_packed	1	71.19	338	0.402	1	
IQ3_XXS	12288	5120	3	0	48	stock_dq	0	425.80	57	0.067	1	
IQ3_XXS	12288	5120	3	0	48	lcpp_mmq	0	109.64	220	0.261	1	
IQ3_XXS	12288	5120	3	0	48	iq3_tiled_packed	1	92.75	260	0.308	1	
IQ3_XXS	12288	5120	3	0	64	stock_dq	0	425.55	57	0.067	1	
IQ3_XXS	12288	5120	3	0	64	lcpp_mmq	0	122.42	197	0.234	1	
IQ3_XXS	12288	5120	3	0	64	iq3_tiled_packed	1	124.01	194	0.231	1	
IQ3_XXS	12288	5120	3	0	128	stock_dq	0	466.51	52	0.061	1	
IQ3_XXS	12288	5120	3	0	128	lcpp_mmq	0	186.65	129	0.153	1	
IQ3_XXS	12288	5120	3	0	128	iq3_tiled_packed	1	197.12	122	0.145	1	
IQ3_XXS	17408	5120	39	0	1	stock_mmvq	0	62.87	543	0.645	1	
IQ3_XXS	17408	5120	39	0	1	lcpp_mmvq	0	55.78	612	0.727	1	
IQ3_XXS	17408	5120	39	0	1	lcpp_mmq	0	102.17	334	0.397	1	
IQ3_XXS	17408	5120	39	0	1	iq3_vec	0	51.66	660	0.785	1	
IQ3_XXS	17408	5120	39	0	1	iq3_vec_mma	0	71.81	475	0.564	1	
IQ3_XXS	17408	5120	39	0	1	iq3_vec_mma_packed	1	48.87	698	0.829	1	
IQ3_XXS	17408	5120	39	0	1	iq3_tiled_packed	0	55.35	616	0.732	1	
IQ3_XXS	17408	5120	39	0	2	stock_mmvq	0	128.63	265	0.315	1	
IQ3_XXS	17408	5120	39	0	2	lcpp_mmvq	0	64.87	526	0.625	1	
IQ3_XXS	17408	5120	39	0	2	lcpp_mmq	0	108.92	313	0.372	1	
IQ3_XXS	17408	5120	39	0	2	iq3_vec	0	54.30	628	0.746	1	
IQ3_XXS	17408	5120	39	0	2	iq3_vec_mma	0	73.22	466	0.554	1	
IQ3_XXS	17408	5120	39	0	2	iq3_vec_mma_packed	1	49.59	688	0.817	1	
IQ3_XXS	17408	5120	39	0	2	iq3_tiled_packed	0	56.52	604	0.717	1	
IQ3_XXS	17408	5120	39	0	4	stock_mmvq	0	253.47	135	0.160	1	
IQ3_XXS	17408	5120	39	0	4	lcpp_mmvq	0	89.96	379	0.451	1	
IQ3_XXS	17408	5120	39	0	4	lcpp_mmq	0	109.47	312	0.370	1	
IQ3_XXS	17408	5120	39	0	4	iq3_vec	0	68.33	499	0.593	1	
IQ3_XXS	17408	5120	39	0	4	iq3_vec_mma	0	75.11	454	0.540	1	
IQ3_XXS	17408	5120	39	0	4	iq3_vec_mma_packed	1	50.30	678	0.806	1	
IQ3_XXS	17408	5120	39	0	4	iq3_tiled_packed	0	56.68	602	0.715	1	
IQ3_XXS	17408	5120	39	0	6	stock_mmvq	0	377.88	90	0.107	1	
IQ3_XXS	17408	5120	39	0	6	lcpp_mmvq	0	109.26	312	0.371	1	
IQ3_XXS	17408	5120	39	0	6	lcpp_mmq	0	111.02	307	0.365	1	
IQ3_XXS	17408	5120	39	0	6	iq3_vec	0	83.92	407	0.483	1	
IQ3_XXS	17408	5120	39	0	6	iq3_vec_mma	0	76.47	446	0.530	1	
IQ3_XXS	17408	5120	39	0	6	iq3_vec_mma_packed	1	51.89	658	0.781	1	
IQ3_XXS	17408	5120	39	0	6	iq3_tiled_packed	0	56.37	605	0.719	1	
IQ3_XXS	17408	5120	39	0	8	stock_mmvq	0	505.09	68	0.080	1	
IQ3_XXS	17408	5120	39	0	8	lcpp_mmvq	0	131.87	259	0.307	1	
IQ3_XXS	17408	5120	39	0	8	lcpp_mmq	0	110.00	310	0.368	1	
IQ3_XXS	17408	5120	39	0	8	iq3_vec	0	89.32	382	0.454	1	
IQ3_XXS	17408	5120	39	0	8	iq3_vec_mma	0	78.69	434	0.515	1	
IQ3_XXS	17408	5120	39	0	8	iq3_vec_mma_packed	1	56.70	602	0.715	1	
IQ3_XXS	17408	5120	39	0	8	iq3_tiled_packed	0	58.37	585	0.694	1	
IQ3_XXS	17408	5120	39	0	12	stock_mmvq	0	766.17	45	0.053	1	
IQ3_XXS	17408	5120	39	0	12	lcpp_mmq	0	125.52	272	0.323	1	
IQ3_XXS	17408	5120	39	0	12	iq3_vec_mma_packed	0	77.18	442	0.525	1	
IQ3_XXS	17408	5120	39	0	12	iq3_tiled_packed	1	56.58	603	0.716	1	
IQ3_XXS	17408	5120	39	0	16	stock_mmvq	0	1019.55	33	0.040	1	
IQ3_XXS	17408	5120	39	0	16	stock_dq	0	517.61	66	0.078	1	
IQ3_XXS	17408	5120	39	0	16	lcpp_mmq	0	120.09	284	0.338	1	
IQ3_XXS	17408	5120	39	0	16	iq3_vec_mma_packed	0	81.15	420	0.499	1	
IQ3_XXS	17408	5120	39	0	16	iq3_tiled_packed	1	58.08	587	0.698	1	
IQ3_XXS	17408	5120	39	0	24	stock_dq	0	523.19	65	0.077	1	
IQ3_XXS	17408	5120	39	0	24	lcpp_mmq	0	123.66	276	0.328	1	
IQ3_XXS	17408	5120	39	0	24	iq3_vec_mma_packed	0	131.53	259	0.308	1	
IQ3_XXS	17408	5120	39	0	24	iq3_tiled_packed	1	73.24	466	0.553	1	
IQ3_XXS	17408	5120	39	0	32	stock_dq	0	592.49	58	0.068	1	
IQ3_XXS	17408	5120	39	0	32	lcpp_mmq	0	138.62	246	0.292	1	
IQ3_XXS	17408	5120	39	0	32	iq3_vec_mma_packed	0	141.99	240	0.285	1	
IQ3_XXS	17408	5120	39	0	32	iq3_tiled_packed	1	75.57	451	0.536	1	
IQ3_XXS	17408	5120	39	0	48	stock_dq	0	601.68	57	0.067	1	
IQ3_XXS	17408	5120	39	0	48	lcpp_mmq	0	145.18	235	0.279	1	
IQ3_XXS	17408	5120	39	0	48	iq3_tiled_packed	1	92.01	371	0.441	1	
IQ3_XXS	17408	5120	39	0	64	stock_dq	0	606.67	56	0.067	1	
IQ3_XXS	17408	5120	39	0	64	lcpp_mmq	0	163.15	209	0.248	1	
IQ3_XXS	17408	5120	39	0	64	iq3_tiled_packed	1	114.51	298	0.354	1	
IQ3_XXS	17408	5120	39	0	128	stock_dq	0	671.10	51	0.060	1	
IQ3_XXS	17408	5120	39	0	128	lcpp_mmq	0	250.62	136	0.162	1	
IQ3_XXS	17408	5120	39	0	128	iq3_tiled_packed	1	215.24	159	0.188	1	
IQ4_XS	1024	5120	9	0	1	stock_mmvq	0	9.70	287	0.341	1	
IQ4_XS	1024	5120	9	0	1	lcpp_mmvq	1	7.94	351	0.417	1	
IQ4_XS	1024	5120	9	0	1	lcpp_mmq	0	14.69	190	0.225	1	
IQ4_XS	1024	5120	9	0	1	mma_k	0	12.59	221	0.263	1	
IQ4_XS	1024	5120	9	0	2	stock_mmvq	0	13.41	208	0.247	1	
IQ4_XS	1024	5120	9	0	2	lcpp_mmvq	1	8.35	334	0.396	1	
IQ4_XS	1024	5120	9	0	2	lcpp_mmq	0	13.85	201	0.239	1	
IQ4_XS	1024	5120	9	0	2	mma_k	0	11.72	238	0.282	1	
IQ4_XS	1024	5120	9	0	4	stock_mmvq	0	19.91	140	0.166	1	
IQ4_XS	1024	5120	9	0	4	lcpp_mmvq	1	9.16	304	0.361	1	
IQ4_XS	1024	5120	9	0	4	lcpp_mmq	0	13.51	206	0.245	1	
IQ4_XS	1024	5120	9	0	4	mma_k	0	11.42	244	0.290	1	
IQ4_XS	1024	5120	9	0	6	stock_mmvq	0	25.88	108	0.128	1	
IQ4_XS	1024	5120	9	0	6	lcpp_mmvq	1	10.85	257	0.305	1	
IQ4_XS	1024	5120	9	0	6	lcpp_mmq	0	13.49	206	0.245	1	
IQ4_XS	1024	5120	9	0	6	mma_k	0	12.72	219	0.260	1	
IQ4_XS	1024	5120	9	0	8	stock_mmvq	0	32.28	86	0.102	1	
IQ4_XS	1024	5120	9	0	8	lcpp_mmvq	0	12.47	223	0.265	1	
IQ4_XS	1024	5120	9	0	8	lcpp_mmq	1	13.47	207	0.246	1	
IQ4_XS	1024	5120	9	0	8	mma_k	0	12.72	219	0.260	1	
IQ4_XS	1024	5120	9	0	12	stock_mmvq	0	45.62	61	0.073	1	
IQ4_XS	1024	5120	9	0	12	lcpp_mmq	1	14.57	191	0.227	1	
IQ4_XS	1024	5120	9	0	12	mma_k	0	14.28	195	0.232	1	
IQ4_XS	1024	5120	9	0	16	stock_mmvq	0	59.16	47	0.056	1	
IQ4_XS	1024	5120	9	0	16	stock_dq	0	40.84	68	0.081	1	
IQ4_XS	1024	5120	9	0	16	lcpp_mmq	1	14.69	190	0.225	1	
IQ4_XS	1024	5120	9	0	16	mma_k	0	15.58	179	0.212	1	
IQ4_XS	1024	5120	9	0	24	stock_dq	0	65.72	42	0.050	1	
IQ4_XS	1024	5120	9	0	24	lcpp_mmq	1	16.03	174	0.206	1	
IQ4_XS	1024	5120	9	0	24	mma_k	0	21.38	130	0.155	1	
IQ4_XS	1024	5120	9	0	32	stock_dq	0	64.92	43	0.051	1	
IQ4_XS	1024	5120	9	0	32	lcpp_mmq	1	17.10	163	0.193	1	
IQ4_XS	1024	5120	9	0	32	mma_k	0	24.83	112	0.133	1	
IQ4_XS	1024	5120	9	0	48	stock_dq	0	41.29	67	0.080	1	
IQ4_XS	1024	5120	9	0	48	lcpp_mmq	1	19.55	142	0.169	1	
IQ4_XS	1024	5120	9	0	48	mma_k	0	33.84	82	0.098	1	
IQ4_XS	1024	5120	9	0	64	stock_dq	0	37.25	75	0.089	1	
IQ4_XS	1024	5120	9	0	64	lcpp_mmq	1	23.30	120	0.142	1	
IQ4_XS	1024	5120	9	0	64	mma_k	0	41.01	68	0.081	1	
IQ4_XS	1024	5120	9	0	128	stock_dq	0	42.09	66	0.079	1	
IQ4_XS	1024	5120	9	0	128	lcpp_mmq	1	46.77	60	0.071	1	
IQ4_XS	1024	5120	9	0	128	mma_k_chunked64	0	83.09	34	0.040	1	
IQ4_XS	5120	6144	18	0	1	stock_mmvq	0	27.13	616	0.732	1	
IQ4_XS	5120	6144	18	0	1	lcpp_mmvq	1	23.32	717	0.851	1	
IQ4_XS	5120	6144	18	0	1	lcpp_mmq	0	32.53	514	0.610	1	
IQ4_XS	5120	6144	18	0	1	mma_k	0	30.75	544	0.646	1	
IQ4_XS	5120	6144	18	0	2	stock_mmvq	0	50.45	331	0.394	1	
IQ4_XS	5120	6144	18	0	2	lcpp_mmvq	1	24.17	692	0.822	1	
IQ4_XS	5120	6144	18	0	2	lcpp_mmq	0	34.41	486	0.577	1	
IQ4_XS	5120	6144	18	0	2	mma_k	0	32.51	514	0.611	1	
IQ4_XS	5120	6144	18	0	4	stock_mmvq	0	95.95	174	0.207	1	
IQ4_XS	5120	6144	18	0	4	lcpp_mmvq	1	26.95	620	0.737	1	
IQ4_XS	5120	6144	18	0	4	lcpp_mmq	0	35.79	467	0.555	1	
IQ4_XS	5120	6144	18	0	4	mma_k	0	33.43	500	0.594	1	
IQ4_XS	5120	6144	18	0	6	stock_mmvq	0	145.86	115	0.136	1	
IQ4_XS	5120	6144	18	0	6	lcpp_mmvq	1	33.31	502	0.596	1	
IQ4_XS	5120	6144	18	0	6	lcpp_mmq	0	37.30	448	0.532	1	
IQ4_XS	5120	6144	18	0	6	mma_k	0	35.99	464	0.552	1	
IQ4_XS	5120	6144	18	0	8	stock_mmvq	0	193.71	86	0.102	1	
IQ4_XS	5120	6144	18	0	8	lcpp_mmvq	0	43.93	380	0.452	1	
IQ4_XS	5120	6144	18	0	8	lcpp_mmq	1	36.99	452	0.537	1	
IQ4_XS	5120	6144	18	0	8	mma_k	0	35.66	469	0.557	1	
IQ4_XS	5120	6144	18	0	12	stock_mmvq	0	285.54	59	0.070	1	
IQ4_XS	5120	6144	18	0	12	lcpp_mmq	0	42.24	396	0.470	1	
IQ4_XS	5120	6144	18	0	12	mma_k	1	37.86	441	0.524	1	
IQ4_XS	5120	6144	18	0	16	stock_mmvq	0	384.50	43	0.052	1	
IQ4_XS	5120	6144	18	0	16	stock_dq	0	189.82	88	0.105	1	
IQ4_XS	5120	6144	18	0	16	lcpp_mmq	0	40.01	418	0.496	1	
IQ4_XS	5120	6144	18	0	16	mma_k	1	36.17	462	0.549	1	
IQ4_XS	5120	6144	18	0	24	stock_dq	0	186.85	89	0.106	1	
IQ4_XS	5120	6144	18	0	24	lcpp_mmq	1	44.03	380	0.451	1	
IQ4_XS	5120	6144	18	0	24	mma_k	0	43.93	380	0.452	1	
IQ4_XS	5120	6144	18	0	32	stock_dq	0	187.47	89	0.106	1	
IQ4_XS	5120	6144	18	0	32	lcpp_mmq	1	48.92	342	0.406	1	
IQ4_XS	5120	6144	18	0	32	mma_k	0	46.64	358	0.426	1	
IQ4_XS	5120	6144	18	0	48	stock_dq	0	201.44	83	0.099	1	
IQ4_XS	5120	6144	18	0	48	lcpp_mmq	1	53.17	314	0.373	1	
IQ4_XS	5120	6144	18	0	48	mma_k	0	60.21	278	0.330	1	
IQ4_XS	5120	6144	18	0	64	stock_dq	0	191.09	87	0.104	1	
IQ4_XS	5120	6144	18	0	64	lcpp_mmq	1	62.66	267	0.317	1	
IQ4_XS	5120	6144	18	0	64	mma_k	0	66.41	252	0.299	1	
IQ4_XS	5120	6144	18	0	128	stock_dq	0	218.62	76	0.091	1	
IQ4_XS	5120	6144	18	0	128	lcpp_mmq	1	105.93	158	0.187	1	
IQ4_XS	5120	6144	18	0	128	mma_k_chunked64	0	137.63	121	0.144	1	
IQ4_XS	5120	17408	21	0	1	stock_mmvq	0	72.22	656	0.779	1	
IQ4_XS	5120	17408	21	0	1	lcpp_mmvq	1	58.34	812	0.964	1	
IQ4_XS	5120	17408	21	0	1	lcpp_mmq	0	81.89	578	0.687	1	
IQ4_XS	5120	17408	21	0	1	mma_k	0	79.56	595	0.707	1	
IQ4_XS	5120	17408	21	0	2	stock_mmvq	0	145.53	325	0.387	1	
IQ4_XS	5120	17408	21	0	2	lcpp_mmvq	1	59.90	790	0.939	1	
IQ4_XS	5120	17408	21	0	2	lcpp_mmq	0	83.61	566	0.673	1	
IQ4_XS	5120	17408	21	0	2	mma_k	0	79.69	594	0.706	1	
IQ4_XS	5120	17408	21	0	4	stock_mmvq	0	278.84	170	0.202	1	
IQ4_XS	5120	17408	21	0	4	lcpp_mmvq	1	70.68	670	0.796	1	
IQ4_XS	5120	17408	21	0	4	lcpp_mmq	0	85.40	554	0.659	1	
IQ4_XS	5120	17408	21	0	4	mma_k	0	80.72	587	0.697	1	
IQ4_XS	5120	17408	21	0	6	stock_mmvq	0	415.26	114	0.135	1	
IQ4_XS	5120	17408	21	0	6	lcpp_mmvq	1	93.31	507	0.603	1	
IQ4_XS	5120	17408	21	0	6	lcpp_mmq	0	86.33	548	0.652	1	
IQ4_XS	5120	17408	21	0	6	mma_k	0	81.95	578	0.686	1	
IQ4_XS	5120	17408	21	0	8	stock_mmvq	0	546.31	87	0.103	1	
IQ4_XS	5120	17408	21	0	8	lcpp_mmvq	0	128.22	369	0.439	1	
IQ4_XS	5120	17408	21	0	8	lcpp_mmq	1	86.68	546	0.649	1	
IQ4_XS	5120	17408	21	0	8	mma_k	0	82.46	574	0.682	1	
IQ4_XS	5120	17408	21	0	12	stock_mmvq	0	815.50	58	0.069	1	
IQ4_XS	5120	17408	21	0	12	lcpp_mmq	0	97.10	488	0.579	1	
IQ4_XS	5120	17408	21	0	12	mma_k	1	84.81	558	0.663	1	
IQ4_XS	5120	17408	21	0	16	stock_mmvq	0	1121.48	42	0.050	1	
IQ4_XS	5120	17408	21	0	16	stock_dq	0	510.16	93	0.110	1	
IQ4_XS	5120	17408	21	0	16	lcpp_mmq	0	89.75	528	0.627	1	
IQ4_XS	5120	17408	21	0	16	mma_k	1	84.48	561	0.666	1	
IQ4_XS	5120	17408	21	0	24	stock_dq	0	511.59	93	0.110	1	
IQ4_XS	5120	17408	21	0	24	lcpp_mmq	0	100.38	472	0.560	1	
IQ4_XS	5120	17408	21	0	24	mma_k	1	95.71	495	0.588	1	
IQ4_XS	5120	17408	21	0	32	stock_dq	0	519.53	91	0.108	1	
IQ4_XS	5120	17408	21	0	32	lcpp_mmq	0	110.85	427	0.507	1	
IQ4_XS	5120	17408	21	0	32	mma_k	1	101.71	466	0.553	1	
IQ4_XS	5120	17408	21	0	48	stock_dq	0	557.13	85	0.101	1	
IQ4_XS	5120	17408	21	0	48	lcpp_mmq	1	119.83	395	0.469	1	
IQ4_XS	5120	17408	21	0	48	mma_k	0	145.64	325	0.386	1	
IQ4_XS	5120	17408	21	0	64	stock_dq	0	517.07	92	0.109	1	
IQ4_XS	5120	17408	21	0	64	lcpp_mmq	1	141.98	334	0.396	1	
IQ4_XS	5120	17408	21	0	64	mma_k	0	151.59	312	0.371	1	
IQ4_XS	5120	17408	21	0	128	stock_dq	0	625.15	76	0.090	1	
IQ4_XS	5120	17408	21	0	128	lcpp_mmq	1	232.80	203	0.242	1	
IQ4_XS	5120	17408	21	0	128	mma_k_chunked64	0	319.69	148	0.176	1	
IQ4_XS	6144	5120	12	0	1	stock_mmvq	0	32.84	509	0.604	1	
IQ4_XS	6144	5120	12	0	1	lcpp_mmvq	1	23.78	703	0.835	1	
IQ4_XS	6144	5120	12	0	1	lcpp_mmq	0	34.40	486	0.577	1	
IQ4_XS	6144	5120	12	0	1	mma_k	0	32.23	519	0.616	1	
IQ4_XS	6144	5120	12	0	2	stock_mmvq	0	52.16	320	0.381	1	
IQ4_XS	6144	5120	12	0	2	lcpp_mmvq	1	24.83	673	0.799	1	
IQ4_XS	6144	5120	12	0	2	lcpp_mmq	0	34.18	489	0.581	1	
IQ4_XS	6144	5120	12	0	2	mma_k	0	32.51	514	0.611	1	
IQ4_XS	6144	5120	12	0	4	stock_mmvq	0	96.82	173	0.205	1	
IQ4_XS	6144	5120	12	0	4	lcpp_mmvq	1	28.75	581	0.691	1	
IQ4_XS	6144	5120	12	0	4	lcpp_mmq	0	35.30	473	0.562	1	
IQ4_XS	6144	5120	12	0	4	mma_k	0	33.53	498	0.592	1	
IQ4_XS	6144	5120	12	0	6	stock_mmvq	0	147.33	113	0.135	1	
IQ4_XS	6144	5120	12	0	6	lcpp_mmvq	1	34.82	480	0.570	1	
IQ4_XS	6144	5120	12	0	6	lcpp_mmq	0	36.92	453	0.538	1	
IQ4_XS	6144	5120	12	0	6	mma_k	0	35.00	478	0.567	1	
IQ4_XS	6144	5120	12	0	8	stock_mmvq	0	195.78	85	0.101	1	
IQ4_XS	6144	5120	12	0	8	lcpp_mmvq	0	47.54	352	0.418	1	
IQ4_XS	6144	5120	12	0	8	lcpp_mmq	1	36.58	457	0.543	1	
IQ4_XS	6144	5120	12	0	8	mma_k	0	35.79	467	0.555	1	
IQ4_XS	6144	5120	12	0	12	stock_mmvq	0	289.36	58	0.069	1	
IQ4_XS	6144	5120	12	0	12	lcpp_mmq	0	42.14	397	0.471	1	
IQ4_XS	6144	5120	12	0	12	mma_k	1	37.99	440	0.523	1	
IQ4_XS	6144	5120	12	0	16	stock_mmvq	0	391.14	43	0.051	1	
IQ4_XS	6144	5120	12	0	16	stock_dq	0	192.64	87	0.103	1	
IQ4_XS	6144	5120	12	0	16	lcpp_mmq	0	39.45	424	0.503	1	
IQ4_XS	6144	5120	12	0	16	mma_k	1	36.81	454	0.539	1	
IQ4_XS	6144	5120	12	0	24	stock_dq	0	198.30	84	0.100	1	
IQ4_XS	6144	5120	12	0	24	lcpp_mmq	1	43.03	388	0.461	1	
IQ4_XS	6144	5120	12	0	24	mma_k	0	43.32	386	0.458	1	
IQ4_XS	6144	5120	12	0	32	stock_dq	0	197.84	84	0.100	1	
IQ4_XS	6144	5120	12	0	32	lcpp_mmq	1	47.90	349	0.414	1	
IQ4_XS	6144	5120	12	0	32	mma_k	0	46.82	357	0.424	1	
IQ4_XS	6144	5120	12	0	48	stock_dq	0	198.73	84	0.100	1	
IQ4_XS	6144	5120	12	0	48	lcpp_mmq	1	52.63	318	0.377	1	
IQ4_XS	6144	5120	12	0	48	mma_k	0	60.39	277	0.329	1	
IQ4_XS	6144	5120	12	0	64	stock_dq	0	202.39	83	0.098	1	
IQ4_XS	6144	5120	12	0	64	lcpp_mmq	1	62.31	268	0.319	1	
IQ4_XS	6144	5120	12	0	64	mma_k	0	66.10	253	0.300	1	
IQ4_XS	6144	5120	12	0	128	stock_dq	0	246.58	68	0.081	1	
IQ4_XS	6144	5120	12	0	128	lcpp_mmq	1	102.76	163	0.193	1	
IQ4_XS	6144	5120	12	0	128	mma_k_chunked64	0	136.01	123	0.146	1	
IQ4_XS	10240	5120	9	0	1	stock_mmvq	0	43.80	636	0.755	1	
IQ4_XS	10240	5120	9	0	1	lcpp_mmvq	1	36.27	768	0.912	1	
IQ4_XS	10240	5120	9	0	1	lcpp_mmq	0	46.69	596	0.709	1	
IQ4_XS	10240	5120	9	0	1	mma_k	0	46.41	600	0.713	1	
IQ4_XS	10240	5120	9	0	2	stock_mmvq	0	82.64	337	0.400	1	
IQ4_XS	10240	5120	9	0	2	lcpp_mmvq	1	37.58	741	0.880	1	
IQ4_XS	10240	5120	9	0	2	lcpp_mmq	0	48.92	569	0.676	1	
IQ4_XS	10240	5120	9	0	2	mma_k	0	47.64	585	0.695	1	
IQ4_XS	10240	5120	9	0	4	stock_mmvq	0	162.22	172	0.204	1	
IQ4_XS	10240	5120	9	0	4	lcpp_mmvq	1	45.06	618	0.734	1	
IQ4_XS	10240	5120	9	0	4	lcpp_mmq	0	50.23	555	0.659	1	
IQ4_XS	10240	5120	9	0	4	mma_k	0	49.66	561	0.666	1	
IQ4_XS	10240	5120	9	0	6	stock_mmvq	0	245.79	113	0.135	1	
IQ4_XS	10240	5120	9	0	6	lcpp_mmvq	1	55.94	498	0.592	1	
IQ4_XS	10240	5120	9	0	6	lcpp_mmq	0	50.27	554	0.658	1	
IQ4_XS	10240	5120	9	0	6	mma_k	0	49.89	558	0.663	1	
IQ4_XS	10240	5120	9	0	8	stock_mmvq	0	323.48	86	0.102	1	
IQ4_XS	10240	5120	9	0	8	lcpp_mmvq	0	74.29	375	0.445	1	
IQ4_XS	10240	5120	9	0	8	lcpp_mmq	1	49.92	558	0.663	1	
IQ4_XS	10240	5120	9	0	8	mma_k	0	50.35	553	0.657	1	
IQ4_XS	10240	5120	9	0	12	stock_mmvq	0	481.84	58	0.069	1	
IQ4_XS	10240	5120	9	0	12	lcpp_mmq	0	57.86	481	0.572	1	
IQ4_XS	10240	5120	9	0	12	mma_k	1	51.84	537	0.638	1	
IQ4_XS	10240	5120	9	0	16	stock_mmvq	0	656.42	42	0.050	1	
IQ4_XS	10240	5120	9	0	16	stock_dq	0	306.91	91	0.108	1	
IQ4_XS	10240	5120	9	0	16	lcpp_mmq	0	53.04	525	0.624	1	
IQ4_XS	10240	5120	9	0	16	mma_k	1	49.79	559	0.665	1	
IQ4_XS	10240	5120	9	0	24	stock_dq	0	315.46	88	0.105	1	
IQ4_XS	10240	5120	9	0	24	lcpp_mmq	1	59.34	469	0.558	1	
IQ4_XS	10240	5120	9	0	24	mma_k	0	60.44	461	0.547	1	
IQ4_XS	10240	5120	9	0	32	stock_dq	0	307.20	91	0.108	1	
IQ4_XS	10240	5120	9	0	32	lcpp_mmq	1	65.48	425	0.505	1	
IQ4_XS	10240	5120	9	0	32	mma_k	0	64.23	434	0.515	1	
IQ4_XS	10240	5120	9	0	48	stock_dq	0	307.88	90	0.107	1	
IQ4_XS	10240	5120	9	0	48	lcpp_mmq	1	68.91	404	0.480	1	
IQ4_XS	10240	5120	9	0	48	mma_k	0	88.64	314	0.373	1	
IQ4_XS	10240	5120	9	0	64	stock_dq	0	308.99	90	0.107	1	
IQ4_XS	10240	5120	9	0	64	lcpp_mmq	1	82.23	339	0.402	1	
IQ4_XS	10240	5120	9	0	64	mma_k	0	96.30	289	0.344	1	
IQ4_XS	10240	5120	9	0	128	stock_dq	0	375.90	74	0.088	1	
IQ4_XS	10240	5120	9	0	128	lcpp_mmq	1	127.53	218	0.259	1	
IQ4_XS	10240	5120	9	0	128	mma_k_chunked64	0	204.35	136	0.162	1	
IQ4_XS	12288	5120	2	0	1	stock_mmvq	0	51.61	648	0.769	1	
IQ4_XS	12288	5120	2	0	1	lcpp_mmvq	1	42.57	785	0.933	1	
IQ4_XS	12288	5120	2	0	1	lcpp_mmq	0	56.47	592	0.703	1	
IQ4_XS	12288	5120	2	0	1	mma_k	0	53.40	626	0.744	1	
IQ4_XS	12288	5120	2	0	2	stock_mmvq	0	99.84	335	0.398	1	
IQ4_XS	12288	5120	2	0	2	lcpp_mmvq	1	44.05	759	0.901	1	
IQ4_XS	12288	5120	2	0	2	lcpp_mmq	0	60.08	556	0.661	1	
IQ4_XS	12288	5120	2	0	2	mma_k	0	55.65	601	0.713	1	
IQ4_XS	12288	5120	2	0	4	stock_mmvq	0	196.30	170	0.202	1	
IQ4_XS	12288	5120	2	0	4	lcpp_mmvq	1	52.27	639	0.760	1	
IQ4_XS	12288	5120	2	0	4	lcpp_mmq	0	61.26	546	0.648	1	
IQ4_XS	12288	5120	2	0	4	mma_k	0	56.78	589	0.699	1	
IQ4_XS	12288	5120	2	0	6	stock_mmvq	0	293.91	114	0.135	1	
IQ4_XS	12288	5120	2	0	6	lcpp_mmvq	1	65.82	508	0.603	1	
IQ4_XS	12288	5120	2	0	6	lcpp_mmq	0	61.31	545	0.648	1	
IQ4_XS	12288	5120	2	0	6	mma_k	0	57.88	578	0.686	1	
IQ4_XS	12288	5120	2	0	8	stock_mmvq	0	387.26	86	0.103	1	
IQ4_XS	12288	5120	2	0	8	lcpp_mmvq	0	86.09	388	0.461	1	
IQ4_XS	12288	5120	2	0	8	lcpp_mmq	1	61.85	540	0.642	1	
IQ4_XS	12288	5120	2	0	8	mma_k	0	57.60	580	0.689	1	
IQ4_XS	12288	5120	2	0	12	stock_mmvq	0	579.79	58	0.068	1	
IQ4_XS	12288	5120	2	0	12	lcpp_mmq	0	71.17	470	0.558	1	
IQ4_XS	12288	5120	2	0	12	mma_k	1	59.87	558	0.663	1	
IQ4_XS	12288	5120	2	0	16	stock_mmvq	0	786.11	43	0.051	1	
IQ4_XS	12288	5120	2	0	16	stock_dq	0	371.94	90	0.107	1	
IQ4_XS	12288	5120	2	0	16	lcpp_mmq	0	65.56	510	0.606	1	
IQ4_XS	12288	5120	2	0	16	mma_k	1	57.70	579	0.688	1	
IQ4_XS	12288	5120	2	0	24	stock_dq	0	379.44	88	0.105	1	
IQ4_XS	12288	5120	2	0	24	lcpp_mmq	0	75.06	445	0.529	1	
IQ4_XS	12288	5120	2	0	24	mma_k	1	70.27	476	0.565	1	
IQ4_XS	12288	5120	2	0	32	stock_dq	0	425.75	79	0.093	1	
IQ4_XS	12288	5120	2	0	32	lcpp_mmq	0	81.46	410	0.487	1	
IQ4_XS	12288	5120	2	0	32	mma_k	1	73.00	458	0.544	1	
IQ4_XS	12288	5120	2	0	48	stock_dq	0	427.80	78	0.093	1	
IQ4_XS	12288	5120	2	0	48	lcpp_mmq	1	89.32	374	0.445	1	
IQ4_XS	12288	5120	2	0	48	mma_k	0	103.82	322	0.382	1	
IQ4_XS	12288	5120	2	0	64	stock_dq	0	429.11	78	0.093	1	
IQ4_XS	12288	5120	2	0	64	lcpp_mmq	1	104.47	320	0.380	1	
IQ4_XS	12288	5120	2	0	64	mma_k	0	107.03	312	0.371	1	
IQ4_XS	12288	5120	2	0	128	stock_dq	0	477.57	70	0.083	1	
IQ4_XS	12288	5120	2	0	128	lcpp_mmq	1	172.90	193	0.230	1	
IQ4_XS	12288	5120	2	0	128	mma_k_chunked64	0	241.71	138	0.164	1	
IQ4_XS	17408	5120	25	0	1	stock_mmvq	0	69.94	677	0.804	1	
IQ4_XS	17408	5120	25	0	1	lcpp_mmvq	1	58.19	814	0.967	1	
IQ4_XS	17408	5120	25	0	1	lcpp_mmq	0	75.26	629	0.747	1	
IQ4_XS	17408	5120	25	0	1	mma_k	0	73.63	643	0.764	1	
IQ4_XS	17408	5120	25	0	2	stock_mmvq	0	139.67	339	0.403	1	
IQ4_XS	17408	5120	25	0	2	lcpp_mmvq	1	60.40	784	0.931	1	
IQ4_XS	17408	5120	25	0	2	lcpp_mmq	0	81.05	584	0.694	1	
IQ4_XS	17408	5120	25	0	2	mma_k	0	74.96	632	0.750	1	
IQ4_XS	17408	5120	25	0	4	stock_mmvq	0	277.15	171	0.203	1	
IQ4_XS	17408	5120	25	0	4	lcpp_mmvq	1	71.47	662	0.787	1	
IQ4_XS	17408	5120	25	0	4	lcpp_mmq	0	82.51	574	0.682	1	
IQ4_XS	17408	5120	25	0	4	mma_k	0	76.62	618	0.734	1	
IQ4_XS	17408	5120	25	0	6	stock_mmvq	0	415.74	114	0.135	1	
IQ4_XS	17408	5120	25	0	6	lcpp_mmvq	1	90.34	524	0.623	1	
IQ4_XS	17408	5120	25	0	6	lcpp_mmq	0	83.20	569	0.676	1	
IQ4_XS	17408	5120	25	0	6	mma_k	0	76.65	618	0.734	1	
IQ4_XS	17408	5120	25	0	8	stock_mmvq	0	559.91	85	0.100	1	
IQ4_XS	17408	5120	25	0	8	lcpp_mmvq	0	121.83	389	0.462	1	
IQ4_XS	17408	5120	25	0	8	lcpp_mmq	1	83.40	568	0.674	1	
IQ4_XS	17408	5120	25	0	8	mma_k	0	77.06	614	0.730	1	
IQ4_XS	17408	5120	25	0	12	stock_mmvq	0	829.10	57	0.068	1	
IQ4_XS	17408	5120	25	0	12	lcpp_mmq	0	95.77	494	0.587	1	
IQ4_XS	17408	5120	25	0	12	mma_k	1	79.13	598	0.711	1	
IQ4_XS	17408	5120	25	0	16	stock_mmvq	0	1141.14	41	0.049	1	
IQ4_XS	17408	5120	25	0	16	stock_dq	0	520.27	91	0.108	1	
IQ4_XS	17408	5120	25	0	16	lcpp_mmq	0	87.14	543	0.645	1	
IQ4_XS	17408	5120	25	0	16	mma_k	1	76.97	615	0.731	1	
IQ4_XS	17408	5120	25	0	24	stock_dq	0	528.64	90	0.106	1	
IQ4_XS	17408	5120	25	0	24	lcpp_mmq	0	99.97	474	0.563	1	
IQ4_XS	17408	5120	25	0	24	mma_k	1	92.31	513	0.609	1	
IQ4_XS	17408	5120	25	0	32	stock_dq	0	584.29	81	0.096	1	
IQ4_XS	17408	5120	25	0	32	lcpp_mmq	0	107.08	442	0.525	1	
IQ4_XS	17408	5120	25	0	32	mma_k	1	96.97	488	0.580	1	
IQ4_XS	17408	5120	25	0	48	stock_dq	0	599.40	79	0.094	1	
IQ4_XS	17408	5120	25	0	48	lcpp_mmq	1	118.60	399	0.474	1	
IQ4_XS	17408	5120	25	0	48	mma_k	0	135.03	351	0.417	1	
IQ4_XS	17408	5120	25	0	64	stock_dq	0	605.90	78	0.093	1	
IQ4_XS	17408	5120	25	0	64	lcpp_mmq	1	139.38	340	0.404	1	
IQ4_XS	17408	5120	25	0	64	mma_k	0	161.23	294	0.349	1	
IQ4_XS	17408	5120	25	0	128	stock_dq	0	678.06	70	0.083	1	
IQ4_XS	17408	5120	25	0	128	lcpp_mmq	1	232.42	204	0.242	1	
IQ4_XS	17408	5120	25	0	128	mma_k_chunked64	0	326.68	145	0.172	1	
Q2_K	5120	17408	1	0	1	stock_mmvq	0	62.80	466	0.553	1	
Q2_K	5120	17408	1	0	1	stock_mmq	0	95.66	306	0.363	1	
Q2_K	5120	17408	1	0	1	lcpp_mmvq	1	44.49	657	0.781	1	
Q2_K	5120	17408	1	0	1	lcpp_mmq	0	76.65	382	0.453	1	
Q2_K	5120	17408	1	0	2	stock_mmvq	0	121.24	241	0.287	1	
Q2_K	5120	17408	1	0	2	stock_mmq	0	102.72	285	0.338	1	
Q2_K	5120	17408	1	0	2	lcpp_mmvq	1	55.71	525	0.624	1	
Q2_K	5120	17408	1	0	2	lcpp_mmq	0	79.33	369	0.438	1	
Q2_K	5120	17408	1	0	4	stock_mmvq	0	236.57	124	0.147	1	
Q2_K	5120	17408	1	0	4	stock_mmq	0	109.80	266	0.316	1	
Q2_K	5120	17408	1	0	4	lcpp_mmvq	1	90.83	322	0.383	1	
Q2_K	5120	17408	1	0	4	lcpp_mmq	0	81.46	359	0.426	1	
Q2_K	5120	17408	1	0	6	stock_mmvq	0	354.66	82	0.098	1	
Q2_K	5120	17408	1	0	6	stock_mmq	0	153.22	191	0.227	1	
Q2_K	5120	17408	1	0	6	lcpp_mmvq	1	128.92	227	0.269	1	
Q2_K	5120	17408	1	0	6	lcpp_mmq	0	87.07	336	0.399	1	
Q2_K	5120	17408	1	0	8	stock_mmvq	0	474.01	62	0.073	1	
Q2_K	5120	17408	1	0	8	stock_mmq	0	157.82	185	0.220	1	
Q2_K	5120	17408	1	0	8	lcpp_mmvq	0	166.35	176	0.209	1	
Q2_K	5120	17408	1	0	8	lcpp_mmq	1	90.71	322	0.383	1	
Q2_K	5120	17408	1	0	12	stock_mmvq	0	705.94	41	0.049	1	
Q2_K	5120	17408	1	0	12	stock_mmq	0	220.72	133	0.157	1	
Q2_K	5120	17408	1	0	12	lcpp_mmq	1	102.09	286	0.340	1	
Q2_K	5120	17408	1	0	16	stock_mmvq	0	931.85	31	0.037	1	
Q2_K	5120	17408	1	0	16	stock_mmq	0	287.59	102	0.121	1	
Q2_K	5120	17408	1	0	16	stock_dq	0	493.44	59	0.070	1	
Q2_K	5120	17408	1	0	16	lcpp_mmq	1	94.54	309	0.367	1	
Q2_K	5120	17408	1	0	24	stock_mmq	0	392.41	75	0.089	1	
Q2_K	5120	17408	1	0	24	stock_dq	0	496.97	59	0.070	1	
Q2_K	5120	17408	1	0	24	lcpp_mmq	1	114.76	255	0.303	1	
Q2_K	5120	17408	1	0	32	stock_mmq	0	518.60	56	0.067	1	
Q2_K	5120	17408	1	0	32	stock_dq	0	494.64	59	0.070	1	
Q2_K	5120	17408	1	0	32	lcpp_mmq	1	135.27	216	0.257	1	
Q2_K	5120	17408	1	0	48	stock_mmq	0	786.61	37	0.044	1	
Q2_K	5120	17408	1	0	48	stock_dq	0	536.81	54	0.065	1	
Q2_K	5120	17408	1	0	48	lcpp_mmq	1	168.04	174	0.207	1	
Q2_K	5120	17408	1	0	64	stock_mmq	0	1063.90	27	0.033	1	
Q2_K	5120	17408	1	0	64	stock_dq	0	502.07	58	0.069	1	
Q2_K	5120	17408	1	0	64	lcpp_mmq	1	212.70	137	0.163	1	
Q2_K	5120	17408	1	0	128	stock_mmq	0	2166.49	13	0.016	1	
Q2_K	5120	17408	1	0	128	stock_dq	0	607.62	48	0.057	1	
Q2_K	5120	17408	1	0	128	lcpp_mmq	1	527.82	55	0.066	1	
Q2_K	6144	5120	4	0	1	stock_mmvq	0	24.96	414	0.491	1	
Q2_K	6144	5120	4	0	1	stock_mmq	0	33.74	306	0.363	1	
Q2_K	6144	5120	4	0	1	lcpp_mmvq	1	20.86	495	0.588	1	
Q2_K	6144	5120	4	0	1	lcpp_mmq	0	31.74	325	0.386	1	
Q2_K	6144	5120	4	0	2	stock_mmvq	0	45.95	225	0.267	1	
Q2_K	6144	5120	4	0	2	stock_mmq	0	35.24	293	0.348	1	
Q2_K	6144	5120	4	0	2	lcpp_mmvq	1	24.04	429	0.510	1	
Q2_K	6144	5120	4	0	2	lcpp_mmq	0	32.74	315	0.374	1	
Q2_K	6144	5120	4	0	4	stock_mmvq	0	86.06	120	0.142	1	
Q2_K	6144	5120	4	0	4	stock_mmq	0	35.64	290	0.344	1	
Q2_K	6144	5120	4	0	4	lcpp_mmvq	1	39.19	263	0.313	1	
Q2_K	6144	5120	4	0	4	lcpp_mmq	0	34.23	302	0.358	1	
Q2_K	6144	5120	4	0	6	stock_mmvq	0	128.69	80	0.095	1	
Q2_K	6144	5120	4	0	6	stock_mmq	0	54.07	191	0.227	1	
Q2_K	6144	5120	4	0	6	lcpp_mmvq	1	49.74	208	0.247	1	
Q2_K	6144	5120	4	0	6	lcpp_mmq	0	34.86	296	0.352	1	
Q2_K	6144	5120	4	0	8	stock_mmvq	0	170.68	60	0.072	1	
Q2_K	6144	5120	4	0	8	stock_mmq	0	57.01	181	0.215	1	
Q2_K	6144	5120	4	0	8	lcpp_mmvq	0	62.92	164	0.195	1	
Q2_K	6144	5120	4	0	8	lcpp_mmq	1	35.22	293	0.348	1	
Q2_K	6144	5120	4	0	12	stock_mmvq	0	255.54	40	0.048	1	
Q2_K	6144	5120	4	0	12	stock_mmq	0	83.59	123	0.147	1	
Q2_K	6144	5120	4	0	12	lcpp_mmq	1	42.52	243	0.288	1	
Q2_K	6144	5120	4	0	16	stock_mmvq	0	337.20	31	0.036	1	
Q2_K	6144	5120	4	0	16	stock_mmq	0	103.30	100	0.119	1	
Q2_K	6144	5120	4	0	16	stock_dq	0	183.78	56	0.067	1	
Q2_K	6144	5120	4	0	16	lcpp_mmq	1	41.73	247	0.294	1	
Q2_K	6144	5120	4	0	24	stock_mmq	0	136.70	76	0.090	1	
Q2_K	6144	5120	4	0	24	stock_dq	0	194.30	53	0.063	1	
Q2_K	6144	5120	4	0	24	lcpp_mmq	1	48.54	213	0.253	1	
Q2_K	6144	5120	4	0	32	stock_mmq	0	170.39	61	0.072	1	
Q2_K	6144	5120	4	0	32	stock_dq	0	197.63	52	0.062	1	
Q2_K	6144	5120	4	0	32	lcpp_mmq	1	57.91	178	0.212	1	
Q2_K	6144	5120	4	0	48	stock_mmq	0	255.34	40	0.048	1	
Q2_K	6144	5120	4	0	48	stock_dq	0	197.27	52	0.062	1	
Q2_K	6144	5120	4	0	48	lcpp_mmq	1	71.37	145	0.172	1	
Q2_K	6144	5120	4	0	64	stock_mmq	0	336.80	31	0.036	1	
Q2_K	6144	5120	4	0	64	stock_dq	0	199.88	52	0.061	1	
Q2_K	6144	5120	4	0	64	lcpp_mmq	1	93.75	110	0.131	1	
Q2_K	6144	5120	4	0	128	stock_mmq	0	685.76	15	0.018	1	
Q2_K	6144	5120	4	0	128	stock_dq	0	241.92	43	0.051	1	
Q2_K	6144	5120	4	0	128	lcpp_mmq	1	206.59	50	0.059	1	
Q2_K	10240	5120	1	0	1	stock_mmvq	0	37.63	457	0.543	1	
Q2_K	10240	5120	1	0	1	stock_mmq	0	42.57	404	0.480	1	
Q2_K	10240	5120	1	0	1	lcpp_mmvq	1	31.56	545	0.648	1	
Q2_K	10240	5120	1	0	1	lcpp_mmq	0	44.34	388	0.461	1	
Q2_K	10240	5120	1	0	2	stock_mmvq	0	74.21	232	0.275	1	
Q2_K	10240	5120	1	0	2	stock_mmq	0	45.89	375	0.445	1	
Q2_K	10240	5120	1	0	2	lcpp_mmvq	1	37.85	454	0.540	1	
Q2_K	10240	5120	1	0	2	lcpp_mmq	0	47.92	359	0.426	1	
Q2_K	10240	5120	1	0	4	stock_mmvq	0	142.87	120	0.143	1	
Q2_K	10240	5120	1	0	4	stock_mmq	0	48.26	356	0.424	1	
Q2_K	10240	5120	1	0	4	lcpp_mmvq	1	62.16	277	0.329	1	
Q2_K	10240	5120	1	0	4	lcpp_mmq	0	48.90	352	0.418	1	
Q2_K	10240	5120	1	0	6	stock_mmvq	0	212.71	81	0.096	1	
Q2_K	10240	5120	1	0	6	stock_mmq	0	84.58	203	0.242	1	
Q2_K	10240	5120	1	0	6	lcpp_mmvq	1	80.69	213	0.253	1	
Q2_K	10240	5120	1	0	6	lcpp_mmq	0	50.17	343	0.407	1	
Q2_K	10240	5120	1	0	8	stock_mmvq	0	284.62	60	0.072	1	
Q2_K	10240	5120	1	0	8	stock_mmq	0	85.56	201	0.239	1	
Q2_K	10240	5120	1	0	8	lcpp_mmvq	0	101.98	169	0.200	1	
Q2_K	10240	5120	1	0	8	lcpp_mmq	1	50.25	342	0.407	1	
Q2_K	10240	5120	1	0	12	stock_mmvq	0	424.06	41	0.048	1	
Q2_K	10240	5120	1	0	12	stock_mmq	0	121.32	142	0.168	1	
Q2_K	10240	5120	1	0	12	lcpp_mmq	1	61.32	281	0.333	1	
Q2_K	10240	5120	1	0	16	stock_mmvq	0	563.79	31	0.036	1	
Q2_K	10240	5120	1	0	16	stock_mmq	0	159.05	108	0.128	1	
Q2_K	10240	5120	1	0	16	stock_dq	0	294.96	58	0.069	1	
Q2_K	10240	5120	1	0	16	lcpp_mmq	1	58.34	295	0.350	1	
Q2_K	10240	5120	1	0	24	stock_mmq	0	212.20	81	0.096	1	
Q2_K	10240	5120	1	0	24	stock_dq	0	306.61	56	0.067	1	
Q2_K	10240	5120	1	0	24	lcpp_mmq	1	72.17	238	0.283	1	
Q2_K	10240	5120	1	0	32	stock_mmq	0	285.82	60	0.072	1	
Q2_K	10240	5120	1	0	32	stock_dq	0	295.17	58	0.069	1	
Q2_K	10240	5120	1	0	32	lcpp_mmq	1	80.90	213	0.253	1	
Q2_K	10240	5120	1	0	48	stock_mmq	0	421.19	41	0.049	1	
Q2_K	10240	5120	1	0	48	stock_dq	0	296.01	58	0.069	1	
Q2_K	10240	5120	1	0	48	lcpp_mmq	1	101.63	169	0.201	1	
Q2_K	10240	5120	1	0	64	stock_mmq	0	570.99	30	0.036	1	
Q2_K	10240	5120	1	0	64	stock_dq	0	295.88	58	0.069	1	
Q2_K	10240	5120	1	0	64	lcpp_mmq	1	121.65	141	0.168	1	
Q2_K	10240	5120	1	0	128	stock_mmq	0	1213.53	14	0.017	1	
Q2_K	10240	5120	1	0	128	stock_dq	0	361.75	48	0.056	1	
Q2_K	10240	5120	1	0	128	lcpp_mmq	1	203.26	85	0.101	1	
Q2_K	12288	5120	6	0	1	stock_mmvq	0	45.76	451	0.536	1	
Q2_K	12288	5120	6	0	1	stock_mmq	0	51.15	404	0.479	1	
Q2_K	12288	5120	6	0	1	lcpp_mmvq	1	36.99	558	0.663	1	
Q2_K	12288	5120	6	0	1	lcpp_mmq	0	54.95	376	0.446	1	
Q2_K	12288	5120	6	0	2	stock_mmvq	0	87.65	236	0.280	1	
Q2_K	12288	5120	6	0	2	stock_mmq	0	54.73	377	0.448	1	
Q2_K	12288	5120	6	0	2	lcpp_mmvq	1	44.98	459	0.545	1	
Q2_K	12288	5120	6	0	2	lcpp_mmq	0	58.91	350	0.416	1	
Q2_K	12288	5120	6	0	4	stock_mmvq	0	170.39	121	0.144	1	
Q2_K	12288	5120	6	0	4	stock_mmq	0	58.16	355	0.422	1	
Q2_K	12288	5120	6	0	4	lcpp_mmvq	1	73.64	280	0.333	1	
Q2_K	12288	5120	6	0	4	lcpp_mmq	0	60.21	343	0.407	1	
Q2_K	12288	5120	6	0	6	stock_mmvq	0	252.72	82	0.097	1	
Q2_K	12288	5120	6	0	6	stock_mmq	0	103.50	199	0.237	1	
Q2_K	12288	5120	6	0	6	lcpp_mmvq	1	94.80	218	0.259	1	
Q2_K	12288	5120	6	0	6	lcpp_mmq	0	61.72	334	0.397	1	
Q2_K	12288	5120	6	0	8	stock_mmvq	0	340.94	61	0.072	1	
Q2_K	12288	5120	6	0	8	stock_mmq	0	104.78	197	0.234	1	
Q2_K	12288	5120	6	0	8	lcpp_mmvq	0	121.39	170	0.202	1	
Q2_K	12288	5120	6	0	8	lcpp_mmq	1	62.33	331	0.393	1	
Q2_K	12288	5120	6	0	12	stock_mmvq	0	511.41	40	0.048	1	
Q2_K	12288	5120	6	0	12	stock_mmq	0	149.12	138	0.164	1	
Q2_K	12288	5120	6	0	12	lcpp_mmq	1	76.01	272	0.323	1	
Q2_K	12288	5120	6	0	16	stock_mmvq	0	676.62	31	0.036	1	
Q2_K	12288	5120	6	0	16	stock_mmq	0	188.47	110	0.130	1	
Q2_K	12288	5120	6	0	16	stock_dq	0	358.50	58	0.068	1	
Q2_K	12288	5120	6	0	16	lcpp_mmq	1	71.99	287	0.341	1	
Q2_K	12288	5120	6	0	24	stock_mmq	0	253.89	81	0.097	1	
Q2_K	12288	5120	6	0	24	stock_dq	0	368.18	56	0.067	1	
Q2_K	12288	5120	6	0	24	lcpp_mmq	1	86.44	239	0.284	1	
Q2_K	12288	5120	6	0	32	stock_mmq	0	335.28	62	0.073	1	
Q2_K	12288	5120	6	0	32	stock_dq	0	411.21	50	0.060	1	
Q2_K	12288	5120	6	0	32	lcpp_mmq	1	99.99	206	0.245	1	
Q2_K	12288	5120	6	0	48	stock_mmq	0	511.18	40	0.048	1	
Q2_K	12288	5120	6	0	48	stock_dq	0	413.59	50	0.059	1	
Q2_K	12288	5120	6	0	48	lcpp_mmq	1	123.90	167	0.198	1	
Q2_K	12288	5120	6	0	64	stock_mmq	0	702.74	29	0.035	1	
Q2_K	12288	5120	6	0	64	stock_dq	0	414.77	50	0.059	1	
Q2_K	12288	5120	6	0	64	lcpp_mmq	1	155.03	133	0.158	1	
Q2_K	12288	5120	6	0	128	stock_mmq	0	1482.91	14	0.017	1	
Q2_K	12288	5120	6	0	128	stock_dq	0	461.26	45	0.053	1	
Q2_K	12288	5120	6	0	128	lcpp_mmq	1	345.54	60	0.071	1	
Q2_K	17408	5120	1	0	1	stock_mmvq	0	60.42	484	0.575	1	
Q2_K	17408	5120	1	0	1	stock_mmq	0	67.55	433	0.514	1	
Q2_K	17408	5120	1	0	1	lcpp_mmvq	1	51.66	566	0.673	1	
Q2_K	17408	5120	1	0	1	lcpp_mmq	0	80.31	364	0.433	1	
Q2_K	17408	5120	1	0	2	stock_mmvq	0	123.67	236	0.281	1	
Q2_K	17408	5120	1	0	2	stock_mmq	0	74.39	393	0.467	1	
Q2_K	17408	5120	1	0	2	lcpp_mmvq	1	61.80	473	0.562	1	
Q2_K	17408	5120	1	0	2	lcpp_mmq	0	79.80	366	0.435	1	
Q2_K	17408	5120	1	0	4	stock_mmvq	0	241.00	121	0.144	1	
Q2_K	17408	5120	1	0	4	stock_mmq	0	77.08	379	0.451	1	
Q2_K	17408	5120	1	0	4	lcpp_mmvq	1	102.96	284	0.337	1	
Q2_K	17408	5120	1	0	4	lcpp_mmq	0	81.46	359	0.426	1	
Q2_K	17408	5120	1	0	6	stock_mmvq	0	356.55	82	0.097	1	
Q2_K	17408	5120	1	0	6	stock_mmq	0	140.23	209	0.248	1	
Q2_K	17408	5120	1	0	6	lcpp_mmvq	1	133.75	219	0.260	1	
Q2_K	17408	5120	1	0	6	lcpp_mmq	0	83.61	350	0.416	1	
Q2_K	17408	5120	1	0	8	stock_mmvq	0	481.18	61	0.072	1	
Q2_K	17408	5120	1	0	8	stock_mmq	0	141.34	207	0.246	1	
Q2_K	17408	5120	1	0	8	lcpp_mmvq	0	171.87	170	0.202	1	
Q2_K	17408	5120	1	0	8	lcpp_mmq	1	85.70	341	0.405	1	
Q2_K	17408	5120	1	0	12	stock_mmvq	0	717.43	41	0.048	1	
Q2_K	17408	5120	1	0	12	stock_mmq	0	196.43	149	0.177	1	
Q2_K	17408	5120	1	0	12	lcpp_mmq	1	109.21	268	0.318	1	
Q2_K	17408	5120	1	0	16	stock_mmvq	0	967.42	30	0.036	1	
Q2_K	17408	5120	1	0	16	stock_mmq	0	262.53	111	0.132	1	
Q2_K	17408	5120	1	0	16	stock_dq	0	500.74	58	0.069	1	
Q2_K	17408	5120	1	0	16	lcpp_mmq	1	94.13	311	0.369	1	
Q2_K	17408	5120	1	0	24	stock_mmq	0	361.20	81	0.096	1	
Q2_K	17408	5120	1	0	24	stock_dq	0	507.90	58	0.068	1	
Q2_K	17408	5120	1	0	24	lcpp_mmq	1	113.31	258	0.307	1	
Q2_K	17408	5120	1	0	32	stock_mmq	0	482.43	61	0.072	1	
Q2_K	17408	5120	1	0	32	stock_dq	0	571.44	51	0.061	1	
Q2_K	17408	5120	1	0	32	lcpp_mmq	1	133.58	219	0.260	1	
Q2_K	17408	5120	1	0	48	stock_mmq	0	756.53	39	0.046	1	
Q2_K	17408	5120	1	0	48	stock_dq	0	577.40	51	0.060	1	
Q2_K	17408	5120	1	0	48	lcpp_mmq	1	168.04	174	0.207	1	
Q2_K	17408	5120	1	0	64	stock_mmq	0	1022.39	29	0.034	1	
Q2_K	17408	5120	1	0	64	stock_dq	0	590.08	50	0.059	1	
Q2_K	17408	5120	1	0	64	lcpp_mmq	1	209.15	140	0.166	1	
Q2_K	17408	5120	1	0	128	stock_mmq	0	2128.53	14	0.016	1	
Q2_K	17408	5120	1	0	128	stock_dq	0	654.31	45	0.053	1	
Q2_K	17408	5120	1	0	128	lcpp_mmq	1	457.31	64	0.076	1	
Q4_K	1024	5120	13	0	1	stock_mmvq	0	8.22	359	0.426	1	
Q4_K	1024	5120	13	0	1	stock_mmq	0	27.11	109	0.129	1	
Q4_K	1024	5120	13	0	1	lcpp_mmvq	1	7.45	396	0.470	1	
Q4_K	1024	5120	13	0	1	lcpp_mmq	0	13.31	222	0.263	1	
Q4_K	1024	5120	13	0	1	own_vec	0	12.75	231	0.275	1	
Q4_K	1024	5120	13	0	1	mma_k	0	11.06	267	0.317	1	
Q4_K	1024	5120	13	0	2	stock_mmvq	0	10.27	287	0.341	1	
Q4_K	1024	5120	13	0	2	stock_mmq	0	26.42	112	0.133	1	
Q4_K	1024	5120	13	0	2	lcpp_mmvq	1	7.68	384	0.456	1	
Q4_K	1024	5120	13	0	2	lcpp_mmq	0	13.21	223	0.265	1	
Q4_K	1024	5120	13	0	2	own_vec	0	10.68	276	0.328	1	
Q4_K	1024	5120	13	0	2	mma_k	0	11.00	268	0.318	1	
Q4_K	1024	5120	13	0	4	stock_mmvq	0	15.07	196	0.232	1	
Q4_K	1024	5120	13	0	4	stock_mmq	0	26.60	111	0.132	1	
Q4_K	1024	5120	13	0	4	lcpp_mmvq	1	9.91	298	0.354	1	
Q4_K	1024	5120	13	0	4	lcpp_mmq	0	13.23	223	0.265	1	
Q4_K	1024	5120	13	0	4	own_vec	0	12.29	240	0.285	1	
Q4_K	1024	5120	13	0	4	mma_k	0	10.80	273	0.324	1	
Q4_K	1024	5120	13	0	6	stock_mmvq	0	19.97	148	0.175	1	
Q4_K	1024	5120	13	0	6	stock_mmq	0	26.49	111	0.132	1	
Q4_K	1024	5120	13	0	6	lcpp_mmvq	1	11.57	255	0.303	1	
Q4_K	1024	5120	13	0	6	lcpp_mmq	0	13.38	220	0.262	1	
Q4_K	1024	5120	13	0	6	own_vec	0	14.34	206	0.244	1	
Q4_K	1024	5120	13	0	6	mma_k	0	12.36	239	0.284	1	
Q4_K	1024	5120	13	0	8	stock_mmvq	0	24.70	119	0.142	1	
Q4_K	1024	5120	13	0	8	stock_mmq	0	26.62	111	0.132	1	
Q4_K	1024	5120	13	0	8	lcpp_mmvq	0	13.54	218	0.259	1	
Q4_K	1024	5120	13	0	8	lcpp_mmq	1	13.41	220	0.261	1	
Q4_K	1024	5120	13	0	8	own_vec	0	14.00	211	0.250	1	
Q4_K	1024	5120	13	0	8	mma_k	0	12.38	238	0.283	1	
Q4_K	1024	5120	13	0	12	stock_mmvq	0	34.25	86	0.102	1	
Q4_K	1024	5120	13	0	12	stock_mmq	0	34.89	85	0.100	1	
Q4_K	1024	5120	13	0	12	lcpp_mmq	1	14.77	200	0.237	1	
Q4_K	1024	5120	13	0	12	mma_k	0	13.90	212	0.252	1	
Q4_K	1024	5120	13	0	16	stock_mmvq	0	43.85	67	0.080	1	
Q4_K	1024	5120	13	0	16	stock_mmq	0	35.15	84	0.100	1	
Q4_K	1024	5120	13	0	16	stock_dq	0	39.53	75	0.089	1	
Q4_K	1024	5120	13	0	16	lcpp_mmq	1	15.00	197	0.234	1	
Q4_K	1024	5120	13	0	16	mma_k	0	15.22	194	0.230	1	
Q4_K	1024	5120	13	0	24	stock_mmq	0	48.67	61	0.072	1	
Q4_K	1024	5120	13	0	24	stock_dq	0	63.44	46	0.055	1	
Q4_K	1024	5120	13	0	24	lcpp_mmq	1	16.02	184	0.219	1	
Q4_K	1024	5120	13	0	24	mma_k	0	19.92	148	0.176	1	
Q4_K	1024	5120	13	0	32	stock_mmq	0	61.82	48	0.057	1	
Q4_K	1024	5120	13	0	32	stock_dq	0	63.51	46	0.055	1	
Q4_K	1024	5120	13	0	32	lcpp_mmq	1	17.40	169	0.201	1	
Q4_K	1024	5120	13	0	32	mma_k	0	23.01	128	0.152	1	
Q4_K	1024	5120	13	0	48	stock_mmq	0	75.74	39	0.046	1	
Q4_K	1024	5120	13	0	48	stock_dq	0	39.88	74	0.088	1	
Q4_K	1024	5120	13	0	48	lcpp_mmq	1	20.10	147	0.174	1	
Q4_K	1024	5120	13	0	48	mma_k	0	33.31	89	0.105	1	
Q4_K	1024	5120	13	0	64	stock_mmq	0	102.40	29	0.034	1	
Q4_K	1024	5120	13	0	64	stock_dq	0	36.17	82	0.097	1	
Q4_K	1024	5120	13	0	64	lcpp_mmq	1	24.42	121	0.143	1	
Q4_K	1024	5120	13	0	64	mma_k	0	39.50	75	0.089	1	
Q4_K	1024	5120	13	0	128	stock_mmq	0	183.19	16	0.019	1	
Q4_K	1024	5120	13	0	128	stock_dq	0	41.73	71	0.084	1	
Q4_K	1024	5120	13	0	128	lcpp_mmq	1	54.09	55	0.065	1	
Q4_K	1024	5120	13	0	128	mma_k_chunked64	0	80.95	36	0.043	1	
Q4_K	5120	6144	9	0	1	stock_mmvq	0	26.47	668	0.794	1	
Q4_K	5120	6144	9	0	1	stock_mmq	0	44.88	394	0.468	1	
Q4_K	5120	6144	9	0	1	lcpp_mmvq	1	24.32	728	0.864	1	
Q4_K	5120	6144	9	0	1	lcpp_mmq	0	37.58	471	0.559	1	
Q4_K	5120	6144	9	0	1	own_vec	0	25.98	681	0.809	1	
Q4_K	5120	6144	9	0	1	mma_k	0	29.70	596	0.708	1	
Q4_K	5120	6144	9	0	2	stock_mmvq	0	49.00	361	0.429	1	
Q4_K	5120	6144	9	0	2	stock_mmq	0	45.75	387	0.459	1	
Q4_K	5120	6144	9	0	2	lcpp_mmvq	1	25.12	704	0.837	1	
Q4_K	5120	6144	9	0	2	lcpp_mmq	0	38.50	460	0.546	1	
Q4_K	5120	6144	9	0	2	own_vec	0	26.14	677	0.804	1	
Q4_K	5120	6144	9	0	2	mma_k	0	30.26	585	0.695	1	
Q4_K	5120	6144	9	0	4	stock_mmvq	0	93.67	189	0.224	1	
Q4_K	5120	6144	9	0	4	stock_mmq	0	47.13	375	0.446	1	
Q4_K	5120	6144	9	0	4	lcpp_mmvq	0	30.77	575	0.683	1	
Q4_K	5120	6144	9	0	4	lcpp_mmq	0	39.32	450	0.535	1	
Q4_K	5120	6144	9	0	4	own_vec	1	28.29	626	0.743	1	
Q4_K	5120	6144	9	0	4	mma_k	0	30.82	574	0.682	1	
Q4_K	5120	6144	9	0	6	stock_mmvq	0	138.78	128	0.151	1	
Q4_K	5120	6144	9	0	6	stock_mmq	0	85.53	207	0.246	1	
Q4_K	5120	6144	9	0	6	lcpp_mmvq	0	40.49	437	0.519	1	
Q4_K	5120	6144	9	0	6	lcpp_mmq	0	40.09	441	0.524	1	
Q4_K	5120	6144	9	0	6	own_vec	1	32.15	550	0.654	1	
Q4_K	5120	6144	9	0	6	mma_k	0	32.36	547	0.650	1	
Q4_K	5120	6144	9	0	8	stock_mmvq	0	182.94	97	0.115	1	
Q4_K	5120	6144	9	0	8	stock_mmq	0	89.57	198	0.235	1	
Q4_K	5120	6144	9	0	8	lcpp_mmvq	0	50.87	348	0.413	1	
Q4_K	5120	6144	9	0	8	lcpp_mmq	0	40.17	441	0.523	1	
Q4_K	5120	6144	9	0	8	own_vec	1	35.51	498	0.592	1	
Q4_K	5120	6144	9	0	8	mma_k	0	32.64	542	0.644	1	
Q4_K	5120	6144	9	0	12	stock_mmvq	0	273.12	65	0.077	1	
Q4_K	5120	6144	9	0	12	stock_mmq	0	122.95	144	0.171	1	
Q4_K	5120	6144	9	0	12	lcpp_mmq	0	45.57	388	0.461	1	
Q4_K	5120	6144	9	0	12	mma_k	1	33.69	525	0.624	1	
Q4_K	5120	6144	9	0	16	stock_mmvq	0	360.77	49	0.058	1	
Q4_K	5120	6144	9	0	16	stock_mmq	0	161.79	109	0.130	1	
Q4_K	5120	6144	9	0	16	stock_dq	0	187.47	94	0.112	1	
Q4_K	5120	6144	9	0	16	lcpp_mmq	0	44.31	399	0.474	1	
Q4_K	5120	6144	9	0	16	mma_k	1	34.48	513	0.610	1	
Q4_K	5120	6144	9	0	24	stock_mmq	0	216.07	82	0.097	1	
Q4_K	5120	6144	9	0	24	stock_dq	0	187.28	94	0.112	1	
Q4_K	5120	6144	9	0	24	lcpp_mmq	0	42.62	415	0.493	1	
Q4_K	5120	6144	9	0	24	mma_k	1	38.27	462	0.549	1	
Q4_K	5120	6144	9	0	32	stock_mmq	0	286.29	62	0.073	1	
Q4_K	5120	6144	9	0	32	stock_dq	0	188.52	94	0.112	1	
Q4_K	5120	6144	9	0	32	lcpp_mmq	0	48.72	363	0.431	1	
Q4_K	5120	6144	9	0	32	mma_k	1	41.29	429	0.509	1	
Q4_K	5120	6144	9	0	48	stock_mmq	0	426.18	42	0.049	1	
Q4_K	5120	6144	9	0	48	stock_dq	0	202.37	87	0.104	1	
Q4_K	5120	6144	9	0	48	lcpp_mmq	1	58.60	302	0.359	1	
Q4_K	5120	6144	9	0	48	mma_k	0	62.52	283	0.336	1	
Q4_K	5120	6144	9	0	64	stock_mmq	0	581.73	30	0.036	1	
Q4_K	5120	6144	9	0	64	stock_dq	0	191.74	92	0.110	1	
Q4_K	5120	6144	9	0	64	lcpp_mmq	1	69.35	255	0.303	1	
Q4_K	5120	6144	9	0	64	mma_k	0	66.76	265	0.315	1	
Q4_K	5120	6144	9	0	128	stock_mmq	0	1159.68	15	0.018	1	
Q4_K	5120	6144	9	0	128	stock_dq	0	219.44	81	0.096	1	
Q4_K	5120	6144	9	0	128	lcpp_mmq	1	116.58	152	0.180	1	
Q4_K	5120	6144	9	0	128	mma_k_chunked64	0	141.59	125	0.148	1	
Q4_K	5120	17408	6	0	1	stock_mmvq	0	69.52	721	0.857	1	
Q4_K	5120	17408	6	0	1	stock_mmq	0	119.67	419	0.498	1	
Q4_K	5120	17408	6	0	1	lcpp_mmvq	1	61.41	816	0.970	1	
Q4_K	5120	17408	6	0	1	lcpp_mmq	0	95.27	526	0.625	1	
Q4_K	5120	17408	6	0	1	own_vec	0	65.36	767	0.911	1	
Q4_K	5120	17408	6	0	1	mma_k	0	77.64	646	0.767	1	
Q4_K	5120	17408	6	0	2	stock_mmvq	0	134.68	372	0.442	1	
Q4_K	5120	17408	6	0	2	stock_mmq	0	128.72	389	0.463	1	
Q4_K	5120	17408	6	0	2	lcpp_mmvq	1	63.31	792	0.941	1	
Q4_K	5120	17408	6	0	2	lcpp_mmq	0	96.51	519	0.617	1	
Q4_K	5120	17408	6	0	2	own_vec	0	63.77	786	0.934	1	
Q4_K	5120	17408	6	0	2	mma_k	0	78.39	640	0.760	1	
Q4_K	5120	17408	6	0	4	stock_mmvq	0	264.27	190	0.225	1	
Q4_K	5120	17408	6	0	4	stock_mmq	0	134.73	372	0.442	1	
Q4_K	5120	17408	6	0	4	lcpp_mmvq	0	82.35	609	0.723	1	
Q4_K	5120	17408	6	0	4	lcpp_mmq	0	98.97	507	0.602	1	
Q4_K	5120	17408	6	0	4	own_vec	1	69.48	722	0.857	1	
Q4_K	5120	17408	6	0	4	mma_k	0	79.18	633	0.752	1	
Q4_K	5120	17408	6	0	6	stock_mmvq	0	396.71	126	0.150	1	
Q4_K	5120	17408	6	0	6	stock_mmq	0	227.99	220	0.261	1	
Q4_K	5120	17408	6	0	6	lcpp_mmvq	0	102.50	489	0.581	1	
Q4_K	5120	17408	6	0	6	lcpp_mmq	0	98.24	510	0.606	1	
Q4_K	5120	17408	6	0	6	own_vec	1	78.92	635	0.755	1	
Q4_K	5120	17408	6	0	6	mma_k	0	80.90	620	0.736	1	
Q4_K	5120	17408	6	0	8	stock_mmvq	0	527.64	95	0.113	1	
Q4_K	5120	17408	6	0	8	stock_mmq	0	231.83	216	0.257	1	
Q4_K	5120	17408	6	0	8	lcpp_mmvq	0	131.02	383	0.455	1	
Q4_K	5120	17408	6	0	8	lcpp_mmq	0	100.73	498	0.591	1	
Q4_K	5120	17408	6	0	8	own_vec	1	83.74	599	0.711	1	
Q4_K	5120	17408	6	0	8	mma_k	0	81.43	616	0.731	1	
Q4_K	5120	17408	6	0	12	stock_mmvq	0	789.86	63	0.075	1	
Q4_K	5120	17408	6	0	12	stock_mmq	0	328.24	153	0.181	1	
Q4_K	5120	17408	6	0	12	lcpp_mmq	0	104.42	480	0.570	1	
Q4_K	5120	17408	6	0	12	mma_k	1	82.87	605	0.719	1	
Q4_K	5120	17408	6	0	16	stock_mmvq	0	1039.04	48	0.057	1	
Q4_K	5120	17408	6	0	16	stock_mmq	0	428.87	117	0.139	1	
Q4_K	5120	17408	6	0	16	stock_dq	0	509.26	98	0.117	1	
Q4_K	5120	17408	6	0	16	lcpp_mmq	0	103.39	485	0.576	1	
Q4_K	5120	17408	6	0	16	mma_k	1	84.20	595	0.707	1	
Q4_K	5120	17408	6	0	24	stock_mmq	0	623.08	80	0.096	1	
Q4_K	5120	17408	6	0	24	stock_dq	0	511.05	98	0.117	1	
Q4_K	5120	17408	6	0	24	lcpp_mmq	0	97.00	517	0.614	1	
Q4_K	5120	17408	6	0	24	mma_k	1	86.68	578	0.687	1	
Q4_K	5120	17408	6	0	32	stock_mmq	0	827.60	61	0.072	1	
Q4_K	5120	17408	6	0	32	stock_dq	0	515.57	97	0.116	1	
Q4_K	5120	17408	6	0	32	lcpp_mmq	0	108.62	462	0.548	1	
Q4_K	5120	17408	6	0	32	mma_k	1	89.88	558	0.663	1	
Q4_K	5120	17408	6	0	48	stock_mmq	0	1231.87	41	0.048	1	
Q4_K	5120	17408	6	0	48	stock_dq	0	553.52	91	0.108	1	
Q4_K	5120	17408	6	0	48	lcpp_mmq	1	127.41	393	0.467	1	
Q4_K	5120	17408	6	0	48	mma_k	0	155.39	323	0.383	1	
Q4_K	5120	17408	6	0	64	stock_mmq	0	1630.92	31	0.037	1	
Q4_K	5120	17408	6	0	64	stock_dq	0	514.53	97	0.116	1	
Q4_K	5120	17408	6	0	64	lcpp_mmq	1	157.90	318	0.377	1	
Q4_K	5120	17408	6	0	64	mma_k	0	156.50	320	0.381	1	
Q4_K	5120	17408	6	0	128	stock_mmq	0	3203.69	16	0.019	1	
Q4_K	5120	17408	6	0	128	stock_dq	0	614.00	82	0.097	1	
Q4_K	5120	17408	6	0	128	lcpp_mmq	1	254.82	197	0.234	1	
Q4_K	5120	17408	6	0	128	mma_k_chunked64	0	331.60	151	0.180	1	
Q4_K	6144	5120	3	0	1	stock_mmvq	0	28.06	631	0.749	1	
Q4_K	6144	5120	3	0	1	stock_mmq	0	55.24	320	0.380	1	
Q4_K	6144	5120	3	0	1	lcpp_mmvq	1	24.81	713	0.847	1	
Q4_K	6144	5120	3	0	1	lcpp_mmq	0	38.48	460	0.546	1	
Q4_K	6144	5120	3	0	1	own_vec	0	25.88	684	0.812	1	
Q4_K	6144	5120	3	0	1	mma_k	0	29.75	595	0.707	1	
Q4_K	6144	5120	3	0	2	stock_mmvq	0	50.07	353	0.420	1	
Q4_K	6144	5120	3	0	2	stock_mmq	0	52.63	336	0.399	1	
Q4_K	6144	5120	3	0	2	lcpp_mmvq	1	25.60	691	0.821	1	
Q4_K	6144	5120	3	0	2	lcpp_mmq	0	38.47	460	0.546	1	
Q4_K	6144	5120	3	0	2	own_vec	0	26.06	679	0.807	1	
Q4_K	6144	5120	3	0	2	mma_k	0	30.15	587	0.697	1	
Q4_K	6144	5120	3	0	4	stock_mmvq	0	94.23	188	0.223	1	
Q4_K	6144	5120	3	0	4	stock_mmq	0	55.71	318	0.377	1	
Q4_K	6144	5120	3	0	4	lcpp_mmvq	0	31.97	553	0.657	1	
Q4_K	6144	5120	3	0	4	lcpp_mmq	0	39.09	453	0.538	1	
Q4_K	6144	5120	3	0	4	own_vec	1	28.36	624	0.741	1	
Q4_K	6144	5120	3	0	4	mma_k	0	30.62	578	0.687	1	
Q4_K	6144	5120	3	0	6	stock_mmvq	0	140.36	126	0.150	1	
Q4_K	6144	5120	3	0	6	stock_mmq	0	83.93	211	0.250	1	
Q4_K	6144	5120	3	0	6	lcpp_mmvq	0	40.22	440	0.523	1	
Q4_K	6144	5120	3	0	6	lcpp_mmq	0	40.03	442	0.525	1	
Q4_K	6144	5120	3	0	6	own_vec	1	38.73	457	0.543	1	
Q4_K	6144	5120	3	0	6	mma_k	0	32.20	549	0.653	1	
Q4_K	6144	5120	3	0	8	stock_mmvq	0	185.29	95	0.113	1	
Q4_K	6144	5120	3	0	8	stock_mmq	0	86.67	204	0.243	1	
Q4_K	6144	5120	3	0	8	lcpp_mmvq	0	50.05	354	0.420	1	
Q4_K	6144	5120	3	0	8	lcpp_mmq	0	40.09	441	0.524	1	
Q4_K	6144	5120	3	0	8	own_vec	1	39.81	445	0.528	1	
Q4_K	6144	5120	3	0	8	mma_k	0	32.77	540	0.641	1	
Q4_K	6144	5120	3	0	12	stock_mmvq	0	276.88	64	0.076	1	
Q4_K	6144	5120	3	0	12	stock_mmq	0	129.92	136	0.162	1	
Q4_K	6144	5120	3	0	12	lcpp_mmq	0	44.08	401	0.477	1	
Q4_K	6144	5120	3	0	12	mma_k	1	33.79	524	0.622	1	
Q4_K	6144	5120	3	0	16	stock_mmvq	0	365.53	48	0.058	1	
Q4_K	6144	5120	3	0	16	stock_mmq	0	160.08	111	0.131	1	
Q4_K	6144	5120	3	0	16	stock_dq	0	190.64	93	0.110	1	
Q4_K	6144	5120	3	0	16	lcpp_mmq	0	43.75	404	0.480	1	
Q4_K	6144	5120	3	0	16	mma_k	1	34.92	507	0.602	1	
Q4_K	6144	5120	3	0	24	stock_mmq	0	215.77	82	0.097	1	
Q4_K	6144	5120	3	0	24	stock_dq	0	199.85	89	0.105	1	
Q4_K	6144	5120	3	0	24	lcpp_mmq	0	41.14	430	0.511	1	
Q4_K	6144	5120	3	0	24	mma_k	1	38.75	457	0.542	1	
Q4_K	6144	5120	3	0	32	stock_mmq	0	269.24	66	0.078	1	
Q4_K	6144	5120	3	0	32	stock_dq	0	199.99	88	0.105	1	
Q4_K	6144	5120	3	0	32	lcpp_mmq	0	47.18	375	0.446	1	
Q4_K	6144	5120	3	0	32	mma_k	1	41.60	425	0.505	1	
Q4_K	6144	5120	3	0	48	stock_mmq	0	406.63	44	0.052	1	
Q4_K	6144	5120	3	0	48	stock_dq	0	200.58	88	0.105	1	
Q4_K	6144	5120	3	0	48	lcpp_mmq	1	57.42	308	0.366	1	
Q4_K	6144	5120	3	0	48	mma_k	0	63.36	279	0.332	1	
Q4_K	6144	5120	3	0	64	stock_mmq	0	552.91	32	0.038	1	
Q4_K	6144	5120	3	0	64	stock_dq	0	201.47	88	0.104	1	
Q4_K	6144	5120	3	0	64	lcpp_mmq	1	69.20	256	0.304	1	
Q4_K	6144	5120	3	0	64	mma_k	0	67.24	263	0.313	1	
Q4_K	6144	5120	3	0	128	stock_mmq	0	1107.64	16	0.019	1	
Q4_K	6144	5120	3	0	128	stock_dq	0	246.37	72	0.085	1	
Q4_K	6144	5120	3	0	128	lcpp_mmq	1	114.74	154	0.183	1	
Q4_K	6144	5120	3	0	128	mma_k_chunked64	0	137.45	129	0.153	1	
Q4_K	10240	5120	1	0	1	stock_mmvq	0	42.49	694	0.825	1	
Q4_K	10240	5120	1	0	1	stock_mmq	0	65.40	451	0.536	1	
Q4_K	10240	5120	1	0	1	lcpp_mmvq	1	37.98	776	0.922	1	
Q4_K	10240	5120	1	0	1	lcpp_mmq	0	57.11	516	0.613	1	
Q4_K	10240	5120	1	0	1	own_vec	0	39.53	746	0.886	1	
Q4_K	10240	5120	1	0	1	mma_k	0	45.57	647	0.769	1	
Q4_K	10240	5120	1	0	2	stock_mmvq	0	79.84	369	0.439	1	
Q4_K	10240	5120	1	0	2	stock_mmq	0	67.48	437	0.519	1	
Q4_K	10240	5120	1	0	2	lcpp_mmvq	1	39.32	750	0.891	1	
Q4_K	10240	5120	1	0	2	lcpp_mmq	0	57.96	509	0.604	1	
Q4_K	10240	5120	1	0	2	own_vec	0	42.29	697	0.829	1	
Q4_K	10240	5120	1	0	2	mma_k	0	46.28	637	0.757	1	
Q4_K	10240	5120	1	0	4	stock_mmvq	0	154.11	191	0.227	1	
Q4_K	10240	5120	1	0	4	stock_mmq	0	71.65	412	0.489	1	
Q4_K	10240	5120	1	0	4	lcpp_mmvq	0	49.92	591	0.702	1	
Q4_K	10240	5120	1	0	4	lcpp_mmq	0	59.03	500	0.593	1	
Q4_K	10240	5120	1	0	4	own_vec	1	45.24	652	0.774	1	
Q4_K	10240	5120	1	0	4	mma_k	0	46.92	629	0.747	1	
Q4_K	10240	5120	1	0	6	stock_mmvq	0	231.40	127	0.151	1	
Q4_K	10240	5120	1	0	6	stock_mmq	0	130.74	226	0.268	1	
Q4_K	10240	5120	1	0	6	lcpp_mmvq	0	63.16	467	0.555	1	
Q4_K	10240	5120	1	0	6	lcpp_mmq	0	59.14	499	0.592	1	
Q4_K	10240	5120	1	0	6	own_vec	1	50.46	584	0.694	1	
Q4_K	10240	5120	1	0	6	mma_k	0	48.44	609	0.723	1	
Q4_K	10240	5120	1	0	8	stock_mmvq	0	308.42	96	0.114	1	
Q4_K	10240	5120	1	0	8	stock_mmq	0	131.87	224	0.266	1	
Q4_K	10240	5120	1	0	8	lcpp_mmvq	0	80.20	368	0.437	1	
Q4_K	10240	5120	1	0	8	lcpp_mmq	0	59.98	492	0.584	1	
Q4_K	10240	5120	1	0	8	own_vec	1	53.56	551	0.654	1	
Q4_K	10240	5120	1	0	8	mma_k	0	48.64	606	0.720	1	
Q4_K	10240	5120	1	0	12	stock_mmvq	0	462.77	64	0.076	1	
Q4_K	10240	5120	1	0	12	stock_mmq	0	187.72	157	0.187	1	
Q4_K	10240	5120	1	0	12	lcpp_mmq	0	63.49	465	0.552	1	
Q4_K	10240	5120	1	0	12	mma_k	1	49.25	599	0.711	1	
Q4_K	10240	5120	1	0	16	stock_mmvq	0	608.43	48	0.058	1	
Q4_K	10240	5120	1	0	16	stock_mmq	0	248.19	119	0.141	1	
Q4_K	10240	5120	1	0	16	stock_dq	0	304.90	97	0.115	1	
Q4_K	10240	5120	1	0	16	lcpp_mmq	0	61.74	478	0.567	1	
Q4_K	10240	5120	1	0	16	mma_k	1	49.92	591	0.702	1	
Q4_K	10240	5120	1	0	24	stock_mmq	0	356.78	83	0.098	1	
Q4_K	10240	5120	1	0	24	stock_dq	0	314.37	94	0.111	1	
Q4_K	10240	5120	1	0	24	lcpp_mmq	0	55.32	533	0.633	1	
Q4_K	10240	5120	1	0	24	mma_k	1	52.81	558	0.663	1	
Q4_K	10240	5120	1	0	32	stock_mmq	0	482.76	61	0.073	1	
Q4_K	10240	5120	1	0	32	stock_dq	0	307.51	96	0.114	1	
Q4_K	10240	5120	1	0	32	lcpp_mmq	0	64.02	461	0.547	1	
Q4_K	10240	5120	1	0	32	mma_k	1	55.71	529	0.629	1	
Q4_K	10240	5120	1	0	48	stock_mmq	0	711.45	41	0.049	1	
Q4_K	10240	5120	1	0	48	stock_dq	0	307.83	96	0.114	1	
Q4_K	10240	5120	1	0	48	lcpp_mmq	1	76.74	384	0.457	1	
Q4_K	10240	5120	1	0	48	mma_k	0	94.97	311	0.369	1	
Q4_K	10240	5120	1	0	64	stock_mmq	0	936.65	31	0.037	1	
Q4_K	10240	5120	1	0	64	stock_dq	0	307.81	96	0.114	1	
Q4_K	10240	5120	1	0	64	lcpp_mmq	1	90.16	327	0.389	1	
Q4_K	10240	5120	1	0	64	mma_k	0	99.92	295	0.351	1	
Q4_K	10240	5120	1	0	128	stock_mmq	0	1866.57	16	0.019	1	
Q4_K	10240	5120	1	0	128	stock_dq	0	372.09	79	0.094	1	
Q4_K	10240	5120	1	0	128	lcpp_mmq	1	139.90	211	0.250	1	
Q4_K	10240	5120	1	0	128	mma_k_chunked64	0	218.75	135	0.160	1	
Q4_K	12288	5120	1	0	1	stock_mmvq	0	50.69	698	0.829	1	
Q4_K	12288	5120	1	0	1	stock_mmq	0	79.28	446	0.530	1	
Q4_K	12288	5120	1	0	1	lcpp_mmvq	1	44.64	793	0.942	1	
Q4_K	12288	5120	1	0	1	lcpp_mmq	0	67.74	522	0.621	1	
Q4_K	12288	5120	1	0	1	own_vec	0	52.78	671	0.797	1	
Q4_K	12288	5120	1	0	1	mma_k	0	53.58	660	0.785	1	
Q4_K	12288	5120	1	0	2	stock_mmvq	0	94.59	374	0.444	1	
Q4_K	12288	5120	1	0	2	stock_mmq	0	84.07	421	0.500	1	
Q4_K	12288	5120	1	0	2	lcpp_mmvq	1	46.00	769	0.914	1	
Q4_K	12288	5120	1	0	2	lcpp_mmq	0	69.24	511	0.607	1	
Q4_K	12288	5120	1	0	2	own_vec	0	47.00	753	0.895	1	
Q4_K	12288	5120	1	0	2	mma_k	0	54.37	651	0.773	1	
Q4_K	12288	5120	1	0	4	stock_mmvq	0	185.18	191	0.227	1	
Q4_K	12288	5120	1	0	4	stock_mmq	0	87.65	404	0.480	1	
Q4_K	12288	5120	1	0	4	lcpp_mmvq	0	58.04	610	0.724	1	
Q4_K	12288	5120	1	0	4	lcpp_mmq	0	70.09	505	0.600	1	
Q4_K	12288	5120	1	0	4	own_vec	1	50.82	696	0.827	1	
Q4_K	12288	5120	1	0	4	mma_k	0	55.35	639	0.760	1	
Q4_K	12288	5120	1	0	6	stock_mmvq	0	277.60	127	0.151	1	
Q4_K	12288	5120	1	0	6	stock_mmq	0	157.28	225	0.267	1	
Q4_K	12288	5120	1	0	6	lcpp_mmvq	0	74.09	478	0.567	1	
Q4_K	12288	5120	1	0	6	lcpp_mmq	0	71.03	498	0.592	1	
Q4_K	12288	5120	1	0	6	own_vec	1	64.63	548	0.651	1	
Q4_K	12288	5120	1	0	6	mma_k	0	56.52	626	0.744	1	
Q4_K	12288	5120	1	0	8	stock_mmvq	0	369.25	96	0.114	1	
Q4_K	12288	5120	1	0	8	stock_mmq	0	159.16	222	0.264	1	
Q4_K	12288	5120	1	0	8	lcpp_mmvq	0	93.62	378	0.449	1	
Q4_K	12288	5120	1	0	8	lcpp_mmq	0	71.71	494	0.586	1	
Q4_K	12288	5120	1	0	8	own_vec	1	65.74	538	0.639	1	
Q4_K	12288	5120	1	0	8	mma_k	0	56.98	621	0.738	1	
Q4_K	12288	5120	1	0	12	stock_mmvq	0	552.98	64	0.076	1	
Q4_K	12288	5120	1	0	12	stock_mmq	0	230.91	153	0.182	1	
Q4_K	12288	5120	1	0	12	lcpp_mmq	0	77.26	458	0.544	1	
Q4_K	12288	5120	1	0	12	mma_k	1	58.00	610	0.725	1	
Q4_K	12288	5120	1	0	16	stock_mmvq	0	736.88	48	0.057	1	
Q4_K	12288	5120	1	0	16	stock_mmq	0	292.53	121	0.144	1	
Q4_K	12288	5120	1	0	16	stock_dq	0	370.12	96	0.114	1	
Q4_K	12288	5120	1	0	16	lcpp_mmq	0	75.21	471	0.559	1	
Q4_K	12288	5120	1	0	16	mma_k	1	58.62	604	0.717	1	
Q4_K	12288	5120	1	0	24	stock_mmq	0	423.89	83	0.099	1	
Q4_K	12288	5120	1	0	24	stock_dq	0	379.55	93	0.111	1	
Q4_K	12288	5120	1	0	24	lcpp_mmq	0	70.40	503	0.597	1	
Q4_K	12288	5120	1	0	24	mma_k	1	62.21	569	0.676	1	
Q4_K	12288	5120	1	0	32	stock_mmq	0	571.21	62	0.074	1	
Q4_K	12288	5120	1	0	32	stock_dq	0	423.29	84	0.099	1	
Q4_K	12288	5120	1	0	32	lcpp_mmq	0	79.03	448	0.532	1	
Q4_K	12288	5120	1	0	32	mma_k	1	64.33	550	0.654	1	
Q4_K	12288	5120	1	0	48	stock_mmq	0	856.99	41	0.049	1	
Q4_K	12288	5120	1	0	48	stock_dq	0	425.93	83	0.099	1	
Q4_K	12288	5120	1	0	48	lcpp_mmq	1	96.38	367	0.436	1	
Q4_K	12288	5120	1	0	48	mma_k	0	106.06	334	0.396	1	
Q4_K	12288	5120	1	0	64	stock_mmq	0	1124.99	31	0.037	1	
Q4_K	12288	5120	1	0	64	stock_dq	0	427.57	83	0.098	1	
Q4_K	12288	5120	1	0	64	lcpp_mmq	1	116.53	304	0.361	1	
Q4_K	12288	5120	1	0	64	mma_k	0	111.43	318	0.377	1	
Q4_K	12288	5120	1	0	128	stock_mmq	0	2240.44	16	0.019	1	
Q4_K	12288	5120	1	0	128	stock_dq	0	470.63	75	0.089	1	
Q4_K	12288	5120	1	0	128	lcpp_mmq	1	188.90	187	0.223	1	
Q4_K	12288	5120	1	0	128	mma_k_chunked64	0	250.37	141	0.168	1	
Q4_K	17408	5120	5	0	1	stock_mmvq	0	68.22	735	0.873	1	
Q4_K	17408	5120	5	0	1	stock_mmq	0	106.35	471	0.560	1	
Q4_K	17408	5120	5	0	1	lcpp_mmvq	1	61.54	815	0.968	1	
Q4_K	17408	5120	5	0	1	lcpp_mmq	0	93.46	536	0.637	1	
Q4_K	17408	5120	5	0	1	own_vec	0	64.59	776	0.922	1	
Q4_K	17408	5120	5	0	1	mma_k	0	73.37	683	0.812	1	
Q4_K	17408	5120	5	0	2	stock_mmvq	0	132.71	378	0.449	1	
Q4_K	17408	5120	5	0	2	stock_mmq	0	114.97	436	0.518	1	
Q4_K	17408	5120	5	0	2	lcpp_mmvq	1	62.87	797	0.947	1	
Q4_K	17408	5120	5	0	2	lcpp_mmq	0	94.50	531	0.630	1	
Q4_K	17408	5120	5	0	2	own_vec	0	66.41	755	0.897	1	
Q4_K	17408	5120	5	0	2	mma_k	0	74.21	676	0.803	1	
Q4_K	17408	5120	5	0	4	stock_mmvq	0	260.58	192	0.229	1	
Q4_K	17408	5120	5	0	4	stock_mmq	0	117.27	428	0.508	1	
Q4_K	17408	5120	5	0	4	lcpp_mmvq	0	80.38	624	0.741	1	
Q4_K	17408	5120	5	0	4	lcpp_mmq	0	95.41	525	0.624	1	
Q4_K	17408	5120	5	0	4	own_vec	1	69.22	724	0.860	1	
Q4_K	17408	5120	5	0	4	mma_k	0	75.05	668	0.794	1	
Q4_K	17408	5120	5	0	6	stock_mmvq	0	394.20	127	0.151	1	
Q4_K	17408	5120	5	0	6	stock_mmq	0	216.55	232	0.275	1	
Q4_K	17408	5120	5	0	6	lcpp_mmvq	0	101.79	493	0.585	1	
Q4_K	17408	5120	5	0	6	lcpp_mmq	0	100.79	497	0.591	1	
Q4_K	17408	5120	5	0	6	own_vec	1	87.04	576	0.684	1	
Q4_K	17408	5120	5	0	6	mma_k	0	76.31	657	0.780	1	
Q4_K	17408	5120	5	0	8	stock_mmvq	0	523.98	96	0.114	1	
Q4_K	17408	5120	5	0	8	stock_mmq	0	217.24	231	0.274	1	
Q4_K	17408	5120	5	0	8	lcpp_mmvq	0	129.20	388	0.461	1	
Q4_K	17408	5120	5	0	8	lcpp_mmq	0	99.56	504	0.598	1	
Q4_K	17408	5120	5	0	8	own_vec	1	86.75	578	0.687	1	
Q4_K	17408	5120	5	0	8	mma_k	0	76.88	652	0.775	1	
Q4_K	17408	5120	5	0	12	stock_mmvq	0	795.37	63	0.075	1	
Q4_K	17408	5120	5	0	12	stock_mmq	0	308.61	162	0.193	1	
Q4_K	17408	5120	5	0	12	lcpp_mmq	0	105.91	473	0.562	1	
Q4_K	17408	5120	5	0	12	mma_k	1	77.82	644	0.765	1	
Q4_K	17408	5120	5	0	16	stock_mmvq	0	1048.56	48	0.057	1	
Q4_K	17408	5120	5	0	16	stock_mmq	0	411.23	122	0.145	1	
Q4_K	17408	5120	5	0	16	stock_dq	0	518.27	97	0.115	1	
Q4_K	17408	5120	5	0	16	lcpp_mmq	0	103.76	483	0.574	1	
Q4_K	17408	5120	5	0	16	mma_k	1	78.81	636	0.756	1	
Q4_K	17408	5120	5	0	24	stock_mmq	0	599.24	84	0.099	1	
Q4_K	17408	5120	5	0	24	stock_dq	0	523.67	96	0.114	1	
Q4_K	17408	5120	5	0	24	lcpp_mmq	0	93.03	539	0.640	1	
Q4_K	17408	5120	5	0	24	mma_k	1	81.38	616	0.732	1	
Q4_K	17408	5120	5	0	32	stock_mmq	0	805.45	62	0.074	1	
Q4_K	17408	5120	5	0	32	stock_dq	0	584.99	86	0.102	1	
Q4_K	17408	5120	5	0	32	lcpp_mmq	0	104.68	479	0.569	1	
Q4_K	17408	5120	5	0	32	mma_k	1	86.74	578	0.687	1	
Q4_K	17408	5120	5	0	48	stock_mmq	0	1198.41	42	0.050	1	
Q4_K	17408	5120	5	0	48	stock_dq	0	599.45	84	0.099	1	
Q4_K	17408	5120	5	0	48	lcpp_mmq	1	128.49	390	0.464	1	
Q4_K	17408	5120	5	0	48	mma_k	0	143.02	351	0.416	1	
Q4_K	17408	5120	5	0	64	stock_mmq	0	1597.24	31	0.037	1	
Q4_K	17408	5120	5	0	64	stock_dq	0	606.21	83	0.098	1	
Q4_K	17408	5120	5	0	64	lcpp_mmq	1	156.11	321	0.382	1	
Q4_K	17408	5120	5	0	64	mma_k	0	154.65	324	0.385	1	
Q4_K	17408	5120	5	0	128	stock_mmq	0	3166.18	16	0.019	1	
Q4_K	17408	5120	5	0	128	stock_dq	0	675.35	74	0.088	1	
Q4_K	17408	5120	5	0	128	lcpp_mmq	1	259.04	194	0.230	1	
Q4_K	17408	5120	5	0	128	mma_k_chunked64	0	337.05	149	0.177	1	
Q4_K	248320	5120	1	0	1	stock_mmvq	0	899.61	795	0.944	1	
Q4_K	248320	5120	1	0	1	stock_mmq	0	1395.61	512	0.609	1	
Q4_K	248320	5120	1	0	1	lcpp_mmvq	1	813.06	880	1.045	1	
Q4_K	248320	5120	1	0	1	lcpp_mmq	0	1119.72	639	0.759	1	
Q4_K	248320	5120	1	0	1	own_vec	0	825.80	866	1.029	1	
Q4_K	248320	5120	1	0	1	mma_k	0	976.82	732	0.870	1	
Q4_K	248320	5120	1	0	2	stock_mmvq	0	1862.99	384	0.456	1	
Q4_K	248320	5120	1	0	2	stock_mmq	0	1416.52	505	0.600	1	
Q4_K	248320	5120	1	0	2	lcpp_mmvq	1	827.09	865	1.027	1	
Q4_K	248320	5120	1	0	2	lcpp_mmq	0	1125.15	636	0.755	1	
Q4_K	248320	5120	1	0	2	own_vec	0	822.73	869	1.033	1	
Q4_K	248320	5120	1	0	2	mma_k	0	980.61	729	0.866	1	
Q4_K	248320	5120	1	0	4	stock_mmvq	0	3720.68	192	0.228	1	
Q4_K	248320	5120	1	0	4	stock_mmq	0	1406.28	509	0.604	1	
Q4_K	248320	5120	1	0	4	lcpp_mmvq	0	1220.21	586	0.696	1	
Q4_K	248320	5120	1	0	4	lcpp_mmq	0	1134.41	630	0.749	1	
Q4_K	248320	5120	1	0	4	own_vec	1	850.46	841	0.999	1	
Q4_K	248320	5120	1	0	4	mma_k	0	984.64	726	0.863	1	
Q4_K	248320	5120	1	0	6	stock_mmvq	0	5583.67	128	0.152	1	
Q4_K	248320	5120	1	0	6	stock_mmq	0	2813.49	254	0.302	1	
Q4_K	248320	5120	1	0	6	lcpp_mmvq	0	1627.73	439	0.522	1	
Q4_K	248320	5120	1	0	6	lcpp_mmq	0	1146.19	624	0.741	1	
Q4_K	248320	5120	1	0	6	own_vec	1	1058.44	676	0.803	1	
Q4_K	248320	5120	1	0	6	mma_k	0	991.56	721	0.857	1	
Q4_K	248320	5120	1	0	8	stock_mmvq	0	7450.55	96	0.114	1	
Q4_K	248320	5120	1	0	8	stock_mmq	0	2813.05	254	0.302	1	
Q4_K	248320	5120	1	0	8	lcpp_mmvq	0	2081.87	344	0.408	1	
Q4_K	248320	5120	1	0	8	lcpp_mmq	0	1147.57	623	0.740	1	
Q4_K	248320	5120	1	0	8	own_vec	1	1066.73	670	0.796	1	
Q4_K	248320	5120	1	0	8	mma_k	0	995.66	718	0.853	1	
Q4_K	248320	5120	1	0	12	stock_mmvq	0	11156.74	64	0.076	1	
Q4_K	248320	5120	1	0	12	stock_mmq	0	4209.86	170	0.202	1	
Q4_K	248320	5120	1	0	12	lcpp_mmq	0	1228.78	582	0.691	1	
Q4_K	248320	5120	1	0	12	mma_k	1	1007.28	710	0.843	1	
Q4_K	248320	5120	1	0	16	stock_mmvq	0	14918.27	48	0.057	1	
Q4_K	248320	5120	1	0	16	stock_mmq	0	5651.17	127	0.150	1	
Q4_K	248320	5120	1	0	16	lcpp_mmq	0	1230.45	581	0.690	1	
Q4_K	248320	5120	1	0	16	mma_k	1	1010.76	708	0.841	1	
Q4_K	248320	5120	1	0	24	stock_mmq	0	8437.92	85	0.101	1	
Q4_K	248320	5120	1	0	24	lcpp_mmq	0	1288.50	555	0.659	1	
Q4_K	248320	5120	1	0	24	mma_k	1	1123.50	637	0.756	1	
Q4_K	248320	5120	1	0	32	stock_mmq	0	11227.30	64	0.076	1	
Q4_K	248320	5120	1	0	32	lcpp_mmq	0	1457.83	491	0.583	1	
Q4_K	248320	5120	1	0	32	mma_k	1	1261.03	567	0.674	1	
Q4_K	248320	5120	1	0	48	stock_mmq	0	16840.26	42	0.050	1	
Q4_K	248320	5120	1	0	48	lcpp_mmq	1	1792.25	399	0.474	1	
Q4_K	248320	5120	1	0	48	mma_k	0	2125.11	337	0.400	1	
Q4_K	248320	5120	1	0	64	stock_mmq	0	22640.79	32	0.038	1	
Q4_K	248320	5120	1	0	64	lcpp_mmq	1	2169.88	330	0.392	1	
Q4_K	248320	5120	1	0	64	mma_k	0	2203.66	325	0.386	1	
Q4_K	248320	5120	1	0	128	stock_mmq	0	45282.33	16	0.019	1	
Q4_K	248320	5120	1	0	128	lcpp_mmq	1	3534.58	202	0.240	1	
Q4_K	248320	5120	1	0	128	mma_k_chunked64	0	4545.48	157	0.187	1	
Q6_K	1024	5120	0	2	1	stock_mmvq	0	11.03	390	0.463	1	
Q6_K	1024	5120	0	2	1	stock_mmq	0	82.79	52	0.062	1	
Q6_K	1024	5120	0	2	1	lcpp_mmvq	1	10.09	426	0.507	1	
Q6_K	1024	5120	0	2	1	lcpp_mmq	0	15.76	273	0.324	1	
Q6_K	1024	5120	0	2	2	stock_mmvq	0	14.23	302	0.359	1	
Q6_K	1024	5120	0	2	2	stock_mmq	0	81.10	53	0.063	1	
Q6_K	1024	5120	0	2	2	lcpp_mmvq	1	9.70	443	0.527	1	
Q6_K	1024	5120	0	2	2	lcpp_mmq	0	15.72	274	0.325	1	
Q6_K	1024	5120	0	2	4	stock_mmvq	0	20.68	208	0.247	1	
Q6_K	1024	5120	0	2	4	stock_mmq	0	81.51	53	0.063	1	
Q6_K	1024	5120	0	2	4	lcpp_mmvq	1	11.55	373	0.443	1	
Q6_K	1024	5120	0	2	4	lcpp_mmq	0	15.74	273	0.325	1	
Q6_K	1024	5120	0	2	6	stock_mmvq	0	27.34	157	0.187	1	
Q6_K	1024	5120	0	2	6	stock_mmq	0	79.64	54	0.064	1	
Q6_K	1024	5120	0	2	6	lcpp_mmvq	1	13.48	319	0.379	1	
Q6_K	1024	5120	0	2	6	lcpp_mmq	0	15.87	271	0.322	1	
Q6_K	1024	5120	0	2	8	stock_mmvq	0	34.33	125	0.149	1	
Q6_K	1024	5120	0	2	8	stock_mmq	0	79.95	54	0.064	1	
Q6_K	1024	5120	0	2	8	lcpp_mmvq	0	15.92	270	0.321	1	
Q6_K	1024	5120	0	2	8	lcpp_mmq	1	15.97	269	0.320	1	
Q6_K	1024	5120	0	2	12	stock_mmvq	0	47.97	90	0.107	1	
Q6_K	1024	5120	0	2	12	stock_mmq	0	80.20	54	0.064	1	
Q6_K	1024	5120	0	2	12	lcpp_mmq	1	17.23	250	0.297	1	
Q6_K	1024	5120	0	2	16	stock_mmvq	0	61.98	69	0.082	1	
Q6_K	1024	5120	0	2	16	stock_mmq	0	80.79	53	0.063	1	
Q6_K	1024	5120	0	2	16	stock_dq	0	41.64	103	0.123	1	
Q6_K	1024	5120	0	2	16	lcpp_mmq	1	17.38	247	0.294	1	
Q6_K	1024	5120	0	2	24	stock_mmq	0	85.68	50	0.060	1	
Q6_K	1024	5120	0	2	24	stock_dq	0	64.26	67	0.080	1	
Q6_K	1024	5120	0	2	24	lcpp_mmq	1	18.41	234	0.278	1	
Q6_K	1024	5120	0	2	32	stock_mmq	0	89.22	48	0.057	1	
Q6_K	1024	5120	0	2	32	stock_dq	0	63.97	67	0.080	1	
Q6_K	1024	5120	0	2	32	lcpp_mmq	1	19.76	218	0.259	1	
Q6_K	1024	5120	0	2	48	stock_mmq	0	107.18	40	0.048	1	
Q6_K	1024	5120	0	2	48	stock_dq	0	40.14	107	0.127	1	
Q6_K	1024	5120	0	2	48	lcpp_mmq	1	24.50	176	0.209	1	
Q6_K	1024	5120	0	2	64	stock_mmq	0	146.51	29	0.035	1	
Q6_K	1024	5120	0	2	64	stock_dq	0	36.99	116	0.138	1	
Q6_K	1024	5120	0	2	64	lcpp_mmq	1	29.36	146	0.174	1	
Q6_K	1024	5120	0	2	128	stock_mmq	0	254.36	17	0.020	1	
Q6_K	1024	5120	0	2	128	stock_dq	0	43.03	100	0.119	1	
Q6_K	1024	5120	0	2	128	lcpp_mmq	1	58.88	73	0.087	1	
Q6_K	5120	6144	0	1	1	stock_mmvq	0	38.48	671	0.797	1	
Q6_K	5120	6144	0	1	1	stock_mmq	0	110.82	233	0.277	1	
Q6_K	5120	6144	0	1	1	lcpp_mmvq	1	34.30	752	0.894	1	
Q6_K	5120	6144	0	1	1	lcpp_mmq	0	50.41	512	0.608	1	
Q6_K	5120	6144	0	1	2	stock_mmvq	0	71.35	362	0.430	1	
Q6_K	5120	6144	0	1	2	stock_mmq	0	117.29	220	0.261	1	
Q6_K	5120	6144	0	1	2	lcpp_mmvq	1	35.02	737	0.875	1	
Q6_K	5120	6144	0	1	2	lcpp_mmq	0	51.15	505	0.599	1	
Q6_K	5120	6144	0	1	4	stock_mmvq	0	139.11	185	0.220	1	
Q6_K	5120	6144	0	1	4	stock_mmq	0	119.22	216	0.257	1	
Q6_K	5120	6144	0	1	4	lcpp_mmvq	1	40.17	642	0.763	1	
Q6_K	5120	6144	0	1	4	lcpp_mmq	0	51.74	499	0.593	1	
Q6_K	5120	6144	0	1	6	stock_mmvq	0	208.03	124	0.147	1	
Q6_K	5120	6144	0	1	6	stock_mmq	0	129.10	200	0.237	1	
Q6_K	5120	6144	0	1	6	lcpp_mmvq	1	51.38	502	0.597	1	
Q6_K	5120	6144	0	1	6	lcpp_mmq	0	52.78	489	0.581	1	
Q6_K	5120	6144	0	1	8	stock_mmvq	0	276.71	93	0.111	1	
Q6_K	5120	6144	0	1	8	stock_mmq	0	132.17	195	0.232	1	
Q6_K	5120	6144	0	1	8	lcpp_mmvq	0	64.28	401	0.477	1	
Q6_K	5120	6144	0	1	8	lcpp_mmq	1	53.71	480	0.571	1	
Q6_K	5120	6144	0	1	12	stock_mmvq	0	411.05	63	0.075	1	
Q6_K	5120	6144	0	1	12	stock_mmq	0	183.32	141	0.167	1	
Q6_K	5120	6144	0	1	12	lcpp_mmq	1	54.71	472	0.560	1	
Q6_K	5120	6144	0	1	16	stock_mmvq	0	539.13	48	0.057	1	
Q6_K	5120	6144	0	1	16	stock_mmq	0	230.94	112	0.133	1	
Q6_K	5120	6144	0	1	16	stock_dq	0	190.00	136	0.161	1	
Q6_K	5120	6144	0	1	16	lcpp_mmq	1	54.98	469	0.558	1	
Q6_K	5120	6144	0	1	24	stock_mmq	0	326.98	79	0.094	1	
Q6_K	5120	6144	0	1	24	stock_dq	0	191.49	135	0.160	1	
Q6_K	5120	6144	0	1	24	lcpp_mmq	1	59.34	435	0.517	1	
Q6_K	5120	6144	0	1	32	stock_mmq	0	407.63	63	0.075	1	
Q6_K	5120	6144	0	1	32	stock_dq	0	191.51	135	0.160	1	
Q6_K	5120	6144	0	1	32	lcpp_mmq	1	63.72	405	0.481	1	
Q6_K	5120	6144	0	1	48	stock_mmq	0	590.63	44	0.052	1	
Q6_K	5120	6144	0	1	48	stock_dq	0	205.90	125	0.149	1	
Q6_K	5120	6144	0	1	48	lcpp_mmq	1	72.60	355	0.422	1	
Q6_K	5120	6144	0	1	64	stock_mmq	0	785.18	33	0.039	1	
Q6_K	5120	6144	0	1	64	stock_dq	0	192.84	134	0.159	1	
Q6_K	5120	6144	0	1	64	lcpp_mmq	1	82.89	311	0.370	1	
Q6_K	5120	6144	0	1	128	stock_mmq	0	1573.21	16	0.019	1	
Q6_K	5120	6144	0	1	128	stock_dq	0	224.46	115	0.137	1	
Q6_K	5120	6144	0	1	128	lcpp_mmq	1	128.97	200	0.238	1	
Q6_K	5120	10240	0	1	1	stock_mmvq	0	62.00	694	0.824	1	
Q6_K	5120	10240	0	1	1	stock_mmq	0	183.60	234	0.278	1	
Q6_K	5120	10240	0	1	1	lcpp_mmvq	1	54.76	785	0.933	1	
Q6_K	5120	10240	0	1	1	lcpp_mmq	0	77.41	556	0.660	1	
Q6_K	5120	10240	0	1	2	stock_mmvq	0	120.81	356	0.423	1	
Q6_K	5120	10240	0	1	2	stock_mmq	0	187.06	230	0.273	1	
Q6_K	5120	10240	0	1	2	lcpp_mmvq	1	55.27	778	0.924	1	
Q6_K	5120	10240	0	1	2	lcpp_mmq	0	77.95	552	0.655	1	
Q6_K	5120	10240	0	1	4	stock_mmvq	0	234.32	184	0.218	1	
Q6_K	5120	10240	0	1	4	stock_mmq	0	190.74	225	0.268	1	
Q6_K	5120	10240	0	1	4	lcpp_mmvq	1	62.80	685	0.814	1	
Q6_K	5120	10240	0	1	4	lcpp_mmq	0	78.39	549	0.652	1	
Q6_K	5120	10240	0	1	6	stock_mmvq	0	352.15	122	0.145	1	
Q6_K	5120	10240	0	1	6	stock_mmq	0	206.89	208	0.247	1	
Q6_K	5120	10240	0	1	6	lcpp_mmvq	1	79.18	543	0.645	1	
Q6_K	5120	10240	0	1	6	lcpp_mmq	0	80.00	538	0.639	1	
Q6_K	5120	10240	0	1	8	stock_mmvq	0	466.87	92	0.109	1	
Q6_K	5120	10240	0	1	8	stock_mmq	0	207.05	208	0.247	1	
Q6_K	5120	10240	0	1	8	lcpp_mmvq	0	98.91	435	0.517	1	
Q6_K	5120	10240	0	1	8	lcpp_mmq	1	82.01	524	0.623	1	
Q6_K	5120	10240	0	1	12	stock_mmvq	0	696.39	62	0.073	1	
Q6_K	5120	10240	0	1	12	stock_mmq	0	291.02	148	0.176	1	
Q6_K	5120	10240	0	1	12	lcpp_mmq	1	81.22	529	0.629	1	
Q6_K	5120	10240	0	1	16	stock_mmvq	0	915.10	47	0.056	1	
Q6_K	5120	10240	0	1	16	stock_mmq	0	377.14	114	0.135	1	
Q6_K	5120	10240	0	1	16	stock_dq	0	309.30	139	0.165	1	
Q6_K	5120	10240	0	1	16	lcpp_mmq	1	82.28	523	0.621	1	
Q6_K	5120	10240	0	1	24	stock_mmq	0	553.64	78	0.092	1	
Q6_K	5120	10240	0	1	24	stock_dq	0	309.45	139	0.165	1	
Q6_K	5120	10240	0	1	24	lcpp_mmq	1	89.24	482	0.573	1	
Q6_K	5120	10240	0	1	32	stock_mmq	0	687.01	63	0.074	1	
Q6_K	5120	10240	0	1	32	stock_dq	0	310.37	139	0.165	1	
Q6_K	5120	10240	0	1	32	lcpp_mmq	1	94.26	456	0.542	1	
Q6_K	5120	10240	0	1	48	stock_mmq	0	1018.55	42	0.050	1	
Q6_K	5120	10240	0	1	48	stock_dq	0	348.03	124	0.147	1	
Q6_K	5120	10240	0	1	48	lcpp_mmq	1	107.28	401	0.476	1	
Q6_K	5120	10240	0	1	64	stock_mmq	0	1358.41	32	0.038	1	
Q6_K	5120	10240	0	1	64	stock_dq	0	311.40	138	0.164	1	
Q6_K	5120	10240	0	1	64	lcpp_mmq	1	119.17	361	0.429	1	
Q6_K	5120	10240	0	1	128	stock_mmq	0	2633.03	16	0.019	1	
Q6_K	5120	10240	0	1	128	stock_dq	0	372.94	115	0.137	1	
Q6_K	5120	10240	0	1	128	lcpp_mmq	1	187.37	230	0.273	1	
Q6_K	5120	17408	0	1	1	stock_mmvq	0	106.01	690	0.819	1	
Q6_K	5120	17408	0	1	1	stock_mmq	0	308.81	237	0.281	1	
Q6_K	5120	17408	0	1	1	lcpp_mmvq	1	90.42	809	0.961	1	
Q6_K	5120	17408	0	1	1	lcpp_mmq	0	133.18	549	0.652	1	
Q6_K	5120	17408	0	1	2	stock_mmvq	0	216.14	338	0.402	1	
Q6_K	5120	17408	0	1	2	stock_mmq	0	310.12	236	0.280	1	
Q6_K	5120	17408	0	1	2	lcpp_mmvq	1	91.32	801	0.951	1	
Q6_K	5120	17408	0	1	2	lcpp_mmq	0	132.55	552	0.655	1	
Q6_K	5120	17408	0	1	4	stock_mmvq	0	430.59	170	0.202	1	
Q6_K	5120	17408	0	1	4	stock_mmq	0	313.22	233	0.277	1	
Q6_K	5120	17408	0	1	4	lcpp_mmvq	1	111.92	653	0.776	1	
Q6_K	5120	17408	0	1	4	lcpp_mmq	0	135.28	540	0.642	1	
Q6_K	5120	17408	0	1	6	stock_mmvq	0	647.55	113	0.134	1	
Q6_K	5120	17408	0	1	6	stock_mmq	0	342.17	214	0.254	1	
Q6_K	5120	17408	0	1	6	lcpp_mmvq	1	131.81	555	0.659	1	
Q6_K	5120	17408	0	1	6	lcpp_mmq	0	141.75	516	0.613	1	
Q6_K	5120	17408	0	1	8	stock_mmvq	0	862.92	85	0.101	1	
Q6_K	5120	17408	0	1	8	stock_mmq	0	345.16	212	0.252	1	
Q6_K	5120	17408	0	1	8	lcpp_mmvq	0	164.71	444	0.527	1	
Q6_K	5120	17408	0	1	8	lcpp_mmq	1	141.47	517	0.614	1	
Q6_K	5120	17408	0	1	12	stock_mmvq	0	1269.01	58	0.068	1	
Q6_K	5120	17408	0	1	12	stock_mmq	0	484.71	151	0.179	1	
Q6_K	5120	17408	0	1	12	lcpp_mmq	1	139.21	525	0.624	1	
Q6_K	5120	17408	0	1	16	stock_mmvq	0	1685.22	43	0.052	1	
Q6_K	5120	17408	0	1	16	stock_mmq	0	634.50	115	0.137	1	
Q6_K	5120	17408	0	1	16	stock_dq	0	518.39	141	0.168	1	
Q6_K	5120	17408	0	1	16	lcpp_mmq	1	140.80	519	0.617	1	
Q6_K	5120	17408	0	1	24	stock_mmq	0	948.04	77	0.092	1	
Q6_K	5120	17408	0	1	24	stock_dq	0	521.42	140	0.167	1	
Q6_K	5120	17408	0	1	24	lcpp_mmq	1	145.02	504	0.599	1	
Q6_K	5120	17408	0	1	32	stock_mmq	0	1194.47	61	0.073	1	
Q6_K	5120	17408	0	1	32	stock_dq	0	521.41	140	0.167	1	
Q6_K	5120	17408	0	1	32	lcpp_mmq	1	155.70	470	0.558	1	
Q6_K	5120	17408	0	1	48	stock_mmq	0	1745.43	42	0.050	1	
Q6_K	5120	17408	0	1	48	stock_dq	0	567.09	129	0.153	1	
Q6_K	5120	17408	0	1	48	lcpp_mmq	1	166.81	438	0.521	1	
Q6_K	5120	17408	0	1	64	stock_mmq	0	2305.47	32	0.038	1	
Q6_K	5120	17408	0	1	64	stock_dq	0	523.38	140	0.166	1	
Q6_K	5120	17408	0	1	64	lcpp_mmq	1	186.93	391	0.465	1	
Q6_K	5120	17408	0	1	128	stock_mmq	0	4511.41	16	0.019	1	
Q6_K	5120	17408	0	1	128	stock_dq	0	625.01	117	0.139	1	
Q6_K	5120	17408	0	1	128	lcpp_mmq	1	293.32	249	0.296	1	
Q6_K	12288	5120	0	1	1	stock_mmvq	0	72.14	715	0.850	1	
Q6_K	12288	5120	0	1	1	stock_mmq	0	121.14	426	0.506	1	
Q6_K	12288	5120	0	1	1	lcpp_mmvq	1	63.79	809	0.961	1	
Q6_K	12288	5120	0	1	1	lcpp_mmq	0	90.31	571	0.679	1	
Q6_K	12288	5120	0	1	2	stock_mmvq	0	142.08	363	0.432	1	
Q6_K	12288	5120	0	1	2	stock_mmq	0	129.92	397	0.472	1	
Q6_K	12288	5120	0	1	2	lcpp_mmvq	1	65.10	793	0.942	1	
Q6_K	12288	5120	0	1	2	lcpp_mmq	0	91.37	565	0.671	1	
Q6_K	12288	5120	0	1	4	stock_mmvq	0	276.55	187	0.222	1	
Q6_K	12288	5120	0	1	4	stock_mmq	0	133.81	386	0.458	1	
Q6_K	12288	5120	0	1	4	lcpp_mmvq	1	76.34	676	0.803	1	
Q6_K	12288	5120	0	1	4	lcpp_mmq	0	91.80	562	0.668	1	
Q6_K	12288	5120	0	1	6	stock_mmvq	0	417.51	124	0.147	1	
Q6_K	12288	5120	0	1	6	stock_mmq	0	240.82	214	0.255	1	
Q6_K	12288	5120	0	1	6	lcpp_mmvq	1	96.08	537	0.638	1	
Q6_K	12288	5120	0	1	6	lcpp_mmq	0	96.01	538	0.639	1	
Q6_K	12288	5120	0	1	8	stock_mmvq	0	555.29	93	0.110	1	
Q6_K	12288	5120	0	1	8	stock_mmq	0	240.10	215	0.255	1	
Q6_K	12288	5120	0	1	8	lcpp_mmvq	0	119.91	430	0.511	1	
Q6_K	12288	5120	0	1	8	lcpp_mmq	1	98.02	527	0.625	1	
Q6_K	12288	5120	0	1	12	stock_mmvq	0	830.52	62	0.074	1	
Q6_K	12288	5120	0	1	12	stock_mmq	0	334.43	154	0.183	1	
Q6_K	12288	5120	0	1	12	lcpp_mmq	1	96.51	535	0.635	1	
Q6_K	12288	5120	0	1	16	stock_mmvq	0	1090.43	47	0.056	1	
Q6_K	12288	5120	0	1	16	stock_mmq	0	422.27	122	0.145	1	
Q6_K	12288	5120	0	1	16	stock_dq	0	378.78	136	0.162	1	
Q6_K	12288	5120	0	1	16	lcpp_mmq	1	95.82	539	0.640	1	
Q6_K	12288	5120	0	1	24	stock_mmq	0	595.20	87	0.103	1	
Q6_K	12288	5120	0	1	24	stock_dq	0	388.76	133	0.158	1	
Q6_K	12288	5120	0	1	24	lcpp_mmq	1	103.96	496	0.590	1	
Q6_K	12288	5120	0	1	32	stock_mmq	0	798.16	65	0.077	1	
Q6_K	12288	5120	0	1	32	stock_dq	0	436.20	118	0.141	1	
Q6_K	12288	5120	0	1	32	lcpp_mmq	1	110.05	469	0.557	1	
Q6_K	12288	5120	0	1	48	stock_mmq	0	1186.84	43	0.052	1	
Q6_K	12288	5120	0	1	48	stock_dq	0	436.92	118	0.140	1	
Q6_K	12288	5120	0	1	48	lcpp_mmq	1	121.16	426	0.506	1	
Q6_K	12288	5120	0	1	64	stock_mmq	0	1586.72	33	0.039	1	
Q6_K	12288	5120	0	1	64	stock_dq	0	439.53	117	0.139	1	
Q6_K	12288	5120	0	1	64	lcpp_mmq	1	140.03	369	0.438	1	
Q6_K	12288	5120	0	1	128	stock_mmq	0	3134.40	16	0.020	1	
Q6_K	12288	5120	0	1	128	stock_dq	0	483.02	107	0.127	1	
Q6_K	12288	5120	0	1	128	lcpp_mmq	1	222.61	232	0.275	1	
Q6_K	17408	5120	0	2	1	stock_mmvq	0	98.25	744	0.884	1	
Q6_K	17408	5120	0	2	1	stock_mmq	0	158.44	461	0.548	1	
Q6_K	17408	5120	0	2	1	lcpp_mmvq	1	88.29	828	0.984	1	
Q6_K	17408	5120	0	2	1	lcpp_mmq	0	124.01	590	0.700	1	
Q6_K	17408	5120	0	2	2	stock_mmvq	0	199.27	367	0.436	1	
Q6_K	17408	5120	0	2	2	stock_mmq	0	173.57	421	0.500	1	
Q6_K	17408	5120	0	2	2	lcpp_mmvq	1	89.60	816	0.969	1	
Q6_K	17408	5120	0	2	2	lcpp_mmq	0	126.62	577	0.686	1	
Q6_K	17408	5120	0	2	4	stock_mmvq	0	390.94	187	0.222	1	
Q6_K	17408	5120	0	2	4	stock_mmq	0	174.46	419	0.498	1	
Q6_K	17408	5120	0	2	4	lcpp_mmvq	1	106.90	684	0.812	1	
Q6_K	17408	5120	0	2	4	lcpp_mmq	0	128.43	569	0.676	1	
Q6_K	17408	5120	0	2	6	stock_mmvq	0	589.39	124	0.147	1	
Q6_K	17408	5120	0	2	6	stock_mmq	0	314.06	233	0.277	1	
Q6_K	17408	5120	0	2	6	lcpp_mmvq	1	135.17	541	0.643	1	
Q6_K	17408	5120	0	2	6	lcpp_mmq	0	129.04	567	0.673	1	
Q6_K	17408	5120	0	2	8	stock_mmvq	0	782.92	93	0.111	1	
Q6_K	17408	5120	0	2	8	stock_mmq	0	322.69	227	0.269	1	
Q6_K	17408	5120	0	2	8	lcpp_mmvq	0	174.10	420	0.499	1	
Q6_K	17408	5120	0	2	8	lcpp_mmq	1	131.43	556	0.661	1	
Q6_K	17408	5120	0	2	12	stock_mmvq	0	1172.82	62	0.074	1	
Q6_K	17408	5120	0	2	12	stock_mmq	0	444.44	165	0.195	1	
Q6_K	17408	5120	0	2	12	lcpp_mmq	1	132.33	553	0.656	1	
Q6_K	17408	5120	0	2	16	stock_mmvq	0	1557.97	47	0.056	1	
Q6_K	17408	5120	0	2	16	stock_mmq	0	593.61	123	0.146	1	
Q6_K	17408	5120	0	2	16	stock_dq	0	531.20	138	0.164	1	
Q6_K	17408	5120	0	2	16	lcpp_mmq	1	130.71	559	0.664	1	
Q6_K	17408	5120	0	2	24	stock_mmq	0	850.10	86	0.102	1	
Q6_K	17408	5120	0	2	24	stock_dq	0	539.19	136	0.161	1	
Q6_K	17408	5120	0	2	24	lcpp_mmq	1	140.69	520	0.617	1	
Q6_K	17408	5120	0	2	32	stock_mmq	0	1128.33	65	0.077	1	
Q6_K	17408	5120	0	2	32	stock_dq	0	607.95	120	0.143	1	
Q6_K	17408	5120	0	2	32	lcpp_mmq	1	147.23	497	0.590	1	
Q6_K	17408	5120	0	2	48	stock_mmq	0	1691.21	43	0.051	1	
Q6_K	17408	5120	0	2	48	stock_dq	0	616.22	119	0.141	1	
Q6_K	17408	5120	0	2	48	lcpp_mmq	1	160.49	456	0.541	1	
Q6_K	17408	5120	0	2	64	stock_mmq	0	2234.36	33	0.039	1	
Q6_K	17408	5120	0	2	64	stock_dq	0	621.93	118	0.140	1	
Q6_K	17408	5120	0	2	64	lcpp_mmq	1	184.22	397	0.471	1	
Q6_K	17408	5120	0	2	128	stock_mmq	0	4447.31	16	0.020	1	
Q6_K	17408	5120	0	2	128	stock_dq	0	688.02	106	0.126	1	
Q6_K	17408	5120	0	2	128	lcpp_mmq	1	293.47	249	0.296	1	
